date,fund,ticker,weight
2021-01-04,Combined Max-Sharpe,ABBV,0.1
2021-03-05,Combined Max-Sharpe,ABBV,0.044275635639957775
2021-04-06,Combined Max-Sharpe,ABBV,0.03390545316752869
2021-05-05,Combined Max-Sharpe,ABBV,0.05042440617586304
2021-06-04,Combined Max-Sharpe,ABBV,0.012225935353142625
2021-07-06,Combined Max-Sharpe,ABBV,0.07693431131380435
2021-08-04,Combined Max-Sharpe,ABBV,0.0576673194029448
2021-09-02,Combined Max-Sharpe,ABBV,0.03675759054991645
2021-10-04,Combined Max-Sharpe,ABBV,0.0783193243566539
2021-11-02,Combined Max-Sharpe,ABBV,0.07119296931699369
2021-12-02,Combined Max-Sharpe,ABBV,0.09001098681221847
2022-01-03,Combined Max-Sharpe,ABBV,0.09999999999999962
2022-02-02,Combined Max-Sharpe,ABBV,0.1
2022-03-04,Combined Max-Sharpe,ABBV,0.1
2022-04-04,Combined Max-Sharpe,ABBV,0.1
2022-05-04,Combined Max-Sharpe,ABBV,0.09999999999999996
2022-06-03,Combined Max-Sharpe,ABBV,0.09999999999999996
2022-07-06,Combined Max-Sharpe,ABBV,0.1
2022-08-04,Combined Max-Sharpe,ABBV,0.09999999999999995
2022-09-02,Combined Max-Sharpe,ABBV,0.1
2022-10-04,Combined Max-Sharpe,ABBV,0.09999999999999994
2022-11-02,Combined Max-Sharpe,ABBV,0.09999999999999992
2022-12-02,Combined Max-Sharpe,ABBV,0.1
2023-01-04,Combined Max-Sharpe,ABBV,0.1
2023-02-03,Combined Max-Sharpe,ABBV,0.1
2023-03-07,Combined Max-Sharpe,ABBV,0.1
2023-04-05,Combined Max-Sharpe,ABBV,0.09999999999999988
2023-05-05,Combined Max-Sharpe,ABBV,0.09999999999999996
2023-06-06,Combined Max-Sharpe,ABBV,0.1
2023-07-07,Combined Max-Sharpe,ABBV,0.1
2023-08-07,Combined Max-Sharpe,ABBV,0.09999999999999988
2023-09-06,Combined Max-Sharpe,ABBV,0.09999999999999996
2023-10-05,Combined Max-Sharpe,ABBV,0.1
2023-11-03,Combined Max-Sharpe,ABBV,0.1
2023-12-05,Combined Max-Sharpe,ABBV,0.1
2021-02-03,Combined Max-Sharpe,ABT,0.1
2021-03-05,Combined Max-Sharpe,ABT,0.03402218402084147
2021-09-02,Combined Max-Sharpe,ABT,0.057040684599766744
2021-10-04,Combined Max-Sharpe,ABT,0.03673184697070886
2021-11-02,Combined Max-Sharpe,ABT,0.05589839181412622
2021-12-02,Combined Max-Sharpe,ABT,0.03353733626288191
2022-01-03,Combined Max-Sharpe,ABT,0.08959121262489442
2022-02-02,Combined Max-Sharpe,ABT,0.047471073645643035
2021-01-04,Combined Max-Sharpe,ADA-USD,0.020015688245357245
2021-02-03,Combined Max-Sharpe,ADA-USD,0.031815317019094215
2021-03-05,Combined Max-Sharpe,ADA-USD,0.09999999999999992
2021-04-06,Combined Max-Sharpe,ADA-USD,0.09338720274125685
2021-05-05,Combined Max-Sharpe,ADA-USD,0.08166317917746756
2021-06-04,Combined Max-Sharpe,ADA-USD,0.0629125121008091
2021-07-06,Combined Max-Sharpe,ADA-USD,0.0578142627017856
2021-08-04,Combined Max-Sharpe,ADA-USD,0.04820205660829839
2021-09-02,Combined Max-Sharpe,ADA-USD,0.05105054191696018
2021-10-04,Combined Max-Sharpe,ADA-USD,0.0682310322285734
2021-11-02,Combined Max-Sharpe,ADA-USD,0.049343592477873496
2021-12-02,Combined Max-Sharpe,ADA-USD,0.045135110020227714
2022-01-03,Combined Max-Sharpe,ADA-USD,0.027211725820391726
2022-02-02,Combined Max-Sharpe,ADA-USD,0.025789255488187602
2022-03-04,Combined Max-Sharpe,ADA-USD,0.030476279943370155
2022-04-04,Combined Max-Sharpe,ADA-USD,0.031117001315474846
2022-05-04,Combined Max-Sharpe,ADA-USD,0.026975872727231974
2022-07-06,Combined Max-Sharpe,ADA-USD,0.050966671195278875
2022-08-04,Combined Max-Sharpe,ADA-USD,0.021323984008643906
2022-09-02,Combined Max-Sharpe,ADA-USD,0.004760814218214257
2022-10-04,Combined Max-Sharpe,ADA-USD,0.003643664812483648
2021-09-02,Combined Max-Sharpe,ADBE,0.06481138698823233
2021-02-03,Combined Max-Sharpe,AMD,0.0265715834764016
2021-07-06,Combined Max-Sharpe,AMD,0.016764709620479754
2021-08-04,Combined Max-Sharpe,AMD,0.05473068940019608
2021-09-02,Combined Max-Sharpe,AMD,0.018218871488665245
2021-10-04,Combined Max-Sharpe,AMD,0.04666609657155434
2021-11-02,Combined Max-Sharpe,AMD,0.0712821792431031
2021-12-02,Combined Max-Sharpe,AMD,0.06742208771999617
2022-01-03,Combined Max-Sharpe,AMD,0.0049872850613112045
2022-07-06,Combined Max-Sharpe,AMGN,0.007823942340299737
2022-08-04,Combined Max-Sharpe,AMGN,0.002566934981785008
2022-11-02,Combined Max-Sharpe,AMGN,0.04829442653282415
2022-12-02,Combined Max-Sharpe,AMGN,0.09043734740860448
2023-01-04,Combined Max-Sharpe,AMGN,0.059182370679474725
2023-09-06,Combined Max-Sharpe,AMGN,0.0037147907151264224
2023-10-05,Combined Max-Sharpe,AMGN,0.04978147841040659
2023-12-05,Combined Max-Sharpe,AMGN,0.004447881034945274
2021-01-04,Combined Max-Sharpe,BTC-USD,0.1
2021-02-03,Combined Max-Sharpe,BTC-USD,0.1
2021-03-05,Combined Max-Sharpe,BTC-USD,0.09999999999999999
2021-04-06,Combined Max-Sharpe,BTC-USD,0.1
2021-05-05,Combined Max-Sharpe,BTC-USD,0.1
2021-06-04,Combined Max-Sharpe,BTC-USD,0.0818318909613689
2021-07-06,Combined Max-Sharpe,BTC-USD,0.07474862118371012
2021-08-04,Combined Max-Sharpe,BTC-USD,0.09372605141003033
2021-09-02,Combined Max-Sharpe,BTC-USD,0.07906418297084335
2021-10-04,Combined Max-Sharpe,BTC-USD,0.0817703401529807
2021-11-02,Combined Max-Sharpe,BTC-USD,0.09999999999999935
2021-12-02,Combined Max-Sharpe,BTC-USD,0.06121575338009877
2022-01-03,Combined Max-Sharpe,BTC-USD,0.044409030810305256
2022-02-02,Combined Max-Sharpe,BTC-USD,0.07652251062939712
2022-03-04,Combined Max-Sharpe,BTC-USD,0.1
2022-04-04,Combined Max-Sharpe,BTC-USD,0.08883390384196738
2022-05-04,Combined Max-Sharpe,BTC-USD,0.08393945431159226
2022-06-03,Combined Max-Sharpe,BTC-USD,0.0769409301874905
2022-07-06,Combined Max-Sharpe,BTC-USD,0.003248273111562232
2022-08-04,Combined Max-Sharpe,BTC-USD,0.006924303957939612
2023-02-03,Combined Max-Sharpe,BTC-USD,0.0011629517022380131
2023-07-07,Combined Max-Sharpe,BTC-USD,0.01281498980931923
2023-08-07,Combined Max-Sharpe,BTC-USD,0.010329328612820467
2023-11-03,Combined Max-Sharpe,BTC-USD,0.0404592971804289
2023-12-05,Combined Max-Sharpe,BTC-USD,0.03416648629844367
2021-03-05,Combined Max-Sharpe,CAT,0.06224262666963405
2021-04-06,Combined Max-Sharpe,CAT,0.1
2021-05-05,Combined Max-Sharpe,CAT,0.1
2021-06-04,Combined Max-Sharpe,CAT,0.09999999999999964
2021-07-06,Combined Max-Sharpe,CAT,0.04050445475540713
2022-05-04,Combined Max-Sharpe,CAT,0.0001289474735899939
2021-06-04,Combined Max-Sharpe,CCI,0.02292118549116867
2021-07-06,Combined Max-Sharpe,CCI,0.04488270596071428
2021-08-04,Combined Max-Sharpe,CCI,0.019240471770346296
2021-09-02,Combined Max-Sharpe,CCI,0.03386213038046647
2022-03-04,Combined Max-Sharpe,COP,0.03359397948312428
2022-06-03,Combined Max-Sharpe,COP,0.0019463256777481448
2022-09-02,Combined Max-Sharpe,COP,0.006689665255517031
2022-10-04,Combined Max-Sharpe,COP,0.061689747454719335
2022-11-02,Combined Max-Sharpe,COP,0.09505880282031635
2022-12-02,Combined Max-Sharpe,COP,0.05603963477730774
2023-01-04,Combined Max-Sharpe,COP,0.05840244420030555
2023-02-03,Combined Max-Sharpe,COP,0.028757125217573325
2023-07-07,Combined Max-Sharpe,COP,0.0019410327521027849
2023-08-07,Combined Max-Sharpe,COP,0.020035270710173494
2023-09-06,Combined Max-Sharpe,COP,0.04013972595276039
2023-10-05,Combined Max-Sharpe,COP,0.0046771435739300935
2023-11-03,Combined Max-Sharpe,COP,0.08670999232793522
2023-12-05,Combined Max-Sharpe,COP,0.05527382339297917
2022-04-04,Combined Max-Sharpe,CVX,0.0874546110418509
2022-05-04,Combined Max-Sharpe,CVX,0.027938740973333306
2022-06-03,Combined Max-Sharpe,CVX,0.026597468256889096
2022-02-02,Combined Max-Sharpe,DUK,0.08692127428368505
2022-03-04,Combined Max-Sharpe,DUK,0.02852286190590523
2022-04-04,Combined Max-Sharpe,DUK,0.0905805978155242
2022-05-04,Combined Max-Sharpe,DUK,0.09999999999999998
2022-06-03,Combined Max-Sharpe,DUK,0.09999999999999981
2022-07-06,Combined Max-Sharpe,DUK,0.1
2022-08-04,Combined Max-Sharpe,DUK,0.1
2022-09-02,Combined Max-Sharpe,DUK,0.1
2023-01-04,Combined Max-Sharpe,DUK,0.02411343191970427
2021-01-04,Combined Max-Sharpe,EA,0.01839351494020191
2021-02-03,Combined Max-Sharpe,EA,0.1
2021-03-05,Combined Max-Sharpe,EA,0.04337227244591062
2021-04-06,Combined Max-Sharpe,EA,0.025906859940897125
2021-10-04,Combined Max-Sharpe,EA,0.03565965589145276
2021-11-02,Combined Max-Sharpe,EA,0.009277193565281863
2022-02-02,Combined Max-Sharpe,EA,0.02383245223572521
2022-03-04,Combined Max-Sharpe,EA,0.01343294350396657
2022-06-03,Combined Max-Sharpe,EA,0.07167674109689279
2022-07-06,Combined Max-Sharpe,EA,0.004359604014141577
2022-08-04,Combined Max-Sharpe,EA,0.007131415501553138
2022-09-02,Combined Max-Sharpe,EA,0.019366676420207833
2021-05-05,Combined Max-Sharpe,ETC-USD,0.04710406604219333
2021-07-06,Combined Max-Sharpe,ETC-USD,0.0005173264774056572
2022-04-04,Combined Max-Sharpe,ETC-USD,0.0024654007883678332
2022-08-04,Combined Max-Sharpe,ETC-USD,0.017546105203750644
2022-09-02,Combined Max-Sharpe,ETC-USD,0.023979781532227084
2022-10-04,Combined Max-Sharpe,ETC-USD,0.02224959358256276
2022-11-02,Combined Max-Sharpe,ETC-USD,0.010706787864708942
2022-12-02,Combined Max-Sharpe,ETC-USD,0.028283927845389596
2023-01-04,Combined Max-Sharpe,ETC-USD,0.018949438961193422
2023-02-03,Combined Max-Sharpe,ETC-USD,0.0051596734163399756
2021-01-04,Combined Max-Sharpe,ETH-USD,0.1
2021-02-03,Combined Max-Sharpe,ETH-USD,0.1
2021-03-05,Combined Max-Sharpe,ETH-USD,0.08261308092077466
2021-04-06,Combined Max-Sharpe,ETH-USD,0.055014580958598285
2021-05-05,Combined Max-Sharpe,ETH-USD,0.09999999999999991
2021-06-04,Combined Max-Sharpe,ETH-USD,0.039779986462338435
2021-07-06,Combined Max-Sharpe,ETH-USD,0.00333703714990107
2021-09-02,Combined Max-Sharpe,ETH-USD,0.017681744342005517
2021-12-02,Combined Max-Sharpe,ETH-USD,0.031804738044973066
2022-01-03,Combined Max-Sharpe,ETH-USD,0.03139445905626104
2022-02-02,Combined Max-Sharpe,ETH-USD,0.003554888892676311
2022-05-04,Combined Max-Sharpe,ETH-USD,0.04389906196662897
2022-06-03,Combined Max-Sharpe,ETH-USD,0.02483162492923892
2022-08-04,Combined Max-Sharpe,ETH-USD,0.002832677665451565
2022-09-02,Combined Max-Sharpe,ETH-USD,0.0161450707817382
2022-11-02,Combined Max-Sharpe,ETH-USD,0.024111533917116776
2023-01-04,Combined Max-Sharpe,ETH-USD,0.016722335030270475
2023-02-03,Combined Max-Sharpe,ETH-USD,0.04340695503464296
2023-03-07,Combined Max-Sharpe,ETH-USD,0.04241721710277141
2023-04-05,Combined Max-Sharpe,ETH-USD,0.060809900609709706
2023-05-05,Combined Max-Sharpe,ETH-USD,0.07217043414312244
2023-06-06,Combined Max-Sharpe,ETH-USD,0.060414540344636024
2023-07-07,Combined Max-Sharpe,ETH-USD,0.05690039735360576
2023-08-07,Combined Max-Sharpe,ETH-USD,0.07411255020601214
2023-09-06,Combined Max-Sharpe,ETH-USD,0.06851308677401959
2023-10-05,Combined Max-Sharpe,ETH-USD,0.08520569692921966
2023-11-03,Combined Max-Sharpe,ETH-USD,0.06881361102752179
2023-12-05,Combined Max-Sharpe,ETH-USD,0.07472858082856135
2021-09-02,Combined Max-Sharpe,GILD,0.01064199681906565
2021-10-04,Combined Max-Sharpe,GILD,0.029840485935994813
2022-11-02,Combined Max-Sharpe,GILD,0.03266316501465093
2022-12-02,Combined Max-Sharpe,GILD,0.1
2023-01-04,Combined Max-Sharpe,GILD,0.1
2023-02-03,Combined Max-Sharpe,GILD,0.0846499003024891
2023-03-07,Combined Max-Sharpe,GILD,0.0753432865661079
2023-04-05,Combined Max-Sharpe,GILD,0.09408489033790729
2023-05-05,Combined Max-Sharpe,GILD,0.050131161761897754
2023-06-06,Combined Max-Sharpe,GILD,0.05722204434691021
2023-07-07,Combined Max-Sharpe,GILD,0.024913675423667965
2023-08-07,Combined Max-Sharpe,GILD,0.05500219082886643
2023-11-03,Combined Max-Sharpe,GILD,0.03404794180520368
2021-10-04,Combined Max-Sharpe,GS,0.02657670239996482
2021-11-02,Combined Max-Sharpe,GS,0.00984555755240847
2021-05-05,Combined Max-Sharpe,MMM,0.0010781194624294946
2022-11-02,Combined Max-Sharpe,MRK,0.07674902085397668
2022-12-02,Combined Max-Sharpe,MRK,0.1
2023-01-04,Combined Max-Sharpe,MRK,0.1
2023-02-03,Combined Max-Sharpe,MRK,0.09999999999999998
2023-03-07,Combined Max-Sharpe,MRK,0.1
2023-04-05,Combined Max-Sharpe,MRK,0.09999999999999978
2023-05-05,Combined Max-Sharpe,MRK,0.09999999999999996
2023-06-06,Combined Max-Sharpe,MRK,0.1
2023-07-07,Combined Max-Sharpe,MRK,0.09999999999999976
2023-08-07,Combined Max-Sharpe,MRK,0.1
2023-09-06,Combined Max-Sharpe,MRK,0.09999999999999985
2023-10-05,Combined Max-Sharpe,MRK,0.1
2023-11-03,Combined Max-Sharpe,MRK,0.1
2023-12-05,Combined Max-Sharpe,MRK,0.0999999999999999
2021-03-05,Combined Max-Sharpe,MS,0.06454662438060521
2021-04-06,Combined Max-Sharpe,MS,0.019363658816291318
2021-05-05,Combined Max-Sharpe,MS,0.06411352905568415
2021-06-04,Combined Max-Sharpe,MS,0.09999999999999976
2021-07-06,Combined Max-Sharpe,MS,0.1
2021-08-04,Combined Max-Sharpe,MS,0.0983088634802543
2021-09-02,Combined Max-Sharpe,MS,0.1
2021-10-04,Combined Max-Sharpe,MS,0.09999999999999988
2021-11-02,Combined Max-Sharpe,MS,0.1
2021-12-02,Combined Max-Sharpe,MS,0.1
2022-01-03,Combined Max-Sharpe,MS,0.040173759424531164
2022-02-02,Combined Max-Sharpe,MS,0.1
2022-03-04,Combined Max-Sharpe,MS,0.06335325803220114
2022-05-04,Combined Max-Sharpe,MS,0.007121357686083795
2022-07-06,Combined Max-Sharpe,MS,0.007255793036048415
2022-08-04,Combined Max-Sharpe,MS,0.0008858963941695842
2022-09-02,Combined Max-Sharpe,MS,0.021948823535501007
2022-10-04,Combined Max-Sharpe,MS,0.021577651392999723
2022-12-02,Combined Max-Sharpe,MS,0.01633940489968237
2023-01-04,Combined Max-Sharpe,MS,0.0358283853998985
2023-02-03,Combined Max-Sharpe,MS,0.09999999999999998
2023-03-07,Combined Max-Sharpe,MS,0.1
2022-08-04,Combined Max-Sharpe,NEE,0.004287214248104951
2022-09-02,Combined Max-Sharpe,NEE,0.026293947702620852
2022-10-04,Combined Max-Sharpe,NEE,0.019925426289150443
2023-01-04,Combined Max-Sharpe,NEE,0.023351529154418994
2021-01-04,Combined Max-Sharpe,NEM,0.0999999999999998
2021-02-03,Combined Max-Sharpe,NEM,0.07008056095625559
2021-03-05,Combined Max-Sharpe,NEM,0.08328537268840017
2021-04-06,Combined Max-Sharpe,NEM,0.1
2021-05-05,Combined Max-Sharpe,NEM,0.06783741319306587
2021-06-04,Combined Max-Sharpe,NEM,0.09999999999999974
2021-07-06,Combined Max-Sharpe,NEM,0.09999999999999985
2021-08-04,Combined Max-Sharpe,NEM,0.0711846214327259
2021-09-02,Combined Max-Sharpe,NEM,0.006084411734824561
2021-10-04,Combined Max-Sharpe,NEM,0.018254485038193716
2021-11-02,Combined Max-Sharpe,NEM,0.02404956326172478
2021-12-02,Combined Max-Sharpe,NEM,0.053692191014507444
2022-01-03,Combined Max-Sharpe,NEM,0.1
2022-02-02,Combined Max-Sharpe,NEM,0.1
2022-03-04,Combined Max-Sharpe,NEM,0.1
2022-04-04,Combined Max-Sharpe,NEM,0.1
2022-05-04,Combined Max-Sharpe,NEM,0.09999999999999991
2022-06-03,Combined Max-Sharpe,NEM,0.1
2022-07-06,Combined Max-Sharpe,NEM,0.1
2022-08-04,Combined Max-Sharpe,NEM,0.005170465757354127
2021-01-04,Combined Max-Sharpe,NKE,0.09999999999999991
2021-02-03,Combined Max-Sharpe,NKE,0.050845950879991164
2021-07-06,Combined Max-Sharpe,NKE,0.05117340124839638
2021-08-04,Combined Max-Sharpe,NKE,0.06317222541276149
2021-09-02,Combined Max-Sharpe,NKE,0.03248004314240526
2021-11-02,Combined Max-Sharpe,NKE,0.01843938237394433
2021-12-02,Combined Max-Sharpe,NKE,0.021086667926002254
2021-06-04,Combined Max-Sharpe,NUE,0.03671207198728599
2021-07-06,Combined Max-Sharpe,NUE,0.011056011620947102
2021-08-04,Combined Max-Sharpe,NUE,0.029604243394119607
2021-09-02,Combined Max-Sharpe,NUE,0.06693865579344152
2021-10-04,Combined Max-Sharpe,NUE,0.009020483012328417
2021-11-02,Combined Max-Sharpe,NUE,0.01679140931687221
2021-12-02,Combined Max-Sharpe,NUE,0.003141975512535217
2022-01-03,Combined Max-Sharpe,NUE,0.06288872606774065
2022-02-02,Combined Max-Sharpe,NUE,0.035908544824686334
2022-03-04,Combined Max-Sharpe,NUE,0.056306977983029985
2022-04-04,Combined Max-Sharpe,NUE,0.05054920392999832
2022-05-04,Combined Max-Sharpe,NUE,0.09999999999999974
2022-06-03,Combined Max-Sharpe,NUE,0.054509100681860885
2022-07-06,Combined Max-Sharpe,NUE,0.03159744529299353
2022-08-04,Combined Max-Sharpe,NUE,0.08227254767060699
2022-09-02,Combined Max-Sharpe,NUE,0.08141034220153806
2022-10-04,Combined Max-Sharpe,NUE,0.0773604340347996
2022-11-02,Combined Max-Sharpe,NUE,0.09235102833554439
2022-12-02,Combined Max-Sharpe,NUE,0.09999999999999996
2023-01-04,Combined Max-Sharpe,NUE,0.09957291040143443
2023-02-03,Combined Max-Sharpe,NUE,0.1
2023-03-07,Combined Max-Sharpe,NUE,0.09999999999999999
2023-04-05,Combined Max-Sharpe,NUE,0.06771748684064006
2023-05-05,Combined Max-Sharpe,NUE,0.0731985170740923
2023-06-06,Combined Max-Sharpe,NUE,0.056109263849543796
2023-07-07,Combined Max-Sharpe,NUE,0.08996074793315167
2023-08-07,Combined Max-Sharpe,NUE,0.09255707077232218
2023-09-06,Combined Max-Sharpe,NUE,0.0962300549705017
2023-10-05,Combined Max-Sharpe,NUE,0.0723939221056301
2023-11-03,Combined Max-Sharpe,NUE,0.05328091872290066
2023-12-05,Combined Max-Sharpe,NUE,0.08425534740034445
2021-01-04,Combined Max-Sharpe,NVDA,0.1
2021-02-03,Combined Max-Sharpe,NVDA,0.1
2021-03-05,Combined Max-Sharpe,NVDA,0.1
2021-04-06,Combined Max-Sharpe,NVDA,0.1
2021-05-05,Combined Max-Sharpe,NVDA,0.1
2021-06-04,Combined Max-Sharpe,NVDA,0.09999999999999991
2021-07-06,Combined Max-Sharpe,NVDA,0.1
2021-08-04,Combined Max-Sharpe,NVDA,0.09999999999999987
2021-09-02,Combined Max-Sharpe,NVDA,0.1
2021-10-04,Combined Max-Sharpe,NVDA,0.09999999999999994
2021-11-02,Combined Max-Sharpe,NVDA,0.0999999999999998
2021-12-02,Combined Max-Sharpe,NVDA,0.1
2022-01-03,Combined Max-Sharpe,NVDA,0.09999999999999992
2022-02-02,Combined Max-Sharpe,NVDA,0.1
2022-03-04,Combined Max-Sharpe,NVDA,0.06728362874773296
2022-04-04,Combined Max-Sharpe,NVDA,0.05992117577748211
2022-05-04,Combined Max-Sharpe,NVDA,0.030956796171911476
2022-06-03,Combined Max-Sharpe,NVDA,0.01183337585000123
2022-07-06,Combined Max-Sharpe,NVDA,0.011284526808337478
2022-08-04,Combined Max-Sharpe,NVDA,0.029853729986597136
2023-03-07,Combined Max-Sharpe,NVDA,0.019003779488606456
2023-04-05,Combined Max-Sharpe,NVDA,0.08666427924570419
2023-05-05,Combined Max-Sharpe,NVDA,0.1
2023-06-06,Combined Max-Sharpe,NVDA,0.1
2023-07-07,Combined Max-Sharpe,NVDA,0.1
2023-08-07,Combined Max-Sharpe,NVDA,0.1
2023-09-06,Combined Max-Sharpe,NVDA,0.1
2023-10-05,Combined Max-Sharpe,NVDA,0.1
2023-11-03,Combined Max-Sharpe,NVDA,0.09999999999999999
2023-12-05,Combined Max-Sharpe,NVDA,0.1
2022-04-04,Combined Max-Sharpe,OXY,0.008240973872800856
2022-05-04,Combined Max-Sharpe,OXY,0.03256028282546397
2022-06-03,Combined Max-Sharpe,OXY,0.05369895503489758
2022-07-06,Combined Max-Sharpe,OXY,0.09136562479211761
2022-08-04,Combined Max-Sharpe,OXY,0.09611471152053744
2022-09-02,Combined Max-Sharpe,OXY,0.1
2022-10-04,Combined Max-Sharpe,OXY,0.1
2022-11-02,Combined Max-Sharpe,OXY,0.09999999999999996
2022-12-02,Combined Max-Sharpe,OXY,0.1
2023-01-04,Combined Max-Sharpe,OXY,0.1
2023-02-03,Combined Max-Sharpe,OXY,0.1
2023-03-07,Combined Max-Sharpe,OXY,0.1
2023-04-05,Combined Max-Sharpe,OXY,0.1
2023-05-05,Combined Max-Sharpe,OXY,0.09999999999999998
2023-06-06,Combined Max-Sharpe,OXY,0.1
2023-07-07,Combined Max-Sharpe,OXY,0.09999999999999994
2023-08-07,Combined Max-Sharpe,OXY,0.09999999999999996
2023-09-06,Combined Max-Sharpe,OXY,0.1
2023-10-05,Combined Max-Sharpe,OXY,0.09999999999999974
2023-11-03,Combined Max-Sharpe,OXY,0.09999999999999992
2023-12-05,Combined Max-Sharpe,OXY,0.1
2021-09-02,Combined Max-Sharpe,PLD,0.0037129560936446145
2021-10-04,Combined Max-Sharpe,PLD,0.04679187164721638
2021-11-02,Combined Max-Sharpe,PLD,0.08083466735494953
2021-12-02,Combined Max-Sharpe,PLD,0.09295315330656295
2022-01-03,Combined Max-Sharpe,PLD,0.1
2022-02-02,Combined Max-Sharpe,PLD,0.1
2022-03-04,Combined Max-Sharpe,PLD,0.1
2022-04-04,Combined Max-Sharpe,PLD,0.1
2022-05-04,Combined Max-Sharpe,PLD,0.040801524791466696
2021-03-05,Combined Max-Sharpe,PSA,0.01906299857596494
2021-04-06,Combined Max-Sharpe,PSA,0.1
2021-05-05,Combined Max-Sharpe,PSA,0.09999999999999995
2021-06-04,Combined Max-Sharpe,PSA,0.0999999999999993
2021-07-06,Combined Max-Sharpe,PSA,0.09999999999999999
2021-08-04,Combined Max-Sharpe,PSA,0.1
2021-09-02,Combined Max-Sharpe,PSA,0.09999999999999999
2021-10-04,Combined Max-Sharpe,PSA,0.1
2021-11-02,Combined Max-Sharpe,PSA,0.09999999999999991
2021-12-02,Combined Max-Sharpe,PSA,0.09999999999999981
2022-01-03,Combined Max-Sharpe,PSA,0.09999999999999969
2022-02-02,Combined Max-Sharpe,PSA,0.1
2022-03-04,Combined Max-Sharpe,PSA,0.1
2022-04-04,Combined Max-Sharpe,PSA,0.1
2022-05-04,Combined Max-Sharpe,PSA,0.1
2022-06-03,Combined Max-Sharpe,PSA,0.057310965010633284
2022-07-06,Combined Max-Sharpe,PSA,0.09999999999999996
2022-08-04,Combined Max-Sharpe,PSA,0.1
2022-09-02,Combined Max-Sharpe,PSA,0.1
2022-10-04,Combined Max-Sharpe,PSA,0.1
2022-11-02,Combined Max-Sharpe,PSA,0.1
2023-02-03,Combined Max-Sharpe,PSA,0.0832730880845927
2023-03-07,Combined Max-Sharpe,PSA,0.08302588442392231
2023-04-05,Combined Max-Sharpe,PSA,0.05660282831046154
2023-05-05,Combined Max-Sharpe,PSA,0.02534720435302776
2023-06-06,Combined Max-Sharpe,PSA,0.0030382266265880646
2023-07-07,Combined Max-Sharpe,PSA,0.02697400079291356
2023-08-07,Combined Max-Sharpe,PSA,0.017914907303002638
2021-01-04,Combined Max-Sharpe,QCOM,0.007764653594645388
2021-02-03,Combined Max-Sharpe,QCOM,0.04224952441243807
2021-05-05,Combined Max-Sharpe,SHW,0.008243863306385924
2021-06-04,Combined Max-Sharpe,SHW,0.003954459337990291
2021-08-04,Combined Max-Sharpe,SHW,0.06416345768831966
2021-09-02,Combined Max-Sharpe,SHW,0.09232855223744275
2021-10-04,Combined Max-Sharpe,SHW,0.09022893888683141
2021-11-02,Combined Max-Sharpe,SHW,0.08724890792365309
2021-12-02,Combined Max-Sharpe,SHW,0.1
2022-01-03,Combined Max-Sharpe,SHW,0.1
2022-05-04,Combined Max-Sharpe,SHW,0.053059192380392105
2022-06-03,Combined Max-Sharpe,SHW,0.0893571684615792
2022-07-06,Combined Max-Sharpe,SHW,0.026170860367996082
2022-08-04,Combined Max-Sharpe,SHW,0.024886020504911507
2022-05-04,Combined Max-Sharpe,SO,0.009244773904653314
2022-06-03,Combined Max-Sharpe,SO,0.09999999999999959
2022-07-06,Combined Max-Sharpe,SO,0.07478108916545213
2022-08-04,Combined Max-Sharpe,SO,0.1
2022-09-02,Combined Max-Sharpe,SO,0.09999999999999999
2022-10-04,Combined Max-Sharpe,SO,0.09999999999999985
2023-01-04,Combined Max-Sharpe,SO,0.01180453910704602
2023-04-05,Combined Max-Sharpe,SO,0.009436545058610803
2023-05-05,Combined Max-Sharpe,SO,0.09580799117985775
2023-06-06,Combined Max-Sharpe,SO,0.07775785227979323
2023-07-07,Combined Max-Sharpe,SO,0.06520742009977804
2023-08-07,Combined Max-Sharpe,SO,0.026286429687875607
2023-09-06,Combined Max-Sharpe,SO,0.0592890245950369
2023-10-05,Combined Max-Sharpe,SO,0.029130601382602952
2023-11-03,Combined Max-Sharpe,SO,0.016588942926193607
2023-12-05,Combined Max-Sharpe,SO,0.08478088938970572
2021-01-04,Combined Max-Sharpe,TMUS,0.0999999999999997
2021-02-03,Combined Max-Sharpe,TMUS,0.05498495375047489
2021-03-05,Combined Max-Sharpe,TMUS,0.1
2021-04-06,Combined Max-Sharpe,TMUS,0.1
2021-05-05,Combined Max-Sharpe,TMUS,0.07953542358691014
2021-06-04,Combined Max-Sharpe,TMUS,0.09097185853695404
2021-07-06,Combined Max-Sharpe,TMUS,0.1
2021-08-04,Combined Max-Sharpe,TMUS,0.09999999999999953
2021-09-02,Combined Max-Sharpe,TMUS,0.02932625094231894
2021-10-04,Combined Max-Sharpe,TMUS,0.03190873690754325
2022-03-04,Combined Max-Sharpe,TMUS,0.007030070400669571
2022-04-04,Combined Max-Sharpe,TMUS,0.009014356361328598
2022-07-06,Combined Max-Sharpe,TMUS,0.1
2022-08-04,Combined Max-Sharpe,TMUS,0.09999999999999992
2022-09-02,Combined Max-Sharpe,TMUS,0.1
2022-10-04,Combined Max-Sharpe,TMUS,0.1
2022-11-02,Combined Max-Sharpe,TMUS,0.1
2022-12-02,Combined Max-Sharpe,TMUS,0.1
2023-01-04,Combined Max-Sharpe,TMUS,0.1
2023-02-03,Combined Max-Sharpe,TMUS,0.09999999999999996
2023-03-07,Combined Max-Sharpe,TMUS,0.1
2023-04-05,Combined Max-Sharpe,TMUS,0.09999999999999995
2023-05-05,Combined Max-Sharpe,TMUS,0.1
2023-06-06,Combined Max-Sharpe,TMUS,0.1
2023-07-07,Combined Max-Sharpe,TMUS,0.09999999999999994
2023-08-07,Combined Max-Sharpe,TMUS,0.0999999999999998
2023-09-06,Combined Max-Sharpe,TMUS,0.1
2023-10-05,Combined Max-Sharpe,TMUS,0.1
2023-11-03,Combined Max-Sharpe,TMUS,0.1
2023-12-05,Combined Max-Sharpe,TMUS,0.1
2021-01-04,Combined Max-Sharpe,TRX-USD,0.047490296575334365
2021-02-03,Combined Max-Sharpe,TRX-USD,0.012717854580270305
2021-03-05,Combined Max-Sharpe,TRX-USD,0.05220679116322071
2021-04-06,Combined Max-Sharpe,TRX-USD,0.0558404677166026
2022-04-04,Combined Max-Sharpe,TRX-USD,0.002543271054626525
2022-05-04,Combined Max-Sharpe,TRX-USD,0.023124606725678263
2022-06-03,Combined Max-Sharpe,TRX-USD,0.04263242344198202
2022-07-06,Combined Max-Sharpe,TRX-USD,0.0652747641293785
2022-08-04,Combined Max-Sharpe,TRX-USD,0.0708093904838306
2022-09-02,Combined Max-Sharpe,TRX-USD,0.07702791403052449
2022-10-04,Combined Max-Sharpe,TRX-USD,0.1
2022-11-02,Combined Max-Sharpe,TRX-USD,0.09999999999999994
2022-12-02,Combined Max-Sharpe,TRX-USD,0.1
2023-01-04,Combined Max-Sharpe,TRX-USD,0.1
2023-02-03,Combined Max-Sharpe,TRX-USD,0.1
2023-03-07,Combined Max-Sharpe,TRX-USD,0.1
2023-04-05,Combined Max-Sharpe,TRX-USD,0.09999999999999996
2023-05-05,Combined Max-Sharpe,TRX-USD,0.1
2023-06-06,Combined Max-Sharpe,TRX-USD,0.1
2023-07-07,Combined Max-Sharpe,TRX-USD,0.1
2023-08-07,Combined Max-Sharpe,TRX-USD,0.09999999999999996
2023-09-06,Combined Max-Sharpe,TRX-USD,0.1
2023-10-05,Combined Max-Sharpe,TRX-USD,0.1
2023-11-03,Combined Max-Sharpe,TRX-USD,0.1
2023-12-05,Combined Max-Sharpe,TRX-USD,0.09999999999999996
2021-01-04,Combined Max-Sharpe,TTWO,0.09999999999999988
2021-02-03,Combined Max-Sharpe,TTWO,0.09563989061646123
2021-06-04,Combined Max-Sharpe,TTWO,0.048690099768941925
2021-07-06,Combined Max-Sharpe,TTWO,0.022267157967448693
2021-11-02,Combined Max-Sharpe,TTWO,0.005796185799068759
2022-01-03,Combined Max-Sharpe,TTWO,0.009780264444059583
2021-01-04,Combined Max-Sharpe,UPS,0.07548057299629145
2021-02-03,Combined Max-Sharpe,UPS,0.06598436577705324
2021-03-05,Combined Max-Sharpe,UPS,0.1
2021-04-06,Combined Max-Sharpe,UPS,0.1
2021-05-05,Combined Max-Sharpe,UPS,0.1
2021-06-04,Combined Max-Sharpe,UPS,0.09999999999999998
2021-07-06,Combined Max-Sharpe,UPS,0.09999999999999996
2021-08-04,Combined Max-Sharpe,UPS,0.09999999999999992
2021-09-02,Combined Max-Sharpe,UPS,0.1
2021-10-04,Combined Max-Sharpe,UPS,0.09999999999999996
2021-11-02,Combined Max-Sharpe,UPS,0.09999999999999992
2021-12-02,Combined Max-Sharpe,UPS,0.1
2022-01-03,Combined Max-Sharpe,UPS,0.08956353669050443
2022-02-02,Combined Max-Sharpe,UPS,0.1
2022-03-04,Combined Max-Sharpe,UPS,0.1
2022-04-04,Combined Max-Sharpe,UPS,0.0692795042005795
2022-05-04,Combined Max-Sharpe,UPS,0.02024938806197405
2022-06-03,Combined Max-Sharpe,UPS,0.08866492137078613
2022-07-06,Combined Max-Sharpe,UPS,0.1
2022-08-04,Combined Max-Sharpe,UPS,0.1
2022-09-02,Combined Max-Sharpe,UPS,0.1
2022-10-04,Combined Max-Sharpe,UPS,0.09953577993527231
2022-11-02,Combined Max-Sharpe,UPS,0.04259531294704484
2022-12-02,Combined Max-Sharpe,UPS,0.04567713287490728
2023-01-04,Combined Max-Sharpe,UPS,0.011953966558856164
2023-02-03,Combined Max-Sharpe,UPS,0.035423360220255155
2023-03-07,Combined Max-Sharpe,UPS,0.004232655377844072
2023-04-05,Combined Max-Sharpe,UPS,0.03465785280586805
2022-03-04,Combined Max-Sharpe,WMT,0.09999999999999996
2022-04-04,Combined Max-Sharpe,WMT,0.1
2022-05-04,Combined Max-Sharpe,WMT,0.09999999999999999
2022-11-02,Combined Max-Sharpe,WMT,0.004190156080462002
2022-12-02,Combined Max-Sharpe,WMT,0.03943907884120784
2023-01-04,Combined Max-Sharpe,WMT,0.016866248188141687
2023-04-05,Combined Max-Sharpe,WMT,0.011851135536157164
2023-05-05,Combined Max-Sharpe,WMT,0.04759715571183711
2023-06-06,Combined Max-Sharpe,WMT,0.09362529813121143
2023-07-07,Combined Max-Sharpe,WMT,0.09999999999999988
2023-08-07,Combined Max-Sharpe,WMT,0.1
2023-09-06,Combined Max-Sharpe,WMT,0.1
2023-10-05,Combined Max-Sharpe,WMT,0.1
2023-11-03,Combined Max-Sharpe,WMT,0.1
2023-12-05,Combined Max-Sharpe,WMT,0.06234699165502072
2021-01-04,Combined Max-Sharpe,XLM-USD,0.03085527364816958
2021-02-03,Combined Max-Sharpe,XLM-USD,0.04910999853155896
2021-03-05,Combined Max-Sharpe,XLM-USD,0.014372413494689769
2021-04-06,Combined Max-Sharpe,XLM-USD,0.016581776658827624
2022-07-06,Combined Max-Sharpe,XLM-USD,0.025871405746392854
2022-08-04,Combined Max-Sharpe,XLM-USD,0.027394602114763546
2022-09-02,Combined Max-Sharpe,XLM-USD,0.022376964321911372
2022-10-04,Combined Max-Sharpe,XLM-USD,0.09401770249801274
2022-11-02,Combined Max-Sharpe,XLM-USD,0.07327976563335455
2022-12-02,Combined Max-Sharpe,XLM-USD,0.023783473352900823
2023-01-04,Combined Max-Sharpe,XLM-USD,0.023252400399255378
2023-03-07,Combined Max-Sharpe,XOM,0.05610095255890452
2023-04-05,Combined Max-Sharpe,XOM,0.0514261581532914
2023-05-05,Combined Max-Sharpe,XOM,0.01853175427921306
2023-06-06,Combined Max-Sharpe,XOM,0.01932616208982227
2023-08-07,Combined Max-Sharpe,XOM,0.0037622518789267663
2023-09-06,Combined Max-Sharpe,XOM,0.032113316992554646
2023-10-05,Combined Max-Sharpe,XOM,0.05881115759821025
2023-02-03,Combined Max-Sharpe,XRP-USD,0.01816694602186853
2023-03-07,Combined Max-Sharpe,XRP-USD,0.019876224481843643
2023-04-05,Combined Max-Sharpe,XRP-USD,0.026748923101649027
2023-05-05,Combined Max-Sharpe,XRP-USD,0.01721578149695153
2023-06-06,Combined Max-Sharpe,XRP-USD,0.03250661233149522
2023-07-07,Combined Max-Sharpe,XRP-USD,0.0212877358354614
2023-11-03,Combined Max-Sharpe,XRP-USD,9.929600981643116e-05
2021-01-04,Combined Min-Variance,ABBV,0.1
2021-02-03,Combined Min-Variance,ABBV,0.08899024938066322
2021-03-05,Combined Min-Variance,ABBV,0.09999999999999999
2021-04-06,Combined Min-Variance,ABBV,0.1
2021-05-05,Combined Min-Variance,ABBV,0.09516637634324364
2021-06-04,Combined Min-Variance,ABBV,0.09089756990159996
2021-07-06,Combined Min-Variance,ABBV,0.09248183041283156
2021-08-04,Combined Min-Variance,ABBV,0.09114058871274984
2021-09-02,Combined Min-Variance,ABBV,0.06931198371265718
2021-10-04,Combined Min-Variance,ABBV,0.04969215228639623
2021-11-02,Combined Min-Variance,ABBV,0.06370171791911422
2021-12-02,Combined Min-Variance,ABBV,0.08043732211641266
2022-01-03,Combined Min-Variance,ABBV,0.06322865819632495
2022-02-02,Combined Min-Variance,ABBV,0.07330731905059826
2022-03-04,Combined Min-Variance,ABBV,0.1
2022-04-04,Combined Min-Variance,ABBV,0.0971040566114702
2022-05-04,Combined Min-Variance,ABBV,0.038574376589101726
2022-06-03,Combined Min-Variance,ABBV,0.09518728153395332
2022-07-06,Combined Min-Variance,ABBV,0.08366671924848185
2022-08-04,Combined Min-Variance,ABBV,0.07738310751791991
2022-09-02,Combined Min-Variance,ABBV,0.07537759442870197
2022-10-04,Combined Min-Variance,ABBV,0.09019099462454346
2022-11-02,Combined Min-Variance,ABBV,0.1
2022-12-02,Combined Min-Variance,ABBV,0.1
2023-01-04,Combined Min-Variance,ABBV,0.1
2023-02-03,Combined Min-Variance,ABBV,0.1
2023-03-07,Combined Min-Variance,ABBV,0.1
2023-04-05,Combined Min-Variance,ABBV,0.1
2023-05-05,Combined Min-Variance,ABBV,0.1
2023-06-06,Combined Min-Variance,ABBV,0.1
2023-07-07,Combined Min-Variance,ABBV,0.1
2023-08-07,Combined Min-Variance,ABBV,0.09999999999999999
2023-09-06,Combined Min-Variance,ABBV,0.09999999999999999
2023-10-05,Combined Min-Variance,ABBV,0.1
2023-11-03,Combined Min-Variance,ABBV,0.1
2023-12-05,Combined Min-Variance,ABBV,0.1
2021-09-02,Combined Min-Variance,ABT,0.003691428080847
2021-10-04,Combined Min-Variance,ABT,0.024695978541989336
2021-11-02,Combined Min-Variance,ABT,0.011761458896516886
2021-12-02,Combined Min-Variance,ABT,0.044525152487216016
2022-01-03,Combined Min-Variance,ABT,0.03162174165828853
2022-02-02,Combined Min-Variance,ABT,0.002172053878545304
2023-11-03,Combined Min-Variance,ABT,0.04557094049670814
2023-12-05,Combined Min-Variance,ABT,0.0470667207849661
2022-01-03,Combined Min-Variance,ADBE,0.021137112396507104
2022-02-02,Combined Min-Variance,ADBE,0.012364596682187912
2022-03-04,Combined Min-Variance,ADBE,0.015310104419131396
2022-04-04,Combined Min-Variance,ADBE,0.004728923398145827
2021-01-04,Combined Min-Variance,AEP,0.033791780056528345
2021-02-03,Combined Min-Variance,AEP,0.05039812326308483
2021-03-05,Combined Min-Variance,AEP,0.06656698196248728
2021-04-06,Combined Min-Variance,AEP,0.06905384861529706
2021-05-05,Combined Min-Variance,AEP,0.07595047680659629
2021-06-04,Combined Min-Variance,AEP,0.07519856246766193
2021-07-06,Combined Min-Variance,AEP,0.06137830399054518
2021-08-04,Combined Min-Variance,AEP,0.05691121800597981
2021-09-02,Combined Min-Variance,AEP,0.07188905313384225
2021-10-04,Combined Min-Variance,AEP,0.053470886156529604
2021-11-02,Combined Min-Variance,AEP,0.06477764174202838
2021-12-02,Combined Min-Variance,AEP,0.08173129771061935
2022-01-03,Combined Min-Variance,AEP,0.08321500180429654
2022-02-02,Combined Min-Variance,AEP,0.1
2022-03-04,Combined Min-Variance,AEP,0.1
2022-04-04,Combined Min-Variance,AEP,0.1
2022-05-04,Combined Min-Variance,AEP,0.03209629629191391
2022-06-03,Combined Min-Variance,AEP,0.1
2022-07-06,Combined Min-Variance,AEP,0.027566212420626353
2022-08-04,Combined Min-Variance,AEP,0.032608894686462844
2022-09-02,Combined Min-Variance,AEP,0.004481402084717699
2021-10-04,Combined Min-Variance,AMD,0.0020662842891136617
2022-01-03,Combined Min-Variance,AMD,0.004283138667074182
2023-07-07,Combined Min-Variance,AMD,0.005162255114422838
2023-08-07,Combined Min-Variance,AMD,0.011037664158755137
2023-09-06,Combined Min-Variance,AMD,0.0027417645538569484
2022-05-04,Combined Min-Variance,AMGN,0.03554313550265591
2022-06-03,Combined Min-Variance,AMGN,0.09264444446207853
2022-07-06,Combined Min-Variance,AMGN,0.1
2022-08-04,Combined Min-Variance,AMGN,0.09999999999999999
2022-09-02,Combined Min-Variance,AMGN,0.1
2022-10-04,Combined Min-Variance,AMGN,0.1
2022-11-02,Combined Min-Variance,AMGN,0.1
2022-12-02,Combined Min-Variance,AMGN,0.1
2023-01-04,Combined Min-Variance,AMGN,0.1
2023-02-03,Combined Min-Variance,AMGN,0.1
2023-03-07,Combined Min-Variance,AMGN,0.1
2023-04-05,Combined Min-Variance,AMGN,0.09999999999999999
2023-05-05,Combined Min-Variance,AMGN,0.1
2023-06-06,Combined Min-Variance,AMGN,0.08579044486532322
2023-07-07,Combined Min-Variance,AMGN,0.08438180117029942
2023-08-07,Combined Min-Variance,AMGN,0.09731285628542995
2023-09-06,Combined Min-Variance,AMGN,0.0944127417609248
2023-10-05,Combined Min-Variance,AMGN,0.07548960065630099
2023-11-03,Combined Min-Variance,AMGN,0.061882119833975874
2023-12-05,Combined Min-Variance,AMGN,0.05064478095182146
2023-07-07,Combined Min-Variance,BCH-USD,0.0009319126845499572
2021-09-02,Combined Min-Variance,BTC-USD,0.0023566726099353845
2022-03-04,Combined Min-Variance,BTC-USD,0.004366439865504725
2022-04-04,Combined Min-Variance,BTC-USD,0.00837434068916131
2022-05-04,Combined Min-Variance,BTC-USD,0.0044611145591942495
2022-06-03,Combined Min-Variance,BTC-USD,0.001325661358705484
2023-07-07,Combined Min-Variance,BTC-USD,0.002680398811780255
2023-08-07,Combined Min-Variance,BTC-USD,0.003892610657796654
2023-11-03,Combined Min-Variance,BTC-USD,0.0007405516536229605
2023-12-05,Combined Min-Variance,BTC-USD,0.0022062290270989894
2021-05-05,Combined Min-Variance,CAT,0.004946619221815025
2021-06-04,Combined Min-Variance,CAT,0.009764261272801032
2021-07-06,Combined Min-Variance,CAT,0.017040631752621178
2021-08-04,Combined Min-Variance,CAT,0.008168023375640609
2021-09-02,Combined Min-Variance,CAT,0.006461873578587523
2022-02-02,Combined Min-Variance,CAT,0.01901958110320842
2022-03-04,Combined Min-Variance,CAT,0.01514591487532095
2022-04-04,Combined Min-Variance,CAT,0.053884410463039996
2022-05-04,Combined Min-Variance,CAT,0.05994655254392462
2022-06-03,Combined Min-Variance,CAT,0.024900362463790602
2022-07-06,Combined Min-Variance,CAT,0.016892662328222043
2023-08-07,Combined Min-Variance,CAT,0.009608000641740935
2022-07-06,Combined Min-Variance,CMCSA,0.006458768829375435
2022-08-04,Combined Min-Variance,CMCSA,0.020075388210628823
2022-09-02,Combined Min-Variance,CMCSA,0.020433437627693247
2023-08-07,Combined Min-Variance,CMCSA,0.00032777109443355855
2023-09-06,Combined Min-Variance,CMCSA,0.0070278102094440045
2023-10-05,Combined Min-Variance,CMCSA,0.025837555029313994
2023-11-03,Combined Min-Variance,CMCSA,0.011917561040215316
2022-02-02,Combined Min-Variance,CVX,0.014924410614813527
2022-03-04,Combined Min-Variance,CVX,0.005648089505655455
2022-04-04,Combined Min-Variance,CVX,0.05402484816832862
2022-05-04,Combined Min-Variance,CVX,0.01949479937792819
2022-06-03,Combined Min-Variance,CVX,0.000156555163361464
2022-07-06,Combined Min-Variance,CVX,0.00729004180173575
2022-08-04,Combined Min-Variance,CVX,0.036500385792654085
2022-09-02,Combined Min-Variance,CVX,0.06718959244180935
2022-10-04,Combined Min-Variance,CVX,0.04452059474692121
2022-11-02,Combined Min-Variance,CVX,0.028401394866707744
2022-12-02,Combined Min-Variance,CVX,0.026207850289893114
2023-01-04,Combined Min-Variance,CVX,0.004387192368081413
2023-02-03,Combined Min-Variance,CVX,0.05296789050781223
2023-03-07,Combined Min-Variance,CVX,0.06564159424305038
2023-04-05,Combined Min-Variance,CVX,0.05657526299280666
2023-05-05,Combined Min-Variance,CVX,0.0429379177599367
2023-06-06,Combined Min-Variance,CVX,0.033108399368501455
2023-07-07,Combined Min-Variance,CVX,0.03713148972764239
2023-08-07,Combined Min-Variance,CVX,0.03555829072766638
2023-09-06,Combined Min-Variance,CVX,0.055403022360571645
2023-10-05,Combined Min-Variance,CVX,0.085269140388138
2022-09-02,Combined Min-Variance,D,0.011550293350321664
2022-12-02,Combined Min-Variance,D,0.008977825441852652
2023-01-04,Combined Min-Variance,D,0.012600322607202698
2023-02-03,Combined Min-Variance,D,0.006001861776498801
2023-11-03,Combined Min-Variance,DD,0.014653468431081793
2023-12-05,Combined Min-Variance,DD,0.006659446268578225
2021-04-06,Combined Min-Variance,DIS,0.004507098055971543
2021-05-05,Combined Min-Variance,DIS,0.013404322835399246
2021-06-04,Combined Min-Variance,DIS,0.02015343496799896
2021-07-06,Combined Min-Variance,DIS,0.021210599129702655
2021-08-04,Combined Min-Variance,DIS,0.005629828423293328
2021-09-02,Combined Min-Variance,DIS,0.014818392035992032
2021-10-04,Combined Min-Variance,DIS,0.026843051063780626
2021-11-02,Combined Min-Variance,DIS,0.019170648316039315
2021-12-02,Combined Min-Variance,DIS,0.04208021609685493
2022-01-03,Combined Min-Variance,DIS,0.0461627137878365
2022-02-02,Combined Min-Variance,DIS,0.013924563948557235
2022-03-04,Combined Min-Variance,DIS,0.05622870259557709
2022-04-04,Combined Min-Variance,DIS,0.031864589216396164
2022-05-04,Combined Min-Variance,DIS,0.024826334663666173
2022-06-03,Combined Min-Variance,DIS,0.05080397840944301
2022-07-06,Combined Min-Variance,DIS,0.03871258973434867
2022-08-04,Combined Min-Variance,DIS,0.014933210598472416
2023-12-05,Combined Min-Variance,DIS,0.0004436648927187569
2022-02-02,Combined Min-Variance,DUK,0.03077102491838887
2022-03-04,Combined Min-Variance,DUK,0.004621018375014904
2022-04-04,Combined Min-Variance,DUK,0.0471734716859043
2022-05-04,Combined Min-Variance,DUK,0.09999999999999999
2022-06-03,Combined Min-Variance,DUK,0.1
2022-07-06,Combined Min-Variance,DUK,0.09999999999999995
2022-08-04,Combined Min-Variance,DUK,0.09999999999999999
2022-09-02,Combined Min-Variance,DUK,0.1
2022-10-04,Combined Min-Variance,DUK,0.034606555844870004
2022-11-02,Combined Min-Variance,DUK,0.0027402508230487703
2022-12-02,Combined Min-Variance,DUK,0.06211848444644445
2023-01-04,Combined Min-Variance,DUK,0.06837176879716528
2023-02-03,Combined Min-Variance,DUK,0.09764145952616055
2023-03-07,Combined Min-Variance,DUK,0.07982094342042166
2023-04-05,Combined Min-Variance,DUK,0.05731478307569833
2023-05-05,Combined Min-Variance,DUK,0.06326493166113874
2023-06-06,Combined Min-Variance,DUK,0.017472973043886807
2023-07-07,Combined Min-Variance,DUK,0.04087218651850072
2023-08-07,Combined Min-Variance,DUK,0.016689380305360532
2023-09-06,Combined Min-Variance,DUK,0.01324584940437621
2023-10-05,Combined Min-Variance,DUK,0.015054100707503635
2023-11-03,Combined Min-Variance,DUK,0.034126696325595514
2023-12-05,Combined Min-Variance,DUK,0.0485154384194743
2021-01-04,Combined Min-Variance,EA,0.0907356116509928
2021-02-03,Combined Min-Variance,EA,0.1
2021-03-05,Combined Min-Variance,EA,0.09337662553513475
2021-04-06,Combined Min-Variance,EA,0.0704721172326098
2021-05-05,Combined Min-Variance,EA,0.06985925923051829
2021-06-04,Combined Min-Variance,EA,0.08757867149403502
2021-07-06,Combined Min-Variance,EA,0.0992911287864029
2021-08-04,Combined Min-Variance,EA,0.08755768249729874
2021-09-02,Combined Min-Variance,EA,0.09588325559166638
2021-10-04,Combined Min-Variance,EA,0.09781764378491534
2021-11-02,Combined Min-Variance,EA,0.0900740594122387
2021-12-02,Combined Min-Variance,EA,0.08078979696772849
2022-01-03,Combined Min-Variance,EA,0.06552325994016239
2022-02-02,Combined Min-Variance,EA,0.0836495700325866
2022-03-04,Combined Min-Variance,EA,0.079588139725833
2022-04-04,Combined Min-Variance,EA,0.0780269294597066
2022-05-04,Combined Min-Variance,EA,0.09181191162554153
2022-06-03,Combined Min-Variance,EA,0.09043960574342712
2022-07-06,Combined Min-Variance,EA,0.1
2022-08-04,Combined Min-Variance,EA,0.09631507870893934
2022-09-02,Combined Min-Variance,EA,0.1
2022-10-04,Combined Min-Variance,EA,0.09999999999999999
2022-11-02,Combined Min-Variance,EA,0.1
2022-12-02,Combined Min-Variance,EA,0.1
2023-01-04,Combined Min-Variance,EA,0.1
2023-02-03,Combined Min-Variance,EA,0.0971240220517638
2023-03-07,Combined Min-Variance,EA,0.1
2023-04-05,Combined Min-Variance,EA,0.1
2023-05-05,Combined Min-Variance,EA,0.1
2023-06-06,Combined Min-Variance,EA,0.1
2023-07-07,Combined Min-Variance,EA,0.09999999999999999
2023-08-07,Combined Min-Variance,EA,0.07097221874554656
2023-09-06,Combined Min-Variance,EA,0.08325371862358646
2023-10-05,Combined Min-Variance,EA,0.09429808113885167
2023-11-03,Combined Min-Variance,EA,0.07991688390448473
2023-12-05,Combined Min-Variance,EA,0.08933100871916856
2023-05-05,Combined Min-Variance,GE,0.016647368364803926
2023-06-06,Combined Min-Variance,GE,0.024807574677124824
2023-07-07,Combined Min-Variance,GE,0.026660645223765624
2023-08-07,Combined Min-Variance,GE,0.036139390690784846
2023-09-06,Combined Min-Variance,GE,0.018445783973598064
2021-01-04,Combined Min-Variance,GILD,0.1
2021-02-03,Combined Min-Variance,GILD,0.1
2021-03-05,Combined Min-Variance,GILD,0.1
2021-04-06,Combined Min-Variance,GILD,0.09790531049608617
2021-05-05,Combined Min-Variance,GILD,0.08687088598594855
2021-06-04,Combined Min-Variance,GILD,0.08391727794493913
2021-07-06,Combined Min-Variance,GILD,0.08501233296452412
2021-08-04,Combined Min-Variance,GILD,0.08755918128883157
2021-09-02,Combined Min-Variance,GILD,0.07660126866080416
2021-10-04,Combined Min-Variance,GILD,0.09999999999999999
2021-11-02,Combined Min-Variance,GILD,0.09350407544680601
2021-12-02,Combined Min-Variance,GILD,0.1
2022-01-03,Combined Min-Variance,GILD,0.1
2022-02-02,Combined Min-Variance,GILD,0.1
2022-03-04,Combined Min-Variance,GILD,0.09999999999999999
2022-04-04,Combined Min-Variance,GILD,0.1
2022-05-04,Combined Min-Variance,GILD,0.1
2022-06-03,Combined Min-Variance,GILD,0.1
2022-07-06,Combined Min-Variance,GILD,0.1
2022-08-04,Combined Min-Variance,GILD,0.1
2022-09-02,Combined Min-Variance,GILD,0.1
2022-10-04,Combined Min-Variance,GILD,0.08663865193887309
2022-11-02,Combined Min-Variance,GILD,0.02395937347537499
2022-12-02,Combined Min-Variance,GILD,0.04989384201847589
2023-01-04,Combined Min-Variance,GILD,0.04550280791395699
2023-02-03,Combined Min-Variance,GILD,0.018196120957318485
2023-03-07,Combined Min-Variance,GILD,0.0269668785982065
2023-04-05,Combined Min-Variance,GILD,0.008641509991932918
2023-06-06,Combined Min-Variance,GILD,0.011712635234662339
2023-07-07,Combined Min-Variance,GILD,0.0062714633700866
2023-08-07,Combined Min-Variance,GILD,0.004238783621218891
2021-11-02,Combined Min-Variance,GS,0.004830122098292885
2021-12-02,Combined Min-Variance,GS,0.007951688016660127
2022-01-03,Combined Min-Variance,GS,0.0012843679602474126
2023-06-06,Combined Min-Variance,GS,0.0010812406567190667
2023-07-07,Combined Min-Variance,GS,0.0017646582044356061
2021-12-02,Combined Min-Variance,INTC,0.003992782702769087
2022-02-02,Combined Min-Variance,INTC,0.016960740221447772
2023-12-05,Combined Min-Variance,INTC,0.006147667341807751
2021-01-04,Combined Min-Variance,KO,0.013011937396005114
2021-02-03,Combined Min-Variance,KO,0.02396438114011198
2021-03-05,Combined Min-Variance,KO,0.01784154440966685
2021-04-06,Combined Min-Variance,KO,0.0167947016013858
2021-05-05,Combined Min-Variance,KO,0.007311352968629505
2021-06-04,Combined Min-Variance,KO,0.01732288208033486
2021-07-06,Combined Min-Variance,KO,0.011219429710669198
2021-08-04,Combined Min-Variance,KO,0.04081567744549033
2021-09-02,Combined Min-Variance,KO,0.036017807989703166
2021-10-04,Combined Min-Variance,KO,0.0558038679693529
2021-11-02,Combined Min-Variance,KO,0.1
2021-12-02,Combined Min-Variance,KO,0.0678043519255187
2022-01-03,Combined Min-Variance,KO,0.030478413999827654
2022-02-02,Combined Min-Variance,KO,0.03635157020754331
2022-03-04,Combined Min-Variance,KO,0.09690679304037364
2022-04-04,Combined Min-Variance,KO,0.07155854254425606
2022-05-04,Combined Min-Variance,KO,0.09999999999999999
2022-07-06,Combined Min-Variance,KO,0.01657911286889413
2022-08-04,Combined Min-Variance,KO,0.028119525354585017
2022-09-02,Combined Min-Variance,KO,0.04995296908028846
2022-10-04,Combined Min-Variance,KO,0.09999999999999999
2022-11-02,Combined Min-Variance,KO,0.09999999999999999
2022-12-02,Combined Min-Variance,KO,0.1
2023-01-04,Combined Min-Variance,KO,0.1
2023-02-03,Combined Min-Variance,KO,0.09999999999999999
2023-03-07,Combined Min-Variance,KO,0.1
2023-04-05,Combined Min-Variance,KO,0.1
2023-05-05,Combined Min-Variance,KO,0.1
2023-06-06,Combined Min-Variance,KO,0.1
2023-07-07,Combined Min-Variance,KO,0.1
2023-08-07,Combined Min-Variance,KO,0.1
2023-09-06,Combined Min-Variance,KO,0.1
2023-10-05,Combined Min-Variance,KO,0.1
2023-11-03,Combined Min-Variance,KO,0.1
2023-12-05,Combined Min-Variance,KO,0.09999999999999999
2023-06-06,Combined Min-Variance,LTC-USD,0.002024437676183422
2021-01-04,Combined Min-Variance,MMM,0.08653100542861716
2021-02-03,Combined Min-Variance,MMM,0.09999999999999999
2021-03-05,Combined Min-Variance,MMM,0.1
2021-04-06,Combined Min-Variance,MMM,0.1
2021-05-05,Combined Min-Variance,MMM,0.1
2021-06-04,Combined Min-Variance,MMM,0.1
2021-07-06,Combined Min-Variance,MMM,0.09739101188978103
2021-08-04,Combined Min-Variance,MMM,0.09072242047049893
2021-09-02,Combined Min-Variance,MMM,0.09528720213849683
2021-10-04,Combined Min-Variance,MMM,0.04682193448553585
2021-11-02,Combined Min-Variance,MMM,0.04127306453083093
2021-12-02,Combined Min-Variance,MMM,0.04057592438084978
2022-01-03,Combined Min-Variance,MMM,0.06642498969257365
2022-02-02,Combined Min-Variance,MMM,0.05777503102095625
2022-03-04,Combined Min-Variance,MMM,9.942941816709024e-05
2022-06-03,Combined Min-Variance,MMM,0.00766206749404612
2022-07-06,Combined Min-Variance,MMM,0.09793417051158941
2022-08-04,Combined Min-Variance,MMM,0.09204497087377286
2022-09-02,Combined Min-Variance,MMM,0.018947187547111964
2022-10-04,Combined Min-Variance,MMM,0.017183625981586043
2021-01-04,Combined Min-Variance,MRK,0.1
2021-02-03,Combined Min-Variance,MRK,0.1
2021-03-05,Combined Min-Variance,MRK,0.1
2021-04-06,Combined Min-Variance,MRK,0.1
2021-05-05,Combined Min-Variance,MRK,0.1
2021-06-04,Combined Min-Variance,MRK,0.1
2021-07-06,Combined Min-Variance,MRK,0.1
2021-08-04,Combined Min-Variance,MRK,0.09999999999999999
2021-09-02,Combined Min-Variance,MRK,0.1
2021-10-04,Combined Min-Variance,MRK,0.08367135947994764
2021-11-02,Combined Min-Variance,MRK,0.04373386577867451
2021-12-02,Combined Min-Variance,MRK,0.02308326853771412
2022-01-03,Combined Min-Variance,MRK,0.051026139808808775
2022-02-02,Combined Min-Variance,MRK,0.06535077362165205
2022-03-04,Combined Min-Variance,MRK,0.06841335401406651
2022-04-04,Combined Min-Variance,MRK,0.06575504670414345
2022-05-04,Combined Min-Variance,MRK,0.08004936989885675
2022-06-03,Combined Min-Variance,MRK,0.1
2022-07-06,Combined Min-Variance,MRK,0.09951473752176217
2022-08-04,Combined Min-Variance,MRK,0.09426953119763036
2022-09-02,Combined Min-Variance,MRK,0.09540673959413783
2022-10-04,Combined Min-Variance,MRK,0.1
2022-11-02,Combined Min-Variance,MRK,0.1
2022-12-02,Combined Min-Variance,MRK,0.1
2023-01-04,Combined Min-Variance,MRK,0.1
2023-02-03,Combined Min-Variance,MRK,0.1
2023-03-07,Combined Min-Variance,MRK,0.1
2023-04-05,Combined Min-Variance,MRK,0.1
2023-05-05,Combined Min-Variance,MRK,0.1
2023-06-06,Combined Min-Variance,MRK,0.1
2023-07-07,Combined Min-Variance,MRK,0.09999999999999999
2023-08-07,Combined Min-Variance,MRK,0.09999999999999999
2023-09-06,Combined Min-Variance,MRK,0.1
2023-10-05,Combined Min-Variance,MRK,0.1
2023-11-03,Combined Min-Variance,MRK,0.1
2023-12-05,Combined Min-Variance,MRK,0.1
2023-05-05,Combined Min-Variance,MS,0.013108573960109114
2023-06-06,Combined Min-Variance,MS,0.019413537968373307
2023-07-07,Combined Min-Variance,MS,0.009922465482330974
2023-09-06,Combined Min-Variance,MS,0.0062767998465352755
2021-01-04,Combined Min-Variance,NEM,0.09200261474159019
2021-02-03,Combined Min-Variance,NEM,0.08788304134057931
2021-03-05,Combined Min-Variance,NEM,0.07914342253668455
2021-04-06,Combined Min-Variance,NEM,0.06332434919453465
2021-05-05,Combined Min-Variance,NEM,0.04581351779130806
2021-06-04,Combined Min-Variance,NEM,0.04555983719432625
2021-07-06,Combined Min-Variance,NEM,0.035241559059836836
2021-08-04,Combined Min-Variance,NEM,0.0383567941712589
2021-09-02,Combined Min-Variance,NEM,0.03188785559163568
2021-10-04,Combined Min-Variance,NEM,0.049847571895075285
2021-11-02,Combined Min-Variance,NEM,0.0631685953186171
2021-12-02,Combined Min-Variance,NEM,0.07449447142328268
2022-01-03,Combined Min-Variance,NEM,0.07016885581454167
2022-02-02,Combined Min-Variance,NEM,0.057492009670215165
2022-03-04,Combined Min-Variance,NEM,0.07280352029618416
2022-04-04,Combined Min-Variance,NEM,0.06432843351076677
2022-05-04,Combined Min-Variance,NEM,0.06496337399631683
2022-06-03,Combined Min-Variance,NEM,0.07316772226471603
2022-07-06,Combined Min-Variance,NEM,0.08092677839593393
2022-08-04,Combined Min-Variance,NEM,0.06675300808003243
2022-09-02,Combined Min-Variance,NEM,0.0602278719998398
2022-10-04,Combined Min-Variance,NEM,0.05686933794464397
2022-11-02,Combined Min-Variance,NEM,0.06812385329866669
2022-12-02,Combined Min-Variance,NEM,0.01107992792581913
2023-01-04,Combined Min-Variance,NEM,0.008166764450005812
2023-04-05,Combined Min-Variance,NEM,0.00669059413865084
2023-05-05,Combined Min-Variance,NEM,0.014598848730315294
2023-06-06,Combined Min-Variance,NEM,0.013200757512298293
2023-07-07,Combined Min-Variance,NEM,0.0053889346727774646
2023-08-07,Combined Min-Variance,NEM,0.014718877405807802
2023-09-06,Combined Min-Variance,NEM,0.019230384826773854
2023-10-05,Combined Min-Variance,NEM,0.013838829002257039
2023-11-03,Combined Min-Variance,NEM,0.03922735070878815
2023-12-05,Combined Min-Variance,NEM,0.02458524836154463
2021-01-04,Combined Min-Variance,NKE,0.0490272585536353
2021-02-03,Combined Min-Variance,NKE,0.0265648309817339
2021-03-05,Combined Min-Variance,NKE,0.018470182330438924
2021-04-06,Combined Min-Variance,NKE,1.3341297477457255e-05
2021-05-05,Combined Min-Variance,NKE,0.002923048268373095
2021-06-04,Combined Min-Variance,NKE,0.0037915316068850126
2021-07-06,Combined Min-Variance,NKE,0.002822533557324811
2021-08-04,Combined Min-Variance,NKE,0.008262429338313447
2021-09-02,Combined Min-Variance,NKE,0.012981752839434627
2021-10-04,Combined Min-Variance,NKE,0.024450859695535867
2021-11-02,Combined Min-Variance,NKE,0.029339717034931177
2021-12-02,Combined Min-Variance,NKE,0.031510936042139615
2022-01-03,Combined Min-Variance,NKE,0.04870887664845153
2022-02-02,Combined Min-Variance,NKE,0.051973120940785045
2022-03-04,Combined Min-Variance,NKE,0.04855378341397511
2022-04-04,Combined Min-Variance,NKE,0.01653576336353177
2023-09-06,Combined Min-Variance,NVDA,0.002702162528081459
2023-10-05,Combined Min-Variance,NVDA,0.004392046151099912
2023-11-03,Combined Min-Variance,NVDA,0.006046373221576793
2023-12-05,Combined Min-Variance,NVDA,0.013709206880932572
2022-09-02,Combined Min-Variance,O,0.034922674536875475
2022-10-04,Combined Min-Variance,O,0.09999999999999999
2022-11-02,Combined Min-Variance,O,0.1
2022-12-02,Combined Min-Variance,O,0.1
2023-01-04,Combined Min-Variance,O,0.1
2023-02-03,Combined Min-Variance,O,0.1
2023-03-07,Combined Min-Variance,O,0.1
2023-04-05,Combined Min-Variance,O,0.1
2023-05-05,Combined Min-Variance,O,0.1
2023-06-06,Combined Min-Variance,O,0.09999999999999999
2023-07-07,Combined Min-Variance,O,0.1
2023-08-07,Combined Min-Variance,O,0.1
2023-09-06,Combined Min-Variance,O,0.09541810928918991
2023-10-05,Combined Min-Variance,O,0.07965872337928055
2023-11-03,Combined Min-Variance,O,0.05740369464435851
2023-12-05,Combined Min-Variance,O,0.03407537305453049
2021-01-04,Combined Min-Variance,PSA,0.09999999999999999
2021-02-03,Combined Min-Variance,PSA,0.1
2021-03-05,Combined Min-Variance,PSA,0.1
2021-04-06,Combined Min-Variance,PSA,0.09999999999999999
2021-05-05,Combined Min-Variance,PSA,0.1
2021-06-04,Combined Min-Variance,PSA,0.1
2021-07-06,Combined Min-Variance,PSA,0.1
2021-08-04,Combined Min-Variance,PSA,0.1
2021-09-02,Combined Min-Variance,PSA,0.1
2021-10-04,Combined Min-Variance,PSA,0.1
2021-11-02,Combined Min-Variance,PSA,0.1
2021-12-02,Combined Min-Variance,PSA,0.09999999999999999
2022-01-03,Combined Min-Variance,PSA,0.1
2022-02-02,Combined Min-Variance,PSA,0.09069651540808883
2022-03-04,Combined Min-Variance,PSA,0.056891768682345946
2022-04-04,Combined Min-Variance,PSA,0.028726514250400792
2022-11-02,Combined Min-Variance,PSA,0.006476847292279331
2023-07-07,Combined Min-Variance,PSA,0.006129708118379563
2023-08-07,Combined Min-Variance,PSA,0.02753371872507677
2023-09-06,Combined Min-Variance,PSA,0.005093869115463843
2023-11-03,Combined Min-Variance,PSA,0.0031092587729989103
2021-11-02,Combined Min-Variance,SHW,0.009768586523801807
2021-12-02,Combined Min-Variance,SHW,0.045601845033729035
2022-01-03,Combined Min-Variance,SHW,0.03218400769204987
2022-02-02,Combined Min-Variance,SHW,0.030992061973437113
2022-03-04,Combined Min-Variance,SHW,0.0017621618014290203
2022-04-04,Combined Min-Variance,SHW,0.0016425122210557517
2022-05-04,Combined Min-Variance,SHW,0.0654318768138457
2022-06-03,Combined Min-Variance,SHW,0.032682072379451046
2022-08-04,Combined Min-Variance,SHW,0.013276596572941465
2022-09-02,Combined Min-Variance,SHW,0.00967457045379685
2022-11-02,Combined Min-Variance,SO,0.03782782336195941
2023-06-06,Combined Min-Variance,SO,0.024236202376557762
2023-07-07,Combined Min-Variance,SO,0.004181649570523089
2023-09-06,Combined Min-Variance,SO,0.027940436982171205
2023-10-05,Combined Min-Variance,SO,0.011267603887852608
2023-12-05,Combined Min-Variance,SO,0.006895081936812914
2021-01-04,Combined Min-Variance,T,0.05723568473315508
2021-02-03,Combined Min-Variance,T,0.06219562213629455
2021-03-05,Combined Min-Variance,T,0.06747551577601232
2021-04-06,Combined Min-Variance,T,0.0932878987779103
2021-05-05,Combined Min-Variance,T,0.1
2021-06-04,Combined Min-Variance,T,0.08804295214102452
2021-07-06,Combined Min-Variance,T,0.09999999999999999
2021-08-04,Combined Min-Variance,T,0.09999999999999999
2021-09-02,Combined Min-Variance,T,0.1
2021-10-04,Combined Min-Variance,T,0.1
2021-11-02,Combined Min-Variance,T,0.0885508057313667
2021-12-02,Combined Min-Variance,T,0.0414234966956945
2022-01-03,Combined Min-Variance,T,0.03547915611316727
2022-05-04,Combined Min-Variance,T,0.009892476461350079
2022-06-03,Combined Min-Variance,T,0.004250286117155813
2022-08-04,Combined Min-Variance,T,0.002690297671667666
2022-09-02,Combined Min-Variance,T,0.023784430747544914
2022-10-04,Combined Min-Variance,T,0.03139413008030571
2022-11-02,Combined Min-Variance,T,0.029399434217898333
2022-12-02,Combined Min-Variance,T,0.05788054684750465
2023-01-04,Combined Min-Variance,T,0.06677086864393725
2023-02-03,Combined Min-Variance,T,0.05622252026122688
2023-03-07,Combined Min-Variance,T,0.0728902058872502
2023-04-05,Combined Min-Variance,T,0.0775240110594026
2023-05-05,Combined Min-Variance,T,0.03966531698739842
2023-06-06,Combined Min-Variance,T,0.026472655860343364
2023-07-07,Combined Min-Variance,T,0.038662962652479684
2023-08-07,Combined Min-Variance,T,0.03161651975904703
2023-09-06,Combined Min-Variance,T,0.032302400186556314
2023-10-05,Combined Min-Variance,T,0.04046943149193557
2023-11-03,Combined Min-Variance,T,0.034038043489266645
2023-12-05,Combined Min-Variance,T,0.03783346069469262
2021-09-02,Combined Min-Variance,TMUS,0.002074827912025409
2021-10-04,Combined Min-Variance,TMUS,0.011885613443171813
2021-11-02,Combined Min-Variance,TMUS,0.014570665178227839
2022-03-04,Combined Min-Variance,TMUS,0.010070509401482674
2022-04-04,Combined Min-Variance,TMUS,0.019920685096566814
2023-01-04,Combined Min-Variance,TMUS,0.003980245520930522
2023-02-03,Combined Min-Variance,TMUS,0.02487498990763954
2023-03-07,Combined Min-Variance,TMUS,0.0260338901988565
2023-04-05,Combined Min-Variance,TMUS,0.05032160331072702
2023-05-05,Combined Min-Variance,TMUS,0.07693677206603294
2023-06-06,Combined Min-Variance,TMUS,0.09648533341242689
2023-07-07,Combined Min-Variance,TMUS,0.07147219382667153
2023-08-07,Combined Min-Variance,TMUS,0.06897118575777446
2023-09-06,Combined Min-Variance,TMUS,0.05370851932334153
2023-10-05,Combined Min-Variance,TMUS,0.04845084341083277
2023-11-03,Combined Min-Variance,TMUS,0.04001767608346888
2023-12-05,Combined Min-Variance,TMUS,0.05406539907910523
2021-01-04,Combined Min-Variance,TRX-USD,0.004990684896080072
2021-02-03,Combined Min-Variance,TRX-USD,0.006626823331704465
2021-03-05,Combined Min-Variance,TRX-USD,0.008767584880317848
2021-04-06,Combined Min-Variance,TRX-USD,0.00792763586556075
2021-05-05,Combined Min-Variance,TRX-USD,0.0052683046141238435
2021-06-04,Combined Min-Variance,TRX-USD,3.86182935471624e-05
2021-07-06,Combined Min-Variance,TRX-USD,0.002788901703233994
2021-08-04,Combined Min-Variance,TRX-USD,0.002901537716735427
2021-09-02,Combined Min-Variance,TRX-USD,0.002143137846026804
2022-05-04,Combined Min-Variance,TRX-USD,0.0036891715301208185
2022-11-02,Combined Min-Variance,TRX-USD,0.0017963952689406676
2022-12-02,Combined Min-Variance,TRX-USD,0.000356052834479104
2023-01-04,Combined Min-Variance,TRX-USD,0.0062760280507386055
2023-02-03,Combined Min-Variance,TRX-USD,0.008612199753264427
2023-03-07,Combined Min-Variance,TRX-USD,0.004725959237991848
2023-09-06,Combined Min-Variance,TRX-USD,0.002056921423530485
2023-10-05,Combined Min-Variance,TRX-USD,0.010165238074595058
2023-11-03,Combined Min-Variance,TRX-USD,0.0238712058242691
2023-12-05,Combined Min-Variance,TRX-USD,0.023548566853126437
2021-01-04,Combined Min-Variance,TTWO,0.07267342254339583
2021-02-03,Combined Min-Variance,TTWO,0.05337692842582776
2021-03-05,Combined Min-Variance,TTWO,0.04190452356671824
2021-04-06,Combined Min-Variance,TTWO,0.0638760610547199
2021-05-05,Combined Min-Variance,TTWO,0.07956073134112701
2021-06-04,Combined Min-Variance,TTWO,0.06779863632881152
2021-07-06,Combined Min-Variance,TTWO,0.05592183229534699
2021-08-04,Combined Min-Variance,TTWO,0.05829219963560348
2021-09-02,Combined Min-Variance,TTWO,0.056497779613398684
2021-10-04,Combined Min-Variance,TTWO,0.040093077161720406
2021-11-02,Combined Min-Variance,TTWO,0.04568119880884981
2021-12-02,Combined Min-Variance,TTWO,0.03399744986281092
2022-01-03,Combined Min-Variance,TTWO,0.04272711255347544
2022-02-02,Combined Min-Variance,TTWO,0.020964109312897026
2022-03-04,Combined Min-Variance,TTWO,0.032882230318017965
2022-04-04,Combined Min-Variance,TTWO,0.03781731106974288
2022-05-04,Combined Min-Variance,TTWO,0.05159463942506457
2022-06-03,Combined Min-Variance,TTWO,0.026064775294133095
2022-07-06,Combined Min-Variance,TTWO,0.011221844721441531
2022-08-04,Combined Min-Variance,TTWO,0.017850071518429746
2022-09-02,Combined Min-Variance,TTWO,0.012949397473241461
2022-11-02,Combined Min-Variance,TTWO,0.0250839459252222
2022-12-02,Combined Min-Variance,TTWO,0.0365009480116394
2023-01-04,Combined Min-Variance,TTWO,0.03282415818443117
2023-02-03,Combined Min-Variance,TTWO,0.038358935258315074
2023-03-07,Combined Min-Variance,TTWO,0.022586790389948666
2023-04-05,Combined Min-Variance,TTWO,0.013735656713953322
2023-05-05,Combined Min-Variance,TTWO,0.010585072995902327
2023-06-06,Combined Min-Variance,TTWO,0.01288662598587869
2023-07-07,Combined Min-Variance,TTWO,0.01433588672513221
2023-08-07,Combined Min-Variance,TTWO,0.01774230497124145
2023-09-06,Combined Min-Variance,TTWO,0.011597440547535094
2023-11-03,Combined Min-Variance,TTWO,0.0016890288423714063
2023-12-05,Combined Min-Variance,TTWO,0.0059831460320902575
2021-03-05,Combined Min-Variance,UPS,0.006453619002539271
2021-04-06,Combined Min-Variance,UPS,0.012837637808446432
2021-05-05,Combined Min-Variance,UPS,0.012925104592917345
2021-06-04,Combined Min-Variance,UPS,0.009935764306034532
2021-07-06,Combined Min-Variance,UPS,0.01819990474717962
2021-08-04,Combined Min-Variance,UPS,0.023682418918305623
2021-09-02,Combined Min-Variance,UPS,0.022095708664946756
2021-10-04,Combined Min-Variance,UPS,0.03283971974693533
2021-11-02,Combined Min-Variance,UPS,0.016093777263663657
2022-02-02,Combined Min-Variance,UPS,0.008116057433814562
2022-03-04,Combined Min-Variance,UPS,0.014931860656785327
2022-04-04,Combined Min-Variance,UPS,0.01853362154738258
2022-07-06,Combined Min-Variance,UPS,0.013236361617588628
2022-08-04,Combined Min-Variance,UPS,0.007179933215862978
2022-09-02,Combined Min-Variance,UPS,0.017222173785567955
2022-10-04,Combined Min-Variance,UPS,0.038596108838256406
2022-11-02,Combined Min-Variance,UPS,0.0385828548353176
2023-04-05,Combined Min-Variance,UPS,0.02919657871682837
2023-05-05,Combined Min-Variance,UPS,0.018734250261649342
2023-06-06,Combined Min-Variance,UPS,0.031307181361720386
2023-07-07,Combined Min-Variance,UPS,0.015036158309199141
2023-08-07,Combined Min-Variance,UPS,0.004361013451664786
2022-06-03,Combined Min-Variance,USB,0.008582304164987302
2022-11-02,Combined Min-Variance,USB,0.006979335555780851
2023-05-05,Combined Min-Variance,V,0.003520947212713179
2023-07-07,Combined Min-Variance,V,0.029013229817022812
2023-08-07,Combined Min-Variance,V,0.049279413000654256
2023-09-06,Combined Min-Variance,V,0.06914226504446275
2023-10-05,Combined Min-Variance,V,0.09580880668203809
2023-11-03,Combined Min-Variance,V,0.08232774304222351
2023-12-05,Combined Min-Variance,V,0.07698338933318696
2021-01-04,Combined Min-Variance,WMT,0.1
2021-02-03,Combined Min-Variance,WMT,0.09999999999999998
2021-03-05,Combined Min-Variance,WMT,0.1
2021-04-06,Combined Min-Variance,WMT,0.1
2021-05-05,Combined Min-Variance,WMT,0.1
2021-06-04,Combined Min-Variance,WMT,0.1
2021-07-06,Combined Min-Variance,WMT,0.09999999999999999
2021-08-04,Combined Min-Variance,WMT,0.1
2021-09-02,Combined Min-Variance,WMT,0.09999999999999999
2021-10-04,Combined Min-Variance,WMT,0.09999999999999999
2021-11-02,Combined Min-Variance,WMT,0.1
2021-12-02,Combined Min-Variance,WMT,0.09999999999999999
2022-01-03,Combined Min-Variance,WMT,0.1
2022-02-02,Combined Min-Variance,WMT,0.1
2022-03-04,Combined Min-Variance,WMT,0.1
2022-04-04,Combined Min-Variance,WMT,0.09999999999999998
2022-05-04,Combined Min-Variance,WMT,0.1
2022-06-03,Combined Min-Variance,WMT,0.08329930688157428
2022-07-06,Combined Min-Variance,WMT,0.1
2022-08-04,Combined Min-Variance,WMT,0.1
2022-09-02,Combined Min-Variance,WMT,0.09787966484835127
2022-10-04,Combined Min-Variance,WMT,0.1
2022-11-02,Combined Min-Variance,WMT,0.09999999999999999
2022-12-02,Combined Min-Variance,WMT,0.1
2023-01-04,Combined Min-Variance,WMT,0.09999999999999999
2023-02-03,Combined Min-Variance,WMT,0.09999999999999999
2023-03-07,Combined Min-Variance,WMT,0.1
2023-04-05,Combined Min-Variance,WMT,0.1
2023-05-05,Combined Min-Variance,WMT,0.1
2023-06-06,Combined Min-Variance,WMT,0.1
2023-07-07,Combined Min-Variance,WMT,0.1
2023-08-07,Combined Min-Variance,WMT,0.1
2023-09-06,Combined Min-Variance,WMT,0.09999999999999999
2023-10-05,Combined Min-Variance,WMT,0.1
2023-11-03,Combined Min-Variance,WMT,0.1
2023-12-05,Combined Min-Variance,WMT,0.1
2022-11-02,Combined Min-Variance,XLM-USD,0.007256560105023192
2022-01-03,Combined Min-Variance,XOM,0.006346453266366537
2022-02-02,Combined Min-Variance,XOM,0.013194889960276745
2022-03-04,Combined Min-Variance,XOM,0.015776179595135133
2022-05-04,Combined Min-Variance,XOM,0.017624570720519053
2022-06-03,Combined Min-Variance,XOM,0.008833576269176815
2022-11-02,Combined Min-Variance,XOM,0.023371930973780344
2022-12-02,Combined Min-Variance,XOM,0.04698452218389164
2023-01-04,Combined Min-Variance,XOM,0.05111984346355021
2023-03-07,Combined Min-Variance,XOM,0.0013337380242742511
2023-11-03,Combined Min-Variance,XOM,0.06346140368499387
2023-12-05,Combined Min-Variance,XOM,0.07130617136834379
2021-01-04,Combined Risk Parity,ABBV,0.024535910562241088
2021-02-03,Combined Risk Parity,ABBV,0.023256129723759223
2021-03-05,Combined Risk Parity,ABBV,0.02399437286229134
2021-04-06,Combined Risk Parity,ABBV,0.024175109079138626
2021-05-05,Combined Risk Parity,ABBV,0.024079656926985032
2021-06-04,Combined Risk Parity,ABBV,0.02453369998530396
2021-07-06,Combined Risk Parity,ABBV,0.02451683485306698
2021-08-04,Combined Risk Parity,ABBV,0.024334142610522663
2021-09-02,Combined Risk Parity,ABBV,0.025367359411823068
2021-10-04,Combined Risk Parity,ABBV,0.024426422829225827
2021-11-02,Combined Risk Parity,ABBV,0.024517095523012334
2021-12-02,Combined Risk Parity,ABBV,0.024734645199893622
2022-01-03,Combined Risk Parity,ABBV,0.025026529478547093
2022-02-02,Combined Risk Parity,ABBV,0.02678658742921165
2022-03-04,Combined Risk Parity,ABBV,0.027716899217498436
2022-04-04,Combined Risk Parity,ABBV,0.027395212822668418
2022-05-04,Combined Risk Parity,ABBV,0.026111239313286728
2022-06-03,Combined Risk Parity,ABBV,0.03133096353216228
2022-07-06,Combined Risk Parity,ABBV,0.0302788408146835
2022-08-04,Combined Risk Parity,ABBV,0.032799856783860146
2022-09-02,Combined Risk Parity,ABBV,0.03214940617444325
2022-10-04,Combined Risk Parity,ABBV,0.030417968416189614
2022-11-02,Combined Risk Parity,ABBV,0.03190022246330379
2022-12-02,Combined Risk Parity,ABBV,0.03211835132666706
2023-01-04,Combined Risk Parity,ABBV,0.03264925289557721
2023-02-03,Combined Risk Parity,ABBV,0.032653980102019566
2023-03-07,Combined Risk Parity,ABBV,0.034929475628339715
2023-04-05,Combined Risk Parity,ABBV,0.033358567104466164
2023-05-05,Combined Risk Parity,ABBV,0.03662495270114878
2023-06-06,Combined Risk Parity,ABBV,0.034674246305924535
2023-07-07,Combined Risk Parity,ABBV,0.035856782041575316
2023-08-07,Combined Risk Parity,ABBV,0.03796318646600095
2023-09-06,Combined Risk Parity,ABBV,0.036848880996791525
2023-10-05,Combined Risk Parity,ABBV,0.036089209465657066
2023-11-03,Combined Risk Parity,ABBV,0.03412580679876568
2023-12-05,Combined Risk Parity,ABBV,0.035419122137576545
2021-01-04,Combined Risk Parity,ABT,0.021177866736553606
2021-02-03,Combined Risk Parity,ABT,0.022359642199975195
2021-03-05,Combined Risk Parity,ABT,0.021432794401526744
2021-04-06,Combined Risk Parity,ABT,0.021713039678285292
2021-05-05,Combined Risk Parity,ABT,0.02185614745134771
2021-06-04,Combined Risk Parity,ABT,0.02204582956152794
2021-07-06,Combined Risk Parity,ABT,0.02237083576841781
2021-08-04,Combined Risk Parity,ABT,0.023321141394703766
2021-09-02,Combined Risk Parity,ABT,0.02458448316098697
2021-10-04,Combined Risk Parity,ABT,0.025275516112516525
2021-11-02,Combined Risk Parity,ABT,0.02465498911485435
2021-12-02,Combined Risk Parity,ABT,0.026743736351422697
2022-01-03,Combined Risk Parity,ABT,0.026248111393377557
2022-02-02,Combined Risk Parity,ABT,0.024617148509903795
2022-03-04,Combined Risk Parity,ABT,0.021207978201038105
2022-04-04,Combined Risk Parity,ABT,0.019974352313657184
2022-05-04,Combined Risk Parity,ABT,0.018614936835922833
2022-06-03,Combined Risk Parity,ABT,0.017183282384746344
2022-07-06,Combined Risk Parity,ABT,0.017300858009225137
2022-08-04,Combined Risk Parity,ABT,0.017093133371287567
2022-09-02,Combined Risk Parity,ABT,0.017243404760913444
2022-10-04,Combined Risk Parity,ABT,0.018683205937635457
2022-11-02,Combined Risk Parity,ABT,0.018419901506737803
2022-12-02,Combined Risk Parity,ABT,0.01847066423049574
2023-01-04,Combined Risk Parity,ABT,0.018156748310175275
2023-02-03,Combined Risk Parity,ABT,0.018691356015957474
2023-03-07,Combined Risk Parity,ABT,0.01830263994020636
2023-04-05,Combined Risk Parity,ABT,0.018167067176288982
2023-05-05,Combined Risk Parity,ABT,0.019118588646426075
2023-06-06,Combined Risk Parity,ABT,0.019420533466986092
2023-07-07,Combined Risk Parity,ABT,0.020656314668337682
2023-08-07,Combined Risk Parity,ABT,0.02001135944488447
2023-09-06,Combined Risk Parity,ABT,0.0204871426202327
2023-10-05,Combined Risk Parity,ABT,0.020875251408971028
2023-11-03,Combined Risk Parity,ABT,0.023356114015017977
2023-12-05,Combined Risk Parity,ABT,0.023714614612157906
2021-01-04,Combined Risk Parity,ADA-USD,0.009366368576903933
2021-02-03,Combined Risk Parity,ADA-USD,0.007779366766847561
2021-03-05,Combined Risk Parity,ADA-USD,0.007885338280063273
2021-04-06,Combined Risk Parity,ADA-USD,0.007741437133773732
2021-05-05,Combined Risk Parity,ADA-USD,0.007563185748599064
2021-06-04,Combined Risk Parity,ADA-USD,0.005546314970334947
2021-07-06,Combined Risk Parity,ADA-USD,0.005488882450893485
2021-08-04,Combined Risk Parity,ADA-USD,0.00541023098228682
2021-09-02,Combined Risk Parity,ADA-USD,0.005088811508327119
2021-10-04,Combined Risk Parity,ADA-USD,0.004825368308673058
2021-11-02,Combined Risk Parity,ADA-USD,0.0048842272981101465
2021-12-02,Combined Risk Parity,ADA-USD,0.004932668560411798
2022-01-03,Combined Risk Parity,ADA-USD,0.004747915199760292
2022-02-02,Combined Risk Parity,ADA-USD,0.004642249069730596
2022-03-04,Combined Risk Parity,ADA-USD,0.005078605994434406
2022-04-04,Combined Risk Parity,ADA-USD,0.0053575702126841375
2022-05-04,Combined Risk Parity,ADA-USD,0.005734535921202716
2022-06-03,Combined Risk Parity,ADA-USD,0.005039032661005563
2022-07-06,Combined Risk Parity,ADA-USD,0.0057603493067154045
2022-08-04,Combined Risk Parity,ADA-USD,0.005723641287272603
2022-09-02,Combined Risk Parity,ADA-USD,0.0058604814524579685
2022-10-04,Combined Risk Parity,ADA-USD,0.006959208761712778
2022-11-02,Combined Risk Parity,ADA-USD,0.007399164957189027
2022-12-02,Combined Risk Parity,ADA-USD,0.00692823874241804
2023-01-04,Combined Risk Parity,ADA-USD,0.007108313147075628
2023-02-03,Combined Risk Parity,ADA-USD,0.006915093041500958
2023-03-07,Combined Risk Parity,ADA-USD,0.006913675106886075
2023-04-05,Combined Risk Parity,ADA-USD,0.007234791772658374
2023-05-05,Combined Risk Parity,ADA-USD,0.007555079084637826
2023-06-06,Combined Risk Parity,ADA-USD,0.007608775849152674
2023-07-07,Combined Risk Parity,ADA-USD,0.0077104638213367875
2023-08-07,Combined Risk Parity,ADA-USD,0.006982067597626909
2023-09-06,Combined Risk Parity,ADA-USD,0.007085013398378234
2023-10-05,Combined Risk Parity,ADA-USD,0.0074456295428023305
2023-11-03,Combined Risk Parity,ADA-USD,0.007811504231617596
2023-12-05,Combined Risk Parity,ADA-USD,0.0077233170691843375
2021-01-04,Combined Risk Parity,ADBE,0.01705251913380508
2021-02-03,Combined Risk Parity,ADBE,0.01734173553804905
2021-03-05,Combined Risk Parity,ADBE,0.017200039445941947
2021-04-06,Combined Risk Parity,ADBE,0.016755918383780908
2021-05-05,Combined Risk Parity,ADBE,0.01668207260902956
2021-06-04,Combined Risk Parity,ADBE,0.01690455083497026
2021-07-06,Combined Risk Parity,ADBE,0.01796616633305553
2021-08-04,Combined Risk Parity,ADBE,0.01850476216152815
2021-09-02,Combined Risk Parity,ADBE,0.018494127913660948
2021-10-04,Combined Risk Parity,ADBE,0.018609818350751026
2021-11-02,Combined Risk Parity,ADBE,0.019049280297804914
2021-12-02,Combined Risk Parity,ADBE,0.018755067305623468
2022-01-03,Combined Risk Parity,ADBE,0.017422541363942983
2022-02-02,Combined Risk Parity,ADBE,0.015838399825553608
2022-03-04,Combined Risk Parity,ADBE,0.014731976414128933
2022-04-04,Combined Risk Parity,ADBE,0.0128812791663858
2022-05-04,Combined Risk Parity,ADBE,0.012833470065407852
2022-06-03,Combined Risk Parity,ADBE,0.012088605527983015
2022-07-06,Combined Risk Parity,ADBE,0.01235463798797482
2022-08-04,Combined Risk Parity,ADBE,0.011927160162910951
2022-09-02,Combined Risk Parity,ADBE,0.01184638072640916
2022-10-04,Combined Risk Parity,ADBE,0.011393773325552147
2022-11-02,Combined Risk Parity,ADBE,0.012214754230696092
2022-12-02,Combined Risk Parity,ADBE,0.011516220571073661
2023-01-04,Combined Risk Parity,ADBE,0.011755576633201986
2023-02-03,Combined Risk Parity,ADBE,0.01192522286969917
2023-03-07,Combined Risk Parity,ADBE,0.011620744671866662
2023-04-05,Combined Risk Parity,ADBE,0.011646440975057423
2023-05-05,Combined Risk Parity,ADBE,0.01146698353355204
2023-06-06,Combined Risk Parity,ADBE,0.0115040916144095
2023-07-07,Combined Risk Parity,ADBE,0.011723122596824986
2023-08-07,Combined Risk Parity,ADBE,0.011827557293656006
2023-09-06,Combined Risk Parity,ADBE,0.012172034273018823
2023-10-05,Combined Risk Parity,ADBE,0.012557478722295418
2023-11-03,Combined Risk Parity,ADBE,0.012714114281072466
2023-12-05,Combined Risk Parity,ADBE,0.013188278760050997
2021-01-04,Combined Risk Parity,AEP,0.02249848235751004
2021-02-03,Combined Risk Parity,AEP,0.023632057564193468
2021-03-05,Combined Risk Parity,AEP,0.02481669435115576
2021-04-06,Combined Risk Parity,AEP,0.02561092232087687
2021-05-05,Combined Risk Parity,AEP,0.025599242711419366
2021-06-04,Combined Risk Parity,AEP,0.026595671146697926
2021-07-06,Combined Risk Parity,AEP,0.02579333245891245
2021-08-04,Combined Risk Parity,AEP,0.02580512179761157
2021-09-02,Combined Risk Parity,AEP,0.026108374828774098
2021-10-04,Combined Risk Parity,AEP,0.02554707473412076
2021-11-02,Combined Risk Parity,AEP,0.026310596004702536
2021-12-02,Combined Risk Parity,AEP,0.02646970177314871
2022-01-03,Combined Risk Parity,AEP,0.026299942712151487
2022-02-02,Combined Risk Parity,AEP,0.02962866352942238
2022-03-04,Combined Risk Parity,AEP,0.027412416560733305
2022-04-04,Combined Risk Parity,AEP,0.029838854071457206
2022-05-04,Combined Risk Parity,AEP,0.027194046619405932
2022-06-03,Combined Risk Parity,AEP,0.030459682767605994
2022-07-06,Combined Risk Parity,AEP,0.025870777081940508
2022-08-04,Combined Risk Parity,AEP,0.026920047611714074
2022-09-02,Combined Risk Parity,AEP,0.0264496817465167
2022-10-04,Combined Risk Parity,AEP,0.023810104085836767
2022-11-02,Combined Risk Parity,AEP,0.021765475002426433
2022-12-02,Combined Risk Parity,AEP,0.022048558774020437
2023-01-04,Combined Risk Parity,AEP,0.021837038301529978
2023-02-03,Combined Risk Parity,AEP,0.021901014911010118
2023-03-07,Combined Risk Parity,AEP,0.02123179734819888
2023-04-05,Combined Risk Parity,AEP,0.02226849008490907
2023-05-05,Combined Risk Parity,AEP,0.02232663140875848
2023-06-06,Combined Risk Parity,AEP,0.02244735574145283
2023-07-07,Combined Risk Parity,AEP,0.022071836670330372
2023-08-07,Combined Risk Parity,AEP,0.021451786142864436
2023-09-06,Combined Risk Parity,AEP,0.021739700387071015
2023-10-05,Combined Risk Parity,AEP,0.021025777437503737
2023-11-03,Combined Risk Parity,AEP,0.019467703162048544
2023-12-05,Combined Risk Parity,AEP,0.019644824671001683
2021-01-04,Combined Risk Parity,AMD,0.015104233480774347
2021-02-03,Combined Risk Parity,AMD,0.015957238691957278
2021-03-05,Combined Risk Parity,AMD,0.01522446081326539
2021-04-06,Combined Risk Parity,AMD,0.014817109562557294
2021-05-05,Combined Risk Parity,AMD,0.014370161216185132
2021-06-04,Combined Risk Parity,AMD,0.015346101603127138
2021-07-06,Combined Risk Parity,AMD,0.015797661244194253
2021-08-04,Combined Risk Parity,AMD,0.01562158092826612
2021-09-02,Combined Risk Parity,AMD,0.01520657173502543
2021-10-04,Combined Risk Parity,AMD,0.015556987622814482
2021-11-02,Combined Risk Parity,AMD,0.015689240175161937
2021-12-02,Combined Risk Parity,AMD,0.014429074169927121
2022-01-03,Combined Risk Parity,AMD,0.013195034175593208
2022-02-02,Combined Risk Parity,AMD,0.011186554749615657
2022-03-04,Combined Risk Parity,AMD,0.009405739300198416
2022-04-04,Combined Risk Parity,AMD,0.008967182163213629
2022-05-04,Combined Risk Parity,AMD,0.008851333283033577
2022-06-03,Combined Risk Parity,AMD,0.0077143081554059394
2022-07-06,Combined Risk Parity,AMD,0.008039913253886796
2022-08-04,Combined Risk Parity,AMD,0.007979085888049754
2022-09-02,Combined Risk Parity,AMD,0.008013479437504393
2022-10-04,Combined Risk Parity,AMD,0.008634923799012694
2022-11-02,Combined Risk Parity,AMD,0.008740766940394669
2022-12-02,Combined Risk Parity,AMD,0.008152154568923022
2023-01-04,Combined Risk Parity,AMD,0.008146823669347124
2023-02-03,Combined Risk Parity,AMD,0.008113796456171716
2023-03-07,Combined Risk Parity,AMD,0.008176934757730925
2023-04-05,Combined Risk Parity,AMD,0.009049476817971233
2023-05-05,Combined Risk Parity,AMD,0.009349699216455131
2023-06-06,Combined Risk Parity,AMD,0.010207150099395048
2023-07-07,Combined Risk Parity,AMD,0.010835957906017176
2023-08-07,Combined Risk Parity,AMD,0.011510233605292937
2023-09-06,Combined Risk Parity,AMD,0.010947293474305824
2023-10-05,Combined Risk Parity,AMD,0.010828852305634856
2023-11-03,Combined Risk Parity,AMD,0.011157515175782146
2023-12-05,Combined Risk Parity,AMD,0.011154548298894628
2021-01-04,Combined Risk Parity,AMGN,0.022247826901825023
2021-02-03,Combined Risk Parity,AMGN,0.022380975463668736
2021-03-05,Combined Risk Parity,AMGN,0.022966032733782143
2021-04-06,Combined Risk Parity,AMGN,0.0225259068720246
2021-05-05,Combined Risk Parity,AMGN,0.022151967807788824
2021-06-04,Combined Risk Parity,AMGN,0.02273891543501978
2021-07-06,Combined Risk Parity,AMGN,0.023055667970373908
2021-08-04,Combined Risk Parity,AMGN,0.023834096502048756
2021-09-02,Combined Risk Parity,AMGN,0.02285837834597775
2021-10-04,Combined Risk Parity,AMGN,0.022492533650071526
2021-11-02,Combined Risk Parity,AMGN,0.021985560401229017
2021-12-02,Combined Risk Parity,AMGN,0.022264402254577282
2022-01-03,Combined Risk Parity,AMGN,0.02169102714432126
2022-02-02,Combined Risk Parity,AMGN,0.022036736505931066
2022-03-04,Combined Risk Parity,AMGN,0.020795233836008595
2022-04-04,Combined Risk Parity,AMGN,0.021963859926081276
2022-05-04,Combined Risk Parity,AMGN,0.02579463349303948
2022-06-03,Combined Risk Parity,AMGN,0.032592799349064346
2022-07-06,Combined Risk Parity,AMGN,0.034087503613040825
2022-08-04,Combined Risk Parity,AMGN,0.03428572583675027
2022-09-02,Combined Risk Parity,AMGN,0.03389335431175641
2022-10-04,Combined Risk Parity,AMGN,0.031627509791742635
2022-11-02,Combined Risk Parity,AMGN,0.03159123967425451
2022-12-02,Combined Risk Parity,AMGN,0.035884766833287715
2023-01-04,Combined Risk Parity,AMGN,0.036781761736164764
2023-02-03,Combined Risk Parity,AMGN,0.03571213154501857
2023-03-07,Combined Risk Parity,AMGN,0.03374448785971811
2023-04-05,Combined Risk Parity,AMGN,0.033524432085697005
2023-05-05,Combined Risk Parity,AMGN,0.031524890041503544
2023-06-06,Combined Risk Parity,AMGN,0.0302046366100691
2023-07-07,Combined Risk Parity,AMGN,0.02984494694394991
2023-08-07,Combined Risk Parity,AMGN,0.030308879658612134
2023-09-06,Combined Risk Parity,AMGN,0.031364835849133965
2023-10-05,Combined Risk Parity,AMGN,0.030677142844792244
2023-11-03,Combined Risk Parity,AMGN,0.027967984671667192
2023-12-05,Combined Risk Parity,AMGN,0.02583929979133992
2021-01-04,Combined Risk Parity,AMT,0.017928416749215557
2021-02-03,Combined Risk Parity,AMT,0.018933964117617424
2021-03-05,Combined Risk Parity,AMT,0.019476630724738868
2021-04-06,Combined Risk Parity,AMT,0.01876550356134961
2021-05-05,Combined Risk Parity,AMT,0.01911792931650184
2021-06-04,Combined Risk Parity,AMT,0.01946793696201209
2021-07-06,Combined Risk Parity,AMT,0.019695894045175893
2021-08-04,Combined Risk Parity,AMT,0.020441412016347426
2021-09-02,Combined Risk Parity,AMT,0.020869094302756033
2021-10-04,Combined Risk Parity,AMT,0.020832198623200418
2021-11-02,Combined Risk Parity,AMT,0.0212435292661916
2021-12-02,Combined Risk Parity,AMT,0.021087353481373885
2022-01-03,Combined Risk Parity,AMT,0.020441076150344836
2022-02-02,Combined Risk Parity,AMT,0.018618310927243163
2022-03-04,Combined Risk Parity,AMT,0.019420826888534803
2022-04-04,Combined Risk Parity,AMT,0.018620075622548974
2022-05-04,Combined Risk Parity,AMT,0.01920789747289868
2022-06-03,Combined Risk Parity,AMT,0.017281028647634145
2022-07-06,Combined Risk Parity,AMT,0.01697246241035876
2022-08-04,Combined Risk Parity,AMT,0.016785059116144866
2022-09-02,Combined Risk Parity,AMT,0.017183384638106154
2022-10-04,Combined Risk Parity,AMT,0.018008487442960228
2022-11-02,Combined Risk Parity,AMT,0.01672848253494018
2022-12-02,Combined Risk Parity,AMT,0.015511227465010696
2023-01-04,Combined Risk Parity,AMT,0.01567824241293133
2023-02-03,Combined Risk Parity,AMT,0.015526116004924224
2023-03-07,Combined Risk Parity,AMT,0.015258914866615549
2023-04-05,Combined Risk Parity,AMT,0.015224927240395683
2023-05-05,Combined Risk Parity,AMT,0.015153388965443281
2023-06-06,Combined Risk Parity,AMT,0.014935677080910724
2023-07-07,Combined Risk Parity,AMT,0.015276697864548144
2023-08-07,Combined Risk Parity,AMT,0.01561909830550728
2023-09-06,Combined Risk Parity,AMT,0.01576206184691367
2023-10-05,Combined Risk Parity,AMT,0.014912066889609915
2023-11-03,Combined Risk Parity,AMT,0.0147163078661904
2023-12-05,Combined Risk Parity,AMT,0.013919008910120411
2021-01-04,Combined Risk Parity,BA,0.009192489152618978
2021-02-03,Combined Risk Parity,BA,0.00935417276520879
2021-03-05,Combined Risk Parity,BA,0.009206090281297463
2021-04-06,Combined Risk Parity,BA,0.009484994389802114
2021-05-05,Combined Risk Parity,BA,0.009576621874688118
2021-06-04,Combined Risk Parity,BA,0.01008378756401341
2021-07-06,Combined Risk Parity,BA,0.010238312168619219
2021-08-04,Combined Risk Parity,BA,0.010073859876537299
2021-09-02,Combined Risk Parity,BA,0.009913526145928398
2021-10-04,Combined Risk Parity,BA,0.010090969376251712
2021-11-02,Combined Risk Parity,BA,0.01077195447104538
2021-12-02,Combined Risk Parity,BA,0.010908258969086699
2022-01-03,Combined Risk Parity,BA,0.010464029017997761
2022-02-02,Combined Risk Parity,BA,0.010019493662943628
2022-03-04,Combined Risk Parity,BA,0.010503569870978832
2022-04-04,Combined Risk Parity,BA,0.010322491979460098
2022-05-04,Combined Risk Parity,BA,0.010741948092332866
2022-06-03,Combined Risk Parity,BA,0.009636984722079443
2022-07-06,Combined Risk Parity,BA,0.01004081491740661
2022-08-04,Combined Risk Parity,BA,0.010261143873409932
2022-09-02,Combined Risk Parity,BA,0.010524741798331624
2022-10-04,Combined Risk Parity,BA,0.010629732127424723
2022-11-02,Combined Risk Parity,BA,0.011795666443491042
2022-12-02,Combined Risk Parity,BA,0.0127703212719917
2023-01-04,Combined Risk Parity,BA,0.012940099223523327
2023-02-03,Combined Risk Parity,BA,0.013057047847852662
2023-03-07,Combined Risk Parity,BA,0.012713493176707714
2023-04-05,Combined Risk Parity,BA,0.012568864137233682
2023-05-05,Combined Risk Parity,BA,0.012859685068799155
2023-06-06,Combined Risk Parity,BA,0.012964269381547525
2023-07-07,Combined Risk Parity,BA,0.013171658152455187
2023-08-07,Combined Risk Parity,BA,0.013201309568191098
2023-09-06,Combined Risk Parity,BA,0.012982490939761926
2023-10-05,Combined Risk Parity,BA,0.013684284245750489
2023-11-03,Combined Risk Parity,BA,0.014222081862777732
2023-12-05,Combined Risk Parity,BA,0.014156626898610547
2021-01-04,Combined Risk Parity,BCH-USD,0.010522912678677443
2021-02-03,Combined Risk Parity,BCH-USD,0.008837091095622498
2021-03-05,Combined Risk Parity,BCH-USD,0.00802608291507331
2021-04-06,Combined Risk Parity,BCH-USD,0.007884534361612329
2021-05-05,Combined Risk Parity,BCH-USD,0.007209079905905765
2021-06-04,Combined Risk Parity,BCH-USD,0.004861561991372631
2021-07-06,Combined Risk Parity,BCH-USD,0.004876818860557367
2021-08-04,Combined Risk Parity,BCH-USD,0.00486437669656481
2021-09-02,Combined Risk Parity,BCH-USD,0.0048088399311768
2021-10-04,Combined Risk Parity,BCH-USD,0.004665219168489514
2021-11-02,Combined Risk Parity,BCH-USD,0.004683321940229245
2021-12-02,Combined Risk Parity,BCH-USD,0.004691847309516569
2022-01-03,Combined Risk Parity,BCH-USD,0.004821186668573346
2022-02-02,Combined Risk Parity,BCH-USD,0.004961107864691582
2022-03-04,Combined Risk Parity,BCH-USD,0.005393428549694013
2022-04-04,Combined Risk Parity,BCH-USD,0.005657008825815748
2022-05-04,Combined Risk Parity,BCH-USD,0.006143716034282567
2022-06-03,Combined Risk Parity,BCH-USD,0.0060672306472006705
2022-07-06,Combined Risk Parity,BCH-USD,0.006421309685192549
2022-08-04,Combined Risk Parity,BCH-USD,0.005889432899918354
2022-09-02,Combined Risk Parity,BCH-USD,0.005937740284501698
2022-10-04,Combined Risk Parity,BCH-USD,0.007127840462785936
2022-11-02,Combined Risk Parity,BCH-USD,0.007941525957696042
2022-12-02,Combined Risk Parity,BCH-USD,0.007486686271435148
2023-01-04,Combined Risk Parity,BCH-USD,0.007762882480382612
2023-02-03,Combined Risk Parity,BCH-USD,0.00780218545367819
2023-03-07,Combined Risk Parity,BCH-USD,0.007935454414923307
2023-04-05,Combined Risk Parity,BCH-USD,0.008117142659691575
2023-05-05,Combined Risk Parity,BCH-USD,0.008415217932832699
2023-06-06,Combined Risk Parity,BCH-USD,0.008570894087304253
2023-07-07,Combined Risk Parity,BCH-USD,0.007569899203196677
2023-08-07,Combined Risk Parity,BCH-USD,0.007877422964354085
2023-09-06,Combined Risk Parity,BCH-USD,0.007011774590259182
2023-10-05,Combined Risk Parity,BCH-USD,0.007252874207276724
2023-11-03,Combined Risk Parity,BCH-USD,0.008403028325311581
2023-12-05,Combined Risk Parity,BCH-USD,0.008583309072491595
2021-01-04,Combined Risk Parity,BTC-USD,0.014479836572779065
2021-02-03,Combined Risk Parity,BTC-USD,0.011734786811692335
2021-03-05,Combined Risk Parity,BTC-USD,0.01026851177896052
2021-04-06,Combined Risk Parity,BTC-USD,0.010501361131676589
2021-05-05,Combined Risk Parity,BTC-USD,0.010333901845746382
2021-06-04,Combined Risk Parity,BTC-USD,0.008536488222617171
2021-07-06,Combined Risk Parity,BTC-USD,0.008339728032890036
2021-08-04,Combined Risk Parity,BTC-USD,0.0082451080512809
2021-09-02,Combined Risk Parity,BTC-USD,0.008163624145052917
2021-10-04,Combined Risk Parity,BTC-USD,0.007315168293654922
2021-11-02,Combined Risk Parity,BTC-USD,0.0075229675335982465
2021-12-02,Combined Risk Parity,BTC-USD,0.00742708014511103
2022-01-03,Combined Risk Parity,BTC-USD,0.007453271579194914
2022-02-02,Combined Risk Parity,BTC-USD,0.007408099755699853
2022-03-04,Combined Risk Parity,BTC-USD,0.007919519804376074
2022-04-04,Combined Risk Parity,BTC-USD,0.00800452867060042
2022-05-04,Combined Risk Parity,BTC-USD,0.008367424291935465
2022-06-03,Combined Risk Parity,BTC-USD,0.008340445052718626
2022-07-06,Combined Risk Parity,BTC-USD,0.0081624177505882
2022-08-04,Combined Risk Parity,BTC-USD,0.007944701831029011
2022-09-02,Combined Risk Parity,BTC-USD,0.007926839642346792
2022-10-04,Combined Risk Parity,BTC-USD,0.008490672729687008
2022-11-02,Combined Risk Parity,BTC-USD,0.009271230396462769
2022-12-02,Combined Risk Parity,BTC-USD,0.00872451158891264
2023-01-04,Combined Risk Parity,BTC-USD,0.009088753116401942
2023-02-03,Combined Risk Parity,BTC-USD,0.009074216732218202
2023-03-07,Combined Risk Parity,BTC-USD,0.00919000036330554
2023-04-05,Combined Risk Parity,BTC-USD,0.0094766184745153
2023-05-05,Combined Risk Parity,BTC-USD,0.009809145316282368
2023-06-06,Combined Risk Parity,BTC-USD,0.009881715022777132
2023-07-07,Combined Risk Parity,BTC-USD,0.010210564969618882
2023-08-07,Combined Risk Parity,BTC-USD,0.01051241103121115
2023-09-06,Combined Risk Parity,BTC-USD,0.010254588480532295
2023-10-05,Combined Risk Parity,BTC-USD,0.010464076391578689
2023-11-03,Combined Risk Parity,BTC-USD,0.011597005232931654
2023-12-05,Combined Risk Parity,BTC-USD,0.011613648270843597
2021-01-04,Combined Risk Parity,CAT,0.016190226698775418
2021-02-03,Combined Risk Parity,CAT,0.01575200789670168
2021-03-05,Combined Risk Parity,CAT,0.016202918666128482
2021-04-06,Combined Risk Parity,CAT,0.016434694512590466
2021-05-05,Combined Risk Parity,CAT,0.01686891637630157
2021-06-04,Combined Risk Parity,CAT,0.017476455558233784
2021-07-06,Combined Risk Parity,CAT,0.01728837417305791
2021-08-04,Combined Risk Parity,CAT,0.016647868800191406
2021-09-02,Combined Risk Parity,CAT,0.016111518300407985
2021-10-04,Combined Risk Parity,CAT,0.015444208223383432
2021-11-02,Combined Risk Parity,CAT,0.014824901748678994
2021-12-02,Combined Risk Parity,CAT,0.014826132491902039
2022-01-03,Combined Risk Parity,CAT,0.014435981060103182
2022-02-02,Combined Risk Parity,CAT,0.01654906989066258
2022-03-04,Combined Risk Parity,CAT,0.015464410501501635
2022-04-04,Combined Risk Parity,CAT,0.01818146005003359
2022-05-04,Combined Risk Parity,CAT,0.01816282939796268
2022-06-03,Combined Risk Parity,CAT,0.016761742902469023
2022-07-06,Combined Risk Parity,CAT,0.01658539888678811
2022-08-04,Combined Risk Parity,CAT,0.01494835793592724
2022-09-02,Combined Risk Parity,CAT,0.01463161318593601
2022-10-04,Combined Risk Parity,CAT,0.01459993624750244
2022-11-02,Combined Risk Parity,CAT,0.014504888044289942
2022-12-02,Combined Risk Parity,CAT,0.015479504853439125
2023-01-04,Combined Risk Parity,CAT,0.015555051565735074
2023-02-03,Combined Risk Parity,CAT,0.015930497083045714
2023-03-07,Combined Risk Parity,CAT,0.01623971012279238
2023-04-05,Combined Risk Parity,CAT,0.015313091884581072
2023-05-05,Combined Risk Parity,CAT,0.015640285201640406
2023-06-06,Combined Risk Parity,CAT,0.014232090335058687
2023-07-07,Combined Risk Parity,CAT,0.013913969306581446
2023-08-07,Combined Risk Parity,CAT,0.01468006575790622
2023-09-06,Combined Risk Parity,CAT,0.014387495612037077
2023-10-05,Combined Risk Parity,CAT,0.014423281459412591
2023-11-03,Combined Risk Parity,CAT,0.013880607949588496
2023-12-05,Combined Risk Parity,CAT,0.013688791335166255
2021-01-04,Combined Risk Parity,CCI,0.01946726697450544
2021-02-03,Combined Risk Parity,CCI,0.020684655924540253
2021-03-05,Combined Risk Parity,CCI,0.021313392474977443
2021-04-06,Combined Risk Parity,CCI,0.020588757076894084
2021-05-05,Combined Risk Parity,CCI,0.021044407935604224
2021-06-04,Combined Risk Parity,CCI,0.021623457153405547
2021-07-06,Combined Risk Parity,CCI,0.02177202781134029
2021-08-04,Combined Risk Parity,CCI,0.022542639351133993
2021-09-02,Combined Risk Parity,CCI,0.02280494187269057
2021-10-04,Combined Risk Parity,CCI,0.02334192468786005
2021-11-02,Combined Risk Parity,CCI,0.02294410149532077
2021-12-02,Combined Risk Parity,CCI,0.02279308218920913
2022-01-03,Combined Risk Parity,CCI,0.022462590631826075
2022-02-02,Combined Risk Parity,CCI,0.01988754631972597
2022-03-04,Combined Risk Parity,CCI,0.019166918902975647
2022-04-04,Combined Risk Parity,CCI,0.019677736560198042
2022-05-04,Combined Risk Parity,CCI,0.02019712055765647
2022-06-03,Combined Risk Parity,CCI,0.02034638759283691
2022-07-06,Combined Risk Parity,CCI,0.01821944733371035
2022-08-04,Combined Risk Parity,CCI,0.01802787077672249
2022-09-02,Combined Risk Parity,CCI,0.018359886497197424
2022-10-04,Combined Risk Parity,CCI,0.0183508222420693
2022-11-02,Combined Risk Parity,CCI,0.018064161054969184
2022-12-02,Combined Risk Parity,CCI,0.016484169542538316
2023-01-04,Combined Risk Parity,CCI,0.01669683988893073
2023-02-03,Combined Risk Parity,CCI,0.016000468407094393
2023-03-07,Combined Risk Parity,CCI,0.0157964008891787
2023-04-05,Combined Risk Parity,CCI,0.015941640573918173
2023-05-05,Combined Risk Parity,CCI,0.015426276239584464
2023-06-06,Combined Risk Parity,CCI,0.015428863838100588
2023-07-07,Combined Risk Parity,CCI,0.015647478888175963
2023-08-07,Combined Risk Parity,CCI,0.015984731782433245
2023-09-06,Combined Risk Parity,CCI,0.01681952276652793
2023-10-05,Combined Risk Parity,CCI,0.016012386038606066
2023-11-03,Combined Risk Parity,CCI,0.014838446999792395
2023-12-05,Combined Risk Parity,CCI,0.014183340886958065
2021-01-04,Combined Risk Parity,CMCSA,0.01752858711901986
2021-02-03,Combined Risk Parity,CMCSA,0.016979898938847823
2021-03-05,Combined Risk Parity,CMCSA,0.017493584931082405
2021-04-06,Combined Risk Parity,CMCSA,0.018286778164196698
2021-05-05,Combined Risk Parity,CMCSA,0.017959254786398926
2021-06-04,Combined Risk Parity,CMCSA,0.017678373334580267
2021-07-06,Combined Risk Parity,CMCSA,0.01782638336842408
2021-08-04,Combined Risk Parity,CMCSA,0.017999424050849637
2021-09-02,Combined Risk Parity,CMCSA,0.018023771341861228
2021-10-04,Combined Risk Parity,CMCSA,0.01704461307298737
2021-11-02,Combined Risk Parity,CMCSA,0.016262722824185883
2021-12-02,Combined Risk Parity,CMCSA,0.016289373111799864
2022-01-03,Combined Risk Parity,CMCSA,0.016741911749514594
2022-02-02,Combined Risk Parity,CMCSA,0.016788390910878664
2022-03-04,Combined Risk Parity,CMCSA,0.01655488583814283
2022-04-04,Combined Risk Parity,CMCSA,0.01653542149967292
2022-05-04,Combined Risk Parity,CMCSA,0.017770888946156964
2022-06-03,Combined Risk Parity,CMCSA,0.018997781700047883
2022-07-06,Combined Risk Parity,CMCSA,0.019622151231360994
2022-08-04,Combined Risk Parity,CMCSA,0.021677445581458225
2022-09-02,Combined Risk Parity,CMCSA,0.021032023241977234
2022-10-04,Combined Risk Parity,CMCSA,0.017493541656443932
2022-11-02,Combined Risk Parity,CMCSA,0.01802820688684443
2022-12-02,Combined Risk Parity,CMCSA,0.017612674129509964
2023-01-04,Combined Risk Parity,CMCSA,0.017254643171972704
2023-02-03,Combined Risk Parity,CMCSA,0.016870172997750284
2023-03-07,Combined Risk Parity,CMCSA,0.016619380905056748
2023-04-05,Combined Risk Parity,CMCSA,0.017117458160144008
2023-05-05,Combined Risk Parity,CMCSA,0.015982177026833484
2023-06-06,Combined Risk Parity,CMCSA,0.016579958264606957
2023-07-07,Combined Risk Parity,CMCSA,0.016780533218737365
2023-08-07,Combined Risk Parity,CMCSA,0.017788635667560598
2023-09-06,Combined Risk Parity,CMCSA,0.01812995070128381
2023-10-05,Combined Risk Parity,CMCSA,0.018980127594344736
2023-11-03,Combined Risk Parity,CMCSA,0.01870600375049198
2023-12-05,Combined Risk Parity,CMCSA,0.018058295475557193
2021-01-04,Combined Risk Parity,COP,0.010663833092556035
2021-02-03,Combined Risk Parity,COP,0.010641396397488288
2021-03-05,Combined Risk Parity,COP,0.010985508937505498
2021-04-06,Combined Risk Parity,COP,0.011261538039091301
2021-05-05,Combined Risk Parity,COP,0.01138277077716193
2021-06-04,Combined Risk Parity,COP,0.011515308244281043
2021-07-06,Combined Risk Parity,COP,0.011609763394008855
2021-08-04,Combined Risk Parity,COP,0.011299012607804164
2021-09-02,Combined Risk Parity,COP,0.011203605770458525
2021-10-04,Combined Risk Parity,COP,0.01154120412094636
2021-11-02,Combined Risk Parity,COP,0.012000428059325451
2021-12-02,Combined Risk Parity,COP,0.01180207028378947
2022-01-03,Combined Risk Parity,COP,0.01129855239830663
2022-02-02,Combined Risk Parity,COP,0.01190557782947984
2022-03-04,Combined Risk Parity,COP,0.01307326087159443
2022-04-04,Combined Risk Parity,COP,0.014407962298810242
2022-05-04,Combined Risk Parity,COP,0.014129230941342854
2022-06-03,Combined Risk Parity,COP,0.0133229307704098
2022-07-06,Combined Risk Parity,COP,0.013364158586601555
2022-08-04,Combined Risk Parity,COP,0.013315063703459654
2022-09-02,Combined Risk Parity,COP,0.014271531491647815
2022-10-04,Combined Risk Parity,COP,0.014064579835288889
2022-11-02,Combined Risk Parity,COP,0.015192532888034543
2022-12-02,Combined Risk Parity,COP,0.015706690614737808
2023-01-04,Combined Risk Parity,COP,0.015356412985882235
2023-02-03,Combined Risk Parity,COP,0.015716841047678544
2023-03-07,Combined Risk Parity,COP,0.015603414104693328
2023-04-05,Combined Risk Parity,COP,0.015202341014811417
2023-05-05,Combined Risk Parity,COP,0.014937325861657066
2023-06-06,Combined Risk Parity,COP,0.014658806939646454
2023-07-07,Combined Risk Parity,COP,0.01444735132099668
2023-08-07,Combined Risk Parity,COP,0.013901674043647637
2023-09-06,Combined Risk Parity,COP,0.014787183676922624
2023-10-05,Combined Risk Parity,COP,0.014940648293539848
2023-11-03,Combined Risk Parity,COP,0.015557948493488261
2023-12-05,Combined Risk Parity,COP,0.016250328443319542
2021-01-04,Combined Risk Parity,CVX,0.011763426420475885
2021-02-03,Combined Risk Parity,CVX,0.011892539612375184
2021-03-05,Combined Risk Parity,CVX,0.012298173418821263
2021-04-06,Combined Risk Parity,CVX,0.012637668353621815
2021-05-05,Combined Risk Parity,CVX,0.012816779550793739
2021-06-04,Combined Risk Parity,CVX,0.013030430604327743
2021-07-06,Combined Risk Parity,CVX,0.012991187271415714
2021-08-04,Combined Risk Parity,CVX,0.012764954658020479
2021-09-02,Combined Risk Parity,CVX,0.012675712446027986
2021-10-04,Combined Risk Parity,CVX,0.012958897963286172
2021-11-02,Combined Risk Parity,CVX,0.013248155265830812
2021-12-02,Combined Risk Parity,CVX,0.013756202615193806
2022-01-03,Combined Risk Parity,CVX,0.013725404321685692
2022-02-02,Combined Risk Parity,CVX,0.015841348765648383
2022-03-04,Combined Risk Parity,CVX,0.01686684027109303
2022-04-04,Combined Risk Parity,CVX,0.020132252589030925
2022-05-04,Combined Risk Parity,CVX,0.018424430872565407
2022-06-03,Combined Risk Parity,CVX,0.017713710028512703
2022-07-06,Combined Risk Parity,CVX,0.017675168928973646
2022-08-04,Combined Risk Parity,CVX,0.01704006039444308
2022-09-02,Combined Risk Parity,CVX,0.018134888638370775
2022-10-04,Combined Risk Parity,CVX,0.017759484446178562
2022-11-02,Combined Risk Parity,CVX,0.018353252575015015
2022-12-02,Combined Risk Parity,CVX,0.018613141081797558
2023-01-04,Combined Risk Parity,CVX,0.01823544010033797
2023-02-03,Combined Risk Parity,CVX,0.019133453201537542
2023-03-07,Combined Risk Parity,CVX,0.01919695355269565
2023-04-05,Combined Risk Parity,CVX,0.018553876482028907
2023-05-05,Combined Risk Parity,CVX,0.017909877965670857
2023-06-06,Combined Risk Parity,CVX,0.017665006649746507
2023-07-07,Combined Risk Parity,CVX,0.01745314992848652
2023-08-07,Combined Risk Parity,CVX,0.017506778586759746
2023-09-06,Combined Risk Parity,CVX,0.018533448911958187
2023-10-05,Combined Risk Parity,CVX,0.019405582260399363
2023-11-03,Combined Risk Parity,CVX,0.01925163497476684
2023-12-05,Combined Risk Parity,CVX,0.019651727802811537
2021-01-04,Combined Risk Parity,D,0.01932665840768467
2021-02-03,Combined Risk Parity,D,0.02072038106581486
2021-03-05,Combined Risk Parity,D,0.020935806079230488
2021-04-06,Combined Risk Parity,D,0.021295659241227803
2021-05-05,Combined Risk Parity,D,0.021157532071878926
2021-06-04,Combined Risk Parity,D,0.02254793420988163
2021-07-06,Combined Risk Parity,D,0.02212652665290395
2021-08-04,Combined Risk Parity,D,0.023203170144004324
2021-09-02,Combined Risk Parity,D,0.02363692975387127
2021-10-04,Combined Risk Parity,D,0.024748089756115338
2021-11-02,Combined Risk Parity,D,0.02420321471162606
2021-12-02,Combined Risk Parity,D,0.023044427616875477
2022-01-03,Combined Risk Parity,D,0.023102886201190068
2022-02-02,Combined Risk Parity,D,0.02526939620896788
2022-03-04,Combined Risk Parity,D,0.024985478912697253
2022-04-04,Combined Risk Parity,D,0.02569634948479953
2022-05-04,Combined Risk Parity,D,0.026972290037014904
2022-06-03,Combined Risk Parity,D,0.029905934492293795
2022-07-06,Combined Risk Parity,D,0.02824007089146533
2022-08-04,Combined Risk Parity,D,0.028954515657307
2022-09-02,Combined Risk Parity,D,0.029483132659131578
2022-10-04,Combined Risk Parity,D,0.025882433266345966
2022-11-02,Combined Risk Parity,D,0.023739339450217598
2022-12-02,Combined Risk Parity,D,0.023799486923125463
2023-01-04,Combined Risk Parity,D,0.0241143467151729
2023-02-03,Combined Risk Parity,D,0.024367178343536564
2023-03-07,Combined Risk Parity,D,0.023327958923580184
2023-04-05,Combined Risk Parity,D,0.02392017050206028
2023-05-05,Combined Risk Parity,D,0.0234206010754397
2023-06-06,Combined Risk Parity,D,0.023166705132030348
2023-07-07,Combined Risk Parity,D,0.022927085910480514
2023-08-07,Combined Risk Parity,D,0.021558355126256604
2023-09-06,Combined Risk Parity,D,0.021748630926645994
2023-10-05,Combined Risk Parity,D,0.020297044285437334
2023-11-03,Combined Risk Parity,D,0.019167068291867304
2023-12-05,Combined Risk Parity,D,0.017327680114992215
2021-01-04,Combined Risk Parity,DD,0.013884472165858081
2021-02-03,Combined Risk Parity,DD,0.013620998334016577
2021-03-05,Combined Risk Parity,DD,0.013704273021739044
2021-04-06,Combined Risk Parity,DD,0.014259280905849438
2021-05-05,Combined Risk Parity,DD,0.014194139026417927
2021-06-04,Combined Risk Parity,DD,0.014213616041884845
2021-07-06,Combined Risk Parity,DD,0.014187351061745226
2021-08-04,Combined Risk Parity,DD,0.013533374749262849
2021-09-02,Combined Risk Parity,DD,0.013572287765893034
2021-10-04,Combined Risk Parity,DD,0.013744177491054338
2021-11-02,Combined Risk Parity,DD,0.013436416688164032
2021-12-02,Combined Risk Parity,DD,0.013122515610297186
2022-01-03,Combined Risk Parity,DD,0.012974463650869395
2022-02-02,Combined Risk Parity,DD,0.013183427023397703
2022-03-04,Combined Risk Parity,DD,0.012588922033727796
2022-04-04,Combined Risk Parity,DD,0.011501351484714777
2022-05-04,Combined Risk Parity,DD,0.012406092556292188
2022-06-03,Combined Risk Parity,DD,0.012855064602100263
2022-07-06,Combined Risk Parity,DD,0.013107037099378258
2022-08-04,Combined Risk Parity,DD,0.012637749470716426
2022-09-02,Combined Risk Parity,DD,0.012296926555940946
2022-10-04,Combined Risk Parity,DD,0.012761130858623482
2022-11-02,Combined Risk Parity,DD,0.012951175612354544
2022-12-02,Combined Risk Parity,DD,0.014402193556844717
2023-01-04,Combined Risk Parity,DD,0.014594376377133119
2023-02-03,Combined Risk Parity,DD,0.014759518573282941
2023-03-07,Combined Risk Parity,DD,0.014508862571672176
2023-04-05,Combined Risk Parity,DD,0.014371428803309789
2023-05-05,Combined Risk Parity,DD,0.013781036195091991
2023-06-06,Combined Risk Parity,DD,0.01310629951156174
2023-07-07,Combined Risk Parity,DD,0.013464024939896596
2023-08-07,Combined Risk Parity,DD,0.013876920355207692
2023-09-06,Combined Risk Parity,DD,0.013809019142293672
2023-10-05,Combined Risk Parity,DD,0.01422628267262101
2023-11-03,Combined Risk Parity,DD,0.01556072512851666
2023-12-05,Combined Risk Parity,DD,0.015137808870425753
2021-01-04,Combined Risk Parity,DIS,0.015364309266737725
2021-02-03,Combined Risk Parity,DIS,0.01500609537274704
2021-03-05,Combined Risk Parity,DIS,0.015072164463785058
2021-04-06,Combined Risk Parity,DIS,0.015783534052707205
2021-05-05,Combined Risk Parity,DIS,0.01608762631461064
2021-06-04,Combined Risk Parity,DIS,0.017209184896460478
2021-07-06,Combined Risk Parity,DIS,0.017393266977792123
2021-08-04,Combined Risk Parity,DIS,0.01671646341484915
2021-09-02,Combined Risk Parity,DIS,0.016428872337694484
2021-10-04,Combined Risk Parity,DIS,0.016310826019374308
2021-11-02,Combined Risk Parity,DIS,0.016573759867051393
2021-12-02,Combined Risk Parity,DIS,0.017092870418072427
2022-01-03,Combined Risk Parity,DIS,0.01661936508854153
2022-02-02,Combined Risk Parity,DIS,0.015022981841495255
2022-03-04,Combined Risk Parity,DIS,0.016638689922075216
2022-04-04,Combined Risk Parity,DIS,0.015056803575044067
2022-05-04,Combined Risk Parity,DIS,0.015105789029903713
2022-06-03,Combined Risk Parity,DIS,0.01455134882524158
2022-07-06,Combined Risk Parity,DIS,0.015456082230880948
2022-08-04,Combined Risk Parity,DIS,0.014348631164807764
2022-09-02,Combined Risk Parity,DIS,0.013777561391544292
2022-10-04,Combined Risk Parity,DIS,0.013897984923140285
2022-11-02,Combined Risk Parity,DIS,0.013944976236293552
2022-12-02,Combined Risk Parity,DIS,0.012838092381285457
2023-01-04,Combined Risk Parity,DIS,0.012662510732281033
2023-02-03,Combined Risk Parity,DIS,0.012644662453472134
2023-03-07,Combined Risk Parity,DIS,0.012723288670212463
2023-04-05,Combined Risk Parity,DIS,0.012924402175111252
2023-05-05,Combined Risk Parity,DIS,0.012709715816451635
2023-06-06,Combined Risk Parity,DIS,0.01224041733601933
2023-07-07,Combined Risk Parity,DIS,0.012514423254159307
2023-08-07,Combined Risk Parity,DIS,0.012444682451348709
2023-09-06,Combined Risk Parity,DIS,0.012857020538168654
2023-10-05,Combined Risk Parity,DIS,0.013817391755232753
2023-11-03,Combined Risk Parity,DIS,0.013893629432169064
2023-12-05,Combined Risk Parity,DIS,0.014980411362620565
2021-01-04,Combined Risk Parity,DOW,0.012062436256207211
2021-02-03,Combined Risk Parity,DOW,0.011972004908409023
2021-03-05,Combined Risk Parity,DOW,0.011981131947760822
2021-04-06,Combined Risk Parity,DOW,0.012434478677311313
2021-05-05,Combined Risk Parity,DOW,0.01224841829703731
2021-06-04,Combined Risk Parity,DOW,0.01252603813110237
2021-07-06,Combined Risk Parity,DOW,0.012457640089846596
2021-08-04,Combined Risk Parity,DOW,0.012036605971402041
2021-09-02,Combined Risk Parity,DOW,0.012059932414107286
2021-10-04,Combined Risk Parity,DOW,0.012324083273662087
2021-11-02,Combined Risk Parity,DOW,0.012018535301152971
2021-12-02,Combined Risk Parity,DOW,0.01206904859610196
2022-01-03,Combined Risk Parity,DOW,0.012444531724907374
2022-02-02,Combined Risk Parity,DOW,0.013110533267300708
2022-03-04,Combined Risk Parity,DOW,0.013287668449943031
2022-04-04,Combined Risk Parity,DOW,0.013365261171773415
2022-05-04,Combined Risk Parity,DOW,0.015685626531230668
2022-06-03,Combined Risk Parity,DOW,0.016827138432472546
2022-07-06,Combined Risk Parity,DOW,0.016427469903690733
2022-08-04,Combined Risk Parity,DOW,0.016002887937593534
2022-09-02,Combined Risk Parity,DOW,0.01576465542715177
2022-10-04,Combined Risk Parity,DOW,0.01590855343577134
2022-11-02,Combined Risk Parity,DOW,0.01582778605178013
2022-12-02,Combined Risk Parity,DOW,0.01518363276310429
2023-01-04,Combined Risk Parity,DOW,0.015265322207316375
2023-02-03,Combined Risk Parity,DOW,0.01495243818372851
2023-03-07,Combined Risk Parity,DOW,0.01540464383508027
2023-04-05,Combined Risk Parity,DOW,0.015338870009210567
2023-05-05,Combined Risk Parity,DOW,0.015247837360774764
2023-06-06,Combined Risk Parity,DOW,0.014602438593220097
2023-07-07,Combined Risk Parity,DOW,0.014689808478472769
2023-08-07,Combined Risk Parity,DOW,0.014943372616808965
2023-09-06,Combined Risk Parity,DOW,0.015190661155105326
2023-10-05,Combined Risk Parity,DOW,0.015441520270407795
2023-11-03,Combined Risk Parity,DOW,0.015677533402802955
2023-12-05,Combined Risk Parity,DOW,0.01511263126493942
2021-01-04,Combined Risk Parity,DUK,0.018120635313860992
2021-02-03,Combined Risk Parity,DUK,0.019325465556540966
2021-03-05,Combined Risk Parity,DUK,0.020407418074641137
2021-04-06,Combined Risk Parity,DUK,0.021116977214868386
2021-05-05,Combined Risk Parity,DUK,0.02132720789994817
2021-06-04,Combined Risk Parity,DUK,0.021678380506124872
2021-07-06,Combined Risk Parity,DUK,0.021480388979348706
2021-08-04,Combined Risk Parity,DUK,0.022415593322513413
2021-09-02,Combined Risk Parity,DUK,0.023028016602090473
2021-10-04,Combined Risk Parity,DUK,0.022703361736238478
2021-11-02,Combined Risk Parity,DUK,0.023817405574391902
2021-12-02,Combined Risk Parity,DUK,0.02361511010756215
2022-01-03,Combined Risk Parity,DUK,0.02472798606163599
2022-02-02,Combined Risk Parity,DUK,0.027539241491316983
2022-03-04,Combined Risk Parity,DUK,0.02523506501751904
2022-04-04,Combined Risk Parity,DUK,0.02795710119087089
2022-05-04,Combined Risk Parity,DUK,0.029543513717750824
2022-06-03,Combined Risk Parity,DUK,0.03253998712007646
2022-07-06,Combined Risk Parity,DUK,0.02984654374455623
2022-08-04,Combined Risk Parity,DUK,0.030986633135476244
2022-09-02,Combined Risk Parity,DUK,0.03106312376595812
2022-10-04,Combined Risk Parity,DUK,0.02640370528991165
2022-11-02,Combined Risk Parity,DUK,0.023671028099429017
2022-12-02,Combined Risk Parity,DUK,0.024457929515252518
2023-01-04,Combined Risk Parity,DUK,0.024653756091031882
2023-02-03,Combined Risk Parity,DUK,0.025243143967395774
2023-03-07,Combined Risk Parity,DUK,0.02474861778516107
2023-04-05,Combined Risk Parity,DUK,0.025366774739868776
2023-05-05,Combined Risk Parity,DUK,0.0257095431104765
2023-06-06,Combined Risk Parity,DUK,0.025329047711828586
2023-07-07,Combined Risk Parity,DUK,0.02477680555503081
2023-08-07,Combined Risk Parity,DUK,0.023684651494339095
2023-09-06,Combined Risk Parity,DUK,0.024201968517244103
2023-10-05,Combined Risk Parity,DUK,0.02324711958907141
2023-11-03,Combined Risk Parity,DUK,0.023161405465163307
2023-12-05,Combined Risk Parity,DUK,0.02301342200922096
2021-01-04,Combined Risk Parity,EA,0.029474942351640176
2021-02-03,Combined Risk Parity,EA,0.0316399584763349
2021-03-05,Combined Risk Parity,EA,0.030119982100794494
2021-04-06,Combined Risk Parity,EA,0.028170674625233386
2021-05-05,Combined Risk Parity,EA,0.02839238178461012
2021-06-04,Combined Risk Parity,EA,0.028273743173137602
2021-07-06,Combined Risk Parity,EA,0.028183114760835157
2021-08-04,Combined Risk Parity,EA,0.02800402996825219
2021-09-02,Combined Risk Parity,EA,0.028270347004222686
2021-10-04,Combined Risk Parity,EA,0.029990340932799498
2021-11-02,Combined Risk Parity,EA,0.029922751973234213
2021-12-02,Combined Risk Parity,EA,0.028421617486756274
2022-01-03,Combined Risk Parity,EA,0.027262071595215747
2022-02-02,Combined Risk Parity,EA,0.029875340920037012
2022-03-04,Combined Risk Parity,EA,0.028387040287904602
2022-04-04,Combined Risk Parity,EA,0.02514661673155946
2022-05-04,Combined Risk Parity,EA,0.025500923409406007
2022-06-03,Combined Risk Parity,EA,0.026605756240969218
2022-07-06,Combined Risk Parity,EA,0.02566675789813226
2022-08-04,Combined Risk Parity,EA,0.024446189820138655
2022-09-02,Combined Risk Parity,EA,0.026732929730708645
2022-10-04,Combined Risk Parity,EA,0.024215423835964017
2022-11-02,Combined Risk Parity,EA,0.025096349965670242
2022-12-02,Combined Risk Parity,EA,0.02466108537292134
2023-01-04,Combined Risk Parity,EA,0.0238992851723533
2023-02-03,Combined Risk Parity,EA,0.02529232059031601
2023-03-07,Combined Risk Parity,EA,0.024796550874219267
2023-04-05,Combined Risk Parity,EA,0.024096699765903454
2023-05-05,Combined Risk Parity,EA,0.02338138414596551
2023-06-06,Combined Risk Parity,EA,0.02490448463750268
2023-07-07,Combined Risk Parity,EA,0.025296088212486873
2023-08-07,Combined Risk Parity,EA,0.022297715561582658
2023-09-06,Combined Risk Parity,EA,0.022408367523074214
2023-10-05,Combined Risk Parity,EA,0.022446898271858966
2023-11-03,Combined Risk Parity,EA,0.02138943152060209
2023-12-05,Combined Risk Parity,EA,0.02201479220158121
2021-01-04,Combined Risk Parity,EOS-USD,0.010632148211810435
2021-02-03,Combined Risk Parity,EOS-USD,0.009864279561584451
2021-03-05,Combined Risk Parity,EOS-USD,0.00890420513184555
2021-04-06,Combined Risk Parity,EOS-USD,0.008271131768560284
2021-05-05,Combined Risk Parity,EOS-USD,0.0075366406955987035
2021-06-04,Combined Risk Parity,EOS-USD,0.004868734139270322
2021-07-06,Combined Risk Parity,EOS-USD,0.004829634562530654
2021-08-04,Combined Risk Parity,EOS-USD,0.004712199453944424
2021-09-02,Combined Risk Parity,EOS-USD,0.004557871529586307
2021-10-04,Combined Risk Parity,EOS-USD,0.00431082618318394
2021-11-02,Combined Risk Parity,EOS-USD,0.004303784417886435
2021-12-02,Combined Risk Parity,EOS-USD,0.004447992883631069
2022-01-03,Combined Risk Parity,EOS-USD,0.004547479538205508
2022-02-02,Combined Risk Parity,EOS-USD,0.0046195526745900425
2022-03-04,Combined Risk Parity,EOS-USD,0.004951320029261765
2022-04-04,Combined Risk Parity,EOS-USD,0.005108005654280118
2022-05-04,Combined Risk Parity,EOS-USD,0.005298815106842037
2022-06-03,Combined Risk Parity,EOS-USD,0.005401793321936206
2022-07-06,Combined Risk Parity,EOS-USD,0.0059486646014466306
2022-08-04,Combined Risk Parity,EOS-USD,0.005892342689581367
2022-09-02,Combined Risk Parity,EOS-USD,0.0060096236564048415
2022-10-04,Combined Risk Parity,EOS-USD,0.0063912116635309124
2022-11-02,Combined Risk Parity,EOS-USD,0.007267709838189336
2022-12-02,Combined Risk Parity,EOS-USD,0.006975986465404269
2023-01-04,Combined Risk Parity,EOS-USD,0.007336132656641561
2023-02-03,Combined Risk Parity,EOS-USD,0.00727437339194281
2023-03-07,Combined Risk Parity,EOS-USD,0.007091906251475695
2023-04-05,Combined Risk Parity,EOS-USD,0.007120340628425454
2023-05-05,Combined Risk Parity,EOS-USD,0.007271201254829668
2023-06-06,Combined Risk Parity,EOS-USD,0.007380336218967245
2023-07-07,Combined Risk Parity,EOS-USD,0.007180352875891735
2023-08-07,Combined Risk Parity,EOS-USD,0.007204211013109953
2023-09-06,Combined Risk Parity,EOS-USD,0.00695495623650342
2023-10-05,Combined Risk Parity,EOS-USD,0.007297156962373262
2023-11-03,Combined Risk Parity,EOS-USD,0.008225787301101302
2023-12-05,Combined Risk Parity,EOS-USD,0.008102655350162519
2021-01-04,Combined Risk Parity,ETC-USD,0.011349766312772264
2021-02-03,Combined Risk Parity,ETC-USD,0.010209025205791578
2021-03-05,Combined Risk Parity,ETC-USD,0.008893176638763756
2021-04-06,Combined Risk Parity,ETC-USD,0.00877740205518949
2021-05-05,Combined Risk Parity,ETC-USD,0.00807175130459233
2021-06-04,Combined Risk Parity,ETC-USD,0.004770498924992677
2021-07-06,Combined Risk Parity,ETC-USD,0.004699340616536154
2021-08-04,Combined Risk Parity,ETC-USD,0.004740757739293649
2021-09-02,Combined Risk Parity,ETC-USD,0.004689029163117151
2021-10-04,Combined Risk Parity,ETC-USD,0.004411949533921973
2021-11-02,Combined Risk Parity,ETC-USD,0.004473840205453055
2021-12-02,Combined Risk Parity,ETC-USD,0.00469660953197594
2022-01-03,Combined Risk Parity,ETC-USD,0.004878978339209778
2022-02-02,Combined Risk Parity,ETC-USD,0.004863201841294299
2022-03-04,Combined Risk Parity,ETC-USD,0.005231430204488629
2022-04-04,Combined Risk Parity,ETC-USD,0.005201194679310167
2022-05-04,Combined Risk Parity,ETC-USD,0.0054740317876418925
2022-06-03,Combined Risk Parity,ETC-USD,0.005068367601108017
2022-07-06,Combined Risk Parity,ETC-USD,0.005479673215733072
2022-08-04,Combined Risk Parity,ETC-USD,0.004976147727369499
2022-09-02,Combined Risk Parity,ETC-USD,0.004942855420204523
2022-10-04,Combined Risk Parity,ETC-USD,0.005610301697212169
2022-11-02,Combined Risk Parity,ETC-USD,0.00628684883347603
2022-12-02,Combined Risk Parity,ETC-USD,0.005903264059008104
2023-01-04,Combined Risk Parity,ETC-USD,0.0059171590559270355
2023-02-03,Combined Risk Parity,ETC-USD,0.0054678120226593924
2023-03-07,Combined Risk Parity,ETC-USD,0.005591880310373678
2023-04-05,Combined Risk Parity,ETC-USD,0.00586326757582324
2023-05-05,Combined Risk Parity,ETC-USD,0.0060666446310181305
2023-06-06,Combined Risk Parity,ETC-USD,0.006222818465365628
2023-07-07,Combined Risk Parity,ETC-USD,0.006028402184711602
2023-08-07,Combined Risk Parity,ETC-USD,0.006210897196616336
2023-09-06,Combined Risk Parity,ETC-USD,0.006196125397303338
2023-10-05,Combined Risk Parity,ETC-USD,0.006472513918292128
2023-11-03,Combined Risk Parity,ETC-USD,0.007201202933426075
2023-12-05,Combined Risk Parity,ETC-USD,0.007797281359686326
2021-01-04,Combined Risk Parity,ETH-USD,0.010524040524632303
2021-02-03,Combined Risk Parity,ETH-USD,0.008933752320879337
2021-03-05,Combined Risk Parity,ETH-USD,0.008198736338272622
2021-04-06,Combined Risk Parity,ETH-USD,0.008401374237544335
2021-05-05,Combined Risk Parity,ETH-USD,0.00809670724283304
2021-06-04,Combined Risk Parity,ETH-USD,0.006409232891278401
2021-07-06,Combined Risk Parity,ETH-USD,0.006336634750874744
2021-08-04,Combined Risk Parity,ETH-USD,0.006196702365909352
2021-09-02,Combined Risk Parity,ETH-USD,0.006154055744736948
2021-10-04,Combined Risk Parity,ETH-USD,0.005499302697958289
2021-11-02,Combined Risk Parity,ETH-USD,0.005422448955098728
2021-12-02,Combined Risk Parity,ETH-USD,0.005683420873267082
2022-01-03,Combined Risk Parity,ETH-USD,0.005856397581345218
2022-02-02,Combined Risk Parity,ETH-USD,0.005492481320709273
2022-03-04,Combined Risk Parity,ETH-USD,0.005598017695666959
2022-04-04,Combined Risk Parity,ETH-USD,0.005731846289848062
2022-05-04,Combined Risk Parity,ETH-USD,0.006193118176830065
2022-06-03,Combined Risk Parity,ETH-USD,0.006641095450376257
2022-07-06,Combined Risk Parity,ETH-USD,0.00632413537309452
2022-08-04,Combined Risk Parity,ETH-USD,0.006227181046356402
2022-09-02,Combined Risk Parity,ETH-USD,0.006002683471186529
2022-10-04,Combined Risk Parity,ETH-USD,0.006656999527374107
2022-11-02,Combined Risk Parity,ETH-USD,0.007330257021200488
2022-12-02,Combined Risk Parity,ETH-USD,0.006544101702431416
2023-01-04,Combined Risk Parity,ETH-USD,0.00672759380825799
2023-02-03,Combined Risk Parity,ETH-USD,0.006812017355730973
2023-03-07,Combined Risk Parity,ETH-USD,0.007046021399414854
2023-04-05,Combined Risk Parity,ETH-USD,0.007455868316253138
2023-05-05,Combined Risk Parity,ETH-USD,0.007757227496018945
2023-06-06,Combined Risk Parity,ETH-USD,0.007819201555512115
2023-07-07,Combined Risk Parity,ETH-USD,0.007923588384638943
2023-08-07,Combined Risk Parity,ETH-USD,0.008092111423517487
2023-09-06,Combined Risk Parity,ETH-USD,0.008132651602087716
2023-10-05,Combined Risk Parity,ETH-USD,0.008340945502867542
2023-11-03,Combined Risk Parity,ETH-USD,0.009318991606683185
2023-12-05,Combined Risk Parity,ETH-USD,0.009966452368116326
2021-01-04,Combined Risk Parity,GE,0.01325761604353292
2021-02-03,Combined Risk Parity,GE,0.01353542866219633
2021-03-05,Combined Risk Parity,GE,0.013601478719022154
2021-04-06,Combined Risk Parity,GE,0.014009896387692164
2021-05-05,Combined Risk Parity,GE,0.01422428368143396
2021-06-04,Combined Risk Parity,GE,0.01495854950026468
2021-07-06,Combined Risk Parity,GE,0.014859487631655052
2021-08-04,Combined Risk Parity,GE,0.013809776599913436
2021-09-02,Combined Risk Parity,GE,0.014005719460227994
2021-10-04,Combined Risk Parity,GE,0.013745834499044745
2021-11-02,Combined Risk Parity,GE,0.0136471699600689
2021-12-02,Combined Risk Parity,GE,0.012934464596503001
2022-01-03,Combined Risk Parity,GE,0.012689254485195131
2022-02-02,Combined Risk Parity,GE,0.011951468784391264
2022-03-04,Combined Risk Parity,GE,0.011731552427316636
2022-04-04,Combined Risk Parity,GE,0.01178777426481057
2022-05-04,Combined Risk Parity,GE,0.011642736792928852
2022-06-03,Combined Risk Parity,GE,0.012036697968849343
2022-07-06,Combined Risk Parity,GE,0.012340679680212675
2022-08-04,Combined Risk Parity,GE,0.01224841519292127
2022-09-02,Combined Risk Parity,GE,0.012085335145240924
2022-10-04,Combined Risk Parity,GE,0.013291913282859866
2022-11-02,Combined Risk Parity,GE,0.01309136584538232
2022-12-02,Combined Risk Parity,GE,0.01416649238906474
2023-01-04,Combined Risk Parity,GE,0.013977741918447162
2023-02-03,Combined Risk Parity,GE,0.01387178801494907
2023-03-07,Combined Risk Parity,GE,0.014444864475390208
2023-04-05,Combined Risk Parity,GE,0.01537044985927392
2023-05-05,Combined Risk Parity,GE,0.015756818316339096
2023-06-06,Combined Risk Parity,GE,0.01582145179954636
2023-07-07,Combined Risk Parity,GE,0.015959383604373694
2023-08-07,Combined Risk Parity,GE,0.016777246380038035
2023-09-06,Combined Risk Parity,GE,0.016241450062024286
2023-10-05,Combined Risk Parity,GE,0.015975612896035506
2023-11-03,Combined Risk Parity,GE,0.015466036798565242
2023-12-05,Combined Risk Parity,GE,0.015985744590990426
2021-01-04,Combined Risk Parity,GILD,0.03209290359278819
2021-02-03,Combined Risk Parity,GILD,0.032055773073491695
2021-03-05,Combined Risk Parity,GILD,0.030844553220353805
2021-04-06,Combined Risk Parity,GILD,0.03013687589632431
2021-05-05,Combined Risk Parity,GILD,0.028798344685248816
2021-06-04,Combined Risk Parity,GILD,0.030554465750801514
2021-07-06,Combined Risk Parity,GILD,0.030136243444663553
2021-08-04,Combined Risk Parity,GILD,0.030114125568576927
2021-09-02,Combined Risk Parity,GILD,0.030286561031145635
2021-10-04,Combined Risk Parity,GILD,0.031310901869182645
2021-11-02,Combined Risk Parity,GILD,0.029926865392088612
2021-12-02,Combined Risk Parity,GILD,0.031417004351234
2022-01-03,Combined Risk Parity,GILD,0.03352066790414016
2022-02-02,Combined Risk Parity,GILD,0.03210199887487561
2022-03-04,Combined Risk Parity,GILD,0.03447573350084927
2022-04-04,Combined Risk Parity,GILD,0.03278681211891414
2022-05-04,Combined Risk Parity,GILD,0.029034530642605718
2022-06-03,Combined Risk Parity,GILD,0.033720040399541094
2022-07-06,Combined Risk Parity,GILD,0.031767706263772746
2022-08-04,Combined Risk Parity,GILD,0.031159998745595673
2022-09-02,Combined Risk Parity,GILD,0.030883818712925906
2022-10-04,Combined Risk Parity,GILD,0.027320901463626666
2022-11-02,Combined Risk Parity,GILD,0.022159036413064808
2022-12-02,Combined Risk Parity,GILD,0.02504638230693734
2023-01-04,Combined Risk Parity,GILD,0.02546632839262612
2023-02-03,Combined Risk Parity,GILD,0.02587879775990547
2023-03-07,Combined Risk Parity,GILD,0.026503795491593932
2023-04-05,Combined Risk Parity,GILD,0.025622720554648742
2023-05-05,Combined Risk Parity,GILD,0.02541068612232958
2023-06-06,Combined Risk Parity,GILD,0.02571252415189398
2023-07-07,Combined Risk Parity,GILD,0.025832810930897274
2023-08-07,Combined Risk Parity,GILD,0.026361170947894922
2023-09-06,Combined Risk Parity,GILD,0.02447577068642353
2023-10-05,Combined Risk Parity,GILD,0.02476035695733899
2023-11-03,Combined Risk Parity,GILD,0.02335825113482408
2023-12-05,Combined Risk Parity,GILD,0.02227722440922809
2021-01-04,Combined Risk Parity,GS,0.013592548230238772
2021-02-03,Combined Risk Parity,GS,0.013577073955311417
2021-03-05,Combined Risk Parity,GS,0.013636408190347525
2021-04-06,Combined Risk Parity,GS,0.014832396693874478
2021-05-05,Combined Risk Parity,GS,0.014804348259930657
2021-06-04,Combined Risk Parity,GS,0.014766782865722899
2021-07-06,Combined Risk Parity,GS,0.01448588568934122
2021-08-04,Combined Risk Parity,GS,0.01384903267404882
2021-09-02,Combined Risk Parity,GS,0.013862750458672824
2021-10-04,Combined Risk Parity,GS,0.013884527917234936
2021-11-02,Combined Risk Parity,GS,0.014250201214984624
2021-12-02,Combined Risk Parity,GS,0.014589686250825356
2022-01-03,Combined Risk Parity,GS,0.01392256195761263
2022-02-02,Combined Risk Parity,GS,0.013562237302690246
2022-03-04,Combined Risk Parity,GS,0.013484013047392704
2022-04-04,Combined Risk Parity,GS,0.01329810808952531
2022-05-04,Combined Risk Parity,GS,0.013272432674647628
2022-06-03,Combined Risk Parity,GS,0.013997959415443666
2022-07-06,Combined Risk Parity,GS,0.014488330216597914
2022-08-04,Combined Risk Parity,GS,0.013578881157835095
2022-09-02,Combined Risk Parity,GS,0.013913264782796107
2022-10-04,Combined Risk Parity,GS,0.014983412407127451
2022-11-02,Combined Risk Parity,GS,0.014734370725075732
2022-12-02,Combined Risk Parity,GS,0.01575552042984107
2023-01-04,Combined Risk Parity,GS,0.015811978966644085
2023-02-03,Combined Risk Parity,GS,0.016536078242180046
2023-03-07,Combined Risk Parity,GS,0.0165424901744945
2023-04-05,Combined Risk Parity,GS,0.015965765916407002
2023-05-05,Combined Risk Parity,GS,0.016196020901670338
2023-06-06,Combined Risk Parity,GS,0.01613090114913536
2023-07-07,Combined Risk Parity,GS,0.015891033294313663
2023-08-07,Combined Risk Parity,GS,0.01577787216833439
2023-09-06,Combined Risk Parity,GS,0.01566086819197608
2023-10-05,Combined Risk Parity,GS,0.014960816306150681
2023-11-03,Combined Risk Parity,GS,0.01485187224505111
2023-12-05,Combined Risk Parity,GS,0.014086347334539331
2021-01-04,Combined Risk Parity,INTC,0.01501165987504871
2021-02-03,Combined Risk Parity,INTC,0.015367566253872374
2021-03-05,Combined Risk Parity,INTC,0.014906906438188953
2021-04-06,Combined Risk Parity,INTC,0.014073174069281639
2021-05-05,Combined Risk Parity,INTC,0.014351333399785454
2021-06-04,Combined Risk Parity,INTC,0.014694978249703426
2021-07-06,Combined Risk Parity,INTC,0.014710196527749093
2021-08-04,Combined Risk Parity,INTC,0.014965475119444358
2021-09-02,Combined Risk Parity,INTC,0.015109779490598312
2021-10-04,Combined Risk Parity,INTC,0.015893548339122685
2021-11-02,Combined Risk Parity,INTC,0.01615366162196231
2021-12-02,Combined Risk Parity,INTC,0.016613154397050262
2022-01-03,Combined Risk Parity,INTC,0.015472563749813305
2022-02-02,Combined Risk Parity,INTC,0.01655369695353415
2022-03-04,Combined Risk Parity,INTC,0.015096630067475475
2022-04-04,Combined Risk Parity,INTC,0.014270703820490982
2022-05-04,Combined Risk Parity,INTC,0.013170613541161788
2022-06-03,Combined Risk Parity,INTC,0.013233998592625229
2022-07-06,Combined Risk Parity,INTC,0.014022453312751749
2022-08-04,Combined Risk Parity,INTC,0.013975195066881387
2022-09-02,Combined Risk Parity,INTC,0.013391726681232712
2022-10-04,Combined Risk Parity,INTC,0.013414910041358004
2022-11-02,Combined Risk Parity,INTC,0.012707291550212465
2022-12-02,Combined Risk Parity,INTC,0.011917199925103024
2023-01-04,Combined Risk Parity,INTC,0.012080872600995359
2023-02-03,Combined Risk Parity,INTC,0.011802280861145147
2023-03-07,Combined Risk Parity,INTC,0.011521521835357247
2023-04-05,Combined Risk Parity,INTC,0.012014259511690618
2023-05-05,Combined Risk Parity,INTC,0.012329327412681152
2023-06-06,Combined Risk Parity,INTC,0.012182039988187196
2023-07-07,Combined Risk Parity,INTC,0.012109924430324133
2023-08-07,Combined Risk Parity,INTC,0.012305668636490534
2023-09-06,Combined Risk Parity,INTC,0.011831874162521879
2023-10-05,Combined Risk Parity,INTC,0.012464448618649454
2023-11-03,Combined Risk Parity,INTC,0.013841076142757754
2023-12-05,Combined Risk Parity,INTC,0.014119393713884328
2021-01-04,Combined Risk Parity,KO,0.019922608938446926
2021-02-03,Combined Risk Parity,KO,0.021061885338554062
2021-03-05,Combined Risk Parity,KO,0.021159370566346307
2021-04-06,Combined Risk Parity,KO,0.021506166275152526
2021-05-05,Combined Risk Parity,KO,0.021987945939344354
2021-06-04,Combined Risk Parity,KO,0.02275272032518579
2021-07-06,Combined Risk Parity,KO,0.022513274218469086
2021-08-04,Combined Risk Parity,KO,0.022730045384932868
2021-09-02,Combined Risk Parity,KO,0.02270327009936131
2021-10-04,Combined Risk Parity,KO,0.022262578644941654
2021-11-02,Combined Risk Parity,KO,0.02459731933087538
2021-12-02,Combined Risk Parity,KO,0.02263752501682982
2022-01-03,Combined Risk Parity,KO,0.022564642299644326
2022-02-02,Combined Risk Parity,KO,0.023856837018757404
2022-03-04,Combined Risk Parity,KO,0.026132520074931522
2022-04-04,Combined Risk Parity,KO,0.02514296614510632
2022-05-04,Combined Risk Parity,KO,0.02645884539690998
2022-06-03,Combined Risk Parity,KO,0.02252828001790766
2022-07-06,Combined Risk Parity,KO,0.025002220650257548
2022-08-04,Combined Risk Parity,KO,0.02567889942775151
2022-09-02,Combined Risk Parity,KO,0.02560621160047549
2022-10-04,Combined Risk Parity,KO,0.026626605201269218
2022-11-02,Combined Risk Parity,KO,0.026303063599331978
2022-12-02,Combined Risk Parity,KO,0.025824357399306472
2023-01-04,Combined Risk Parity,KO,0.025750718158643982
2023-02-03,Combined Risk Parity,KO,0.02597816202499301
2023-03-07,Combined Risk Parity,KO,0.026772365914253058
2023-04-05,Combined Risk Parity,KO,0.028216722026250318
2023-05-05,Combined Risk Parity,KO,0.029147808120920434
2023-06-06,Combined Risk Parity,KO,0.028961144492845155
2023-07-07,Combined Risk Parity,KO,0.02976296570236208
2023-08-07,Combined Risk Parity,KO,0.030024555920403397
2023-09-06,Combined Risk Parity,KO,0.031080235706710587
2023-10-05,Combined Risk Parity,KO,0.03098243223478763
2023-11-03,Combined Risk Parity,KO,0.028962113114211662
2023-12-05,Combined Risk Parity,KO,0.030700122049927035
2021-01-04,Combined Risk Parity,LTC-USD,0.010433274385483561
2021-02-03,Combined Risk Parity,LTC-USD,0.008993599257198913
2021-03-05,Combined Risk Parity,LTC-USD,0.008355700085723807
2021-04-06,Combined Risk Parity,LTC-USD,0.008291529742660559
2021-05-05,Combined Risk Parity,LTC-USD,0.007941327124459843
2021-06-04,Combined Risk Parity,LTC-USD,0.005701174868232306
2021-07-06,Combined Risk Parity,LTC-USD,0.005670708952079489
2021-08-04,Combined Risk Parity,LTC-USD,0.0056269883856591395
2021-09-02,Combined Risk Parity,LTC-USD,0.005508485430132702
2021-10-04,Combined Risk Parity,LTC-USD,0.005099907521312247
2021-11-02,Combined Risk Parity,LTC-USD,0.004992332863506671
2021-12-02,Combined Risk Parity,LTC-USD,0.0049494310911305985
2022-01-03,Combined Risk Parity,LTC-USD,0.0051121307021369565
2022-02-02,Combined Risk Parity,LTC-USD,0.004924227964662322
2022-03-04,Combined Risk Parity,LTC-USD,0.0051735341930000695
2022-04-04,Combined Risk Parity,LTC-USD,0.005383142288688267
2022-05-04,Combined Risk Parity,LTC-USD,0.005842278412871818
2022-06-03,Combined Risk Parity,LTC-USD,0.005613657716902515
2022-07-06,Combined Risk Parity,LTC-USD,0.0061332090347878815
2022-08-04,Combined Risk Parity,LTC-USD,0.00618518463118477
2022-09-02,Combined Risk Parity,LTC-USD,0.006314701872110021
2022-10-04,Combined Risk Parity,LTC-USD,0.007390679407240885
2022-11-02,Combined Risk Parity,LTC-USD,0.008371018145703376
2022-12-02,Combined Risk Parity,LTC-USD,0.007327503898507674
2023-01-04,Combined Risk Parity,LTC-USD,0.0075504496510386526
2023-02-03,Combined Risk Parity,LTC-USD,0.007558690425948235
2023-03-07,Combined Risk Parity,LTC-USD,0.007720053872961672
2023-04-05,Combined Risk Parity,LTC-USD,0.008113152435176716
2023-05-05,Combined Risk Parity,LTC-USD,0.008306571680723128
2023-06-06,Combined Risk Parity,LTC-USD,0.00842174606727279
2023-07-07,Combined Risk Parity,LTC-USD,0.00746547610201199
2023-08-07,Combined Risk Parity,LTC-USD,0.007304968790529748
2023-09-06,Combined Risk Parity,LTC-USD,0.007029176747935549
2023-10-05,Combined Risk Parity,LTC-USD,0.007427766869261502
2023-11-03,Combined Risk Parity,LTC-USD,0.008151233730637397
2023-12-05,Combined Risk Parity,LTC-USD,0.00825796710545566
2021-01-04,Combined Risk Parity,MMM,0.019635647992072618
2021-02-03,Combined Risk Parity,MMM,0.023077929417494127
2021-03-05,Combined Risk Parity,MMM,0.02382601281546838
2021-04-06,Combined Risk Parity,MMM,0.024842249823710714
2021-05-05,Combined Risk Parity,MMM,0.025510094973649037
2021-06-04,Combined Risk Parity,MMM,0.02501495131668746
2021-07-06,Combined Risk Parity,MMM,0.0241520257393207
2021-08-04,Combined Risk Parity,MMM,0.0237188546015049
2021-09-02,Combined Risk Parity,MMM,0.023808410185722103
2021-10-04,Combined Risk Parity,MMM,0.021578401692613162
2021-11-02,Combined Risk Parity,MMM,0.02120680501818202
2021-12-02,Combined Risk Parity,MMM,0.021303721171164525
2022-01-03,Combined Risk Parity,MMM,0.021318691803770114
2022-02-02,Combined Risk Parity,MMM,0.022799792032078905
2022-03-04,Combined Risk Parity,MMM,0.01944899612108349
2022-04-04,Combined Risk Parity,MMM,0.018873283279301042
2022-05-04,Combined Risk Parity,MMM,0.01978262622540609
2022-06-03,Combined Risk Parity,MMM,0.020804511819833626
2022-07-06,Combined Risk Parity,MMM,0.02257159502873106
2022-08-04,Combined Risk Parity,MMM,0.022753147626162082
2022-09-02,Combined Risk Parity,MMM,0.019331446832770334
2022-10-04,Combined Risk Parity,MMM,0.0197126791155431
2022-11-02,Combined Risk Parity,MMM,0.018576926176553803
2022-12-02,Combined Risk Parity,MMM,0.018709893390583467
2023-01-04,Combined Risk Parity,MMM,0.018731781049642075
2023-02-03,Combined Risk Parity,MMM,0.01735191970928476
2023-03-07,Combined Risk Parity,MMM,0.017024651027004026
2023-04-05,Combined Risk Parity,MMM,0.017143565877722543
2023-05-05,Combined Risk Parity,MMM,0.016841059578959858
2023-06-06,Combined Risk Parity,MMM,0.014796279506519908
2023-07-07,Combined Risk Parity,MMM,0.01463849244175462
2023-08-07,Combined Risk Parity,MMM,0.014109855471920504
2023-09-06,Combined Risk Parity,MMM,0.014456567284613128
2023-10-05,Combined Risk Parity,MMM,0.01447440504306488
2023-11-03,Combined Risk Parity,MMM,0.014025096265399403
2023-12-05,Combined Risk Parity,MMM,0.013847942008445363
2021-01-04,Combined Risk Parity,MRK,0.025262925031043427
2021-02-03,Combined Risk Parity,MRK,0.02485976061581211
2021-03-05,Combined Risk Parity,MRK,0.026218286426997976
2021-04-06,Combined Risk Parity,MRK,0.02633115265675983
2021-05-05,Combined Risk Parity,MRK,0.026836952772428667
2021-06-04,Combined Risk Parity,MRK,0.02807088636622033
2021-07-06,Combined Risk Parity,MRK,0.028471096255288434
2021-08-04,Combined Risk Parity,MRK,0.02895890426758087
2021-09-02,Combined Risk Parity,MRK,0.02926577149418742
2021-10-04,Combined Risk Parity,MRK,0.02554187002132961
2021-11-02,Combined Risk Parity,MRK,0.02414222877636518
2021-12-02,Combined Risk Parity,MRK,0.024575563127207902
2022-01-03,Combined Risk Parity,MRK,0.0274272605479892
2022-02-02,Combined Risk Parity,MRK,0.03147604641726573
2022-03-04,Combined Risk Parity,MRK,0.030255927810705817
2022-04-04,Combined Risk Parity,MRK,0.03054807509411518
2022-05-04,Combined Risk Parity,MRK,0.03112327942564237
2022-06-03,Combined Risk Parity,MRK,0.03552434354527352
2022-07-06,Combined Risk Parity,MRK,0.0326093569488422
2022-08-04,Combined Risk Parity,MRK,0.034887280628013044
2022-09-02,Combined Risk Parity,MRK,0.034934490386167506
2022-10-04,Combined Risk Parity,MRK,0.03654757184400327
2022-11-02,Combined Risk Parity,MRK,0.035909254795070455
2022-12-02,Combined Risk Parity,MRK,0.043287453636468305
2023-01-04,Combined Risk Parity,MRK,0.04164371657485529
2023-02-03,Combined Risk Parity,MRK,0.04124457605568515
2023-03-07,Combined Risk Parity,MRK,0.03973776834262819
2023-04-05,Combined Risk Parity,MRK,0.040090062555226076
2023-05-05,Combined Risk Parity,MRK,0.03905445766442168
2023-06-06,Combined Risk Parity,MRK,0.04084211731628587
2023-07-07,Combined Risk Parity,MRK,0.04090105255008151
2023-08-07,Combined Risk Parity,MRK,0.04298037507423379
2023-09-06,Combined Risk Parity,MRK,0.0376922791647169
2023-10-05,Combined Risk Parity,MRK,0.03683895849946988
2023-11-03,Combined Risk Parity,MRK,0.039585427791136614
2023-12-05,Combined Risk Parity,MRK,0.04116620029914083
2021-01-04,Combined Risk Parity,MS,0.012010670127313878
2021-02-03,Combined Risk Parity,MS,0.01180766335445306
2021-03-05,Combined Risk Parity,MS,0.01205838150286672
2021-04-06,Combined Risk Parity,MS,0.012938423985805603
2021-05-05,Combined Risk Parity,MS,0.013213006616805915
2021-06-04,Combined Risk Parity,MS,0.013190075835644034
2021-07-06,Combined Risk Parity,MS,0.012933675393904775
2021-08-04,Combined Risk Parity,MS,0.0126310487662829
2021-09-02,Combined Risk Parity,MS,0.012630109150743517
2021-10-04,Combined Risk Parity,MS,0.012676251236891357
2021-11-02,Combined Risk Parity,MS,0.012908394362764107
2021-12-02,Combined Risk Parity,MS,0.013215743483814182
2022-01-03,Combined Risk Parity,MS,0.012833241852338133
2022-02-02,Combined Risk Parity,MS,0.01391027923510665
2022-03-04,Combined Risk Parity,MS,0.013414810759612246
2022-04-04,Combined Risk Parity,MS,0.012501133427384903
2022-05-04,Combined Risk Parity,MS,0.01250822614506244
2022-06-03,Combined Risk Parity,MS,0.012519951611658352
2022-07-06,Combined Risk Parity,MS,0.013219770359782473
2022-08-04,Combined Risk Parity,MS,0.012763586615700758
2022-09-02,Combined Risk Parity,MS,0.012921047087325372
2022-10-04,Combined Risk Parity,MS,0.014301686515838938
2022-11-02,Combined Risk Parity,MS,0.01371517333246761
2022-12-02,Combined Risk Parity,MS,0.01406060332856429
2023-01-04,Combined Risk Parity,MS,0.014078796583112979
2023-02-03,Combined Risk Parity,MS,0.01462900615301546
2023-03-07,Combined Risk Parity,MS,0.015047873179060235
2023-04-05,Combined Risk Parity,MS,0.01443388629118065
2023-05-05,Combined Risk Parity,MS,0.014650528507454866
2023-06-06,Combined Risk Parity,MS,0.0144112018669933
2023-07-07,Combined Risk Parity,MS,0.01419934873515361
2023-08-07,Combined Risk Parity,MS,0.014189966911011062
2023-09-06,Combined Risk Parity,MS,0.014639722699268321
2023-10-05,Combined Risk Parity,MS,0.014167570022508486
2023-11-03,Combined Risk Parity,MS,0.013588572589192603
2023-12-05,Combined Risk Parity,MS,0.012665867826513676
2021-01-04,Combined Risk Parity,NEE,0.018480347152830326
2021-02-03,Combined Risk Parity,NEE,0.016715517389060748
2021-03-05,Combined Risk Parity,NEE,0.017036207027908902
2021-04-06,Combined Risk Parity,NEE,0.01731442581927179
2021-05-05,Combined Risk Parity,NEE,0.01765189000856572
2021-06-04,Combined Risk Parity,NEE,0.018460646303527353
2021-07-06,Combined Risk Parity,NEE,0.018987071475137052
2021-08-04,Combined Risk Parity,NEE,0.019882587857057966
2021-09-02,Combined Risk Parity,NEE,0.02041095386389377
2021-10-04,Combined Risk Parity,NEE,0.020721429121997925
2021-11-02,Combined Risk Parity,NEE,0.02000580709923132
2021-12-02,Combined Risk Parity,NEE,0.02102703190233736
2022-01-03,Combined Risk Parity,NEE,0.021123433317823088
2022-02-02,Combined Risk Parity,NEE,0.01882738138405058
2022-03-04,Combined Risk Parity,NEE,0.019244191302955866
2022-04-04,Combined Risk Parity,NEE,0.021574086283157948
2022-05-04,Combined Risk Parity,NEE,0.02071140067358267
2022-06-03,Combined Risk Parity,NEE,0.019213061022542322
2022-07-06,Combined Risk Parity,NEE,0.01783097929651101
2022-08-04,Combined Risk Parity,NEE,0.01814832850212763
2022-09-02,Combined Risk Parity,NEE,0.018919938969091474
2022-10-04,Combined Risk Parity,NEE,0.019028809506642756
2022-11-02,Combined Risk Parity,NEE,0.01784323290813004
2022-12-02,Combined Risk Parity,NEE,0.017901538054823054
2023-01-04,Combined Risk Parity,NEE,0.017974058497079098
2023-02-03,Combined Risk Parity,NEE,0.019400321850666393
2023-03-07,Combined Risk Parity,NEE,0.01852134298972927
2023-04-05,Combined Risk Parity,NEE,0.019412821937624964
2023-05-05,Combined Risk Parity,NEE,0.018621505703079275
2023-06-06,Combined Risk Parity,NEE,0.019127315141632385
2023-07-07,Combined Risk Parity,NEE,0.018560051332477224
2023-08-07,Combined Risk Parity,NEE,0.01834910472000658
2023-09-06,Combined Risk Parity,NEE,0.019343630628385768
2023-10-05,Combined Risk Parity,NEE,0.017782412208498688
2023-11-03,Combined Risk Parity,NEE,0.016263530968530084
2023-12-05,Combined Risk Parity,NEE,0.015554559645663562
2021-01-04,Combined Risk Parity,NEM,0.032022325905379095
2021-02-03,Combined Risk Parity,NEM,0.0299089770477274
2021-03-05,Combined Risk Parity,NEM,0.029565060520487237
2021-04-06,Combined Risk Parity,NEM,0.02752205131509683
2021-05-05,Combined Risk Parity,NEM,0.025755350688244086
2021-06-04,Combined Risk Parity,NEM,0.025889958203815622
2021-07-06,Combined Risk Parity,NEM,0.024513164274269323
2021-08-04,Combined Risk Parity,NEM,0.023762332311583374
2021-09-02,Combined Risk Parity,NEM,0.022199753432487233
2021-10-04,Combined Risk Parity,NEM,0.02363055779625753
2021-11-02,Combined Risk Parity,NEM,0.02535412525678832
2021-12-02,Combined Risk Parity,NEM,0.027597220042541188
2022-01-03,Combined Risk Parity,NEM,0.02961572623812491
2022-02-02,Combined Risk Parity,NEM,0.03066078242001412
2022-03-04,Combined Risk Parity,NEM,0.03942256491509168
2022-04-04,Combined Risk Parity,NEM,0.0432496512915299
2022-05-04,Combined Risk Parity,NEM,0.03657413606572719
2022-06-03,Combined Risk Parity,NEM,0.030389022545099776
2022-07-06,Combined Risk Parity,NEM,0.0316816490342109
2022-08-04,Combined Risk Parity,NEM,0.032267213504105705
2022-09-02,Combined Risk Parity,NEM,0.028886907654166315
2022-10-04,Combined Risk Parity,NEM,0.025367401611466264
2022-11-02,Combined Risk Parity,NEM,0.025059919741308886
2022-12-02,Combined Risk Parity,NEM,0.019438733910412617
2023-01-04,Combined Risk Parity,NEM,0.019396033875455024
2023-02-03,Combined Risk Parity,NEM,0.01852220108960072
2023-03-07,Combined Risk Parity,NEM,0.01807713591697115
2023-04-05,Combined Risk Parity,NEM,0.02062376557240904
2023-05-05,Combined Risk Parity,NEM,0.021122950056787042
2023-06-06,Combined Risk Parity,NEM,0.02092127616228675
2023-07-07,Combined Risk Parity,NEM,0.019567073964343856
2023-08-07,Combined Risk Parity,NEM,0.018839527505286495
2023-09-06,Combined Risk Parity,NEM,0.019415473609275435
2023-10-05,Combined Risk Parity,NEM,0.019206930300131462
2023-11-03,Combined Risk Parity,NEM,0.020007057686727444
2023-12-05,Combined Risk Parity,NEM,0.017839454772177105
2021-01-04,Combined Risk Parity,NKE,0.01967386082773556
2021-02-03,Combined Risk Parity,NKE,0.019238527561656962
2021-03-05,Combined Risk Parity,NKE,0.01937040254599018
2021-04-06,Combined Risk Parity,NKE,0.018838230942868593
2021-05-05,Combined Risk Parity,NKE,0.018751164538769374
2021-06-04,Combined Risk Parity,NKE,0.01829048360083388
2021-07-06,Combined Risk Parity,NKE,0.018554106208855527
2021-08-04,Combined Risk Parity,NKE,0.018684767993465943
2021-09-02,Combined Risk Parity,NKE,0.018677489473145296
2021-10-04,Combined Risk Parity,NKE,0.018623955573867246
2021-11-02,Combined Risk Parity,NKE,0.01932045324440665
2021-12-02,Combined Risk Parity,NKE,0.01978606795839194
2022-01-03,Combined Risk Parity,NKE,0.019280718754364583
2022-02-02,Combined Risk Parity,NKE,0.01890356503030116
2022-03-04,Combined Risk Parity,NKE,0.018095593089777387
2022-04-04,Combined Risk Parity,NKE,0.015113871853781734
2022-05-04,Combined Risk Parity,NKE,0.014041659664762767
2022-06-03,Combined Risk Parity,NKE,0.012980534709872097
2022-07-06,Combined Risk Parity,NKE,0.013002849226267306
2022-08-04,Combined Risk Parity,NKE,0.012118114089205207
2022-09-02,Combined Risk Parity,NKE,0.012153989635473653
2022-10-04,Combined Risk Parity,NKE,0.0117055617813386
2022-11-02,Combined Risk Parity,NKE,0.012169610944571195
2022-12-02,Combined Risk Parity,NKE,0.011781600443937019
2023-01-04,Combined Risk Parity,NKE,0.01121731179022189
2023-02-03,Combined Risk Parity,NKE,0.011484611996439272
2023-03-07,Combined Risk Parity,NKE,0.011589076927387842
2023-04-05,Combined Risk Parity,NKE,0.011768726782774673
2023-05-05,Combined Risk Parity,NKE,0.012053231882349543
2023-06-06,Combined Risk Parity,NKE,0.011806563206997849
2023-07-07,Combined Risk Parity,NKE,0.012381942370309602
2023-08-07,Combined Risk Parity,NKE,0.012836546098432655
2023-09-06,Combined Risk Parity,NKE,0.013181267715888548
2023-10-05,Combined Risk Parity,NKE,0.013799924243080063
2023-11-03,Combined Risk Parity,NKE,0.0135611210045114
2023-12-05,Combined Risk Parity,NKE,0.013593469953636481
2021-01-04,Combined Risk Parity,NUE,0.013633603467266988
2021-02-03,Combined Risk Parity,NUE,0.013685837616644122
2021-03-05,Combined Risk Parity,NUE,0.013681890916163276
2021-04-06,Combined Risk Parity,NUE,0.013433302128935575
2021-05-05,Combined Risk Parity,NUE,0.013363096158787493
2021-06-04,Combined Risk Parity,NUE,0.012841000037360077
2021-07-06,Combined Risk Parity,NUE,0.012633136863601045
2021-08-04,Combined Risk Parity,NUE,0.012019390776348676
2021-09-02,Combined Risk Parity,NUE,0.011919139834529599
2021-10-04,Combined Risk Parity,NUE,0.0117905199882922
2021-11-02,Combined Risk Parity,NUE,0.011855360076173946
2021-12-02,Combined Risk Parity,NUE,0.012080137301691787
2022-01-03,Combined Risk Parity,NUE,0.013503913627000074
2022-02-02,Combined Risk Parity,NUE,0.011989347968367967
2022-03-04,Combined Risk Parity,NUE,0.011009327227653751
2022-04-04,Combined Risk Parity,NUE,0.011288754169821917
2022-05-04,Combined Risk Parity,NUE,0.01187968340623214
2022-06-03,Combined Risk Parity,NUE,0.01096543083899103
2022-07-06,Combined Risk Parity,NUE,0.011294582771853169
2022-08-04,Combined Risk Parity,NUE,0.010940923536420904
2022-09-02,Combined Risk Parity,NUE,0.011105159283839301
2022-10-04,Combined Risk Parity,NUE,0.01209931704934977
2022-11-02,Combined Risk Parity,NUE,0.01225456938899
2022-12-02,Combined Risk Parity,NUE,0.012587201257990115
2023-01-04,Combined Risk Parity,NUE,0.012286989374868681
2023-02-03,Combined Risk Parity,NUE,0.011795087614071473
2023-03-07,Combined Risk Parity,NUE,0.012161021463033541
2023-04-05,Combined Risk Parity,NUE,0.011770421919704373
2023-05-05,Combined Risk Parity,NUE,0.011917703728452517
2023-06-06,Combined Risk Parity,NUE,0.01150310969114581
2023-07-07,Combined Risk Parity,NUE,0.011482303327920433
2023-08-07,Combined Risk Parity,NUE,0.011922346415188793
2023-09-06,Combined Risk Parity,NUE,0.012287272848521229
2023-10-05,Combined Risk Parity,NUE,0.012238954227104719
2023-11-03,Combined Risk Parity,NUE,0.012257051787089171
2023-12-05,Combined Risk Parity,NUE,0.01254150018325632
2021-01-04,Combined Risk Parity,NVDA,0.013597936891493528
2021-02-03,Combined Risk Parity,NVDA,0.0145726233848763
2021-03-05,Combined Risk Parity,NVDA,0.0139068087083054
2021-04-06,Combined Risk Parity,NVDA,0.013473681531222054
2021-05-05,Combined Risk Parity,NVDA,0.013073418476344464
2021-06-04,Combined Risk Parity,NVDA,0.0128793963645444
2021-07-06,Combined Risk Parity,NVDA,0.013469352451779722
2021-08-04,Combined Risk Parity,NVDA,0.013644525158640432
2021-09-02,Combined Risk Parity,NVDA,0.013219835538397985
2021-10-04,Combined Risk Parity,NVDA,0.01316968561902944
2021-11-02,Combined Risk Parity,NVDA,0.013013899997670752
2021-12-02,Combined Risk Parity,NVDA,0.012513334920645467
2022-01-03,Combined Risk Parity,NVDA,0.011380008941936281
2022-02-02,Combined Risk Parity,NVDA,0.010318334404279157
2022-03-04,Combined Risk Parity,NVDA,0.009055052133096658
2022-04-04,Combined Risk Parity,NVDA,0.008472295959888477
2022-05-04,Combined Risk Parity,NVDA,0.00797237211217288
2022-06-03,Combined Risk Parity,NVDA,0.007334431329889433
2022-07-06,Combined Risk Parity,NVDA,0.007751997842016691
2022-08-04,Combined Risk Parity,NVDA,0.007662211463044688
2022-09-02,Combined Risk Parity,NVDA,0.0074346994060522755
2022-10-04,Combined Risk Parity,NVDA,0.008333493941240295
2022-11-02,Combined Risk Parity,NVDA,0.008328894560742007
2022-12-02,Combined Risk Parity,NVDA,0.007755453482595051
2023-01-04,Combined Risk Parity,NVDA,0.00776683804369515
2023-02-03,Combined Risk Parity,NVDA,0.007669713410075113
2023-03-07,Combined Risk Parity,NVDA,0.00785740585096354
2023-04-05,Combined Risk Parity,NVDA,0.008344651372431943
2023-05-05,Combined Risk Parity,NVDA,0.008691291746264056
2023-06-06,Combined Risk Parity,NVDA,0.009439204807778765
2023-07-07,Combined Risk Parity,NVDA,0.009942928120458511
2023-08-07,Combined Risk Parity,NVDA,0.010005351903483598
2023-09-06,Combined Risk Parity,NVDA,0.010363476902724133
2023-10-05,Combined Risk Parity,NVDA,0.010778506897668629
2023-11-03,Combined Risk Parity,NVDA,0.010917268758440912
2023-12-05,Combined Risk Parity,NVDA,0.011619955462659447
2021-01-04,Combined Risk Parity,O,0.014436543850114083
2021-02-03,Combined Risk Parity,O,0.015351352922869592
2021-03-05,Combined Risk Parity,O,0.015918250364835674
2021-04-06,Combined Risk Parity,O,0.016350787711176047
2021-05-05,Combined Risk Parity,O,0.016676968556347833
2021-06-04,Combined Risk Parity,O,0.01710571477695918
2021-07-06,Combined Risk Parity,O,0.01708047684447958
2021-08-04,Combined Risk Parity,O,0.017351378071076572
2021-09-02,Combined Risk Parity,O,0.01762085913988541
2021-10-04,Combined Risk Parity,O,0.017386207139799943
2021-11-02,Combined Risk Parity,O,0.018039567665358677
2021-12-02,Combined Risk Parity,O,0.01816832209812551
2022-01-03,Combined Risk Parity,O,0.018146655922568464
2022-02-02,Combined Risk Parity,O,0.01833867689449949
2022-03-04,Combined Risk Parity,O,0.01898827008428688
2022-04-04,Combined Risk Parity,O,0.018440060996673314
2022-05-04,Combined Risk Parity,O,0.018786191099489407
2022-06-03,Combined Risk Parity,O,0.01987989828188689
2022-07-06,Combined Risk Parity,O,0.020324042269977985
2022-08-04,Combined Risk Parity,O,0.020943560440270886
2022-09-02,Combined Risk Parity,O,0.02173173501398076
2022-10-04,Combined Risk Parity,O,0.023022809837696726
2022-11-02,Combined Risk Parity,O,0.0227932884779326
2022-12-02,Combined Risk Parity,O,0.022449184477316097
2023-01-04,Combined Risk Parity,O,0.02297102548158542
2023-02-03,Combined Risk Parity,O,0.02291910790457418
2023-03-07,Combined Risk Parity,O,0.023159494988976986
2023-04-05,Combined Risk Parity,O,0.02237849794179397
2023-05-05,Combined Risk Parity,O,0.022747592614381695
2023-06-06,Combined Risk Parity,O,0.02242591648494376
2023-07-07,Combined Risk Parity,O,0.022753400550116966
2023-08-07,Combined Risk Parity,O,0.022245816091172054
2023-09-06,Combined Risk Parity,O,0.022078303903720006
2023-10-05,Combined Risk Parity,O,0.021228386360344978
2023-11-03,Combined Risk Parity,O,0.02101230437416569
2023-12-05,Combined Risk Parity,O,0.02009959825835785
2021-01-04,Combined Risk Parity,OXY,0.008252332687124773
2021-02-03,Combined Risk Parity,OXY,0.008340310885553603
2021-03-05,Combined Risk Parity,OXY,0.008247749864037474
2021-04-06,Combined Risk Parity,OXY,0.008634720461630723
2021-05-05,Combined Risk Parity,OXY,0.008770625634426488
2021-06-04,Combined Risk Parity,OXY,0.009171495606149587
2021-07-06,Combined Risk Parity,OXY,0.009502433282858392
2021-08-04,Combined Risk Parity,OXY,0.009228006868957177
2021-09-02,Combined Risk Parity,OXY,0.008920168301881883
2021-10-04,Combined Risk Parity,OXY,0.008621086134272914
2021-11-02,Combined Risk Parity,OXY,0.008793838388939388
2021-12-02,Combined Risk Parity,OXY,0.008561662988354464
2022-01-03,Combined Risk Parity,OXY,0.008484317537223715
2022-02-02,Combined Risk Parity,OXY,0.008603659450640901
2022-03-04,Combined Risk Parity,OXY,0.01073932111404169
2022-04-04,Combined Risk Parity,OXY,0.010576853208861788
2022-05-04,Combined Risk Parity,OXY,0.010672919709188438
2022-06-03,Combined Risk Parity,OXY,0.010404233473811504
2022-07-06,Combined Risk Parity,OXY,0.0109920717132387
2022-08-04,Combined Risk Parity,OXY,0.011145502606760416
2022-09-02,Combined Risk Parity,OXY,0.01230268687356929
2022-10-04,Combined Risk Parity,OXY,0.013435922386844986
2022-11-02,Combined Risk Parity,OXY,0.014699200313114079
2022-12-02,Combined Risk Parity,OXY,0.013813159170545507
2023-01-04,Combined Risk Parity,OXY,0.013738745591739281
2023-02-03,Combined Risk Parity,OXY,0.014075252637340576
2023-03-07,Combined Risk Parity,OXY,0.014157394061234313
2023-04-05,Combined Risk Parity,OXY,0.013954951774542866
2023-05-05,Combined Risk Parity,OXY,0.014050216216624308
2023-06-06,Combined Risk Parity,OXY,0.014195246573754566
2023-07-07,Combined Risk Parity,OXY,0.014365485198855528
2023-08-07,Combined Risk Parity,OXY,0.014316327710043264
2023-09-06,Combined Risk Parity,OXY,0.015166685013994987
2023-10-05,Combined Risk Parity,OXY,0.014730466833630424
2023-11-03,Combined Risk Parity,OXY,0.01527550125489618
2023-12-05,Combined Risk Parity,OXY,0.01626822264174263
2021-01-04,Combined Risk Parity,PLD,0.01586459272633546
2021-02-03,Combined Risk Parity,PLD,0.01662624324248724
2021-03-05,Combined Risk Parity,PLD,0.017085891027360446
2021-04-06,Combined Risk Parity,PLD,0.017254116584938566
2021-05-05,Combined Risk Parity,PLD,0.017511346491066185
2021-06-04,Combined Risk Parity,PLD,0.01817747436903572
2021-07-06,Combined Risk Parity,PLD,0.01806229452074415
2021-08-04,Combined Risk Parity,PLD,0.018540054789053816
2021-09-02,Combined Risk Parity,PLD,0.01869371608810819
2021-10-04,Combined Risk Parity,PLD,0.018861095782167527
2021-11-02,Combined Risk Parity,PLD,0.018785329242647128
2021-12-02,Combined Risk Parity,PLD,0.018733896394079803
2022-01-03,Combined Risk Parity,PLD,0.018609902582599116
2022-02-02,Combined Risk Parity,PLD,0.01921211170273238
2022-03-04,Combined Risk Parity,PLD,0.0179564358313973
2022-04-04,Combined Risk Parity,PLD,0.01709381238017936
2022-05-04,Combined Risk Parity,PLD,0.015719095578821646
2022-06-03,Combined Risk Parity,PLD,0.01395885953375639
2022-07-06,Combined Risk Parity,PLD,0.013296723423619095
2022-08-04,Combined Risk Parity,PLD,0.01292525513043031
2022-09-02,Combined Risk Parity,PLD,0.013204950946828817
2022-10-04,Combined Risk Parity,PLD,0.014346215263443148
2022-11-02,Combined Risk Parity,PLD,0.014445596913851704
2022-12-02,Combined Risk Parity,PLD,0.013905834716785496
2023-01-04,Combined Risk Parity,PLD,0.013659482928106946
2023-02-03,Combined Risk Parity,PLD,0.013651087929208014
2023-03-07,Combined Risk Parity,PLD,0.013882118965319547
2023-04-05,Combined Risk Parity,PLD,0.01339139056310702
2023-05-05,Combined Risk Parity,PLD,0.013732054132516245
2023-06-06,Combined Risk Parity,PLD,0.01360926677219733
2023-07-07,Combined Risk Parity,PLD,0.013738605113326821
2023-08-07,Combined Risk Parity,PLD,0.014205349587799048
2023-09-06,Combined Risk Parity,PLD,0.01411637259364029
2023-10-05,Combined Risk Parity,PLD,0.013438378591914097
2023-11-03,Combined Risk Parity,PLD,0.013099977399168794
2023-12-05,Combined Risk Parity,PLD,0.012093479956288743
2021-01-04,Combined Risk Parity,PSA,0.023957047394746637
2021-02-03,Combined Risk Parity,PSA,0.025957267905712168
2021-03-05,Combined Risk Parity,PSA,0.02757524448395716
2021-04-06,Combined Risk Parity,PSA,0.027245380325309005
2021-05-05,Combined Risk Parity,PSA,0.028158224678628996
2021-06-04,Combined Risk Parity,PSA,0.02891513950836263
2021-07-06,Combined Risk Parity,PSA,0.03058444182912761
2021-08-04,Combined Risk Parity,PSA,0.030220705727191904
2021-09-02,Combined Risk Parity,PSA,0.030674175051257108
2021-10-04,Combined Risk Parity,PSA,0.031174351300277812
2021-11-02,Combined Risk Parity,PSA,0.03064877591002722
2021-12-02,Combined Risk Parity,PSA,0.029479812116625367
2022-01-03,Combined Risk Parity,PSA,0.02905316970798672
2022-02-02,Combined Risk Parity,PSA,0.027693940257816498
2022-03-04,Combined Risk Parity,PSA,0.026169448022962012
2022-04-04,Combined Risk Parity,PSA,0.023680334598675218
2022-05-04,Combined Risk Parity,PSA,0.02005589703371684
2022-06-03,Combined Risk Parity,PSA,0.01877565246536531
2022-07-06,Combined Risk Parity,PSA,0.019895972907511703
2022-08-04,Combined Risk Parity,PSA,0.01922213262984243
2022-09-02,Combined Risk Parity,PSA,0.01935591938745145
2022-10-04,Combined Risk Parity,PSA,0.021979919583371775
2022-11-02,Combined Risk Parity,PSA,0.02165563056933707
2022-12-02,Combined Risk Parity,PSA,0.01956809864245188
2023-01-04,Combined Risk Parity,PSA,0.019206892201233866
2023-02-03,Combined Risk Parity,PSA,0.019165350317165063
2023-03-07,Combined Risk Parity,PSA,0.020073867294694552
2023-04-05,Combined Risk Parity,PSA,0.019064623403323117
2023-05-05,Combined Risk Parity,PSA,0.01953640925536961
2023-06-06,Combined Risk Parity,PSA,0.019264659137216592
2023-07-07,Combined Risk Parity,PSA,0.019196062550451292
2023-08-07,Combined Risk Parity,PSA,0.02015510555650267
2023-09-06,Combined Risk Parity,PSA,0.019587439289201248
2023-10-05,Combined Risk Parity,PSA,0.019500817048546237
2023-11-03,Combined Risk Parity,PSA,0.01895783594468312
2023-12-05,Combined Risk Parity,PSA,0.017713788190473957
2021-01-04,Combined Risk Parity,QCOM,0.014611220682801141
2021-02-03,Combined Risk Parity,QCOM,0.01437692754907589
2021-03-05,Combined Risk Parity,QCOM,0.014303369416002937
2021-04-06,Combined Risk Parity,QCOM,0.013678992012584325
2021-05-05,Combined Risk Parity,QCOM,0.013425108196014796
2021-06-04,Combined Risk Parity,QCOM,0.013653551510938068
2021-07-06,Combined Risk Parity,QCOM,0.013795344681230077
2021-08-04,Combined Risk Parity,QCOM,0.013536999437227302
2021-09-02,Combined Risk Parity,QCOM,0.01346170783104527
2021-10-04,Combined Risk Parity,QCOM,0.01430643765234197
2021-11-02,Combined Risk Parity,QCOM,0.014350263738408085
2021-12-02,Combined Risk Parity,QCOM,0.014359852903883114
2022-01-03,Combined Risk Parity,QCOM,0.014731440233498991
2022-02-02,Combined Risk Parity,QCOM,0.013325467160725434
2022-03-04,Combined Risk Parity,QCOM,0.01174699920663323
2022-04-04,Combined Risk Parity,QCOM,0.011150967495399405
2022-05-04,Combined Risk Parity,QCOM,0.010513026622198121
2022-06-03,Combined Risk Parity,QCOM,0.010428404794444037
2022-07-06,Combined Risk Parity,QCOM,0.011578817317058959
2022-08-04,Combined Risk Parity,QCOM,0.011919631332220511
2022-09-02,Combined Risk Parity,QCOM,0.011500999994710093
2022-10-04,Combined Risk Parity,QCOM,0.012400891560309865
2022-11-02,Combined Risk Parity,QCOM,0.012464923667036158
2022-12-02,Combined Risk Parity,QCOM,0.011304003219072378
2023-01-04,Combined Risk Parity,QCOM,0.011089113929063348
2023-02-03,Combined Risk Parity,QCOM,0.010759190326625095
2023-03-07,Combined Risk Parity,QCOM,0.010957953195132417
2023-04-05,Combined Risk Parity,QCOM,0.011201254281523722
2023-05-05,Combined Risk Parity,QCOM,0.011420516009344185
2023-06-06,Combined Risk Parity,QCOM,0.011461608008091657
2023-07-07,Combined Risk Parity,QCOM,0.011435561724144575
2023-08-07,Combined Risk Parity,QCOM,0.011240763512062163
2023-09-06,Combined Risk Parity,QCOM,0.01162793538792529
2023-10-05,Combined Risk Parity,QCOM,0.012292510155322938
2023-11-03,Combined Risk Parity,QCOM,0.012073247569597817
2023-12-05,Combined Risk Parity,QCOM,0.011969466760756652
2021-01-04,Combined Risk Parity,SBUX,0.015627566518709172
2021-02-03,Combined Risk Parity,SBUX,0.015166777552360546
2021-03-05,Combined Risk Parity,SBUX,0.016159743929918886
2021-04-06,Combined Risk Parity,SBUX,0.016184266734460225
2021-05-05,Combined Risk Parity,SBUX,0.0160701546676478
2021-06-04,Combined Risk Parity,SBUX,0.016238603843917974
2021-07-06,Combined Risk Parity,SBUX,0.016472113144535082
2021-08-04,Combined Risk Parity,SBUX,0.01614155279037897
2021-09-02,Combined Risk Parity,SBUX,0.016370473076056994
2021-10-04,Combined Risk Parity,SBUX,0.01695542358971677
2021-11-02,Combined Risk Parity,SBUX,0.017424397654208088
2021-12-02,Combined Risk Parity,SBUX,0.017799278345571327
2022-01-03,Combined Risk Parity,SBUX,0.01663348781673501
2022-02-02,Combined Risk Parity,SBUX,0.016769080794642222
2022-03-04,Combined Risk Parity,SBUX,0.016382782590757147
2022-04-04,Combined Risk Parity,SBUX,0.014068504047074678
2022-05-04,Combined Risk Parity,SBUX,0.014725675576624377
2022-06-03,Combined Risk Parity,SBUX,0.01189257707121816
2022-07-06,Combined Risk Parity,SBUX,0.012578599491453102
2022-08-04,Combined Risk Parity,SBUX,0.012392779620073128
2022-09-02,Combined Risk Parity,SBUX,0.012609051840553852
2022-10-04,Combined Risk Parity,SBUX,0.014443057006941748
2022-11-02,Combined Risk Parity,SBUX,0.015013276697347535
2022-12-02,Combined Risk Parity,SBUX,0.014950700154451275
2023-01-04,Combined Risk Parity,SBUX,0.01524329734941949
2023-02-03,Combined Risk Parity,SBUX,0.015400799924642312
2023-03-07,Combined Risk Parity,SBUX,0.015242343926237304
2023-04-05,Combined Risk Parity,SBUX,0.015477172296459521
2023-05-05,Combined Risk Parity,SBUX,0.01555878426702162
2023-06-06,Combined Risk Parity,SBUX,0.015534529291124043
2023-07-07,Combined Risk Parity,SBUX,0.015782351229855256
2023-08-07,Combined Risk Parity,SBUX,0.016237137604874507
2023-09-06,Combined Risk Parity,SBUX,0.0160723744559052
2023-10-05,Combined Risk Parity,SBUX,0.01660163967819988
2023-11-03,Combined Risk Parity,SBUX,0.015335760793532055
2023-12-05,Combined Risk Parity,SBUX,0.015683126410010365
2021-01-04,Combined Risk Parity,SHW,0.0185316341942562
2021-02-03,Combined Risk Parity,SHW,0.019684417989330495
2021-03-05,Combined Risk Parity,SHW,0.019759153815561595
2021-04-06,Combined Risk Parity,SHW,0.01937753527134594
2021-05-05,Combined Risk Parity,SHW,0.019355646524263723
2021-06-04,Combined Risk Parity,SHW,0.019751513796487926
2021-07-06,Combined Risk Parity,SHW,0.020051851654470664
2021-08-04,Combined Risk Parity,SHW,0.020600244987441264
2021-09-02,Combined Risk Parity,SHW,0.02056069313282479
2021-10-04,Combined Risk Parity,SHW,0.01998044873915687
2021-11-02,Combined Risk Parity,SHW,0.020821776082072425
2021-12-02,Combined Risk Parity,SHW,0.021415256461080542
2022-01-03,Combined Risk Parity,SHW,0.021453438068957373
2022-02-02,Combined Risk Parity,SHW,0.021276705547144958
2022-03-04,Combined Risk Parity,SHW,0.01913213173320049
2022-04-04,Combined Risk Parity,SHW,0.017680073246435068
2022-05-04,Combined Risk Parity,SHW,0.02316940992082449
2022-06-03,Combined Risk Parity,SHW,0.02228985912989011
2022-07-06,Combined Risk Parity,SHW,0.019586310659484258
2022-08-04,Combined Risk Parity,SHW,0.022012976554673738
2022-09-02,Combined Risk Parity,SHW,0.020110002196557272
2022-10-04,Combined Risk Parity,SHW,0.01900067501370003
2022-11-02,Combined Risk Parity,SHW,0.017599038312880594
2022-12-02,Combined Risk Parity,SHW,0.016306615872350157
2023-01-04,Combined Risk Parity,SHW,0.01625991543071525
2023-02-03,Combined Risk Parity,SHW,0.01586592847996582
2023-03-07,Combined Risk Parity,SHW,0.01592825714756068
2023-04-05,Combined Risk Parity,SHW,0.015400592061551699
2023-05-05,Combined Risk Parity,SHW,0.015470550822345558
2023-06-06,Combined Risk Parity,SHW,0.015371799746282194
2023-07-07,Combined Risk Parity,SHW,0.01523406614454752
2023-08-07,Combined Risk Parity,SHW,0.01538679516232145
2023-09-06,Combined Risk Parity,SHW,0.015705584283669274
2023-10-05,Combined Risk Parity,SHW,0.015870956327478068
2023-11-03,Combined Risk Parity,SHW,0.01619002976741579
2023-12-05,Combined Risk Parity,SHW,0.01556701777591872
2021-01-04,Combined Risk Parity,SLB,0.01029311291221196
2021-02-03,Combined Risk Parity,SLB,0.010114025380029689
2021-03-05,Combined Risk Parity,SLB,0.010184563661013248
2021-04-06,Combined Risk Parity,SLB,0.010477545804077806
2021-05-05,Combined Risk Parity,SLB,0.01060202145600534
2021-06-04,Combined Risk Parity,SLB,0.010972185772869614
2021-07-06,Combined Risk Parity,SLB,0.01085530307936881
2021-08-04,Combined Risk Parity,SLB,0.010339836381364716
2021-09-02,Combined Risk Parity,SLB,0.010135918552153272
2021-10-04,Combined Risk Parity,SLB,0.010363535691002198
2021-11-02,Combined Risk Parity,SLB,0.010388563810468076
2021-12-02,Combined Risk Parity,SLB,0.010151866082408676
2022-01-03,Combined Risk Parity,SLB,0.010086664109830805
2022-02-02,Combined Risk Parity,SLB,0.010872123163668151
2022-03-04,Combined Risk Parity,SLB,0.011318669509038709
2022-04-04,Combined Risk Parity,SLB,0.013845349076847759
2022-05-04,Combined Risk Parity,SLB,0.015731254361239597
2022-06-03,Combined Risk Parity,SLB,0.01234613656844773
2022-07-06,Combined Risk Parity,SLB,0.012970615665627459
2022-08-04,Combined Risk Parity,SLB,0.012997432227407799
2022-09-02,Combined Risk Parity,SLB,0.013626130234996064
2022-10-04,Combined Risk Parity,SLB,0.013221213168131185
2022-11-02,Combined Risk Parity,SLB,0.014162252168285889
2022-12-02,Combined Risk Parity,SLB,0.015674781404982192
2023-01-04,Combined Risk Parity,SLB,0.01481274318949019
2023-02-03,Combined Risk Parity,SLB,0.015179552436490315
2023-03-07,Combined Risk Parity,SLB,0.015683843277656248
2023-04-05,Combined Risk Parity,SLB,0.01455597220253604
2023-05-05,Combined Risk Parity,SLB,0.014028355767472923
2023-06-06,Combined Risk Parity,SLB,0.013578110645169965
2023-07-07,Combined Risk Parity,SLB,0.013685936893883921
2023-08-07,Combined Risk Parity,SLB,0.013844843267329453
2023-09-06,Combined Risk Parity,SLB,0.013938089108052245
2023-10-05,Combined Risk Parity,SLB,0.014422751619345581
2023-11-03,Combined Risk Parity,SLB,0.01531263496008825
2023-12-05,Combined Risk Parity,SLB,0.015790701787840162
2021-01-04,Combined Risk Parity,SO,0.017002927867730982
2021-02-03,Combined Risk Parity,SO,0.01703612065760954
2021-03-05,Combined Risk Parity,SO,0.017513518024591324
2021-04-06,Combined Risk Parity,SO,0.018162186210202522
2021-05-05,Combined Risk Parity,SO,0.018462901181221517
2021-06-04,Combined Risk Parity,SO,0.01920328515830594
2021-07-06,Combined Risk Parity,SO,0.019001881886345787
2021-08-04,Combined Risk Parity,SO,0.019700528583196396
2021-09-02,Combined Risk Parity,SO,0.019988810215134836
2021-10-04,Combined Risk Parity,SO,0.02117517917331934
2021-11-02,Combined Risk Parity,SO,0.02156525490494796
2021-12-02,Combined Risk Parity,SO,0.022003425334882847
2022-01-03,Combined Risk Parity,SO,0.022644430545612198
2022-02-02,Combined Risk Parity,SO,0.02494950500377491
2022-03-04,Combined Risk Parity,SO,0.02399491884660423
2022-04-04,Combined Risk Parity,SO,0.026379515089634265
2022-05-04,Combined Risk Parity,SO,0.025956443928885225
2022-06-03,Combined Risk Parity,SO,0.02950068909544805
2022-07-06,Combined Risk Parity,SO,0.026291649790133292
2022-08-04,Combined Risk Parity,SO,0.02670305529596878
2022-09-02,Combined Risk Parity,SO,0.027750982967009955
2022-10-04,Combined Risk Parity,SO,0.024892773372604104
2022-11-02,Combined Risk Parity,SO,0.02312295176986075
2022-12-02,Combined Risk Parity,SO,0.023201818910702002
2023-01-04,Combined Risk Parity,SO,0.023217493577614906
2023-02-03,Combined Risk Parity,SO,0.022796746381302496
2023-03-07,Combined Risk Parity,SO,0.02193757700326074
2023-04-05,Combined Risk Parity,SO,0.023308234810852205
2023-05-05,Combined Risk Parity,SO,0.02346171269921302
2023-06-06,Combined Risk Parity,SO,0.024037636727600644
2023-07-07,Combined Risk Parity,SO,0.023601218950456377
2023-08-07,Combined Risk Parity,SO,0.022955460953302476
2023-09-06,Combined Risk Parity,SO,0.023749289200805837
2023-10-05,Combined Risk Parity,SO,0.02254174380617942
2023-11-03,Combined Risk Parity,SO,0.0217444896031367
2023-12-05,Combined Risk Parity,SO,0.022133682346380374
2021-01-04,Combined Risk Parity,T,0.020340717658965755
2021-02-03,Combined Risk Parity,T,0.021591878441252634
2021-03-05,Combined Risk Parity,T,0.021943746959317938
2021-04-06,Combined Risk Parity,T,0.022485224842971628
2021-05-05,Combined Risk Parity,T,0.024356114518316586
2021-06-04,Combined Risk Parity,T,0.023617154176096125
2021-07-06,Combined Risk Parity,T,0.02397390005661401
2021-08-04,Combined Risk Parity,T,0.02378057916154916
2021-09-02,Combined Risk Parity,T,0.02353395151532104
2021-10-04,Combined Risk Parity,T,0.023982394151919186
2021-11-02,Combined Risk Parity,T,0.022546946134061812
2021-12-02,Combined Risk Parity,T,0.02181687525859242
2022-01-03,Combined Risk Parity,T,0.021893549203434733
2022-02-02,Combined Risk Parity,T,0.02057698844594982
2022-03-04,Combined Risk Parity,T,0.020557747251424476
2022-04-04,Combined Risk Parity,T,0.02017724963420959
2022-05-04,Combined Risk Parity,T,0.024161553225954552
2022-06-03,Combined Risk Parity,T,0.024290675647698542
2022-07-06,Combined Risk Parity,T,0.022955467729325288
2022-08-04,Combined Risk Parity,T,0.02332616849530041
2022-09-02,Combined Risk Parity,T,0.02469804304836353
2022-10-04,Combined Risk Parity,T,0.02394098506882589
2022-11-02,Combined Risk Parity,T,0.022743667926191112
2022-12-02,Combined Risk Parity,T,0.02408212528394985
2023-01-04,Combined Risk Parity,T,0.024412614860526323
2023-02-03,Combined Risk Parity,T,0.024352954171999387
2023-03-07,Combined Risk Parity,T,0.024825457208250783
2023-04-05,Combined Risk Parity,T,0.025191547340245757
2023-05-05,Combined Risk Parity,T,0.023049386840864643
2023-06-06,Combined Risk Parity,T,0.024023180166094737
2023-07-07,Combined Risk Parity,T,0.023477677283701384
2023-08-07,Combined Risk Parity,T,0.0215575730172447
2023-09-06,Combined Risk Parity,T,0.021712371887899134
2023-10-05,Combined Risk Parity,T,0.021992783499763847
2023-11-03,Combined Risk Parity,T,0.021673329724489366
2023-12-05,Combined Risk Parity,T,0.022376836402116896
2021-01-04,Combined Risk Parity,TMUS,0.01999003958731451
2021-02-03,Combined Risk Parity,TMUS,0.018780513795541205
2021-03-05,Combined Risk Parity,TMUS,0.02007046522850743
2021-04-06,Combined Risk Parity,TMUS,0.019793834382104494
2021-05-05,Combined Risk Parity,TMUS,0.019719964368734605
2021-06-04,Combined Risk Parity,TMUS,0.01853972257635203
2021-07-06,Combined Risk Parity,TMUS,0.018871167495538885
2021-08-04,Combined Risk Parity,TMUS,0.019127947292255417
2021-09-02,Combined Risk Parity,TMUS,0.018938021221383286
2021-10-04,Combined Risk Parity,TMUS,0.019236435552807452
2021-11-02,Combined Risk Parity,TMUS,0.019350602443028553
2021-12-02,Combined Risk Parity,TMUS,0.01860460573750366
2022-01-03,Combined Risk Parity,TMUS,0.01834712820808208
2022-02-02,Combined Risk Parity,TMUS,0.01757963459453402
2022-03-04,Combined Risk Parity,TMUS,0.01873724245879691
2022-04-04,Combined Risk Parity,TMUS,0.019287828669970294
2022-05-04,Combined Risk Parity,TMUS,0.016400834029414432
2022-06-03,Combined Risk Parity,TMUS,0.01574426440897014
2022-07-06,Combined Risk Parity,TMUS,0.016508149981302088
2022-08-04,Combined Risk Parity,TMUS,0.016507460003169595
2022-09-02,Combined Risk Parity,TMUS,0.01733029322230106
2022-10-04,Combined Risk Parity,TMUS,0.017629807107577167
2022-11-02,Combined Risk Parity,TMUS,0.017858183086293358
2022-12-02,Combined Risk Parity,TMUS,0.020465848794231686
2023-01-04,Combined Risk Parity,TMUS,0.02176508055979254
2023-02-03,Combined Risk Parity,TMUS,0.022454820823796868
2023-03-07,Combined Risk Parity,TMUS,0.022594423862204102
2023-04-05,Combined Risk Parity,TMUS,0.023882961059080613
2023-05-05,Combined Risk Parity,TMUS,0.024674968394802974
2023-06-06,Combined Risk Parity,TMUS,0.028846207650213035
2023-07-07,Combined Risk Parity,TMUS,0.0280957294236597
2023-08-07,Combined Risk Parity,TMUS,0.027861794198340242
2023-09-06,Combined Risk Parity,TMUS,0.026621324522940745
2023-10-05,Combined Risk Parity,TMUS,0.026275807987187542
2023-11-03,Combined Risk Parity,TMUS,0.02385849878905244
2023-12-05,Combined Risk Parity,TMUS,0.024776338279129534
2021-01-04,Combined Risk Parity,TRX-USD,0.012446613697712904
2021-02-03,Combined Risk Parity,TRX-USD,0.01244014429739677
2021-03-05,Combined Risk Parity,TRX-USD,0.010818740264471056
2021-04-06,Combined Risk Parity,TRX-USD,0.010226586265752822
2021-05-05,Combined Risk Parity,TRX-USD,0.008778123479882919
2021-06-04,Combined Risk Parity,TRX-USD,0.006426031236000484
2021-07-06,Combined Risk Parity,TRX-USD,0.006278114985515
2021-08-04,Combined Risk Parity,TRX-USD,0.006254463952307729
2021-09-02,Combined Risk Parity,TRX-USD,0.006026366709355543
2021-10-04,Combined Risk Parity,TRX-USD,0.005426794831248123
2021-11-02,Combined Risk Parity,TRX-USD,0.005448867919621607
2021-12-02,Combined Risk Parity,TRX-USD,0.005513565865618578
2022-01-03,Combined Risk Parity,TRX-USD,0.0055693936029649095
2022-02-02,Combined Risk Parity,TRX-USD,0.005625422931392961
2022-03-04,Combined Risk Parity,TRX-USD,0.006414811878365138
2022-04-04,Combined Risk Parity,TRX-USD,0.007218957898120677
2022-05-04,Combined Risk Parity,TRX-USD,0.008077320307134022
2022-06-03,Combined Risk Parity,TRX-USD,0.006638402763881022
2022-07-06,Combined Risk Parity,TRX-USD,0.006577348635866158
2022-08-04,Combined Risk Parity,TRX-USD,0.006895509893038544
2022-09-02,Combined Risk Parity,TRX-USD,0.007277571782490869
2022-10-04,Combined Risk Parity,TRX-USD,0.009048641399272998
2022-11-02,Combined Risk Parity,TRX-USD,0.010914897099008468
2022-12-02,Combined Risk Parity,TRX-USD,0.010978208749938186
2023-01-04,Combined Risk Parity,TRX-USD,0.011822063172628926
2023-02-03,Combined Risk Parity,TRX-USD,0.0119284002361761
2023-03-07,Combined Risk Parity,TRX-USD,0.011466310258714576
2023-04-05,Combined Risk Parity,TRX-USD,0.010585932048455904
2023-05-05,Combined Risk Parity,TRX-USD,0.011082654957336263
2023-06-06,Combined Risk Parity,TRX-USD,0.01051452961098054
2023-07-07,Combined Risk Parity,TRX-USD,0.01074412152649053
2023-08-07,Combined Risk Parity,TRX-USD,0.01088693108480093
2023-09-06,Combined Risk Parity,TRX-USD,0.011339136047628795
2023-10-05,Combined Risk Parity,TRX-USD,0.011684459502539895
2023-11-03,Combined Risk Parity,TRX-USD,0.013297531560318099
2023-12-05,Combined Risk Parity,TRX-USD,0.013433514903145911
2021-01-04,Combined Risk Parity,TTWO,0.028152647928683484
2021-02-03,Combined Risk Parity,TTWO,0.02647120890008096
2021-03-05,Combined Risk Parity,TTWO,0.024909159485701573
2021-04-06,Combined Risk Parity,TTWO,0.02471039740560519
2021-05-05,Combined Risk Parity,TTWO,0.026341508267119673
2021-06-04,Combined Risk Parity,TTWO,0.029437921643892816
2021-07-06,Combined Risk Parity,TTWO,0.028369243808688424
2021-08-04,Combined Risk Parity,TTWO,0.028535119495706005
2021-09-02,Combined Risk Parity,TTWO,0.028693917900491195
2021-10-04,Combined Risk Parity,TTWO,0.02737005917860298
2021-11-02,Combined Risk Parity,TTWO,0.026981945769012163
2021-12-02,Combined Risk Parity,TTWO,0.02709384066824871
2022-01-03,Combined Risk Parity,TTWO,0.02851461480694693
2022-02-02,Combined Risk Parity,TTWO,0.023762151264844402
2022-03-04,Combined Risk Parity,TTWO,0.023338900985014895
2022-04-04,Combined Risk Parity,TTWO,0.02102068221094729
2022-05-04,Combined Risk Parity,TTWO,0.020834856205233246
2022-06-03,Combined Risk Parity,TTWO,0.015955746041750905
2022-07-06,Combined Risk Parity,TTWO,0.016474792212814313
2022-08-04,Combined Risk Parity,TTWO,0.016614950780818816
2022-09-02,Combined Risk Parity,TTWO,0.017366684070506514
2022-10-04,Combined Risk Parity,TTWO,0.0166395346397987
2022-11-02,Combined Risk Parity,TTWO,0.018542178551880468
2022-12-02,Combined Risk Parity,TTWO,0.018368756895167183
2023-01-04,Combined Risk Parity,TTWO,0.018200234687697124
2023-02-03,Combined Risk Parity,TTWO,0.018156260059718227
2023-03-07,Combined Risk Parity,TTWO,0.016585533278169463
2023-04-05,Combined Risk Parity,TTWO,0.016244912790921162
2023-05-05,Combined Risk Parity,TTWO,0.015988066952082436
2023-06-06,Combined Risk Parity,TTWO,0.016192918371001924
2023-07-07,Combined Risk Parity,TTWO,0.016488823762301295
2023-08-07,Combined Risk Parity,TTWO,0.01661630075810907
2023-09-06,Combined Risk Parity,TTWO,0.01672093797640802
2023-10-05,Combined Risk Parity,TTWO,0.01663618076794793
2023-11-03,Combined Risk Parity,TTWO,0.0166512667433971
2023-12-05,Combined Risk Parity,TTWO,0.017345928996319974
2021-01-04,Combined Risk Parity,UPS,0.019787418015981533
2021-02-03,Combined Risk Parity,UPS,0.02065569533922495
2021-03-05,Combined Risk Parity,UPS,0.021146639139007706
2021-04-06,Combined Risk Parity,UPS,0.020983661571253948
2021-05-05,Combined Risk Parity,UPS,0.020697875831694638
2021-06-04,Combined Risk Parity,UPS,0.021201252605458437
2021-07-06,Combined Risk Parity,UPS,0.02139965167580669
2021-08-04,Combined Risk Parity,UPS,0.021972732298569126
2021-09-02,Combined Risk Parity,UPS,0.02208899302664201
2021-10-04,Combined Risk Parity,UPS,0.02355286588551665
2021-11-02,Combined Risk Parity,UPS,0.021777835956660958
2021-12-02,Combined Risk Parity,UPS,0.021114039686665465
2022-01-03,Combined Risk Parity,UPS,0.01993652255086583
2022-02-02,Combined Risk Parity,UPS,0.017834083623894204
2022-03-04,Combined Risk Parity,UPS,0.017270607361696545
2022-04-04,Combined Risk Parity,UPS,0.016745321328902735
2022-05-04,Combined Risk Parity,UPS,0.015988310904900365
2022-06-03,Combined Risk Parity,UPS,0.016234756601386766
2022-07-06,Combined Risk Parity,UPS,0.018681261406627583
2022-08-04,Combined Risk Parity,UPS,0.017763659168142924
2022-09-02,Combined Risk Parity,UPS,0.017858150334216633
2022-10-04,Combined Risk Parity,UPS,0.018811018755705226
2022-11-02,Combined Risk Parity,UPS,0.0188122529820028
2022-12-02,Combined Risk Parity,UPS,0.017319416412421493
2023-01-04,Combined Risk Parity,UPS,0.016744864512173767
2023-02-03,Combined Risk Parity,UPS,0.016465823001638846
2023-03-07,Combined Risk Parity,UPS,0.016864282110198876
2023-04-05,Combined Risk Parity,UPS,0.017439101699700744
2023-05-05,Combined Risk Parity,UPS,0.016270099119848173
2023-06-06,Combined Risk Parity,UPS,0.016277267843385502
2023-07-07,Combined Risk Parity,UPS,0.016044879858168555
2023-08-07,Combined Risk Parity,UPS,0.016299951122046807
2023-09-06,Combined Risk Parity,UPS,0.016026016880885785
2023-10-05,Combined Risk Parity,UPS,0.016543439560952965
2023-11-03,Combined Risk Parity,UPS,0.016249675968749384
2023-12-05,Combined Risk Parity,UPS,0.015518327689950399
2021-01-04,Combined Risk Parity,USB,0.012713506915128814
2021-02-03,Combined Risk Parity,USB,0.012517284485402678
2021-03-05,Combined Risk Parity,USB,0.012701935985962835
2021-04-06,Combined Risk Parity,USB,0.013205241976082562
2021-05-05,Combined Risk Parity,USB,0.013576835271179455
2021-06-04,Combined Risk Parity,USB,0.014130440645574475
2021-07-06,Combined Risk Parity,USB,0.014169495912272161
2021-08-04,Combined Risk Parity,USB,0.01339059674898708
2021-09-02,Combined Risk Parity,USB,0.013326482523238207
2021-10-04,Combined Risk Parity,USB,0.01368626029672934
2021-11-02,Combined Risk Parity,USB,0.013940699644768857
2021-12-02,Combined Risk Parity,USB,0.013628123628982598
2022-01-03,Combined Risk Parity,USB,0.013512006419788673
2022-02-02,Combined Risk Parity,USB,0.013609572394980313
2022-03-04,Combined Risk Parity,USB,0.013202242393365964
2022-04-04,Combined Risk Parity,USB,0.012911515155873441
2022-05-04,Combined Risk Parity,USB,0.01423843308381417
2022-06-03,Combined Risk Parity,USB,0.016185279452470183
2022-07-06,Combined Risk Parity,USB,0.016487252638659484
2022-08-04,Combined Risk Parity,USB,0.016557066700545
2022-09-02,Combined Risk Parity,USB,0.01688525417689202
2022-10-04,Combined Risk Parity,USB,0.01751947633046203
2022-11-02,Combined Risk Parity,USB,0.017616136059688134
2022-12-02,Combined Risk Parity,USB,0.01737234861085843
2023-01-04,Combined Risk Parity,USB,0.01716954565819012
2023-02-03,Combined Risk Parity,USB,0.016643321292176015
2023-03-07,Combined Risk Parity,USB,0.01721287914057129
2023-04-05,Combined Risk Parity,USB,0.013673857981942237
2023-05-05,Combined Risk Parity,USB,0.012721046166583367
2023-06-06,Combined Risk Parity,USB,0.011812426225216287
2023-07-07,Combined Risk Parity,USB,0.011582151254868294
2023-08-07,Combined Risk Parity,USB,0.011482158407812169
2023-09-06,Combined Risk Parity,USB,0.011595765315720853
2023-10-05,Combined Risk Parity,USB,0.011447230503165727
2023-11-03,Combined Risk Parity,USB,0.01065334044924293
2023-12-05,Combined Risk Parity,USB,0.01006917454803763
2021-01-04,Combined Risk Parity,V,0.015178245879897263
2021-02-03,Combined Risk Parity,V,0.015469889326615024
2021-03-05,Combined Risk Parity,V,0.01587281066247712
2021-04-06,Combined Risk Parity,V,0.0157790837646279
2021-05-05,Combined Risk Parity,V,0.016004374294555663
2021-06-04,Combined Risk Parity,V,0.01628730827080183
2021-07-06,Combined Risk Parity,V,0.016638800666953016
2021-08-04,Combined Risk Parity,V,0.016484166019929355
2021-09-02,Combined Risk Parity,V,0.016806143526922106
2021-10-04,Combined Risk Parity,V,0.01715060795328874
2021-11-02,Combined Risk Parity,V,0.016276508747125596
2021-12-02,Combined Risk Parity,V,0.01663656699447637
2022-01-03,Combined Risk Parity,V,0.015534061862718282
2022-02-02,Combined Risk Parity,V,0.014063162516502536
2022-03-04,Combined Risk Parity,V,0.014886705574976445
2022-04-04,Combined Risk Parity,V,0.014007701496610559
2022-05-04,Combined Risk Parity,V,0.013775605474547321
2022-06-03,Combined Risk Parity,V,0.013437990551116436
2022-07-06,Combined Risk Parity,V,0.013727425913140214
2022-08-04,Combined Risk Parity,V,0.014009225663651537
2022-09-02,Combined Risk Parity,V,0.014390162901388386
2022-10-04,Combined Risk Parity,V,0.01612667829571866
2022-11-02,Combined Risk Parity,V,0.016494097094578587
2022-12-02,Combined Risk Parity,V,0.015788175051268467
2023-01-04,Combined Risk Parity,V,0.01597143090959415
2023-02-03,Combined Risk Parity,V,0.01608076596009252
2023-03-07,Combined Risk Parity,V,0.01667841170900436
2023-04-05,Combined Risk Parity,V,0.017119383817948454
2023-05-05,Combined Risk Parity,V,0.01727060603980327
2023-06-06,Combined Risk Parity,V,0.01716135926184373
2023-07-07,Combined Risk Parity,V,0.017693434545897477
2023-08-07,Combined Risk Parity,V,0.01856172404726607
2023-09-06,Combined Risk Parity,V,0.01882974417187497
2023-10-05,Combined Risk Parity,V,0.019865915928201743
2023-11-03,Combined Risk Parity,V,0.019864220376830742
2023-12-05,Combined Risk Parity,V,0.020502232338287203
2021-01-04,Combined Risk Parity,WFC,0.012046386432893056
2021-02-03,Combined Risk Parity,WFC,0.011525625286682783
2021-03-05,Combined Risk Parity,WFC,0.01151276804696275
2021-04-06,Combined Risk Parity,WFC,0.012201570938331635
2021-05-05,Combined Risk Parity,WFC,0.01226454690277014
2021-06-04,Combined Risk Parity,WFC,0.012923515059675423
2021-07-06,Combined Risk Parity,WFC,0.012858248479089856
2021-08-04,Combined Risk Parity,WFC,0.01233150937782877
2021-09-02,Combined Risk Parity,WFC,0.0124019764248787
2021-10-04,Combined Risk Parity,WFC,0.012862322058664815
2021-11-02,Combined Risk Parity,WFC,0.01332432026448746
2021-12-02,Combined Risk Parity,WFC,0.012866645822416268
2022-01-03,Combined Risk Parity,WFC,0.012294739331492362
2022-02-02,Combined Risk Parity,WFC,0.01257077222620094
2022-03-04,Combined Risk Parity,WFC,0.012388000079390811
2022-04-04,Combined Risk Parity,WFC,0.011688136939667965
2022-05-04,Combined Risk Parity,WFC,0.01250161613827155
2022-06-03,Combined Risk Parity,WFC,0.012847062760611374
2022-07-06,Combined Risk Parity,WFC,0.012975108064961683
2022-08-04,Combined Risk Parity,WFC,0.012514319273325764
2022-09-02,Combined Risk Parity,WFC,0.012887630210033325
2022-10-04,Combined Risk Parity,WFC,0.0139814521479965
2022-11-02,Combined Risk Parity,WFC,0.014460014476631037
2022-12-02,Combined Risk Parity,WFC,0.015242469069082191
2023-01-04,Combined Risk Parity,WFC,0.01584276275167484
2023-02-03,Combined Risk Parity,WFC,0.015861916555953776
2023-03-07,Combined Risk Parity,WFC,0.01638203615324067
2023-04-05,Combined Risk Parity,WFC,0.015085859489063977
2023-05-05,Combined Risk Parity,WFC,0.014706975113073924
2023-06-06,Combined Risk Parity,WFC,0.014265104238945349
2023-07-07,Combined Risk Parity,WFC,0.014060106363505681
2023-08-07,Combined Risk Parity,WFC,0.014426167627195669
2023-09-06,Combined Risk Parity,WFC,0.014866038189045343
2023-10-05,Combined Risk Parity,WFC,0.01436423656658766
2023-11-03,Combined Risk Parity,WFC,0.01452636709365916
2023-12-05,Combined Risk Parity,WFC,0.013929288192176717
2021-01-04,Combined Risk Parity,WMT,0.03138241985144453
2021-02-03,Combined Risk Parity,WMT,0.0320166566886462
2021-03-05,Combined Risk Parity,WMT,0.03096865526151556
2021-04-06,Combined Risk Parity,WMT,0.030515974441858676
2021-05-05,Combined Risk Parity,WMT,0.03045297025511749
2021-06-04,Combined Risk Parity,WMT,0.03105736066883286
2021-07-06,Combined Risk Parity,WMT,0.02988284889780068
2021-08-04,Combined Risk Parity,WMT,0.03068653621549745
2021-09-02,Combined Risk Parity,WMT,0.030055023916566528
2021-10-04,Combined Risk Parity,WMT,0.031391617256385666
2021-11-02,Combined Risk Parity,WMT,0.030518586984549876
2021-12-02,Combined Risk Parity,WMT,0.029543631180484992
2022-01-03,Combined Risk Parity,WMT,0.03227140745976517
2022-02-02,Combined Risk Parity,WMT,0.03151465434000181
2022-03-04,Combined Risk Parity,WMT,0.036835604074391015
2022-04-04,Combined Risk Parity,WMT,0.03704965005668772
2022-05-04,Combined Risk Parity,WMT,0.033278230840174144
2022-06-03,Combined Risk Parity,WMT,0.033793471935186344
2022-07-06,Combined Risk Parity,WMT,0.037485858507039574
2022-08-04,Combined Risk Parity,WMT,0.03452125279692043
2022-09-02,Combined Risk Parity,WMT,0.030809539152697657
2022-10-04,Combined Risk Parity,WMT,0.030586645046149143
2022-11-02,Combined Risk Parity,WMT,0.03039388626263173
2022-12-02,Combined Risk Parity,WMT,0.030570019695081132
2023-01-04,Combined Risk Parity,WMT,0.02905023621641356
2023-02-03,Combined Risk Parity,WMT,0.027806278727428878
2023-03-07,Combined Risk Parity,WMT,0.028395665570196828
2023-04-05,Combined Risk Parity,WMT,0.029803527689805872
2023-05-05,Combined Risk Parity,WMT,0.030806045565417047
2023-06-06,Combined Risk Parity,WMT,0.0313652696127081
2023-07-07,Combined Risk Parity,WMT,0.031571357587246565
2023-08-07,Combined Risk Parity,WMT,0.03322951420638166
2023-09-06,Combined Risk Parity,WMT,0.03204429360465427
2023-10-05,Combined Risk Parity,WMT,0.032826891788746766
2023-11-03,Combined Risk Parity,WMT,0.034758023787890016
2023-12-05,Combined Risk Parity,WMT,0.035432480625936534
2021-01-04,Combined Risk Parity,XLM-USD,0.008251579387401545
2021-02-03,Combined Risk Parity,XLM-USD,0.006379802252957315
2021-03-05,Combined Risk Parity,XLM-USD,0.006228760323121035
2021-04-06,Combined Risk Parity,XLM-USD,0.006188108597093762
2021-05-05,Combined Risk Parity,XLM-USD,0.005998819880870657
2021-06-04,Combined Risk Parity,XLM-USD,0.004961662529516743
2021-07-06,Combined Risk Parity,XLM-USD,0.0049611549729754
2021-08-04,Combined Risk Parity,XLM-USD,0.004943078203822641
2021-09-02,Combined Risk Parity,XLM-USD,0.00478815973743745
2021-10-04,Combined Risk Parity,XLM-USD,0.004465720447089582
2021-11-02,Combined Risk Parity,XLM-USD,0.00452690714236281
2021-12-02,Combined Risk Parity,XLM-USD,0.004875812928626313
2022-01-03,Combined Risk Parity,XLM-USD,0.004902380835423917
2022-02-02,Combined Risk Parity,XLM-USD,0.004871928455276686
2022-03-04,Combined Risk Parity,XLM-USD,0.005286530773644785
2022-04-04,Combined Risk Parity,XLM-USD,0.005518631795327125
2022-05-04,Combined Risk Parity,XLM-USD,0.006084791900756694
2022-06-03,Combined Risk Parity,XLM-USD,0.006055778256869704
2022-07-06,Combined Risk Parity,XLM-USD,0.0065284160480547256
2022-08-04,Combined Risk Parity,XLM-USD,0.006513696316680509
2022-09-02,Combined Risk Parity,XLM-USD,0.006772375462430742
2022-10-04,Combined Risk Parity,XLM-USD,0.007974642421385762
2022-11-02,Combined Risk Parity,XLM-USD,0.009426048041040361
2022-12-02,Combined Risk Parity,XLM-USD,0.008181734137279883
2023-01-04,Combined Risk Parity,XLM-USD,0.008377295126143379
2023-02-03,Combined Risk Parity,XLM-USD,0.008324670633585576
2023-03-07,Combined Risk Parity,XLM-USD,0.008518284994470998
2023-04-05,Combined Risk Parity,XLM-USD,0.008165235318841809
2023-05-05,Combined Risk Parity,XLM-USD,0.008484559715093484
2023-06-06,Combined Risk Parity,XLM-USD,0.008886978607416551
2023-07-07,Combined Risk Parity,XLM-USD,0.008684192272621119
2023-08-07,Combined Risk Parity,XLM-USD,0.006055818582390978
2023-09-06,Combined Risk Parity,XLM-USD,0.0058659266497517034
2023-10-05,Combined Risk Parity,XLM-USD,0.006239033170492526
2023-11-03,Combined Risk Parity,XLM-USD,0.007117251884203889
2023-12-05,Combined Risk Parity,XLM-USD,0.007238631225574814
2021-01-04,Combined Risk Parity,XOM,0.013461921221494777
2021-02-03,Combined Risk Parity,XOM,0.013571931975650717
2021-03-05,Combined Risk Parity,XOM,0.013674202033483525
2021-04-06,Combined Risk Parity,XOM,0.01386038655154079
2021-05-05,Combined Risk Parity,XOM,0.013997733290550462
2021-06-04,Combined Risk Parity,XOM,0.01421517071107387
2021-07-06,Combined Risk Parity,XOM,0.01434477277912088
2021-08-04,Combined Risk Parity,XOM,0.013754334182880351
2021-09-02,Combined Risk Parity,XOM,0.013554355684139981
2021-10-04,Combined Risk Parity,XOM,0.013446622950076552
2021-11-02,Combined Risk Parity,XOM,0.01364704701119097
2021-12-02,Combined Risk Parity,XOM,0.013496424104237683
2022-01-03,Combined Risk Parity,XOM,0.01362988361478126
2022-02-02,Combined Risk Parity,XOM,0.014254180810667785
2022-03-04,Combined Risk Parity,XOM,0.015894479325952428
2022-04-04,Combined Risk Parity,XOM,0.018956285346794187
2022-05-04,Combined Risk Parity,XOM,0.018862757228291147
2022-06-03,Combined Risk Parity,XOM,0.017253303543099292
2022-07-06,Combined Risk Parity,XOM,0.016744734132038027
2022-08-04,Combined Risk Parity,XOM,0.016579503422661485
2022-09-02,Combined Risk Parity,XOM,0.017275605312109206
2022-10-04,Combined Risk Parity,XOM,0.01714975697421024
2022-11-02,Combined Risk Parity,XOM,0.018296293076966716
2022-12-02,Combined Risk Parity,XOM,0.018824630311022536
2023-01-04,Combined Risk Parity,XOM,0.018472880243002157
2023-02-03,Combined Risk Parity,XOM,0.018484528759747685
2023-03-07,Combined Risk Parity,XOM,0.019041082906810895
2023-04-05,Combined Risk Parity,XOM,0.018080731238358592
2023-05-05,Combined Risk Parity,XOM,0.017357604943814248
2023-06-06,Combined Risk Parity,XOM,0.01708522281819302
2023-07-07,Combined Risk Parity,XOM,0.01664607930676957
2023-08-07,Combined Risk Parity,XOM,0.01731253818031326
2023-09-06,Combined Risk Parity,XOM,0.017987362117698816
2023-10-05,Combined Risk Parity,XOM,0.01826686998977009
2023-11-03,Combined Risk Parity,XOM,0.0193717338685307
2023-12-05,Combined Risk Parity,XOM,0.02043244037384828
2021-01-04,Combined Risk Parity,XRP-USD,0.0085839841089363
2021-02-03,Combined Risk Parity,XRP-USD,0.008658141886506881
2021-03-05,Combined Risk Parity,XRP-USD,0.008229643524577232
2021-04-06,Combined Risk Parity,XRP-USD,0.007445055478630815
2021-05-05,Combined Risk Parity,XRP-USD,0.006791077451802969
2021-06-04,Combined Risk Parity,XRP-USD,0.005465179859195723
2021-07-06,Combined Risk Parity,XRP-USD,0.005435265563533622
2021-08-04,Combined Risk Parity,XRP-USD,0.005413144334608957
2021-09-02,Combined Risk Parity,XRP-USD,0.005071974005775027
2021-10-04,Combined Risk Parity,XRP-USD,0.004663481631956879
2021-11-02,Combined Risk Parity,XRP-USD,0.004702111257643247
2021-12-02,Combined Risk Parity,XRP-USD,0.00479210045124126
2022-01-03,Combined Risk Parity,XRP-USD,0.005096724570473136
2022-02-02,Combined Risk Parity,XRP-USD,0.00516874049428264
2022-03-04,Combined Risk Parity,XRP-USD,0.00510156065690042
2022-04-04,Combined Risk Parity,XRP-USD,0.005530132206071737
2022-05-04,Combined Risk Parity,XRP-USD,0.0059910731594605676
2022-06-03,Combined Risk Parity,XRP-USD,0.005951633559804362
2022-07-06,Combined Risk Parity,XRP-USD,0.006369357068645299
2022-08-04,Combined Risk Parity,XRP-USD,0.006477415757442178
2022-09-02,Combined Risk Parity,XRP-USD,0.006841162714596994
2022-10-04,Combined Risk Parity,XRP-USD,0.007943405645052023
2022-11-02,Combined Risk Parity,XRP-USD,0.009235515661479841
2022-12-02,Combined Risk Parity,XRP-USD,0.00779848196127159
2023-01-04,Combined Risk Parity,XRP-USD,0.008064303690583759
2023-02-03,Combined Risk Parity,XRP-USD,0.008066949633190355
2023-03-07,Combined Risk Parity,XRP-USD,0.008178207157160569
2023-04-05,Combined Risk Parity,XRP-USD,0.007880238417089062
2023-05-05,Combined Risk Parity,XRP-USD,0.008036437687265967
2023-06-06,Combined Risk Parity,XRP-USD,0.008258066410002566
2023-07-07,Combined Risk Parity,XRP-USD,0.008452664255411102
2023-08-07,Combined Risk Parity,XRP-USD,0.005897257224140541
2023-09-06,Combined Risk Parity,XRP-USD,0.0058371234240367385
2023-10-05,Combined Risk Parity,XRP-USD,0.0062088626535938855
2023-11-03,Combined Risk Parity,XRP-USD,0.006771685196234103
2023-12-05,Combined Risk Parity,XRP-USD,0.007127755604358911
2021-01-04,Combined Min-CVaR,ABBV,0.08085479148006688
2021-02-03,Combined Min-CVaR,ABBV,0.08085479148006555
2021-03-05,Combined Min-CVaR,ABBV,0.0380158320277188
2021-04-06,Combined Min-CVaR,ABBV,0.07995497306359943
2021-05-05,Combined Min-CVaR,ABBV,0.07042327405423338
2021-06-04,Combined Min-CVaR,ABBV,0.07939187818724457
2021-07-06,Combined Min-CVaR,ABBV,0.09364147614584241
2021-08-04,Combined Min-CVaR,ABBV,0.1
2021-09-02,Combined Min-CVaR,ABBV,0.1
2021-10-04,Combined Min-CVaR,ABBV,0.1
2021-11-02,Combined Min-CVaR,ABBV,0.1
2021-12-02,Combined Min-CVaR,ABBV,0.1
2022-01-03,Combined Min-CVaR,ABBV,0.09935483180322484
2022-02-02,Combined Min-CVaR,ABBV,0.1
2022-03-04,Combined Min-CVaR,ABBV,0.1
2022-04-04,Combined Min-CVaR,ABBV,0.1
2022-05-04,Combined Min-CVaR,ABBV,0.1
2022-06-03,Combined Min-CVaR,ABBV,0.1
2022-07-06,Combined Min-CVaR,ABBV,0.1
2022-08-04,Combined Min-CVaR,ABBV,0.1
2022-09-02,Combined Min-CVaR,ABBV,0.1
2022-10-04,Combined Min-CVaR,ABBV,0.09541331824461079
2022-11-02,Combined Min-CVaR,ABBV,0.09709188448958743
2022-12-02,Combined Min-CVaR,ABBV,0.09612530350441731
2023-01-04,Combined Min-CVaR,ABBV,0.1
2023-02-03,Combined Min-CVaR,ABBV,0.1
2023-03-07,Combined Min-CVaR,ABBV,0.09650760316686541
2023-04-05,Combined Min-CVaR,ABBV,0.09650760316571667
2023-05-05,Combined Min-CVaR,ABBV,0.09666434428545212
2023-06-06,Combined Min-CVaR,ABBV,0.09650760316686599
2023-07-07,Combined Min-CVaR,ABBV,0.09731084628329827
2023-08-07,Combined Min-CVaR,ABBV,0.09709471506226537
2023-09-06,Combined Min-CVaR,ABBV,0.1
2023-10-05,Combined Min-CVaR,ABBV,0.09335199193983564
2023-11-03,Combined Min-CVaR,ABBV,0.1
2023-12-05,Combined Min-CVaR,ABBV,0.1
2021-01-04,Combined Min-CVaR,ABT,0.0914205432224883
2021-02-03,Combined Min-CVaR,ABT,0.09142054322248741
2021-03-05,Combined Min-CVaR,ABT,0.06695638058344074
2021-07-06,Combined Min-CVaR,ABT,0.0028432834780458046
2021-08-04,Combined Min-CVaR,ABT,0.029438975337581344
2021-09-02,Combined Min-CVaR,ABT,0.029195044148339122
2021-10-04,Combined Min-CVaR,ABT,0.04378298721111682
2021-11-02,Combined Min-CVaR,ABT,0.04238339879311247
2021-12-02,Combined Min-CVaR,ABT,0.01806007513141499
2022-01-03,Combined Min-CVaR,ABT,0.02456658026714981
2022-06-03,Combined Min-CVaR,ABT,0.04220812127269787
2022-07-06,Combined Min-CVaR,ABT,0.04897927963239808
2022-08-04,Combined Min-CVaR,ABT,0.046268567038715534
2022-09-02,Combined Min-CVaR,ABT,0.005458262435305575
2022-10-04,Combined Min-CVaR,ABT,0.022220924827507586
2022-11-02,Combined Min-CVaR,ABT,0.02188640741457494
2022-12-02,Combined Min-CVaR,ABT,0.022612390401584113
2023-01-04,Combined Min-CVaR,ABT,0.01239994066806772
2023-02-03,Combined Min-CVaR,ABT,0.01869129669394624
2023-03-07,Combined Min-CVaR,ABT,0.0147832040495327
2023-04-05,Combined Min-CVaR,ABT,0.014783204048411007
2023-05-05,Combined Min-CVaR,ABT,0.025336094147146385
2023-06-06,Combined Min-CVaR,ABT,0.014783204049533146
2021-01-04,Combined Min-CVaR,AEP,0.026202462433375696
2021-02-03,Combined Min-CVaR,AEP,0.02620246243337613
2021-03-05,Combined Min-CVaR,AEP,0.025699206399103253
2021-04-06,Combined Min-CVaR,AEP,0.012923851769459052
2021-05-05,Combined Min-CVaR,AEP,0.07643783260678501
2021-06-04,Combined Min-CVaR,AEP,0.08453772183634056
2021-07-06,Combined Min-CVaR,AEP,0.08128247884783789
2021-08-04,Combined Min-CVaR,AEP,0.059259444968163835
2021-09-02,Combined Min-CVaR,AEP,0.06100287822595024
2021-10-04,Combined Min-CVaR,AEP,0.051657456855577884
2021-11-02,Combined Min-CVaR,AEP,0.03655034297966353
2021-12-02,Combined Min-CVaR,AEP,0.07301026553681605
2022-01-03,Combined Min-CVaR,AEP,0.0878001439871277
2022-02-02,Combined Min-CVaR,AEP,0.07691975076823795
2022-03-04,Combined Min-CVaR,AEP,0.09391719438032622
2022-04-04,Combined Min-CVaR,AEP,0.09504951967479083
2022-05-04,Combined Min-CVaR,AEP,0.06926144384946886
2022-06-03,Combined Min-CVaR,AEP,0.07709854805068013
2022-07-06,Combined Min-CVaR,AEP,0.07662087979155731
2022-08-04,Combined Min-CVaR,AEP,0.08092117426941947
2022-09-02,Combined Min-CVaR,AEP,0.061895107237327794
2022-10-04,Combined Min-CVaR,AEP,0.07021693964062353
2022-11-02,Combined Min-CVaR,AEP,0.06931764422236336
2022-12-02,Combined Min-CVaR,AEP,0.06951290718074316
2023-01-04,Combined Min-CVaR,AEP,0.06653352261318388
2023-02-03,Combined Min-CVaR,AEP,0.06463729890054246
2023-03-07,Combined Min-CVaR,AEP,0.06582640538811811
2023-04-05,Combined Min-CVaR,AEP,0.06582640538791648
2023-05-05,Combined Min-CVaR,AEP,0.06341737464669693
2023-06-06,Combined Min-CVaR,AEP,0.06582640538812003
2023-07-07,Combined Min-CVaR,AEP,0.05977885795987661
2023-08-07,Combined Min-CVaR,AEP,0.05760407067834106
2023-09-06,Combined Min-CVaR,AEP,0.04696073229134474
2023-10-05,Combined Min-CVaR,AEP,0.0436021910287307
2023-11-03,Combined Min-CVaR,AEP,0.03993061630286017
2023-12-05,Combined Min-CVaR,AEP,0.0387570002258253
2021-01-04,Combined Min-CVaR,AMGN,0.06413967475058532
2021-02-03,Combined Min-CVaR,AMGN,0.06413967475058739
2021-03-05,Combined Min-CVaR,AMGN,0.061385602953151104
2021-04-06,Combined Min-CVaR,AMGN,0.059387893479486746
2021-05-05,Combined Min-CVaR,AMGN,0.019434004056024384
2021-06-04,Combined Min-CVaR,AMGN,0.0060640563369202365
2021-08-04,Combined Min-CVaR,AMGN,0.0012407267638249754
2022-05-04,Combined Min-CVaR,AMGN,0.010601428747259865
2022-06-03,Combined Min-CVaR,AMGN,0.03090719973307587
2022-07-06,Combined Min-CVaR,AMGN,0.04322913741693004
2022-08-04,Combined Min-CVaR,AMGN,0.04288010931704885
2022-09-02,Combined Min-CVaR,AMGN,0.02310377761980629
2022-10-04,Combined Min-CVaR,AMGN,0.045249826497394924
2022-11-02,Combined Min-CVaR,AMGN,0.04947364378185876
2022-12-02,Combined Min-CVaR,AMGN,0.04896180243720908
2023-01-04,Combined Min-CVaR,AMGN,0.04769410355947706
2023-02-03,Combined Min-CVaR,AMGN,0.03812032935145837
2023-03-07,Combined Min-CVaR,AMGN,0.042853016115636855
2023-04-05,Combined Min-CVaR,AMGN,0.0428530161162347
2023-05-05,Combined Min-CVaR,AMGN,0.03671669306504966
2023-06-06,Combined Min-CVaR,AMGN,0.04285301611563799
2023-07-07,Combined Min-CVaR,AMGN,0.0398867920002835
2023-08-07,Combined Min-CVaR,AMGN,0.03628713527288562
2023-09-06,Combined Min-CVaR,AMGN,0.02797403718282186
2023-10-05,Combined Min-CVaR,AMGN,0.028683710603497718
2023-11-03,Combined Min-CVaR,AMGN,0.0262395925213667
2023-12-05,Combined Min-CVaR,AMGN,0.04145989080830441
2022-06-03,Combined Min-CVaR,D,0.018517474072656137
2022-09-02,Combined Min-CVaR,D,0.031547818165100584
2023-08-07,Combined Min-CVaR,D,0.0060901416842928865
2023-09-06,Combined Min-CVaR,D,0.020603710270331317
2023-10-05,Combined Min-CVaR,D,0.028486820414172928
2023-11-03,Combined Min-CVaR,D,0.02903828121468321
2023-12-05,Combined Min-CVaR,D,0.021216666599457926
2021-01-04,Combined Min-CVaR,EA,0.1
2021-02-03,Combined Min-CVaR,EA,0.1
2021-03-05,Combined Min-CVaR,EA,0.09636365264566327
2021-04-06,Combined Min-CVaR,EA,0.08980243373422464
2021-05-05,Combined Min-CVaR,EA,0.07133961397533646
2021-06-04,Combined Min-CVaR,EA,0.07954232153082634
2021-07-06,Combined Min-CVaR,EA,0.09313001411190118
2021-08-04,Combined Min-CVaR,EA,0.07444437457256542
2021-09-02,Combined Min-CVaR,EA,0.07607497245530136
2021-10-04,Combined Min-CVaR,EA,0.05774355954910465
2021-11-02,Combined Min-CVaR,EA,0.06804562176555605
2021-12-02,Combined Min-CVaR,EA,0.09491351274114929
2022-01-03,Combined Min-CVaR,EA,0.09585652039792616
2022-02-02,Combined Min-CVaR,EA,0.0708372093762554
2022-03-04,Combined Min-CVaR,EA,0.07974921840255714
2022-04-04,Combined Min-CVaR,EA,0.07687162951559368
2022-05-04,Combined Min-CVaR,EA,0.06435866332443496
2022-06-03,Combined Min-CVaR,EA,0.07624210066815584
2022-07-06,Combined Min-CVaR,EA,0.06686231490087084
2022-08-04,Combined Min-CVaR,EA,0.06978691627711105
2022-09-02,Combined Min-CVaR,EA,0.1
2022-10-04,Combined Min-CVaR,EA,0.1
2022-11-02,Combined Min-CVaR,EA,0.1
2022-12-02,Combined Min-CVaR,EA,0.1
2023-01-04,Combined Min-CVaR,EA,0.1
2023-02-03,Combined Min-CVaR,EA,0.1
2023-03-07,Combined Min-CVaR,EA,0.1
2023-04-05,Combined Min-CVaR,EA,0.1
2023-05-05,Combined Min-CVaR,EA,0.1
2023-06-06,Combined Min-CVaR,EA,0.1
2023-07-07,Combined Min-CVaR,EA,0.1
2023-08-07,Combined Min-CVaR,EA,0.1
2023-09-06,Combined Min-CVaR,EA,0.1
2023-10-05,Combined Min-CVaR,EA,0.1
2023-11-03,Combined Min-CVaR,EA,0.1
2023-12-05,Combined Min-CVaR,EA,0.1
2021-01-04,Combined Min-CVaR,GILD,0.1
2021-02-03,Combined Min-CVaR,GILD,0.1
2021-03-05,Combined Min-CVaR,GILD,0.1
2021-04-06,Combined Min-CVaR,GILD,0.1
2021-05-05,Combined Min-CVaR,GILD,0.1
2021-06-04,Combined Min-CVaR,GILD,0.1
2021-07-06,Combined Min-CVaR,GILD,0.1
2021-08-04,Combined Min-CVaR,GILD,0.1
2021-09-02,Combined Min-CVaR,GILD,0.1
2021-10-04,Combined Min-CVaR,GILD,0.1
2021-11-02,Combined Min-CVaR,GILD,0.1
2021-12-02,Combined Min-CVaR,GILD,0.1
2022-01-03,Combined Min-CVaR,GILD,0.1
2022-02-02,Combined Min-CVaR,GILD,0.1
2022-03-04,Combined Min-CVaR,GILD,0.1
2022-04-04,Combined Min-CVaR,GILD,0.1
2022-05-04,Combined Min-CVaR,GILD,0.1
2022-06-03,Combined Min-CVaR,GILD,0.1
2022-07-06,Combined Min-CVaR,GILD,0.1
2022-08-04,Combined Min-CVaR,GILD,0.1
2022-09-02,Combined Min-CVaR,GILD,0.1
2022-10-04,Combined Min-CVaR,GILD,0.1
2022-11-02,Combined Min-CVaR,GILD,0.1
2022-12-02,Combined Min-CVaR,GILD,0.1
2023-01-04,Combined Min-CVaR,GILD,0.1
2023-02-03,Combined Min-CVaR,GILD,0.1
2023-03-07,Combined Min-CVaR,GILD,0.1
2023-04-05,Combined Min-CVaR,GILD,0.1
2023-05-05,Combined Min-CVaR,GILD,0.1
2023-06-06,Combined Min-CVaR,GILD,0.1
2023-07-07,Combined Min-CVaR,GILD,0.1
2023-08-07,Combined Min-CVaR,GILD,0.1
2023-09-06,Combined Min-CVaR,GILD,0.1
2023-10-05,Combined Min-CVaR,GILD,0.1
2023-11-03,Combined Min-CVaR,GILD,0.1
2023-12-05,Combined Min-CVaR,GILD,0.1
2023-08-07,Combined Min-CVaR,KO,0.0002285077916986567
2023-11-03,Combined Min-CVaR,KO,0.0018954290727663842
2023-12-05,Combined Min-CVaR,KO,0.019397371923362383
2021-01-04,Combined Min-CVaR,MMM,0.1
2021-02-03,Combined Min-CVaR,MMM,0.1
2021-03-05,Combined Min-CVaR,MMM,0.1
2021-04-06,Combined Min-CVaR,MMM,0.1
2021-05-05,Combined Min-CVaR,MMM,0.1
2021-06-04,Combined Min-CVaR,MMM,0.1
2021-07-06,Combined Min-CVaR,MMM,0.1
2021-08-04,Combined Min-CVaR,MMM,0.1
2021-09-02,Combined Min-CVaR,MMM,0.1
2021-10-04,Combined Min-CVaR,MMM,0.1
2021-11-02,Combined Min-CVaR,MMM,0.1
2021-12-02,Combined Min-CVaR,MMM,0.1
2022-01-03,Combined Min-CVaR,MMM,0.1
2022-02-02,Combined Min-CVaR,MMM,0.1
2022-03-04,Combined Min-CVaR,MMM,0.1
2022-04-04,Combined Min-CVaR,MMM,0.1
2022-05-04,Combined Min-CVaR,MMM,0.1
2022-06-03,Combined Min-CVaR,MMM,0.1
2022-07-06,Combined Min-CVaR,MMM,0.1
2022-08-04,Combined Min-CVaR,MMM,0.1
2022-09-02,Combined Min-CVaR,MMM,0.09487500517802319
2022-10-04,Combined Min-CVaR,MMM,0.09520028322103828
2022-11-02,Combined Min-CVaR,MMM,0.09710624633225357
2022-12-02,Combined Min-CVaR,MMM,0.09621250437109402
2023-01-04,Combined Min-CVaR,MMM,0.1
2023-02-03,Combined Min-CVaR,MMM,0.0952975436119593
2023-03-07,Combined Min-CVaR,MMM,0.0873407863301943
2023-04-05,Combined Min-CVaR,MMM,0.08734078632975117
2023-05-05,Combined Min-CVaR,MMM,0.09210518416654005
2023-06-06,Combined Min-CVaR,MMM,0.08734078633019422
2023-07-07,Combined Min-CVaR,MMM,0.0865800503242337
2023-08-07,Combined Min-CVaR,MMM,0.08488918999904302
2023-09-06,Combined Min-CVaR,MMM,0.08903293266521259
2023-10-05,Combined Min-CVaR,MMM,0.08874994899202747
2023-11-03,Combined Min-CVaR,MMM,0.09198044080614072
2023-12-05,Combined Min-CVaR,MMM,0.09129916912450779
2021-01-04,Combined Min-CVaR,MRK,0.1
2021-02-03,Combined Min-CVaR,MRK,0.1
2021-03-05,Combined Min-CVaR,MRK,0.1
2021-04-06,Combined Min-CVaR,MRK,0.1
2021-05-05,Combined Min-CVaR,MRK,0.1
2021-06-04,Combined Min-CVaR,MRK,0.1
2021-07-06,Combined Min-CVaR,MRK,0.1
2021-08-04,Combined Min-CVaR,MRK,0.1
2021-09-02,Combined Min-CVaR,MRK,0.1
2021-10-04,Combined Min-CVaR,MRK,0.1
2021-11-02,Combined Min-CVaR,MRK,0.1
2021-12-02,Combined Min-CVaR,MRK,0.1
2022-01-03,Combined Min-CVaR,MRK,0.1
2022-02-02,Combined Min-CVaR,MRK,0.09616781275458161
2022-03-04,Combined Min-CVaR,MRK,0.09716734871045021
2022-04-04,Combined Min-CVaR,MRK,0.09891554994267264
2022-05-04,Combined Min-CVaR,MRK,0.1
2022-06-03,Combined Min-CVaR,MRK,0.1
2022-07-06,Combined Min-CVaR,MRK,0.1
2022-08-04,Combined Min-CVaR,MRK,0.1
2022-09-02,Combined Min-CVaR,MRK,0.1
2022-10-04,Combined Min-CVaR,MRK,0.1
2022-11-02,Combined Min-CVaR,MRK,0.1
2022-12-02,Combined Min-CVaR,MRK,0.1
2023-01-04,Combined Min-CVaR,MRK,0.1
2023-02-03,Combined Min-CVaR,MRK,0.1
2023-03-07,Combined Min-CVaR,MRK,0.1
2023-04-05,Combined Min-CVaR,MRK,0.1
2023-05-05,Combined Min-CVaR,MRK,0.1
2023-06-06,Combined Min-CVaR,MRK,0.1
2023-07-07,Combined Min-CVaR,MRK,0.1
2023-08-07,Combined Min-CVaR,MRK,0.1
2023-09-06,Combined Min-CVaR,MRK,0.1
2023-10-05,Combined Min-CVaR,MRK,0.1
2023-11-03,Combined Min-CVaR,MRK,0.1
2023-12-05,Combined Min-CVaR,MRK,0.1
2021-01-04,Combined Min-CVaR,NEM,0.1
2021-02-03,Combined Min-CVaR,NEM,0.1
2021-03-05,Combined Min-CVaR,NEM,0.1
2021-04-06,Combined Min-CVaR,NEM,0.1
2021-05-05,Combined Min-CVaR,NEM,0.09354825342979631
2021-06-04,Combined Min-CVaR,NEM,0.07777050856280943
2021-07-06,Combined Min-CVaR,NEM,0.06322276490259589
2021-08-04,Combined Min-CVaR,NEM,0.05265187393511263
2021-09-02,Combined Min-CVaR,NEM,0.051332104053673146
2021-10-04,Combined Min-CVaR,NEM,0.04449256536432497
2021-11-02,Combined Min-CVaR,NEM,0.04791842244309562
2021-12-02,Combined Min-CVaR,NEM,0.052453619712455594
2022-01-03,Combined Min-CVaR,NEM,0.05250449765707041
2022-02-02,Combined Min-CVaR,NEM,0.05045056519545951
2022-03-04,Combined Min-CVaR,NEM,0.040658217250204395
2022-04-04,Combined Min-CVaR,NEM,0.04162968632461736
2022-05-04,Combined Min-CVaR,NEM,0.040135817911291775
2022-06-03,Combined Min-CVaR,NEM,0.04962840560059524
2022-07-06,Combined Min-CVaR,NEM,0.053576513396914126
2022-08-04,Combined Min-CVaR,NEM,0.05118000644097571
2022-09-02,Combined Min-CVaR,NEM,0.03442092358451579
2022-10-04,Combined Min-CVaR,NEM,0.04085994818886745
2022-11-02,Combined Min-CVaR,NEM,0.04256117907424527
2022-12-02,Combined Min-CVaR,NEM,0.04145099771200406
2023-01-04,Combined Min-CVaR,NEM,0.041383736023757105
2023-02-03,Combined Min-CVaR,NEM,0.03761497753684699
2023-03-07,Combined Min-CVaR,NEM,0.03540012803650653
2023-04-05,Combined Min-CVaR,NEM,0.035400128036230084
2023-05-05,Combined Min-CVaR,NEM,0.03875690272305196
2023-06-06,Combined Min-CVaR,NEM,0.03540012803650625
2023-07-07,Combined Min-CVaR,NEM,0.03402042119934656
2023-08-07,Combined Min-CVaR,NEM,0.03287119400652512
2023-09-06,Combined Min-CVaR,NEM,0.03680603967051631
2023-10-05,Combined Min-CVaR,NEM,0.037047917180176144
2023-11-03,Combined Min-CVaR,NEM,0.04043136253888561
2023-12-05,Combined Min-CVaR,NEM,0.04192404346835569
2021-07-06,Combined Min-CVaR,NKE,0.005064196507804887
2021-08-04,Combined Min-CVaR,NKE,0.00550756937893598
2021-09-02,Combined Min-CVaR,NKE,0.00863988509737291
2021-10-04,Combined Min-CVaR,NKE,0.007681059339320872
2021-11-02,Combined Min-CVaR,NKE,0.014022023486290227
2021-12-02,Combined Min-CVaR,NKE,0.011159582404932354
2022-01-03,Combined Min-CVaR,NKE,0.013599788371234022
2022-02-02,Combined Min-CVaR,NKE,0.03737367954578705
2022-03-04,Combined Min-CVaR,NKE,0.06437106197748316
2022-04-04,Combined Min-CVaR,NKE,0.06414013108069905
2022-05-04,Combined Min-CVaR,NKE,0.03292549665211081
2022-06-03,Combined Min-CVaR,NKE,0.011161102530327649
2022-08-04,Combined Min-CVaR,NKE,0.004769691583861498
2021-01-04,Combined Min-CVaR,PSA,0.011002667798168688
2021-02-03,Combined Min-CVaR,PSA,0.011002667798167403
2021-03-05,Combined Min-CVaR,PSA,0.04570220820726747
2021-04-06,Combined Min-CVaR,PSA,0.07447763214910613
2021-05-05,Combined Min-CVaR,PSA,0.05938149473145277
2021-06-04,Combined Min-CVaR,PSA,0.06434302514334489
2021-07-06,Combined Min-CVaR,PSA,0.07682816508691251
2021-08-04,Combined Min-CVaR,PSA,0.08713739340543833
2021-09-02,Combined Min-CVaR,PSA,0.08627824860692461
2021-10-04,Combined Min-CVaR,PSA,0.08244761028529533
2021-11-02,Combined Min-CVaR,PSA,0.08628507651137232
2021-12-02,Combined Min-CVaR,PSA,0.08147753996765768
2022-01-03,Combined Min-CVaR,PSA,0.07201321995295627
2022-02-02,Combined Min-CVaR,PSA,0.1
2022-03-04,Combined Min-CVaR,PSA,0.08406976346893853
2022-04-04,Combined Min-CVaR,PSA,0.08383509214486638
2022-05-04,Combined Min-CVaR,PSA,0.05999567146036937
2022-06-03,Combined Min-CVaR,PSA,0.028582813015907454
2022-07-06,Combined Min-CVaR,PSA,0.0480871600044974
2022-08-04,Combined Min-CVaR,PSA,0.044583040610906836
2022-09-02,Combined Min-CVaR,PSA,0.06726010053771232
2022-10-04,Combined Min-CVaR,PSA,0.06157430593010532
2022-11-02,Combined Min-CVaR,PSA,0.0608442495118192
2022-12-02,Combined Min-CVaR,PSA,0.06067225519457127
2023-01-04,Combined Min-CVaR,PSA,0.06817178665188423
2023-02-03,Combined Min-CVaR,PSA,0.07015292497350294
2023-03-07,Combined Min-CVaR,PSA,0.07039712239637132
2023-04-05,Combined Min-CVaR,PSA,0.07039712239794145
2023-05-05,Combined Min-CVaR,PSA,0.0698176181626473
2023-06-06,Combined Min-CVaR,PSA,0.07039712239637179
2023-07-07,Combined Min-CVaR,PSA,0.07740196072586938
2023-08-07,Combined Min-CVaR,PSA,0.07724015285773425
2023-09-06,Combined Min-CVaR,PSA,0.07766547519427715
2023-10-05,Combined Min-CVaR,PSA,0.07679360298788727
2023-11-03,Combined Min-CVaR,PSA,0.07420595610473806
2023-12-05,Combined Min-CVaR,PSA,0.07750929221110381
2022-05-04,Combined Min-CVaR,SHW,0.056742004976774015
2022-06-03,Combined Min-CVaR,SHW,0.04315276025194762
2022-07-06,Combined Min-CVaR,SHW,0.03294543753057463
2022-08-04,Combined Min-CVaR,SHW,0.036194126465054356
2022-09-02,Combined Min-CVaR,SHW,0.0351114628841933
2022-10-04,Combined Min-CVaR,SHW,0.010480343956747474
2022-11-02,Combined Min-CVaR,SHW,0.008602716079500883
2022-12-02,Combined Min-CVaR,SHW,0.009922009276699496
2023-01-04,Combined Min-CVaR,SHW,0.0044044765881068966
2023-02-03,Combined Min-CVaR,SHW,0.0062221700993502745
2023-03-07,Combined Min-CVaR,SHW,0.01190832703515201
2023-04-05,Combined Min-CVaR,SHW,0.01190832703530376
2023-05-05,Combined Min-CVaR,SHW,0.010694835094391248
2023-06-06,Combined Min-CVaR,SHW,0.01190832703515153
2023-07-07,Combined Min-CVaR,SHW,0.009321094910153758
2023-08-07,Combined Min-CVaR,SHW,0.013337428005298939
2023-09-06,Combined Min-CVaR,SHW,0.017532465451301067
2023-10-05,Combined Min-CVaR,SHW,0.023395867890418382
2023-11-03,Combined Min-CVaR,SHW,0.02093126142188147
2023-12-05,Combined Min-CVaR,SHW,0.01953693526637873
2021-06-04,Combined Min-CVaR,T,0.004321392706422173
2021-07-06,Combined Min-CVaR,T,0.0038811573843653604
2021-08-04,Combined Min-CVaR,T,0.01988058393288767
2021-09-02,Combined Min-CVaR,T,0.019232647359564974
2021-10-04,Combined Min-CVaR,T,0.036425781665857984
2021-11-02,Combined Min-CVaR,T,0.04209241103276521
2021-12-02,Combined Min-CVaR,T,0.014443695932001064
2022-01-03,Combined Min-CVaR,T,0.012334654913285567
2022-02-02,Combined Min-CVaR,T,0.03297664611798171
2022-03-04,Combined Min-CVaR,T,0.014670548870837354
2022-04-04,Combined Min-CVaR,T,0.012473232953086872
2022-05-04,Combined Min-CVaR,T,0.05302150670392916
2022-06-03,Combined Min-CVaR,T,0.02250147480395624
2022-07-06,Combined Min-CVaR,T,0.029699277326257642
2022-08-04,Combined Min-CVaR,T,0.023416367996906582
2022-09-02,Combined Min-CVaR,T,0.046327542358015
2022-10-04,Combined Min-CVaR,T,0.05411046817329074
2022-11-02,Combined Min-CVaR,T,0.0531160290937965
2022-12-02,Combined Min-CVaR,T,0.05452982992167627
2023-01-04,Combined Min-CVaR,T,0.055087176140533066
2023-02-03,Combined Min-CVaR,T,0.05459720879237737
2023-03-07,Combined Min-CVaR,T,0.06394245854573358
2023-04-05,Combined Min-CVaR,T,0.06394245854684165
2023-05-05,Combined Min-CVaR,T,0.057295411137186114
2023-06-06,Combined Min-CVaR,T,0.06394245854573147
2023-07-07,Combined Min-CVaR,T,0.07631394888785283
2023-08-07,Combined Min-CVaR,T,0.0759392861493699
2023-09-06,Combined Min-CVaR,T,0.06973751319100434
2023-10-05,Combined Min-CVaR,T,0.06671445558510686
2023-11-03,Combined Min-CVaR,T,0.06505841284724004
2023-12-05,Combined Min-CVaR,T,0.050313552402507865
2021-01-04,Combined Min-CVaR,TRX-USD,0.02637986031531519
2021-02-03,Combined Min-CVaR,TRX-USD,0.026379860315315227
2021-03-05,Combined Min-CVaR,TRX-USD,0.03005296188500588
2021-04-06,Combined Min-CVaR,TRX-USD,0.028639658146427886
2021-05-05,Combined Min-CVaR,TRX-USD,0.03028407148634646
2021-06-04,Combined Min-CVaR,TRX-USD,0.03054223106473975
2021-07-06,Combined Min-CVaR,TRX-USD,0.03089215921339572
2021-08-04,Combined Min-CVaR,TRX-USD,0.02997113704029157
2021-09-02,Combined Min-CVaR,TRX-USD,0.0292317789053087
2021-10-04,Combined Min-CVaR,TRX-USD,0.015709761837245817
2021-11-02,Combined Min-CVaR,TRX-USD,0.015219688824973753
2021-12-02,Combined Min-CVaR,TRX-USD,0.00889805438542314
2022-01-03,Combined Min-CVaR,TRX-USD,0.005373762727870148
2022-02-02,Combined Min-CVaR,TRX-USD,1.1200692640048946e-05
2022-03-04,Combined Min-CVaR,TRX-USD,0.00044039512264884827
2022-04-04,Combined Min-CVaR,TRX-USD,0.0011882825778467808
2022-05-04,Combined Min-CVaR,TRX-USD,0.012957966374361567
2021-01-04,Combined Min-CVaR,TTWO,0.1
2021-02-03,Combined Min-CVaR,TTWO,0.1
2021-03-05,Combined Min-CVaR,TTWO,0.1
2021-04-06,Combined Min-CVaR,TTWO,0.1
2021-05-05,Combined Min-CVaR,TTWO,0.1
2021-06-04,Combined Min-CVaR,TTWO,0.1
2021-07-06,Combined Min-CVaR,TTWO,0.1
2021-08-04,Combined Min-CVaR,TTWO,0.09608416368169878
2021-09-02,Combined Min-CVaR,TTWO,0.09659067297078458
2021-10-04,Combined Min-CVaR,TTWO,0.1
2021-11-02,Combined Min-CVaR,TTWO,0.1
2021-12-02,Combined Min-CVaR,TTWO,0.1
2022-01-03,Combined Min-CVaR,TTWO,0.1
2022-02-02,Combined Min-CVaR,TTWO,0.1
2022-03-04,Combined Min-CVaR,TTWO,0.1
2022-04-04,Combined Min-CVaR,TTWO,0.1
2022-05-04,Combined Min-CVaR,TTWO,0.1
2022-06-03,Combined Min-CVaR,TTWO,0.1
2022-07-06,Combined Min-CVaR,TTWO,0.1
2022-08-04,Combined Min-CVaR,TTWO,0.1
2022-09-02,Combined Min-CVaR,TTWO,0.1
2022-10-04,Combined Min-CVaR,TTWO,0.1
2022-11-02,Combined Min-CVaR,TTWO,0.1
2022-12-02,Combined Min-CVaR,TTWO,0.1
2023-01-04,Combined Min-CVaR,TTWO,0.1
2023-02-03,Combined Min-CVaR,TTWO,0.1
2023-03-07,Combined Min-CVaR,TTWO,0.1
2023-04-05,Combined Min-CVaR,TTWO,0.1
2023-05-05,Combined Min-CVaR,TTWO,0.09151687015978345
2023-06-06,Combined Min-CVaR,TTWO,0.1
2023-07-07,Combined Min-CVaR,TTWO,0.1
2023-08-07,Combined Min-CVaR,TTWO,0.1
2023-09-06,Combined Min-CVaR,TTWO,0.08900355663503891
2023-10-05,Combined Min-CVaR,TTWO,0.08282035911742928
2023-11-03,Combined Min-CVaR,TTWO,0.08055591264012286
2023-12-05,Combined Min-CVaR,TTWO,0.07882190047154086
2021-03-05,Combined Min-CVaR,UPS,0.035824155298649525
2021-04-06,Combined Min-CVaR,UPS,0.05481355765769612
2021-05-05,Combined Min-CVaR,UPS,0.07915145566002446
2021-06-04,Combined Min-CVaR,UPS,0.07348686463135208
2021-07-06,Combined Min-CVaR,UPS,0.04921430432129838
2021-08-04,Combined Min-CVaR,UPS,0.0443837569834995
2021-09-02,Combined Min-CVaR,UPS,0.04242176817678023
2021-10-04,Combined Min-CVaR,UPS,0.060059217892156375
2021-11-02,Combined Min-CVaR,UPS,0.04748301416314722
2021-12-02,Combined Min-CVaR,UPS,0.04558365418814983
2022-01-03,Combined Min-CVaR,UPS,0.03659599992215506
2022-02-02,Combined Min-CVaR,UPS,0.035263135549056815
2022-03-04,Combined Min-CVaR,UPS,0.024956251816554368
2022-04-04,Combined Min-CVaR,UPS,0.02589687578582636
2022-10-04,Combined Min-CVaR,UPS,0.004673641319810954
2023-01-04,Combined Min-CVaR,UPS,0.004325257754990053
2023-02-03,Combined Min-CVaR,UPS,0.014666250039974201
2023-03-07,Combined Min-CVaR,UPS,0.011040948935888898
2023-04-05,Combined Min-CVaR,UPS,0.011040948936421158
2023-05-05,Combined Min-CVaR,UPS,0.01767867241205438
2023-06-06,Combined Min-CVaR,UPS,0.011040948935887435
2023-07-07,Combined Min-CVaR,UPS,0.019386027709085103
2023-08-07,Combined Min-CVaR,UPS,0.018418178492545154
2023-09-06,Combined Min-CVaR,UPS,0.024683537448151792
2023-10-05,Combined Min-CVaR,UPS,0.030353134260717517
2023-11-03,Combined Min-CVaR,UPS,0.02973273452931466
2023-12-05,Combined Min-CVaR,UPS,0.019764177498655267
2021-01-04,Combined Min-CVaR,WMT,0.1
2021-02-03,Combined Min-CVaR,WMT,0.1
2021-03-05,Combined Min-CVaR,WMT,0.1
2021-04-06,Combined Min-CVaR,WMT,0.1
2021-05-05,Combined Min-CVaR,WMT,0.1
2021-06-04,Combined Min-CVaR,WMT,0.1
2021-07-06,Combined Min-CVaR,WMT,0.1
2021-08-04,Combined Min-CVaR,WMT,0.1
2021-09-02,Combined Min-CVaR,WMT,0.1
2021-10-04,Combined Min-CVaR,WMT,0.1
2021-11-02,Combined Min-CVaR,WMT,0.1
2021-12-02,Combined Min-CVaR,WMT,0.1
2022-01-03,Combined Min-CVaR,WMT,0.1
2022-02-02,Combined Min-CVaR,WMT,0.1
2022-03-04,Combined Min-CVaR,WMT,0.1
2022-04-04,Combined Min-CVaR,WMT,0.1
2022-05-04,Combined Min-CVaR,WMT,0.1
2022-06-03,Combined Min-CVaR,WMT,0.1
2022-07-06,Combined Min-CVaR,WMT,0.1
2022-08-04,Combined Min-CVaR,WMT,0.1
2022-09-02,Combined Min-CVaR,WMT,0.1
2022-10-04,Combined Min-CVaR,WMT,0.1
2022-11-02,Combined Min-CVaR,WMT,0.1
2022-12-02,Combined Min-CVaR,WMT,0.1
2023-01-04,Combined Min-CVaR,WMT,0.1
2023-02-03,Combined Min-CVaR,WMT,0.1
2023-03-07,Combined Min-CVaR,WMT,0.1
2023-04-05,Combined Min-CVaR,WMT,0.1
2023-05-05,Combined Min-CVaR,WMT,0.1
2023-06-06,Combined Min-CVaR,WMT,0.1
2023-07-07,Combined Min-CVaR,WMT,0.1
2023-08-07,Combined Min-CVaR,WMT,0.1
2023-09-06,Combined Min-CVaR,WMT,0.1
2023-10-05,Combined Min-CVaR,WMT,0.1
2023-11-03,Combined Min-CVaR,WMT,0.1
2023-12-05,Combined Min-CVaR,WMT,0.1
2021-01-04,Equity-Only Max-Sharpe,ABBV,0.09999999999999934
2021-03-05,Equity-Only Max-Sharpe,ABBV,0.09420105393962078
2021-04-06,Equity-Only Max-Sharpe,ABBV,0.024038728768146545
2021-05-05,Equity-Only Max-Sharpe,ABBV,0.09999999999999988
2021-06-04,Equity-Only Max-Sharpe,ABBV,0.06282813081353672
2021-07-06,Equity-Only Max-Sharpe,ABBV,0.09999999999999973
2021-08-04,Equity-Only Max-Sharpe,ABBV,0.06847496541369358
2021-10-04,Equity-Only Max-Sharpe,ABBV,0.05273173079618987
2021-11-02,Equity-Only Max-Sharpe,ABBV,0.059482137565397296
2021-12-02,Equity-Only Max-Sharpe,ABBV,0.09999999999999988
2022-01-03,Equity-Only Max-Sharpe,ABBV,0.09999999999999992
2022-02-02,Equity-Only Max-Sharpe,ABBV,0.0999999999999999
2022-03-04,Equity-Only Max-Sharpe,ABBV,0.1
2022-04-04,Equity-Only Max-Sharpe,ABBV,0.09999999999999959
2022-05-04,Equity-Only Max-Sharpe,ABBV,0.09999999999999984
2022-06-03,Equity-Only Max-Sharpe,ABBV,0.09999999999999988
2022-07-06,Equity-Only Max-Sharpe,ABBV,0.1
2022-08-04,Equity-Only Max-Sharpe,ABBV,0.1
2022-09-02,Equity-Only Max-Sharpe,ABBV,0.09999999999999974
2022-10-04,Equity-Only Max-Sharpe,ABBV,0.1
2022-11-02,Equity-Only Max-Sharpe,ABBV,0.1
2022-12-02,Equity-Only Max-Sharpe,ABBV,0.1
2023-01-04,Equity-Only Max-Sharpe,ABBV,0.09999999999999953
2023-02-03,Equity-Only Max-Sharpe,ABBV,0.1
2023-03-07,Equity-Only Max-Sharpe,ABBV,0.09999999999999987
2023-04-05,Equity-Only Max-Sharpe,ABBV,0.09999999999999978
2023-05-05,Equity-Only Max-Sharpe,ABBV,0.1
2023-06-06,Equity-Only Max-Sharpe,ABBV,0.09999999999999976
2023-07-07,Equity-Only Max-Sharpe,ABBV,0.1
2023-08-07,Equity-Only Max-Sharpe,ABBV,0.0999999999999998
2023-09-06,Equity-Only Max-Sharpe,ABBV,0.1
2023-10-05,Equity-Only Max-Sharpe,ABBV,0.1
2023-11-03,Equity-Only Max-Sharpe,ABBV,0.09999999999999999
2023-12-05,Equity-Only Max-Sharpe,ABBV,0.09999999999999996
2021-02-03,Equity-Only Max-Sharpe,ABT,0.09999999999999996
2021-03-05,Equity-Only Max-Sharpe,ABT,0.1
2021-04-06,Equity-Only Max-Sharpe,ABT,0.08221201204344866
2021-05-05,Equity-Only Max-Sharpe,ABT,0.004986252720371649
2021-07-06,Equity-Only Max-Sharpe,ABT,0.006382870216269256
2021-08-04,Equity-Only Max-Sharpe,ABT,0.035537006658244226
2021-09-02,Equity-Only Max-Sharpe,ABT,0.1
2021-10-04,Equity-Only Max-Sharpe,ABT,0.06548618873274788
2021-11-02,Equity-Only Max-Sharpe,ABT,0.08388389234066664
2021-12-02,Equity-Only Max-Sharpe,ABT,0.05235999460780012
2022-01-03,Equity-Only Max-Sharpe,ABT,0.09404891993985544
2022-02-02,Equity-Only Max-Sharpe,ABT,0.06009203716427239
2022-03-04,Equity-Only Max-Sharpe,ABT,0.0003385802619581616
2023-12-05,Equity-Only Max-Sharpe,ABT,0.038220601807432926
2021-07-06,Equity-Only Max-Sharpe,ADBE,0.04970226178073929
2021-08-04,Equity-Only Max-Sharpe,ADBE,0.05624795516656833
2021-09-02,Equity-Only Max-Sharpe,ADBE,0.1
2021-10-04,Equity-Only Max-Sharpe,ADBE,0.024662817928946392
2021-11-02,Equity-Only Max-Sharpe,ADBE,0.010670519301179387
2021-01-04,Equity-Only Max-Sharpe,AMD,0.0670298322625708
2021-02-03,Equity-Only Max-Sharpe,AMD,0.040144112686926914
2021-03-05,Equity-Only Max-Sharpe,AMD,0.03340901994054976
2021-07-06,Equity-Only Max-Sharpe,AMD,0.030699636312316293
2021-08-04,Equity-Only Max-Sharpe,AMD,0.06856784773128115
2021-09-02,Equity-Only Max-Sharpe,AMD,0.03748245035376772
2021-10-04,Equity-Only Max-Sharpe,AMD,0.060237667929752575
2021-11-02,Equity-Only Max-Sharpe,AMD,0.09102278100954084
2021-12-02,Equity-Only Max-Sharpe,AMD,0.0847938005398749
2022-01-03,Equity-Only Max-Sharpe,AMD,0.034483346267033387
2023-06-06,Equity-Only Max-Sharpe,AMD,2.7478090124990265e-05
2023-08-07,Equity-Only Max-Sharpe,AMD,0.008026882775226707
2023-11-03,Equity-Only Max-Sharpe,AMD,0.010069711586110714
2023-12-05,Equity-Only Max-Sharpe,AMD,0.01767699886558843
2022-07-06,Equity-Only Max-Sharpe,AMGN,0.028516729347934748
2022-08-04,Equity-Only Max-Sharpe,AMGN,0.0017347488705909875
2022-11-02,Equity-Only Max-Sharpe,AMGN,0.0957441038507044
2022-12-02,Equity-Only Max-Sharpe,AMGN,0.07740726025698304
2023-01-04,Equity-Only Max-Sharpe,AMGN,0.043177616559166174
2023-09-06,Equity-Only Max-Sharpe,AMGN,0.027709390106395056
2023-10-05,Equity-Only Max-Sharpe,AMGN,0.062230307298210295
2023-12-05,Equity-Only Max-Sharpe,AMGN,0.006669008062397421
2021-01-04,Equity-Only Max-Sharpe,CAT,0.030883074069307948
2021-02-03,Equity-Only Max-Sharpe,CAT,0.1
2021-03-05,Equity-Only Max-Sharpe,CAT,0.1
2021-04-06,Equity-Only Max-Sharpe,CAT,0.1
2021-05-05,Equity-Only Max-Sharpe,CAT,0.09999999999999992
2021-06-04,Equity-Only Max-Sharpe,CAT,0.1
2021-07-06,Equity-Only Max-Sharpe,CAT,0.05476686802395607
2022-02-02,Equity-Only Max-Sharpe,CAT,0.016910959225266347
2022-04-04,Equity-Only Max-Sharpe,CAT,0.02912166730243097
2022-05-04,Equity-Only Max-Sharpe,CAT,0.036938928209772674
2023-08-07,Equity-Only Max-Sharpe,CAT,0.020247648497261274
2023-09-06,Equity-Only Max-Sharpe,CAT,0.01121471980587187
2023-10-05,Equity-Only Max-Sharpe,CAT,0.006381865516639231
2021-06-04,Equity-Only Max-Sharpe,CCI,0.01967094152257866
2021-07-06,Equity-Only Max-Sharpe,CCI,0.03217668934574966
2021-08-04,Equity-Only Max-Sharpe,CCI,0.0008743763164881213
2021-09-02,Equity-Only Max-Sharpe,CCI,0.009960970476720411
2022-02-02,Equity-Only Max-Sharpe,COP,0.020406923015425887
2022-03-04,Equity-Only Max-Sharpe,COP,0.03770563669298423
2022-06-03,Equity-Only Max-Sharpe,COP,0.012584357990052784
2022-09-02,Equity-Only Max-Sharpe,COP,0.015188121933588221
2022-10-04,Equity-Only Max-Sharpe,COP,0.08827956533243303
2022-11-02,Equity-Only Max-Sharpe,COP,0.1
2022-12-02,Equity-Only Max-Sharpe,COP,0.08892264516647168
2023-01-04,Equity-Only Max-Sharpe,COP,0.09999999999999991
2023-02-03,Equity-Only Max-Sharpe,COP,0.08154482672103965
2023-03-07,Equity-Only Max-Sharpe,COP,0.0031586571011229885
2023-06-06,Equity-Only Max-Sharpe,COP,0.014586356308346078
2023-07-07,Equity-Only Max-Sharpe,COP,0.018783595132268106
2023-08-07,Equity-Only Max-Sharpe,COP,0.053234499641463214
2023-09-06,Equity-Only Max-Sharpe,COP,0.07413299522242409
2023-10-05,Equity-Only Max-Sharpe,COP,0.0504992645590546
2023-11-03,Equity-Only Max-Sharpe,COP,0.09999999999999996
2023-12-05,Equity-Only Max-Sharpe,COP,0.09702456249461597
2022-03-04,Equity-Only Max-Sharpe,CVX,0.01794898998673172
2022-04-04,Equity-Only Max-Sharpe,CVX,0.09999999999999987
2022-05-04,Equity-Only Max-Sharpe,CVX,0.052200990261561254
2022-06-03,Equity-Only Max-Sharpe,CVX,0.05728801833473479
2022-06-03,Equity-Only Max-Sharpe,DOW,0.0028493402105225453
2022-02-02,Equity-Only Max-Sharpe,DUK,0.08708453776028326
2022-03-04,Equity-Only Max-Sharpe,DUK,0.04460662560033722
2022-04-04,Equity-Only Max-Sharpe,DUK,0.0828668729293168
2022-05-04,Equity-Only Max-Sharpe,DUK,0.09999999999999978
2022-06-03,Equity-Only Max-Sharpe,DUK,0.1
2022-07-06,Equity-Only Max-Sharpe,DUK,0.1
2022-08-04,Equity-Only Max-Sharpe,DUK,0.09999999999999998
2022-09-02,Equity-Only Max-Sharpe,DUK,0.1
2023-01-04,Equity-Only Max-Sharpe,DUK,0.007980988368127351
2023-02-03,Equity-Only Max-Sharpe,DUK,0.010818861988441536
2021-01-04,Equity-Only Max-Sharpe,EA,0.032702560823468174
2021-02-03,Equity-Only Max-Sharpe,EA,0.09999999999999995
2021-03-05,Equity-Only Max-Sharpe,EA,0.01735296323650093
2021-04-06,Equity-Only Max-Sharpe,EA,0.039429006441978325
2021-06-04,Equity-Only Max-Sharpe,EA,0.006635813319474687
2021-10-04,Equity-Only Max-Sharpe,EA,0.0451198751995019
2021-11-02,Equity-Only Max-Sharpe,EA,0.014112621609454042
2022-02-02,Equity-Only Max-Sharpe,EA,0.04334251379771299
2022-03-04,Equity-Only Max-Sharpe,EA,0.005478824177804145
2022-06-03,Equity-Only Max-Sharpe,EA,0.06817328908264969
2022-09-02,Equity-Only Max-Sharpe,EA,0.020571274150515566
2023-06-06,Equity-Only Max-Sharpe,EA,0.013599481098958265
2023-07-07,Equity-Only Max-Sharpe,EA,0.039571245496997434
2023-12-05,Equity-Only Max-Sharpe,GE,0.005961394979795553
2022-11-02,Equity-Only Max-Sharpe,GILD,0.04102844159343827
2022-12-02,Equity-Only Max-Sharpe,GILD,0.1
2023-01-04,Equity-Only Max-Sharpe,GILD,0.09999999999999994
2023-02-03,Equity-Only Max-Sharpe,GILD,0.08735318157802358
2023-03-07,Equity-Only Max-Sharpe,GILD,0.09529683589453891
2023-04-05,Equity-Only Max-Sharpe,GILD,0.09736702912931054
2023-05-05,Equity-Only Max-Sharpe,GILD,0.04761032110728013
2023-06-06,Equity-Only Max-Sharpe,GILD,0.07245271069362363
2023-07-07,Equity-Only Max-Sharpe,GILD,0.04086544153840587
2023-08-07,Equity-Only Max-Sharpe,GILD,0.08551817885170622
2023-09-06,Equity-Only Max-Sharpe,GILD,0.02667823875837651
2023-10-05,Equity-Only Max-Sharpe,GILD,0.025363618954275198
2023-11-03,Equity-Only Max-Sharpe,GILD,0.080579884086743
2023-12-05,Equity-Only Max-Sharpe,GILD,0.014040710557296898
2021-03-05,Equity-Only Max-Sharpe,GS,0.052221009448427
2021-05-05,Equity-Only Max-Sharpe,GS,0.018188736922393946
2021-06-04,Equity-Only Max-Sharpe,GS,0.022711523252493333
2021-07-06,Equity-Only Max-Sharpe,GS,0.00443069563072984
2021-09-02,Equity-Only Max-Sharpe,GS,0.029248430841629664
2021-10-04,Equity-Only Max-Sharpe,GS,0.044942766350371366
2021-11-02,Equity-Only Max-Sharpe,GS,0.05311102174123794
2021-12-02,Equity-Only Max-Sharpe,GS,0.018162186054780954
2023-05-05,Equity-Only Max-Sharpe,KO,0.009282572285815187
2023-08-07,Equity-Only Max-Sharpe,KO,0.0012125135115224283
2023-09-06,Equity-Only Max-Sharpe,KO,9.547638257725698e-05
2023-12-05,Equity-Only Max-Sharpe,KO,0.02232443384845091
2022-07-06,Equity-Only Max-Sharpe,MRK,0.002164528839636064
2022-10-04,Equity-Only Max-Sharpe,MRK,0.0039924878675964455
2022-11-02,Equity-Only Max-Sharpe,MRK,0.09999999999999995
2022-12-02,Equity-Only Max-Sharpe,MRK,0.1
2023-01-04,Equity-Only Max-Sharpe,MRK,0.0999999999999998
2023-02-03,Equity-Only Max-Sharpe,MRK,0.1
2023-03-07,Equity-Only Max-Sharpe,MRK,0.1
2023-04-05,Equity-Only Max-Sharpe,MRK,0.09999999999999973
2023-05-05,Equity-Only Max-Sharpe,MRK,0.1
2023-06-06,Equity-Only Max-Sharpe,MRK,0.1
2023-07-07,Equity-Only Max-Sharpe,MRK,0.09999999999999992
2023-08-07,Equity-Only Max-Sharpe,MRK,0.1
2023-09-06,Equity-Only Max-Sharpe,MRK,0.09999999999999996
2023-10-05,Equity-Only Max-Sharpe,MRK,0.09999999999999998
2023-11-03,Equity-Only Max-Sharpe,MRK,0.1
2023-12-05,Equity-Only Max-Sharpe,MRK,0.1
2021-03-05,Equity-Only Max-Sharpe,MS,0.1
2021-04-06,Equity-Only Max-Sharpe,MS,0.09133181936461168
2021-05-05,Equity-Only Max-Sharpe,MS,0.057428332439088
2021-06-04,Equity-Only Max-Sharpe,MS,0.08712866309747998
2021-07-06,Equity-Only Max-Sharpe,MS,0.09999999999999978
2021-08-04,Equity-Only Max-Sharpe,MS,0.09999999999999998
2021-09-02,Equity-Only Max-Sharpe,MS,0.09999999999999996
2021-10-04,Equity-Only Max-Sharpe,MS,0.0999999999999999
2021-11-02,Equity-Only Max-Sharpe,MS,0.09999999999999998
2021-12-02,Equity-Only Max-Sharpe,MS,0.09999999999999994
2022-01-03,Equity-Only Max-Sharpe,MS,0.08534878034163476
2022-02-02,Equity-Only Max-Sharpe,MS,0.09999999999999988
2022-03-04,Equity-Only Max-Sharpe,MS,0.06404117365047776
2022-04-04,Equity-Only Max-Sharpe,MS,0.004642461110244462
2022-05-04,Equity-Only Max-Sharpe,MS,0.034320232638448
2022-06-03,Equity-Only Max-Sharpe,MS,0.019897721494364216
2022-07-06,Equity-Only Max-Sharpe,MS,0.021966018462866593
2022-08-04,Equity-Only Max-Sharpe,MS,0.02094580053330193
2022-09-02,Equity-Only Max-Sharpe,MS,0.0733588974100657
2022-10-04,Equity-Only Max-Sharpe,MS,0.1
2022-11-02,Equity-Only Max-Sharpe,MS,0.03331977692307748
2022-12-02,Equity-Only Max-Sharpe,MS,0.08559520857160036
2023-01-04,Equity-Only Max-Sharpe,MS,0.09999999999999996
2023-02-03,Equity-Only Max-Sharpe,MS,0.1
2023-03-07,Equity-Only Max-Sharpe,MS,0.1
2023-05-05,Equity-Only Max-Sharpe,MS,0.03534201924241252
2023-06-06,Equity-Only Max-Sharpe,MS,0.015858473653224292
2023-07-07,Equity-Only Max-Sharpe,MS,0.01500911974382614
2023-08-07,Equity-Only Max-Sharpe,MS,0.012775429397410372
2023-09-06,Equity-Only Max-Sharpe,MS,0.009037400962667974
2021-02-03,Equity-Only Max-Sharpe,NEE,0.006225362248345143
2021-09-02,Equity-Only Max-Sharpe,NEE,0.013510505537881648
2021-10-04,Equity-Only Max-Sharpe,NEE,0.025192986771212185
2021-12-02,Equity-Only Max-Sharpe,NEE,0.04049320310219971
2022-01-03,Equity-Only Max-Sharpe,NEE,0.04225143505424014
2022-04-04,Equity-Only Max-Sharpe,NEE,0.023522385704939915
2022-08-04,Equity-Only Max-Sharpe,NEE,0.043203256588193094
2022-09-02,Equity-Only Max-Sharpe,NEE,0.07325579569212735
2022-10-04,Equity-Only Max-Sharpe,NEE,0.09999999999999999
2022-11-02,Equity-Only Max-Sharpe,NEE,0.0027961751302619906
2022-12-02,Equity-Only Max-Sharpe,NEE,0.03851091707819544
2023-01-04,Equity-Only Max-Sharpe,NEE,0.09999999999999992
2021-01-04,Equity-Only Max-Sharpe,NEM,0.09999999999999985
2021-02-03,Equity-Only Max-Sharpe,NEM,0.09999999999999992
2021-03-05,Equity-Only Max-Sharpe,NEM,0.1
2021-04-06,Equity-Only Max-Sharpe,NEM,0.1
2021-05-05,Equity-Only Max-Sharpe,NEM,0.09999999999999974
2021-06-04,Equity-Only Max-Sharpe,NEM,0.1
2021-07-06,Equity-Only Max-Sharpe,NEM,0.09999999999999985
2021-08-04,Equity-Only Max-Sharpe,NEM,0.09717123238469788
2021-09-02,Equity-Only Max-Sharpe,NEM,0.03546161498630337
2021-10-04,Equity-Only Max-Sharpe,NEM,0.050466046482346996
2021-11-02,Equity-Only Max-Sharpe,NEM,0.04018370481771346
2021-12-02,Equity-Only Max-Sharpe,NEM,0.07546457057446873
2022-01-03,Equity-Only Max-Sharpe,NEM,0.1
2022-02-02,Equity-Only Max-Sharpe,NEM,0.09999999999999998
2022-03-04,Equity-Only Max-Sharpe,NEM,0.1
2022-04-04,Equity-Only Max-Sharpe,NEM,0.1
2022-05-04,Equity-Only Max-Sharpe,NEM,0.09999999999999991
2022-06-03,Equity-Only Max-Sharpe,NEM,0.1
2022-07-06,Equity-Only Max-Sharpe,NEM,0.1
2022-08-04,Equity-Only Max-Sharpe,NEM,0.03626831334673243
2023-04-05,Equity-Only Max-Sharpe,NEM,0.02055242385210468
2023-05-05,Equity-Only Max-Sharpe,NEM,0.019466918399906618
2021-01-04,Equity-Only Max-Sharpe,NKE,0.09999999999999909
2021-02-03,Equity-Only Max-Sharpe,NKE,0.0820101901818119
2021-07-06,Equity-Only Max-Sharpe,NKE,0.03666280515072741
2021-08-04,Equity-Only Max-Sharpe,NKE,0.04357474193283153
2021-11-02,Equity-Only Max-Sharpe,NKE,0.006252264640085776
2021-12-02,Equity-Only Max-Sharpe,NKE,0.02130043330575854
2021-04-06,Equity-Only Max-Sharpe,NUE,0.06298843338181537
2021-05-05,Equity-Only Max-Sharpe,NUE,0.08043416749336575
2021-06-04,Equity-Only Max-Sharpe,NUE,0.08525238406442062
2021-07-06,Equity-Only Max-Sharpe,NUE,0.056274116746337276
2021-08-04,Equity-Only Max-Sharpe,NUE,0.08250143081581204
2021-09-02,Equity-Only Max-Sharpe,NUE,0.09999999999999995
2021-10-04,Equity-Only Max-Sharpe,NUE,0.04717024131766552
2021-11-02,Equity-Only Max-Sharpe,NUE,0.051237099703534614
2021-12-02,Equity-Only Max-Sharpe,NUE,0.037019639324257954
2022-01-03,Equity-Only Max-Sharpe,NUE,0.06645786440321721
2022-02-02,Equity-Only Max-Sharpe,NUE,0.0412292342757281
2022-03-04,Equity-Only Max-Sharpe,NUE,0.06277259797093078
2022-04-04,Equity-Only Max-Sharpe,NUE,0.055157485676881654
2022-05-04,Equity-Only Max-Sharpe,NUE,0.09999999999999996
2022-06-03,Equity-Only Max-Sharpe,NUE,0.07299859532225796
2022-07-06,Equity-Only Max-Sharpe,NUE,0.05895472994957577
2022-08-04,Equity-Only Max-Sharpe,NUE,0.1
2022-09-02,Equity-Only Max-Sharpe,NUE,0.09999999999999994
2022-10-04,Equity-Only Max-Sharpe,NUE,0.09999999999999999
2022-11-02,Equity-Only Max-Sharpe,NUE,0.1
2022-12-02,Equity-Only Max-Sharpe,NUE,0.1
2023-01-04,Equity-Only Max-Sharpe,NUE,0.09999999999999995
2023-02-03,Equity-Only Max-Sharpe,NUE,0.1
2023-03-07,Equity-Only Max-Sharpe,NUE,0.1
2023-04-05,Equity-Only Max-Sharpe,NUE,0.09999999999999988
2023-05-05,Equity-Only Max-Sharpe,NUE,0.1
2023-06-06,Equity-Only Max-Sharpe,NUE,0.09999999999999994
2023-07-07,Equity-Only Max-Sharpe,NUE,0.09999999999999991
2023-08-07,Equity-Only Max-Sharpe,NUE,0.09999999999999996
2023-09-06,Equity-Only Max-Sharpe,NUE,0.1
2023-10-05,Equity-Only Max-Sharpe,NUE,0.1
2023-11-03,Equity-Only Max-Sharpe,NUE,0.1
2023-12-05,Equity-Only Max-Sharpe,NUE,0.1
2021-01-04,Equity-Only Max-Sharpe,NVDA,0.09999999999999999
2021-02-03,Equity-Only Max-Sharpe,NVDA,0.1
2021-03-05,Equity-Only Max-Sharpe,NVDA,0.09999999999999999
2021-04-06,Equity-Only Max-Sharpe,NVDA,0.09999999999999999
2021-05-05,Equity-Only Max-Sharpe,NVDA,0.1
2021-06-04,Equity-Only Max-Sharpe,NVDA,0.1
2021-07-06,Equity-Only Max-Sharpe,NVDA,0.09999999999999998
2021-08-04,Equity-Only Max-Sharpe,NVDA,0.1
2021-09-02,Equity-Only Max-Sharpe,NVDA,0.09999999999999998
2021-10-04,Equity-Only Max-Sharpe,NVDA,0.1
2021-11-02,Equity-Only Max-Sharpe,NVDA,0.09999999999999999
2021-12-02,Equity-Only Max-Sharpe,NVDA,0.1
2022-01-03,Equity-Only Max-Sharpe,NVDA,0.09999999999999999
2022-02-02,Equity-Only Max-Sharpe,NVDA,0.1
2022-03-04,Equity-Only Max-Sharpe,NVDA,0.1
2022-04-04,Equity-Only Max-Sharpe,NVDA,0.09999999999999991
2022-05-04,Equity-Only Max-Sharpe,NVDA,0.1
2022-06-03,Equity-Only Max-Sharpe,NVDA,0.08076796669004434
2022-07-06,Equity-Only Max-Sharpe,NVDA,0.08888757952967095
2022-08-04,Equity-Only Max-Sharpe,NVDA,0.09999999999999994
2022-09-02,Equity-Only Max-Sharpe,NVDA,0.0176259108137035
2022-10-04,Equity-Only Max-Sharpe,NVDA,0.03891845626997305
2022-11-02,Equity-Only Max-Sharpe,NVDA,0.03821282080688838
2022-12-02,Equity-Only Max-Sharpe,NVDA,0.023237147631496927
2023-01-04,Equity-Only Max-Sharpe,NVDA,0.00890589456791135
2023-02-03,Equity-Only Max-Sharpe,NVDA,0.08541531307958805
2023-03-07,Equity-Only Max-Sharpe,NVDA,0.0881238331713235
2023-04-05,Equity-Only Max-Sharpe,NVDA,0.09999999999999991
2023-05-05,Equity-Only Max-Sharpe,NVDA,0.1
2023-06-06,Equity-Only Max-Sharpe,NVDA,0.1
2023-07-07,Equity-Only Max-Sharpe,NVDA,0.09999999999999996
2023-08-07,Equity-Only Max-Sharpe,NVDA,0.09999999999999998
2023-09-06,Equity-Only Max-Sharpe,NVDA,0.09999999999999994
2023-10-05,Equity-Only Max-Sharpe,NVDA,0.1
2023-11-03,Equity-Only Max-Sharpe,NVDA,0.0999999999999999
2023-12-05,Equity-Only Max-Sharpe,NVDA,0.09999999999999996
2022-03-04,Equity-Only Max-Sharpe,OXY,0.021966738280354354
2022-04-04,Equity-Only Max-Sharpe,OXY,0.01839086019892484
2022-05-04,Equity-Only Max-Sharpe,OXY,0.04173434567171411
2022-06-03,Equity-Only Max-Sharpe,OXY,0.05573834562319428
2022-07-06,Equity-Only Max-Sharpe,OXY,0.09889258593556066
2022-08-04,Equity-Only Max-Sharpe,OXY,0.09784788066118165
2022-09-02,Equity-Only Max-Sharpe,OXY,0.1
2022-10-04,Equity-Only Max-Sharpe,OXY,0.1
2022-11-02,Equity-Only Max-Sharpe,OXY,0.1
2022-12-02,Equity-Only Max-Sharpe,OXY,0.1
2023-01-04,Equity-Only Max-Sharpe,OXY,0.09999999999999983
2023-02-03,Equity-Only Max-Sharpe,OXY,0.1
2023-03-07,Equity-Only Max-Sharpe,OXY,0.09999999999999999
2023-04-05,Equity-Only Max-Sharpe,OXY,0.09999999999999994
2023-05-05,Equity-Only Max-Sharpe,OXY,0.1
2023-06-06,Equity-Only Max-Sharpe,OXY,0.1
2023-07-07,Equity-Only Max-Sharpe,OXY,0.09999999999999999
2023-08-07,Equity-Only Max-Sharpe,OXY,0.09999999999999996
2023-09-06,Equity-Only Max-Sharpe,OXY,0.1
2023-10-05,Equity-Only Max-Sharpe,OXY,0.09999999999999999
2023-11-03,Equity-Only Max-Sharpe,OXY,0.09999999999999995
2023-12-05,Equity-Only Max-Sharpe,OXY,0.1
2021-11-02,Equity-Only Max-Sharpe,PLD,0.06671468459867516
2021-12-02,Equity-Only Max-Sharpe,PLD,0.1
2022-01-03,Equity-Only Max-Sharpe,PLD,0.1
2022-02-02,Equity-Only Max-Sharpe,PLD,0.1
2022-03-04,Equity-Only Max-Sharpe,PLD,0.1
2022-04-04,Equity-Only Max-Sharpe,PLD,0.09999999999999999
2022-05-04,Equity-Only Max-Sharpe,PLD,0.07919941677793232
2021-03-05,Equity-Only Max-Sharpe,PSA,0.0028159534349019044
2021-04-06,Equity-Only Max-Sharpe,PSA,0.1
2021-05-05,Equity-Only Max-Sharpe,PSA,0.09999999999999987
2021-06-04,Equity-Only Max-Sharpe,PSA,0.09999999999999998
2021-07-06,Equity-Only Max-Sharpe,PSA,0.0999999999999999
2021-08-04,Equity-Only Max-Sharpe,PSA,0.0999999999999998
2021-09-02,Equity-Only Max-Sharpe,PSA,0.09999999999999999
2021-10-04,Equity-Only Max-Sharpe,PSA,0.09999999999999991
2021-11-02,Equity-Only Max-Sharpe,PSA,0.1
2021-12-02,Equity-Only Max-Sharpe,PSA,0.09999999999999992
2022-01-03,Equity-Only Max-Sharpe,PSA,0.09999999999999999
2022-02-02,Equity-Only Max-Sharpe,PSA,0.1
2022-03-04,Equity-Only Max-Sharpe,PSA,0.1
2022-04-04,Equity-Only Max-Sharpe,PSA,0.09999999999999996
2022-05-04,Equity-Only Max-Sharpe,PSA,0.09999999999999996
2022-06-03,Equity-Only Max-Sharpe,PSA,0.05955951354894707
2022-07-06,Equity-Only Max-Sharpe,PSA,0.1
2022-08-04,Equity-Only Max-Sharpe,PSA,0.1
2022-09-02,Equity-Only Max-Sharpe,PSA,0.0999999999999999
2022-10-04,Equity-Only Max-Sharpe,PSA,0.1
2022-11-02,Equity-Only Max-Sharpe,PSA,0.09999999999999998
2022-12-02,Equity-Only Max-Sharpe,PSA,0.0026297383301119464
2023-02-03,Equity-Only Max-Sharpe,PSA,0.09999999999999992
2023-03-07,Equity-Only Max-Sharpe,PSA,0.09696414823649102
2023-04-05,Equity-Only Max-Sharpe,PSA,0.06251666541887178
2023-05-05,Equity-Only Max-Sharpe,PSA,0.04413929980089804
2023-06-06,Equity-Only Max-Sharpe,PSA,0.041767877825040295
2023-07-07,Equity-Only Max-Sharpe,PSA,0.06416598543456314
2023-08-07,Equity-Only Max-Sharpe,PSA,0.0522572970737453
2023-09-06,Equity-Only Max-Sharpe,PSA,0.033221038256562176
2023-10-05,Equity-Only Max-Sharpe,PSA,0.023768038622068187
2021-01-04,Equity-Only Max-Sharpe,QCOM,0.09591856889067057
2021-02-03,Equity-Only Max-Sharpe,QCOM,0.09999999999999995
2022-02-02,Equity-Only Max-Sharpe,QCOM,0.015661577257900967
2021-05-05,Equity-Only Max-Sharpe,SHW,0.059252287492455924
2021-06-04,Equity-Only Max-Sharpe,SHW,0.02126729853427062
2021-08-04,Equity-Only Max-Sharpe,SHW,0.0470504435803838
2021-09-02,Equity-Only Max-Sharpe,SHW,0.0743360278036972
2021-10-04,Equity-Only Max-Sharpe,SHW,0.0839896784912653
2021-11-02,Equity-Only Max-Sharpe,SHW,0.09735950586374566
2021-12-02,Equity-Only Max-Sharpe,SHW,0.09999999999999996
2022-01-03,Equity-Only Max-Sharpe,SHW,0.09999999999999996
2022-02-02,Equity-Only Max-Sharpe,SHW,0.0145802913461172
2022-05-04,Equity-Only Max-Sharpe,SHW,0.042654800292074344
2022-06-03,Equity-Only Max-Sharpe,SHW,0.07994675711929677
2022-07-06,Equity-Only Max-Sharpe,SHW,0.0006178279347551746
2022-06-03,Equity-Only Max-Sharpe,SO,0.1
2022-07-06,Equity-Only Max-Sharpe,SO,0.1
2022-08-04,Equity-Only Max-Sharpe,SO,0.1
2022-09-02,Equity-Only Max-Sharpe,SO,0.09999999999999999
2022-10-04,Equity-Only Max-Sharpe,SO,0.09441569514452348
2023-04-05,Equity-Only Max-Sharpe,SO,0.02646856700491701
2023-05-05,Equity-Only Max-Sharpe,SO,0.1
2023-06-06,Equity-Only Max-Sharpe,SO,0.0999999999999999
2023-07-07,Equity-Only Max-Sharpe,SO,0.09999999999999998
2023-08-07,Equity-Only Max-Sharpe,SO,0.06672755025166492
2023-09-06,Equity-Only Max-Sharpe,SO,0.09266729870595874
2023-10-05,Equity-Only Max-Sharpe,SO,0.07538319092910266
2023-11-03,Equity-Only Max-Sharpe,SO,0.0863134743729958
2023-12-05,Equity-Only Max-Sharpe,SO,0.0950988607489049
2021-01-04,Equity-Only Max-Sharpe,TMUS,0.09999999999999994
2021-02-03,Equity-Only Max-Sharpe,TMUS,0.0999999999999999
2021-03-05,Equity-Only Max-Sharpe,TMUS,0.1
2021-04-06,Equity-Only Max-Sharpe,TMUS,0.09999999999999999
2021-05-05,Equity-Only Max-Sharpe,TMUS,0.09999999999999976
2021-06-04,Equity-Only Max-Sharpe,TMUS,0.09999999999999999
2021-07-06,Equity-Only Max-Sharpe,TMUS,0.1
2021-08-04,Equity-Only Max-Sharpe,TMUS,0.09999999999999999
2021-09-02,Equity-Only Max-Sharpe,TMUS,0.09999999999999996
2021-10-04,Equity-Only Max-Sharpe,TMUS,0.09999999999999994
2022-03-04,Equity-Only Max-Sharpe,TMUS,0.05044196837312551
2022-04-04,Equity-Only Max-Sharpe,TMUS,0.05852432478491396
2022-05-04,Equity-Only Max-Sharpe,TMUS,0.009901157878389046
2022-06-03,Equity-Only Max-Sharpe,TMUS,0.02691273222755331
2022-07-06,Equity-Only Max-Sharpe,TMUS,0.1
2022-08-04,Equity-Only Max-Sharpe,TMUS,0.1
2022-09-02,Equity-Only Max-Sharpe,TMUS,0.09999999999999996
2022-10-04,Equity-Only Max-Sharpe,TMUS,0.09999999999999987
2022-11-02,Equity-Only Max-Sharpe,TMUS,0.09999999999999976
2022-12-02,Equity-Only Max-Sharpe,TMUS,0.1
2023-01-04,Equity-Only Max-Sharpe,TMUS,0.09999999999999985
2023-02-03,Equity-Only Max-Sharpe,TMUS,0.1
2023-03-07,Equity-Only Max-Sharpe,TMUS,0.1
2023-04-05,Equity-Only Max-Sharpe,TMUS,0.09999999999999973
2023-05-05,Equity-Only Max-Sharpe,TMUS,0.1
2023-06-06,Equity-Only Max-Sharpe,TMUS,0.09999999999999998
2023-07-07,Equity-Only Max-Sharpe,TMUS,0.09999999999999999
2023-08-07,Equity-Only Max-Sharpe,TMUS,0.0999999999999998
2023-09-06,Equity-Only Max-Sharpe,TMUS,0.09999999999999996
2023-10-05,Equity-Only Max-Sharpe,TMUS,0.1
2023-11-03,Equity-Only Max-Sharpe,TMUS,0.1
2023-12-05,Equity-Only Max-Sharpe,TMUS,0.1
2021-01-04,Equity-Only Max-Sharpe,TTWO,0.09999999999999996
2021-02-03,Equity-Only Max-Sharpe,TTWO,0.1
2021-03-05,Equity-Only Max-Sharpe,TTWO,0.1
2021-04-06,Equity-Only Max-Sharpe,TTWO,0.09999999999999999
2021-05-05,Equity-Only Max-Sharpe,TTWO,0.07971022293232462
2021-06-04,Equity-Only Max-Sharpe,TTWO,0.09450524539574616
2021-07-06,Equity-Only Max-Sharpe,TTWO,0.02890405679317583
2021-11-02,Equity-Only Max-Sharpe,TTWO,0.02596976680876911
2022-01-03,Equity-Only Max-Sharpe,TTWO,0.016806776468945652
2022-02-02,Equity-Only Max-Sharpe,TTWO,0.00069192615729288
2022-03-04,Equity-Only Max-Sharpe,TTWO,0.02290332053167121
2021-01-04,Equity-Only Max-Sharpe,UPS,0.09999999999999981
2021-02-03,Equity-Only Max-Sharpe,UPS,0.07162033488291543
2021-03-05,Equity-Only Max-Sharpe,UPS,0.1
2021-04-06,Equity-Only Max-Sharpe,UPS,0.09999999999999992
2021-05-05,Equity-Only Max-Sharpe,UPS,0.09999999999999992
2021-06-04,Equity-Only Max-Sharpe,UPS,0.09999999999999992
2021-07-06,Equity-Only Max-Sharpe,UPS,0.09999999999999996
2021-08-04,Equity-Only Max-Sharpe,UPS,0.09999999999999992
2021-09-02,Equity-Only Max-Sharpe,UPS,0.1
2021-10-04,Equity-Only Max-Sharpe,UPS,0.09999999999999995
2021-11-02,Equity-Only Max-Sharpe,UPS,0.09999999999999998
2021-12-02,Equity-Only Max-Sharpe,UPS,0.07040617249085883
2022-01-03,Equity-Only Max-Sharpe,UPS,0.06060287752507361
2022-02-02,Equity-Only Max-Sharpe,UPS,0.09999999999999999
2022-03-04,Equity-Only Max-Sharpe,UPS,0.08911311942702715
2022-04-04,Equity-Only Max-Sharpe,UPS,0.0526199627967834
2022-05-04,Equity-Only Max-Sharpe,UPS,0.003050128270108589
2022-06-03,Equity-Only Max-Sharpe,UPS,0.06328336235638272
2022-07-06,Equity-Only Max-Sharpe,UPS,0.09999999999999996
2022-08-04,Equity-Only Max-Sharpe,UPS,0.1
2022-09-02,Equity-Only Max-Sharpe,UPS,0.1
2022-10-04,Equity-Only Max-Sharpe,UPS,0.07439379538547379
2022-11-02,Equity-Only Max-Sharpe,UPS,0.06503709785847035
2022-12-02,Equity-Only Max-Sharpe,UPS,0.0452288414638943
2023-01-04,Equity-Only Max-Sharpe,UPS,0.02342095182360882
2023-02-03,Equity-Only Max-Sharpe,UPS,0.034867816632907
2023-03-07,Equity-Only Max-Sharpe,UPS,0.016456525596523424
2023-04-05,Equity-Only Max-Sharpe,UPS,0.08284886411203753
2021-01-04,Equity-Only Max-Sharpe,WMT,0.07346596395398147
2022-03-04,Equity-Only Max-Sharpe,WMT,0.0826824250465985
2022-04-04,Equity-Only Max-Sharpe,WMT,0.0751539794955644
2022-05-04,Equity-Only Max-Sharpe,WMT,0.09999999999999966
2022-11-02,Equity-Only Max-Sharpe,WMT,0.012396440075495322
2022-12-02,Equity-Only Max-Sharpe,WMT,0.03846824150124678
2023-01-04,Equity-Only Max-Sharpe,WMT,0.016514548681186337
2023-04-05,Equity-Only Max-Sharpe,WMT,0.03059827054675056
2023-05-05,Equity-Only Max-Sharpe,WMT,0.09576803754254058
2023-06-06,Equity-Only Max-Sharpe,WMT,0.09999999999999996
2023-07-07,Equity-Only Max-Sharpe,WMT,0.1
2023-08-07,Equity-Only Max-Sharpe,WMT,0.1
2023-09-06,Equity-Only Max-Sharpe,WMT,0.09999999999999999
2023-10-05,Equity-Only Max-Sharpe,WMT,0.1
2023-11-03,Equity-Only Max-Sharpe,WMT,0.09999999999999984
2023-12-05,Equity-Only Max-Sharpe,WMT,0.1
2022-11-02,Equity-Only Max-Sharpe,XOM,0.011465143761663379
2023-03-07,Equity-Only Max-Sharpe,XOM,0.09999999999999981
2023-04-05,Equity-Only Max-Sharpe,XOM,0.07964817993600752
2023-05-05,Equity-Only Max-Sharpe,XOM,0.048390831621147316
2023-06-06,Equity-Only Max-Sharpe,XOM,0.04170762233068246
2023-07-07,Equity-Only Max-Sharpe,XOM,0.02160461265393951
2023-09-06,Equity-Only Max-Sharpe,XOM,0.025243441799165763
2023-10-05,Equity-Only Max-Sharpe,XOM,0.05637371412065003
2023-11-03,Equity-Only Max-Sharpe,XOM,0.023036929954149948
2023-12-05,Equity-Only Max-Sharpe,XOM,0.002983428635517475
2021-01-04,Equity-Only Min-Variance,ABBV,0.1
2021-02-03,Equity-Only Min-Variance,ABBV,0.08830489958368214
2021-03-05,Equity-Only Min-Variance,ABBV,0.1
2021-04-06,Equity-Only Min-Variance,ABBV,0.1
2021-05-05,Equity-Only Min-Variance,ABBV,0.09526179359226457
2021-06-04,Equity-Only Min-Variance,ABBV,0.09092583302491135
2021-07-06,Equity-Only Min-Variance,ABBV,0.09347991176837141
2021-08-04,Equity-Only Min-Variance,ABBV,0.0919067281083928
2021-09-02,Equity-Only Min-Variance,ABBV,0.06858721856489612
2021-10-04,Equity-Only Min-Variance,ABBV,0.04969180624722072
2021-11-02,Equity-Only Min-Variance,ABBV,0.06369356634787818
2021-12-02,Equity-Only Min-Variance,ABBV,0.08043649594953511
2022-01-03,Equity-Only Min-Variance,ABBV,0.06322891122250208
2022-02-02,Equity-Only Min-Variance,ABBV,0.07331441263198073
2022-03-04,Equity-Only Min-Variance,ABBV,0.1
2022-04-04,Equity-Only Min-Variance,ABBV,0.09714374054836832
2022-05-04,Equity-Only Min-Variance,ABBV,0.038395949368902386
2022-06-03,Equity-Only Min-Variance,ABBV,0.09542904047362162
2022-07-06,Equity-Only Min-Variance,ABBV,0.08366083502468907
2022-08-04,Equity-Only Min-Variance,ABBV,0.07732772784443878
2022-09-02,Equity-Only Min-Variance,ABBV,0.07534530364983275
2022-10-04,Equity-Only Min-Variance,ABBV,0.09017952562491692
2022-11-02,Equity-Only Min-Variance,ABBV,0.1
2022-12-02,Equity-Only Min-Variance,ABBV,0.1
2023-01-04,Equity-Only Min-Variance,ABBV,0.1
2023-02-03,Equity-Only Min-Variance,ABBV,0.1
2023-03-07,Equity-Only Min-Variance,ABBV,0.1
2023-04-05,Equity-Only Min-Variance,ABBV,0.1
2023-05-05,Equity-Only Min-Variance,ABBV,0.1
2023-06-06,Equity-Only Min-Variance,ABBV,0.1
2023-07-07,Equity-Only Min-Variance,ABBV,0.1
2023-08-07,Equity-Only Min-Variance,ABBV,0.1
2023-09-06,Equity-Only Min-Variance,ABBV,0.09999999999999999
2023-10-05,Equity-Only Min-Variance,ABBV,0.1
2023-11-03,Equity-Only Min-Variance,ABBV,0.1
2023-12-05,Equity-Only Min-Variance,ABBV,0.1
2021-09-02,Equity-Only Min-Variance,ABT,0.0063460486990931635
2021-10-04,Equity-Only Min-Variance,ABT,0.02470543873974574
2021-11-02,Equity-Only Min-Variance,ABT,0.011761822419423288
2021-12-02,Equity-Only Min-Variance,ABT,0.04452707083196919
2022-01-03,Equity-Only Min-Variance,ABT,0.03163370362469172
2022-02-02,Equity-Only Min-Variance,ABT,0.0021188964641391675
2023-11-03,Equity-Only Min-Variance,ABT,0.05112052920016121
2023-12-05,Equity-Only Min-Variance,ABT,0.05148741717497494
2022-01-03,Equity-Only Min-Variance,ADBE,0.02112172135695115
2022-02-02,Equity-Only Min-Variance,ADBE,0.012384112508708751
2022-03-04,Equity-Only Min-Variance,ADBE,0.017744770444873204
2022-04-04,Equity-Only Min-Variance,ADBE,0.008998325828762973
2021-01-04,Equity-Only Min-Variance,AEP,0.03506601292912793
2021-02-03,Equity-Only Min-Variance,AEP,0.05185212173961524
2021-03-05,Equity-Only Min-Variance,AEP,0.06566445556810446
2021-04-06,Equity-Only Min-Variance,AEP,0.0687371773609548
2021-05-05,Equity-Only Min-Variance,AEP,0.07705584345503041
2021-06-04,Equity-Only Min-Variance,AEP,0.07522332976841899
2021-07-06,Equity-Only Min-Variance,AEP,0.061722167803145954
2021-08-04,Equity-Only Min-Variance,AEP,0.05708152512334369
2021-09-02,Equity-Only Min-Variance,AEP,0.07214761034085984
2021-10-04,Equity-Only Min-Variance,AEP,0.05347545496858669
2021-11-02,Equity-Only Min-Variance,AEP,0.06477878602634314
2021-12-02,Equity-Only Min-Variance,AEP,0.08173314012296726
2022-01-03,Equity-Only Min-Variance,AEP,0.08317591786992304
2022-02-02,Equity-Only Min-Variance,AEP,0.1
2022-03-04,Equity-Only Min-Variance,AEP,0.1
2022-04-04,Equity-Only Min-Variance,AEP,0.1
2022-05-04,Equity-Only Min-Variance,AEP,0.03266364964066939
2022-06-03,Equity-Only Min-Variance,AEP,0.09999999999999998
2022-07-06,Equity-Only Min-Variance,AEP,0.02755425986756144
2022-08-04,Equity-Only Min-Variance,AEP,0.032587911909209906
2022-09-02,Equity-Only Min-Variance,AEP,0.00447095346143566
2021-10-04,Equity-Only Min-Variance,AMD,0.0020642190956915406
2022-01-03,Equity-Only Min-Variance,AMD,0.004279424035459085
2023-07-07,Equity-Only Min-Variance,AMD,0.005267395432914546
2023-08-07,Equity-Only Min-Variance,AMD,0.01152390950837499
2023-09-06,Equity-Only Min-Variance,AMD,0.0027818929472150926
2022-05-04,Equity-Only Min-Variance,AMGN,0.0367583915128502
2022-06-03,Equity-Only Min-Variance,AMGN,0.09267849382443445
2022-07-06,Equity-Only Min-Variance,AMGN,0.1
2022-08-04,Equity-Only Min-Variance,AMGN,0.1
2022-09-02,Equity-Only Min-Variance,AMGN,0.1
2022-10-04,Equity-Only Min-Variance,AMGN,0.09999999999999999
2022-11-02,Equity-Only Min-Variance,AMGN,0.1
2022-12-02,Equity-Only Min-Variance,AMGN,0.1
2023-01-04,Equity-Only Min-Variance,AMGN,0.1
2023-02-03,Equity-Only Min-Variance,AMGN,0.1
2023-03-07,Equity-Only Min-Variance,AMGN,0.1
2023-04-05,Equity-Only Min-Variance,AMGN,0.1
2023-05-05,Equity-Only Min-Variance,AMGN,0.1
2023-06-06,Equity-Only Min-Variance,AMGN,0.0854718775389164
2023-07-07,Equity-Only Min-Variance,AMGN,0.08439637079327361
2023-08-07,Equity-Only Min-Variance,AMGN,0.09744583201003147
2023-09-06,Equity-Only Min-Variance,AMGN,0.09474662377888735
2023-10-05,Equity-Only Min-Variance,AMGN,0.07600959443827644
2023-11-03,Equity-Only Min-Variance,AMGN,0.061881796113883454
2023-12-05,Equity-Only Min-Variance,AMGN,0.05353606138137004
2021-05-05,Equity-Only Min-Variance,CAT,0.0059216415996119825
2021-06-04,Equity-Only Min-Variance,CAT,0.009761879904897268
2021-07-06,Equity-Only Min-Variance,CAT,0.01838656955999738
2021-08-04,Equity-Only Min-Variance,CAT,0.009637100594327153
2021-09-02,Equity-Only Min-Variance,CAT,0.008211270957747959
2022-02-02,Equity-Only Min-Variance,CAT,0.019053356417303758
2022-03-04,Equity-Only Min-Variance,CAT,0.016306294774159683
2022-04-04,Equity-Only Min-Variance,CAT,0.05551308034529726
2022-05-04,Equity-Only Min-Variance,CAT,0.062419263985041246
2022-06-03,Equity-Only Min-Variance,CAT,0.024962856565577195
2022-07-06,Equity-Only Min-Variance,CAT,0.016882025730877295
2023-08-07,Equity-Only Min-Variance,CAT,0.01052084106224211
2022-07-06,Equity-Only Min-Variance,CMCSA,0.006471189218144609
2022-08-04,Equity-Only Min-Variance,CMCSA,0.020139238122261854
2022-09-02,Equity-Only Min-Variance,CMCSA,0.020471334099807496
2023-08-07,Equity-Only Min-Variance,CMCSA,0.0005845664619137882
2023-09-06,Equity-Only Min-Variance,CMCSA,0.006988285662647728
2023-10-05,Equity-Only Min-Variance,CMCSA,0.025908906103311216
2023-11-03,Equity-Only Min-Variance,CMCSA,0.011775629590666878
2022-02-02,Equity-Only Min-Variance,CVX,0.014899800964740873
2022-03-04,Equity-Only Min-Variance,CVX,0.007163204631519935
2022-04-04,Equity-Only Min-Variance,CVX,0.05599710012846286
2022-05-04,Equity-Only Min-Variance,CVX,0.02062537073770189
2022-06-03,Equity-Only Min-Variance,CVX,0.0006391259582474058
2022-07-06,Equity-Only Min-Variance,CVX,0.007297146851253762
2022-08-04,Equity-Only Min-Variance,CVX,0.03652390610617868
2022-09-02,Equity-Only Min-Variance,CVX,0.0672039004533304
2022-10-04,Equity-Only Min-Variance,CVX,0.04452610374571705
2022-11-02,Equity-Only Min-Variance,CVX,0.02849222256320098
2022-12-02,Equity-Only Min-Variance,CVX,0.0261261519324372
2023-01-04,Equity-Only Min-Variance,CVX,0.0034743714653470378
2023-02-03,Equity-Only Min-Variance,CVX,0.05369036645834093
2023-03-07,Equity-Only Min-Variance,CVX,0.06600700100559377
2023-04-05,Equity-Only Min-Variance,CVX,0.05655751643647534
2023-05-05,Equity-Only Min-Variance,CVX,0.0428440566720367
2023-06-06,Equity-Only Min-Variance,CVX,0.03302933528194059
2023-07-07,Equity-Only Min-Variance,CVX,0.037287780888862254
2023-08-07,Equity-Only Min-Variance,CVX,0.035379012917085235
2023-09-06,Equity-Only Min-Variance,CVX,0.0553782501971057
2023-10-05,Equity-Only Min-Variance,CVX,0.08667770575177729
2022-09-02,Equity-Only Min-Variance,D,0.011512232611973905
2022-12-02,Equity-Only Min-Variance,D,0.009045715733780223
2023-01-04,Equity-Only Min-Variance,D,0.01260695969076177
2023-02-03,Equity-Only Min-Variance,D,0.0067665681210409305
2023-11-03,Equity-Only Min-Variance,DD,0.016699180298284398
2023-12-05,Equity-Only Min-Variance,DD,0.009316920520664415
2021-04-06,Equity-Only Min-Variance,DIS,0.0055703163144999865
2021-05-05,Equity-Only Min-Variance,DIS,0.014368023558438652
2021-06-04,Equity-Only Min-Variance,DIS,0.02014104203420414
2021-07-06,Equity-Only Min-Variance,DIS,0.021711210519701474
2021-08-04,Equity-Only Min-Variance,DIS,0.006065402158095878
2021-09-02,Equity-Only Min-Variance,DIS,0.016347783462694228
2021-10-04,Equity-Only Min-Variance,DIS,0.02683838875008115
2021-11-02,Equity-Only Min-Variance,DIS,0.01917233592457494
2021-12-02,Equity-Only Min-Variance,DIS,0.04207921077506605
2022-01-03,Equity-Only Min-Variance,DIS,0.046159378013831055
2022-02-02,Equity-Only Min-Variance,DIS,0.013883752260561375
2022-03-04,Equity-Only Min-Variance,DIS,0.05765520068315273
2022-04-04,Equity-Only Min-Variance,DIS,0.034678544410534466
2022-05-04,Equity-Only Min-Variance,DIS,0.028840168826786347
2022-06-03,Equity-Only Min-Variance,DIS,0.05155127241849801
2022-07-06,Equity-Only Min-Variance,DIS,0.03872070308337824
2022-08-04,Equity-Only Min-Variance,DIS,0.014914745794253996
2023-12-05,Equity-Only Min-Variance,DIS,0.0025431522140322033
2023-10-05,Equity-Only Min-Variance,DOW,2.705514874487188e-05
2022-02-02,Equity-Only Min-Variance,DUK,0.030790692252541607
2022-03-04,Equity-Only Min-Variance,DUK,0.005068931851803297
2022-04-04,Equity-Only Min-Variance,DUK,0.04648953854293027
2022-05-04,Equity-Only Min-Variance,DUK,0.1
2022-06-03,Equity-Only Min-Variance,DUK,0.1
2022-07-06,Equity-Only Min-Variance,DUK,0.1
2022-08-04,Equity-Only Min-Variance,DUK,0.1
2022-09-02,Equity-Only Min-Variance,DUK,0.1
2022-10-04,Equity-Only Min-Variance,DUK,0.034606491011023484
2022-11-02,Equity-Only Min-Variance,DUK,0.0028400761958206028
2022-12-02,Equity-Only Min-Variance,DUK,0.06212606328210184
2023-01-04,Equity-Only Min-Variance,DUK,0.06945225777648344
2023-02-03,Equity-Only Min-Variance,DUK,0.09875704016207339
2023-03-07,Equity-Only Min-Variance,DUK,0.08058338103806358
2023-04-05,Equity-Only Min-Variance,DUK,0.05729799193554524
2023-05-05,Equity-Only Min-Variance,DUK,0.06333950036586986
2023-06-06,Equity-Only Min-Variance,DUK,0.015383605272267205
2023-07-07,Equity-Only Min-Variance,DUK,0.03881914832262339
2023-08-07,Equity-Only Min-Variance,DUK,0.016253706874007772
2023-09-06,Equity-Only Min-Variance,DUK,0.013267538570265117
2023-10-05,Equity-Only Min-Variance,DUK,0.015314012809183333
2023-11-03,Equity-Only Min-Variance,DUK,0.03811951003605375
2023-12-05,Equity-Only Min-Variance,DUK,0.049761905011675205
2021-01-04,Equity-Only Min-Variance,EA,0.08927100686068602
2021-02-03,Equity-Only Min-Variance,EA,0.09853177948396186
2021-03-05,Equity-Only Min-Variance,EA,0.09387878264190715
2021-04-06,Equity-Only Min-Variance,EA,0.07201432177932185
2021-05-05,Equity-Only Min-Variance,EA,0.07119137969221992
2021-06-04,Equity-Only Min-Variance,EA,0.0876216408128794
2021-07-06,Equity-Only Min-Variance,EA,0.1
2021-08-04,Equity-Only Min-Variance,EA,0.09044812680395332
2021-09-02,Equity-Only Min-Variance,EA,0.09843391049218934
2021-10-04,Equity-Only Min-Variance,EA,0.09781667517084519
2021-11-02,Equity-Only Min-Variance,EA,0.09006962509423588
2021-12-02,Equity-Only Min-Variance,EA,0.08079261659341935
2022-01-03,Equity-Only Min-Variance,EA,0.06550835014797053
2022-02-02,Equity-Only Min-Variance,EA,0.08368818865091816
2022-03-04,Equity-Only Min-Variance,EA,0.07916336743043433
2022-04-04,Equity-Only Min-Variance,EA,0.07793367851565555
2022-05-04,Equity-Only Min-Variance,EA,0.0940797437381845
2022-06-03,Equity-Only Min-Variance,EA,0.09055509292637333
2022-07-06,Equity-Only Min-Variance,EA,0.1
2022-08-04,Equity-Only Min-Variance,EA,0.0962591347319079
2022-09-02,Equity-Only Min-Variance,EA,0.1
2022-10-04,Equity-Only Min-Variance,EA,0.1
2022-11-02,Equity-Only Min-Variance,EA,0.09999999999999999
2022-12-02,Equity-Only Min-Variance,EA,0.09999999999999999
2023-01-04,Equity-Only Min-Variance,EA,0.1
2023-02-03,Equity-Only Min-Variance,EA,0.0973311313201035
2023-03-07,Equity-Only Min-Variance,EA,0.1
2023-04-05,Equity-Only Min-Variance,EA,0.1
2023-05-05,Equity-Only Min-Variance,EA,0.09999999999999999
2023-06-06,Equity-Only Min-Variance,EA,0.1
2023-07-07,Equity-Only Min-Variance,EA,0.1
2023-08-07,Equity-Only Min-Variance,EA,0.07089366487294073
2023-09-06,Equity-Only Min-Variance,EA,0.08333717716242559
2023-10-05,Equity-Only Min-Variance,EA,0.09614948740802573
2023-11-03,Equity-Only Min-Variance,EA,0.07999869265977264
2023-12-05,Equity-Only Min-Variance,EA,0.0892405003652673
2023-05-05,Equity-Only Min-Variance,GE,0.016649675585507895
2023-06-06,Equity-Only Min-Variance,GE,0.025267635484053003
2023-07-07,Equity-Only Min-Variance,GE,0.027014714182600374
2023-08-07,Equity-Only Min-Variance,GE,0.036234598592108695
2023-09-06,Equity-Only Min-Variance,GE,0.01864023259910339
2023-10-05,Equity-Only Min-Variance,GE,0.001026158165179993
2021-01-04,Equity-Only Min-Variance,GILD,0.1
2021-02-03,Equity-Only Min-Variance,GILD,0.1
2021-03-05,Equity-Only Min-Variance,GILD,0.1
2021-04-06,Equity-Only Min-Variance,GILD,0.09718848048483754
2021-05-05,Equity-Only Min-Variance,GILD,0.0866075590873227
2021-06-04,Equity-Only Min-Variance,GILD,0.08393046792797182
2021-07-06,Equity-Only Min-Variance,GILD,0.08522013732211543
2021-08-04,Equity-Only Min-Variance,GILD,0.08699728049412919
2021-09-02,Equity-Only Min-Variance,GILD,0.07507155813674152
2021-10-04,Equity-Only Min-Variance,GILD,0.1
2021-11-02,Equity-Only Min-Variance,GILD,0.09350972636654621
2021-12-02,Equity-Only Min-Variance,GILD,0.1
2022-01-03,Equity-Only Min-Variance,GILD,0.1
2022-02-02,Equity-Only Min-Variance,GILD,0.1
2022-03-04,Equity-Only Min-Variance,GILD,0.1
2022-04-04,Equity-Only Min-Variance,GILD,0.1
2022-05-04,Equity-Only Min-Variance,GILD,0.1
2022-06-03,Equity-Only Min-Variance,GILD,0.1
2022-07-06,Equity-Only Min-Variance,GILD,0.1
2022-08-04,Equity-Only Min-Variance,GILD,0.1
2022-09-02,Equity-Only Min-Variance,GILD,0.1
2022-10-04,Equity-Only Min-Variance,GILD,0.08665680526708022
2022-11-02,Equity-Only Min-Variance,GILD,0.02437232867287691
2022-12-02,Equity-Only Min-Variance,GILD,0.0499000531088683
2023-01-04,Equity-Only Min-Variance,GILD,0.04463929965738381
2023-02-03,Equity-Only Min-Variance,GILD,0.016986617112664852
2023-03-07,Equity-Only Min-Variance,GILD,0.026633163896686525
2023-04-05,Equity-Only Min-Variance,GILD,0.008690289317565977
2023-06-06,Equity-Only Min-Variance,GILD,0.011537703754714114
2023-07-07,Equity-Only Min-Variance,GILD,0.005486105717948005
2023-08-07,Equity-Only Min-Variance,GILD,0.003819990569000484
2021-11-02,Equity-Only Min-Variance,GS,0.004821705143290373
2021-12-02,Equity-Only Min-Variance,GS,0.007956072043401171
2022-01-03,Equity-Only Min-Variance,GS,0.0011700490019244264
2023-06-06,Equity-Only Min-Variance,GS,0.0009906840404839017
2023-07-07,Equity-Only Min-Variance,GS,0.0008821091911188686
2021-12-02,Equity-Only Min-Variance,INTC,0.003990014613030172
2022-02-02,Equity-Only Min-Variance,INTC,0.016958591680953615
2023-12-05,Equity-Only Min-Variance,INTC,0.008006120680996664
2021-01-04,Equity-Only Min-Variance,KO,0.011683085832967404
2021-02-03,Equity-Only Min-Variance,KO,0.022105501348398657
2021-03-05,Equity-Only Min-Variance,KO,0.017283570828766984
2021-04-06,Equity-Only Min-Variance,KO,0.016749608458355807
2021-05-05,Equity-Only Min-Variance,KO,0.0044917532839154565
2021-06-04,Equity-Only Min-Variance,KO,0.017302128735356186
2021-07-06,Equity-Only Min-Variance,KO,0.010945050860314933
2021-08-04,Equity-Only Min-Variance,KO,0.04075739178870451
2021-09-02,Equity-Only Min-Variance,KO,0.035587029801354614
2021-10-04,Equity-Only Min-Variance,KO,0.055810998084441274
2021-11-02,Equity-Only Min-Variance,KO,0.1
2021-12-02,Equity-Only Min-Variance,KO,0.06780691662529433
2022-01-03,Equity-Only Min-Variance,KO,0.030474793860857868
2022-02-02,Equity-Only Min-Variance,KO,0.03630353064801786
2022-03-04,Equity-Only Min-Variance,KO,0.09562799833537874
2022-04-04,Equity-Only Min-Variance,KO,0.07091422121721677
2022-05-04,Equity-Only Min-Variance,KO,0.1
2022-07-06,Equity-Only Min-Variance,KO,0.016598987747159673
2022-08-04,Equity-Only Min-Variance,KO,0.02816361556702261
2022-09-02,Equity-Only Min-Variance,KO,0.0499804596358765
2022-10-04,Equity-Only Min-Variance,KO,0.09999999999999999
2022-11-02,Equity-Only Min-Variance,KO,0.1
2022-12-02,Equity-Only Min-Variance,KO,0.1
2023-01-04,Equity-Only Min-Variance,KO,0.1
2023-02-03,Equity-Only Min-Variance,KO,0.1
2023-03-07,Equity-Only Min-Variance,KO,0.1
2023-04-05,Equity-Only Min-Variance,KO,0.1
2023-05-05,Equity-Only Min-Variance,KO,0.09999999999999999
2023-06-06,Equity-Only Min-Variance,KO,0.1
2023-07-07,Equity-Only Min-Variance,KO,0.09999999999999999
2023-08-07,Equity-Only Min-Variance,KO,0.1
2023-09-06,Equity-Only Min-Variance,KO,0.09999999999999999
2023-10-05,Equity-Only Min-Variance,KO,0.1
2023-11-03,Equity-Only Min-Variance,KO,0.1
2023-12-05,Equity-Only Min-Variance,KO,0.1
2021-01-04,Equity-Only Min-Variance,MMM,0.08898254899694802
2021-02-03,Equity-Only Min-Variance,MMM,0.1
2021-03-05,Equity-Only Min-Variance,MMM,0.1
2021-04-06,Equity-Only Min-Variance,MMM,0.1
2021-05-05,Equity-Only Min-Variance,MMM,0.1
2021-06-04,Equity-Only Min-Variance,MMM,0.1
2021-07-06,Equity-Only Min-Variance,MMM,0.09546529805361022
2021-08-04,Equity-Only Min-Variance,MMM,0.08863999380685948
2021-09-02,Equity-Only Min-Variance,MMM,0.09212346805507401
2021-10-04,Equity-Only Min-Variance,MMM,0.04682340936348333
2021-11-02,Equity-Only Min-Variance,MMM,0.041270026491704095
2021-12-02,Equity-Only Min-Variance,MMM,0.0405811096610472
2022-01-03,Equity-Only Min-Variance,MMM,0.06641770810726111
2022-02-02,Equity-Only Min-Variance,MMM,0.057761938492226765
2022-06-03,Equity-Only Min-Variance,MMM,0.007899129110021778
2022-07-06,Equity-Only Min-Variance,MMM,0.09792498761235885
2022-08-04,Equity-Only Min-Variance,MMM,0.09206047006083598
2022-09-02,Equity-Only Min-Variance,MMM,0.018917257083434873
2022-10-04,Equity-Only Min-Variance,MMM,0.01719012414315794
2021-01-04,Equity-Only Min-Variance,MRK,0.1
2021-02-03,Equity-Only Min-Variance,MRK,0.1
2021-03-05,Equity-Only Min-Variance,MRK,0.1
2021-04-06,Equity-Only Min-Variance,MRK,0.1
2021-05-05,Equity-Only Min-Variance,MRK,0.1
2021-06-04,Equity-Only Min-Variance,MRK,0.1
2021-07-06,Equity-Only Min-Variance,MRK,0.1
2021-08-04,Equity-Only Min-Variance,MRK,0.1
2021-09-02,Equity-Only Min-Variance,MRK,0.1
2021-10-04,Equity-Only Min-Variance,MRK,0.0836537119725215
2021-11-02,Equity-Only Min-Variance,MRK,0.043733716569986494
2021-12-02,Equity-Only Min-Variance,MRK,0.023079036005435396
2022-01-03,Equity-Only Min-Variance,MRK,0.051026298621077666
2022-02-02,Equity-Only Min-Variance,MRK,0.065366058928775
2022-03-04,Equity-Only Min-Variance,MRK,0.06996647590439806
2022-04-04,Equity-Only Min-Variance,MRK,0.06875057885161136
2022-05-04,Equity-Only Min-Variance,MRK,0.08144896655127379
2022-06-03,Equity-Only Min-Variance,MRK,0.1
2022-07-06,Equity-Only Min-Variance,MRK,0.099517377538353
2022-08-04,Equity-Only Min-Variance,MRK,0.09432156533731403
2022-09-02,Equity-Only Min-Variance,MRK,0.09540663383644911
2022-10-04,Equity-Only Min-Variance,MRK,0.1
2022-11-02,Equity-Only Min-Variance,MRK,0.09999999999999999
2022-12-02,Equity-Only Min-Variance,MRK,0.1
2023-01-04,Equity-Only Min-Variance,MRK,0.1
2023-02-03,Equity-Only Min-Variance,MRK,0.1
2023-03-07,Equity-Only Min-Variance,MRK,0.1
2023-04-05,Equity-Only Min-Variance,MRK,0.1
2023-05-05,Equity-Only Min-Variance,MRK,0.1
2023-06-06,Equity-Only Min-Variance,MRK,0.1
2023-07-07,Equity-Only Min-Variance,MRK,0.1
2023-08-07,Equity-Only Min-Variance,MRK,0.1
2023-09-06,Equity-Only Min-Variance,MRK,0.1
2023-10-05,Equity-Only Min-Variance,MRK,0.1
2023-11-03,Equity-Only Min-Variance,MRK,0.1
2023-12-05,Equity-Only Min-Variance,MRK,0.1
2023-05-05,Equity-Only Min-Variance,MS,0.013075656321016647
2023-06-06,Equity-Only Min-Variance,MS,0.020650024924088843
2023-07-07,Equity-Only Min-Variance,MS,0.01149153130964089
2023-09-06,Equity-Only Min-Variance,MS,0.006482263151594295
2021-01-04,Equity-Only Min-Variance,NEM,0.09185854964175365
2021-02-03,Equity-Only Min-Variance,NEM,0.08839431344741076
2021-03-05,Equity-Only Min-Variance,NEM,0.07967460706084101
2021-04-06,Equity-Only Min-Variance,NEM,0.06453512041556969
2021-05-05,Equity-Only Min-Variance,NEM,0.047602890772439836
2021-06-04,Equity-Only Min-Variance,NEM,0.04557217842902367
2021-07-06,Equity-Only Min-Variance,NEM,0.03597994133238431
2021-08-04,Equity-Only Min-Variance,NEM,0.03919848235003675
2021-09-02,Equity-Only Min-Variance,NEM,0.03316879236799932
2021-10-04,Equity-Only Min-Variance,NEM,0.049838417001922694
2021-11-02,Equity-Only Min-Variance,NEM,0.06317164831335148
2021-12-02,Equity-Only Min-Variance,NEM,0.07449219245115787
2022-01-03,Equity-Only Min-Variance,NEM,0.07015645641428182
2022-02-02,Equity-Only Min-Variance,NEM,0.057499794834691684
2022-03-04,Equity-Only Min-Variance,NEM,0.07242997504784525
2022-04-04,Equity-Only Min-Variance,NEM,0.06312747050637198
2022-05-04,Equity-Only Min-Variance,NEM,0.06398676839518012
2022-06-03,Equity-Only Min-Variance,NEM,0.07329178850841234
2022-07-06,Equity-Only Min-Variance,NEM,0.08092334706677644
2022-08-04,Equity-Only Min-Variance,NEM,0.0667428857085635
2022-09-02,Equity-Only Min-Variance,NEM,0.06023287315067374
2022-10-04,Equity-Only Min-Variance,NEM,0.05686534317405808
2022-11-02,Equity-Only Min-Variance,NEM,0.07051005722034927
2022-12-02,Equity-Only Min-Variance,NEM,0.011151390772917925
2023-01-04,Equity-Only Min-Variance,NEM,0.009267154905694857
2023-02-03,Equity-Only Min-Variance,NEM,0.0014146635486106485
2023-04-05,Equity-Only Min-Variance,NEM,0.0066692900060905036
2023-05-05,Equity-Only Min-Variance,NEM,0.014556347962511571
2023-06-06,Equity-Only Min-Variance,NEM,0.01413489252267083
2023-07-07,Equity-Only Min-Variance,NEM,0.006445721404428584
2023-08-07,Equity-Only Min-Variance,NEM,0.01554176618313191
2023-09-06,Equity-Only Min-Variance,NEM,0.01947859028192675
2023-10-05,Equity-Only Min-Variance,NEM,0.014881037431281934
2023-11-03,Equity-Only Min-Variance,NEM,0.04095161108940932
2023-12-05,Equity-Only Min-Variance,NEM,0.02338170144969731
2021-01-04,Equity-Only Min-Variance,NKE,0.049300076878774655
2021-02-03,Equity-Only Min-Variance,NKE,0.027519905498596373
2021-03-05,Equity-Only Min-Variance,NKE,0.02024230093063767
2021-04-06,Equity-Only Min-Variance,NKE,0.0017868235762679677
2021-05-05,Equity-Only Min-Variance,NKE,0.0031822967449330187
2021-06-04,Equity-Only Min-Variance,NKE,0.0038114992490609523
2021-07-06,Equity-Only Min-Variance,NKE,0.0030021881162463795
2021-08-04,Equity-Only Min-Variance,NKE,0.008454644495760569
2021-09-02,Equity-Only Min-Variance,NKE,0.012433748967473787
2021-10-04,Equity-Only Min-Variance,NKE,0.02445286194468647
2021-11-02,Equity-Only Min-Variance,NKE,0.029331705639635962
2021-12-02,Equity-Only Min-Variance,NKE,0.03150842065787394
2022-01-03,Equity-Only Min-Variance,NKE,0.048761200561462964
2022-02-02,Equity-Only Min-Variance,NKE,0.051990693328381944
2022-03-04,Equity-Only Min-Variance,NKE,0.047749288653692885
2022-04-04,Equity-Only Min-Variance,NKE,0.015981178004544818
2023-09-06,Equity-Only Min-Variance,NVDA,0.0028182515815044873
2023-10-05,Equity-Only Min-Variance,NVDA,0.00533293622906271
2023-11-03,Equity-Only Min-Variance,NVDA,0.00852169671292904
2023-12-05,Equity-Only Min-Variance,NVDA,0.014723182643180665
2022-09-02,Equity-Only Min-Variance,O,0.03494449912896824
2022-10-04,Equity-Only Min-Variance,O,0.09999999999999999
2022-11-02,Equity-Only Min-Variance,O,0.1
2022-12-02,Equity-Only Min-Variance,O,0.1
2023-01-04,Equity-Only Min-Variance,O,0.09999999999999999
2023-02-03,Equity-Only Min-Variance,O,0.1
2023-03-07,Equity-Only Min-Variance,O,0.09999999999999999
2023-04-05,Equity-Only Min-Variance,O,0.1
2023-05-05,Equity-Only Min-Variance,O,0.1
2023-06-06,Equity-Only Min-Variance,O,0.09999999999999999
2023-07-07,Equity-Only Min-Variance,O,0.1
2023-08-07,Equity-Only Min-Variance,O,0.1
2023-09-06,Equity-Only Min-Variance,O,0.09565245975659031
2023-10-05,Equity-Only Min-Variance,O,0.08063459449956824
2023-11-03,Equity-Only Min-Variance,O,0.05861063577176478
2023-12-05,Equity-Only Min-Variance,O,0.03004886189703951
2021-01-04,Equity-Only Min-Variance,PSA,0.09999999999999999
2021-02-03,Equity-Only Min-Variance,PSA,0.1
2021-03-05,Equity-Only Min-Variance,PSA,0.1
2021-04-06,Equity-Only Min-Variance,PSA,0.1
2021-05-05,Equity-Only Min-Variance,PSA,0.1
2021-06-04,Equity-Only Min-Variance,PSA,0.1
2021-07-06,Equity-Only Min-Variance,PSA,0.1
2021-08-04,Equity-Only Min-Variance,PSA,0.1
2021-09-02,Equity-Only Min-Variance,PSA,0.1
2021-10-04,Equity-Only Min-Variance,PSA,0.1
2021-11-02,Equity-Only Min-Variance,PSA,0.1
2021-12-02,Equity-Only Min-Variance,PSA,0.1
2022-01-03,Equity-Only Min-Variance,PSA,0.1
2022-02-02,Equity-Only Min-Variance,PSA,0.09071651154019973
2022-03-04,Equity-Only Min-Variance,PSA,0.055214427135189724
2022-04-04,Equity-Only Min-Variance,PSA,0.02555853355542592
2022-11-02,Equity-Only Min-Variance,PSA,0.008355592126958938
2023-07-07,Equity-Only Min-Variance,PSA,0.006814776605134417
2023-08-07,Equity-Only Min-Variance,PSA,0.027702254354178547
2023-09-06,Equity-Only Min-Variance,PSA,0.005163167341384238
2023-11-03,Equity-Only Min-Variance,PSA,0.0011336150055418041
2021-11-02,Equity-Only Min-Variance,SHW,0.00977975230088875
2021-12-02,Equity-Only Min-Variance,SHW,0.04559488175646671
2022-01-03,Equity-Only Min-Variance,SHW,0.03219751207101743
2022-02-02,Equity-Only Min-Variance,SHW,0.0309919851611528
2022-03-04,Equity-Only Min-Variance,SHW,0.0013980419861096668
2022-04-04,Equity-Only Min-Variance,SHW,0.0016335244765223287
2022-05-04,Equity-Only Min-Variance,SHW,0.0649924992734758
2022-06-03,Equity-Only Min-Variance,SHW,0.03263529142067436
2022-08-04,Equity-Only Min-Variance,SHW,0.013283108402930949
2022-09-02,Equity-Only Min-Variance,SHW,0.009693504736109991
2022-11-02,Equity-Only Min-Variance,SO,0.035163149487972764
2023-06-06,Equity-Only Min-Variance,SO,0.025713626621754113
2023-07-07,Equity-Only Min-Variance,SO,0.005460824441629485
2023-09-06,Equity-Only Min-Variance,SO,0.027892143252930126
2023-10-05,Equity-Only Min-Variance,SO,0.012192838312270936
2023-12-05,Equity-Only Min-Variance,SO,0.00823520589270719
2021-01-04,Equity-Only Min-Variance,T,0.05825311854792771
2021-02-03,Equity-Only Min-Variance,T,0.06633140156591873
2021-03-05,Equity-Only Min-Variance,T,0.07299095130640218
2021-04-06,Equity-Only Min-Variance,T,0.09474820079048632
2021-05-05,Equity-Only Min-Variance,T,0.1
2021-06-04,Equity-Only Min-Variance,T,0.08802271095263871
2021-07-06,Equity-Only Min-Variance,T,0.1
2021-08-04,Equity-Only Min-Variance,T,0.1
2021-09-02,Equity-Only Min-Variance,T,0.1
2021-10-04,Equity-Only Min-Variance,T,0.1
2021-11-02,Equity-Only Min-Variance,T,0.08855846908367142
2021-12-02,Equity-Only Min-Variance,T,0.04142337381135078
2022-01-03,Equity-Only Min-Variance,T,0.035480104260895644
2022-05-04,Equity-Only Min-Variance,T,0.007029352835678752
2022-06-03,Equity-Only Min-Variance,T,0.0037246424863062507
2022-08-04,Equity-Only Min-Variance,T,0.0026617194062322296
2022-09-02,Equity-Only Min-Variance,T,0.02379128312554607
2022-10-04,Equity-Only Min-Variance,T,0.03138570133979574
2022-11-02,Equity-Only Min-Variance,T,0.02934151361555541
2022-12-02,Equity-Only Min-Variance,T,0.05793798637008644
2023-01-04,Equity-Only Min-Variance,T,0.06703160261506254
2023-02-03,Equity-Only Min-Variance,T,0.05703948441051898
2023-03-07,Equity-Only Min-Variance,T,0.0736061678636726
2023-04-05,Equity-Only Min-Variance,T,0.07752520706500118
2023-05-05,Equity-Only Min-Variance,T,0.039778728319419455
2023-06-06,Equity-Only Min-Variance,T,0.025948000674146734
2023-07-07,Equity-Only Min-Variance,T,0.03820145359905808
2023-08-07,Equity-Only Min-Variance,T,0.031827306107787674
2023-09-06,Equity-Only Min-Variance,T,0.032185900729457595
2023-10-05,Equity-Only Min-Variance,T,0.04064869048829821
2023-11-03,Equity-Only Min-Variance,T,0.03420838214679312
2023-12-05,Equity-Only Min-Variance,T,0.037372907657580785
2021-09-02,Equity-Only Min-Variance,TMUS,0.0049753332443679636
2021-10-04,Equity-Only Min-Variance,TMUS,0.011892885488675536
2021-11-02,Equity-Only Min-Variance,TMUS,0.014570168974029407
2022-03-04,Equity-Only Min-Variance,TMUS,0.011688377878665794
2022-04-04,Equity-Only Min-Variance,TMUS,0.022601382912000735
2023-01-04,Equity-Only Min-Variance,TMUS,0.006659783239810344
2023-02-03,Equity-Only Min-Variance,TMUS,0.027617026184837672
2023-03-07,Equity-Only Min-Variance,TMUS,0.027872316154266524
2023-04-05,Equity-Only Min-Variance,TMUS,0.050346511896038414
2023-05-05,Equity-Only Min-Variance,TMUS,0.07687986707655715
2023-06-06,Equity-Only Min-Variance,TMUS,0.09708252517406368
2023-07-07,Equity-Only Min-Variance,TMUS,0.07231676583766695
2023-08-07,Equity-Only Min-Variance,TMUS,0.06963075834341549
2023-09-06,Equity-Only Min-Variance,TMUS,0.05366893308131976
2023-10-05,Equity-Only Min-Variance,TMUS,0.047672398862598636
2023-11-03,Equity-Only Min-Variance,TMUS,0.039719813228433924
2023-12-05,Equity-Only Min-Variance,TMUS,0.05609366547132365
2021-01-04,Equity-Only Min-Variance,TTWO,0.07558560031181465
2021-02-03,Equity-Only Min-Variance,TTWO,0.05696007733241634
2021-03-05,Equity-Only Min-Variance,TTWO,0.04438063956098705
2021-04-06,Equity-Only Min-Variance,TTWO,0.06536551144532149
2021-05-05,Equity-Only Min-Variance,TTWO,0.08004859556551208
2021-06-04,Equity-Only Min-Variance,TTWO,0.06774621356538407
2021-07-06,Equity-Only Min-Variance,TTWO,0.05541609745087127
2021-08-04,Equity-Only Min-Variance,TTWO,0.05696467661186591
2021-09-02,Equity-Only Min-Variance,TTWO,0.05489142493286284
2021-10-04,Equity-Only Min-Variance,TTWO,0.040094423951705975
2021-11-02,Equity-Only Min-Variance,TTWO,0.04567918276017355
2021-12-02,Equity-Only Min-Variance,TTWO,0.033999448101985526
2022-01-03,Equity-Only Min-Variance,TTWO,0.04275417676594497
2022-02-02,Equity-Only Min-Variance,TTWO,0.02094193788139934
2022-03-04,Equity-Only Min-Variance,TTWO,0.03374702130675019
2022-04-04,Equity-Only Min-Variance,TTWO,0.03869011945542172
2022-05-04,Equity-Only Min-Variance,TTWO,0.05170700735740933
2022-06-03,Equity-Only Min-Variance,TTWO,0.026167702148112353
2022-07-06,Equity-Only Min-Variance,TTWO,0.011218308247043838
2022-08-04,Equity-Only Min-Variance,TTWO,0.017878153479191444
2022-09-02,Equity-Only Min-Variance,TTWO,0.012941852695393205
2022-11-02,Equity-Only Min-Variance,TTWO,0.026306165342438168
2022-12-02,Equity-Only Min-Variance,TTWO,0.03657768459971015
2023-01-04,Equity-Only Min-Variance,TTWO,0.03399962392060591
2023-02-03,Equity-Only Min-Variance,TTWO,0.04039710268180912
2023-03-07,Equity-Only Min-Variance,TTWO,0.02379766069532163
2023-04-05,Equity-Only Min-Variance,TTWO,0.013721816063552605
2023-05-05,Equity-Only Min-Variance,TTWO,0.010607586820461472
2023-06-06,Equity-Only Min-Variance,TTWO,0.013320358639146723
2023-07-07,Equity-Only Min-Variance,TTWO,0.015059331297021382
2023-08-07,Equity-Only Min-Variance,TTWO,0.018435835279080968
2023-09-06,Equity-Only Min-Variance,TTWO,0.011937183567547346
2023-11-03,Equity-Only Min-Variance,TTWO,0.004177593164976503
2023-12-05,Equity-Only Min-Variance,TTWO,0.008782262133108211
2021-03-05,Equity-Only Min-Variance,UPS,0.005884692102353573
2021-04-06,Equity-Only Min-Variance,UPS,0.013304439374384523
2021-05-05,Equity-Only Min-Variance,UPS,0.014268222648311367
2021-06-04,Equity-Only Min-Variance,UPS,0.009941075595253382
2021-07-06,Equity-Only Min-Variance,UPS,0.0186714272132412
2021-08-04,Equity-Only Min-Variance,UPS,0.023848647664530875
2021-09-02,Equity-Only Min-Variance,UPS,0.02167480197664533
2021-10-04,Equity-Only Min-Variance,UPS,0.032841309220392294
2021-11-02,Equity-Only Min-Variance,UPS,0.01609776254426689
2022-02-02,Equity-Only Min-Variance,UPS,0.008128917292255898
2022-03-04,Equity-Only Min-Variance,UPS,0.013548397397797682
2022-04-04,Equity-Only Min-Variance,UPS,0.015988982700872522
2022-07-06,Equity-Only Min-Variance,UPS,0.013230832012403798
2022-08-04,Equity-Only Min-Variance,UPS,0.0071358175296580804
2022-09-02,Equity-Only Min-Variance,UPS,0.01719777174454714
2022-10-04,Equity-Only Min-Variance,UPS,0.038589905694250505
2022-11-02,Equity-Only Min-Variance,UPS,0.03952245132655516
2023-04-05,Equity-Only Min-Variance,UPS,0.029191377279730674
2023-05-05,Equity-Only Min-Variance,UPS,0.01869424520778898
2023-06-06,Equity-Only Min-Variance,UPS,0.031469730071753896
2023-07-07,Equity-Only Min-Variance,UPS,0.014334784439305191
2023-08-07,Equity-Only Min-Variance,UPS,0.00374853742120764
2022-06-03,Equity-Only Min-Variance,USB,0.008836729463231436
2022-11-02,Equity-Only Min-Variance,USB,0.010954895621972653
2023-05-05,Equity-Only Min-Variance,V,0.00357433566883002
2023-07-07,Equity-Only Min-Variance,V,0.030721186536773915
2023-08-07,Equity-Only Min-Variance,V,0.050457419443492565
2023-09-06,Equity-Only Min-Variance,V,0.06958110633809526
2023-10-05,Equity-Only Min-Variance,V,0.09752458435242047
2023-11-03,Equity-Only Min-Variance,V,0.08645489715663124
2023-12-05,Equity-Only Min-Variance,V,0.08246604676841843
2021-01-04,Equity-Only Min-Variance,WMT,0.1
2021-02-03,Equity-Only Min-Variance,WMT,0.1
2021-03-05,Equity-Only Min-Variance,WMT,0.09999999999999999
2021-04-06,Equity-Only Min-Variance,WMT,0.09999999999999999
2021-05-05,Equity-Only Min-Variance,WMT,0.1
2021-06-04,Equity-Only Min-Variance,WMT,0.1
2021-07-06,Equity-Only Min-Variance,WMT,0.1
2021-08-04,Equity-Only Min-Variance,WMT,0.1
2021-09-02,Equity-Only Min-Variance,WMT,0.1
2021-10-04,Equity-Only Min-Variance,WMT,0.1
2021-11-02,Equity-Only Min-Variance,WMT,0.1
2021-12-02,Equity-Only Min-Variance,WMT,0.1
2022-01-03,Equity-Only Min-Variance,WMT,0.1
2022-02-02,Equity-Only Min-Variance,WMT,0.1
2022-03-04,Equity-Only Min-Variance,WMT,0.1
2022-04-04,Equity-Only Min-Variance,WMT,0.1
2022-05-04,Equity-Only Min-Variance,WMT,0.1
2022-06-03,Equity-Only Min-Variance,WMT,0.08313883506614929
2022-07-06,Equity-Only Min-Variance,WMT,0.1
2022-08-04,Equity-Only Min-Variance,WMT,0.09999999999999999
2022-09-02,Equity-Only Min-Variance,WMT,0.09789014058662099
2022-10-04,Equity-Only Min-Variance,WMT,0.1
2022-11-02,Equity-Only Min-Variance,WMT,0.1
2022-12-02,Equity-Only Min-Variance,WMT,0.1
2023-01-04,Equity-Only Min-Variance,WMT,0.1
2023-02-03,Equity-Only Min-Variance,WMT,0.1
2023-03-07,Equity-Only Min-Variance,WMT,0.1
2023-04-05,Equity-Only Min-Variance,WMT,0.09999999999999999
2023-05-05,Equity-Only Min-Variance,WMT,0.1
2023-06-06,Equity-Only Min-Variance,WMT,0.1
2023-07-07,Equity-Only Min-Variance,WMT,0.09999999999999999
2023-08-07,Equity-Only Min-Variance,WMT,0.1
2023-09-06,Equity-Only Min-Variance,WMT,0.1
2023-10-05,Equity-Only Min-Variance,WMT,0.1
2023-11-03,Equity-Only Min-Variance,WMT,0.1
2023-12-05,Equity-Only Min-Variance,WMT,0.09999999999999999
2022-01-03,Equity-Only Min-Variance,XOM,0.006454294063947569
2022-02-02,Equity-Only Min-Variance,XOM,0.013206828061051069
2022-03-04,Equity-Only Min-Variance,XOM,0.015528226538228945
2022-05-04,Equity-Only Min-Variance,XOM,0.017052867776846135
2022-06-03,Equity-Only Min-Variance,XOM,0.008489999630340373
2022-11-02,Equity-Only Min-Variance,XOM,0.02414154782629916
2022-12-02,Equity-Only Min-Variance,XOM,0.0471349542000979
2023-01-04,Equity-Only Min-Variance,XOM,0.052868946728850355
2023-03-07,Equity-Only Min-Variance,XOM,0.0015003093463954646
2023-11-03,Equity-Only Min-Variance,XOM,0.06662641782469801
2023-12-05,Equity-Only Min-Variance,XOM,0.07500408873796334
2021-01-04,Equity-Only Risk Parity,ABBV,0.026908916496254036
2021-02-03,Equity-Only Risk Parity,ABBV,0.025349593580527335
2021-03-05,Equity-Only Risk Parity,ABBV,0.025784300240350628
2021-04-06,Equity-Only Risk Parity,ABBV,0.025565774435656972
2021-05-05,Equity-Only Risk Parity,ABBV,0.0255197923110991
2021-06-04,Equity-Only Risk Parity,ABBV,0.025967435697719168
2021-07-06,Equity-Only Risk Parity,ABBV,0.026011554190530754
2021-08-04,Equity-Only Risk Parity,ABBV,0.025765793375986563
2021-09-02,Equity-Only Risk Parity,ABBV,0.025671169488600366
2021-10-04,Equity-Only Risk Parity,ABBV,0.02486444894467976
2021-11-02,Equity-Only Risk Parity,ABBV,0.025268294784788335
2021-12-02,Equity-Only Risk Parity,ABBV,0.02567188136150288
2022-01-03,Equity-Only Risk Parity,ABBV,0.025852909994992686
2022-02-02,Equity-Only Risk Parity,ABBV,0.028120881142589788
2022-03-04,Equity-Only Risk Parity,ABBV,0.02945977635373722
2022-04-04,Equity-Only Risk Parity,ABBV,0.029517054163745317
2022-05-04,Equity-Only Risk Parity,ABBV,0.027534362438427086
2022-06-03,Equity-Only Risk Parity,ABBV,0.03333878340744177
2022-07-06,Equity-Only Risk Parity,ABBV,0.031820358250119696
2022-08-04,Equity-Only Risk Parity,ABBV,0.03368037861675474
2022-09-02,Equity-Only Risk Parity,ABBV,0.03322327269207505
2022-10-04,Equity-Only Risk Parity,ABBV,0.031753279760045015
2022-11-02,Equity-Only Risk Parity,ABBV,0.033448408862520616
2022-12-02,Equity-Only Risk Parity,ABBV,0.03366118750304396
2023-01-04,Equity-Only Risk Parity,ABBV,0.0344904593869073
2023-02-03,Equity-Only Risk Parity,ABBV,0.03427658196889235
2023-03-07,Equity-Only Risk Parity,ABBV,0.03614034024996565
2023-04-05,Equity-Only Risk Parity,ABBV,0.0353894291695507
2023-05-05,Equity-Only Risk Parity,ABBV,0.03842847456033629
2023-06-06,Equity-Only Risk Parity,ABBV,0.03657027443030155
2023-07-07,Equity-Only Risk Parity,ABBV,0.0376218507427352
2023-08-07,Equity-Only Risk Parity,ABBV,0.03922242925006244
2023-09-06,Equity-Only Risk Parity,ABBV,0.03831807077637994
2023-10-05,Equity-Only Risk Parity,ABBV,0.03785898094156837
2023-11-03,Equity-Only Risk Parity,ABBV,0.035634668414492886
2023-12-05,Equity-Only Risk Parity,ABBV,0.036748711872740744
2021-01-04,Equity-Only Risk Parity,ABT,0.022927388484484907
2021-02-03,Equity-Only Risk Parity,ABT,0.024435786131468296
2021-03-05,Equity-Only Risk Parity,ABT,0.023712009365156612
2021-04-06,Equity-Only Risk Parity,ABT,0.024059527305313674
2021-05-05,Equity-Only Risk Parity,ABT,0.0237351908812032
2021-06-04,Equity-Only Risk Parity,ABT,0.024045062453680238
2021-07-06,Equity-Only Risk Parity,ABT,0.024506705625018263
2021-08-04,Equity-Only Risk Parity,ABT,0.02548537844531387
2021-09-02,Equity-Only Risk Parity,ABT,0.02646844043905119
2021-10-04,Equity-Only Risk Parity,ABT,0.027021808588244753
2021-11-02,Equity-Only Risk Parity,ABT,0.02618530758190764
2021-12-02,Equity-Only Risk Parity,ABT,0.02822221655719274
2022-01-03,Equity-Only Risk Parity,ABT,0.027497004913880775
2022-02-02,Equity-Only Risk Parity,ABT,0.025682013901498265
2022-03-04,Equity-Only Risk Parity,ABT,0.022329019416060397
2022-04-04,Equity-Only Risk Parity,ABT,0.021080758671982464
2022-05-04,Equity-Only Risk Parity,ABT,0.02001790259177514
2022-06-03,Equity-Only Risk Parity,ABT,0.01869988932777708
2022-07-06,Equity-Only Risk Parity,ABT,0.01882715955394109
2022-08-04,Equity-Only Risk Parity,ABT,0.018529771509980454
2022-09-02,Equity-Only Risk Parity,ABT,0.01873201505404895
2022-10-04,Equity-Only Risk Parity,ABT,0.020632625016113237
2022-11-02,Equity-Only Risk Parity,ABT,0.020479651774412952
2022-12-02,Equity-Only Risk Parity,ABT,0.020303561141508417
2023-01-04,Equity-Only Risk Parity,ABT,0.02000412947765603
2023-02-03,Equity-Only Risk Parity,ABT,0.020594226702769846
2023-03-07,Equity-Only Risk Parity,ABT,0.020159166260640994
2023-04-05,Equity-Only Risk Parity,ABT,0.020045592382231994
2023-05-05,Equity-Only Risk Parity,ABT,0.02062862752359586
2023-06-06,Equity-Only Risk Parity,ABT,0.020998397552687575
2023-07-07,Equity-Only Risk Parity,ABT,0.022376774323975203
2023-08-07,Equity-Only Risk Parity,ABT,0.02187758177243108
2023-09-06,Equity-Only Risk Parity,ABT,0.02212868202331775
2023-10-05,Equity-Only Risk Parity,ABT,0.02265106349166348
2023-11-03,Equity-Only Risk Parity,ABT,0.026210364348054006
2023-12-05,Equity-Only Risk Parity,ABT,0.02617719290463167
2021-01-04,Equity-Only Risk Parity,ADBE,0.020055110633523637
2021-02-03,Equity-Only Risk Parity,ADBE,0.019669041882438638
2021-03-05,Equity-Only Risk Parity,ADBE,0.019253393405267057
2021-04-06,Equity-Only Risk Parity,ADBE,0.019025550803848313
2021-05-05,Equity-Only Risk Parity,ADBE,0.01889808070818181
2021-06-04,Equity-Only Risk Parity,ADBE,0.018887575191743288
2021-07-06,Equity-Only Risk Parity,ADBE,0.019950221901011943
2021-08-04,Equity-Only Risk Parity,ADBE,0.020453294988466486
2021-09-02,Equity-Only Risk Parity,ADBE,0.020468812043207055
2021-10-04,Equity-Only Risk Parity,ADBE,0.02027736461286066
2021-11-02,Equity-Only Risk Parity,ADBE,0.020722192905511597
2021-12-02,Equity-Only Risk Parity,ADBE,0.020429208214221145
2022-01-03,Equity-Only Risk Parity,ADBE,0.019731373340531266
2022-02-02,Equity-Only Risk Parity,ADBE,0.017975088161286252
2022-03-04,Equity-Only Risk Parity,ADBE,0.017035509875540575
2022-04-04,Equity-Only Risk Parity,ADBE,0.014835871860646528
2022-05-04,Equity-Only Risk Parity,ADBE,0.014974993156396344
2022-06-03,Equity-Only Risk Parity,ADBE,0.013918246807191831
2022-07-06,Equity-Only Risk Parity,ADBE,0.014152875089127676
2022-08-04,Equity-Only Risk Parity,ADBE,0.013694709967861148
2022-09-02,Equity-Only Risk Parity,ADBE,0.013578095900222995
2022-10-04,Equity-Only Risk Parity,ADBE,0.013194861323402184
2022-11-02,Equity-Only Risk Parity,ADBE,0.014282506988618786
2022-12-02,Equity-Only Risk Parity,ADBE,0.013149211344909262
2023-01-04,Equity-Only Risk Parity,ADBE,0.013412696797748536
2023-02-03,Equity-Only Risk Parity,ADBE,0.013700130513969318
2023-03-07,Equity-Only Risk Parity,ADBE,0.013234416159669107
2023-04-05,Equity-Only Risk Parity,ADBE,0.013388794550613871
2023-05-05,Equity-Only Risk Parity,ADBE,0.01318298869540807
2023-06-06,Equity-Only Risk Parity,ADBE,0.01329844276714183
2023-07-07,Equity-Only Risk Parity,ADBE,0.013564184870579567
2023-08-07,Equity-Only Risk Parity,ADBE,0.013592062167263854
2023-09-06,Equity-Only Risk Parity,ADBE,0.01380457000230079
2023-10-05,Equity-Only Risk Parity,ADBE,0.014111067855352863
2023-11-03,Equity-Only Risk Parity,ADBE,0.01434851157663118
2023-12-05,Equity-Only Risk Parity,ADBE,0.014917588298040617
2021-01-04,Equity-Only Risk Parity,AEP,0.02488964285804837
2021-02-03,Equity-Only Risk Parity,AEP,0.025828914361996937
2021-03-05,Equity-Only Risk Parity,AEP,0.026368826117637263
2021-04-06,Equity-Only Risk Parity,AEP,0.027056688123060342
2021-05-05,Equity-Only Risk Parity,AEP,0.02733149839172194
2021-06-04,Equity-Only Risk Parity,AEP,0.027406078914584926
2021-07-06,Equity-Only Risk Parity,AEP,0.026577989720772133
2021-08-04,Equity-Only Risk Parity,AEP,0.026604037054412687
2021-09-02,Equity-Only Risk Parity,AEP,0.027150039909818957
2021-10-04,Equity-Only Risk Parity,AEP,0.02670531884668989
2021-11-02,Equity-Only Risk Parity,AEP,0.02747338170997935
2021-12-02,Equity-Only Risk Parity,AEP,0.027568569762652876
2022-01-03,Equity-Only Risk Parity,AEP,0.02726605441155796
2022-02-02,Equity-Only Risk Parity,AEP,0.030400955523772036
2022-03-04,Equity-Only Risk Parity,AEP,0.02842217938850329
2022-04-04,Equity-Only Risk Parity,AEP,0.030675946762800776
2022-05-04,Equity-Only Risk Parity,AEP,0.028001617509942848
2022-06-03,Equity-Only Risk Parity,AEP,0.03117966301687242
2022-07-06,Equity-Only Risk Parity,AEP,0.027113801793205588
2022-08-04,Equity-Only Risk Parity,AEP,0.027831217565278628
2022-09-02,Equity-Only Risk Parity,AEP,0.02739225146759095
2022-10-04,Equity-Only Risk Parity,AEP,0.024979527632181257
2022-11-02,Equity-Only Risk Parity,AEP,0.022929394570452
2022-12-02,Equity-Only Risk Parity,AEP,0.023323869602641965
2023-01-04,Equity-Only Risk Parity,AEP,0.02320649843652159
2023-02-03,Equity-Only Risk Parity,AEP,0.02323830253463845
2023-03-07,Equity-Only Risk Parity,AEP,0.02250536480111062
2023-04-05,Equity-Only Risk Parity,AEP,0.02313732971727528
2023-05-05,Equity-Only Risk Parity,AEP,0.02313747793463982
2023-06-06,Equity-Only Risk Parity,AEP,0.02328128592622816
2023-07-07,Equity-Only Risk Parity,AEP,0.023036156211993612
2023-08-07,Equity-Only Risk Parity,AEP,0.022336061049583543
2023-09-06,Equity-Only Risk Parity,AEP,0.022713428639876514
2023-10-05,Equity-Only Risk Parity,AEP,0.022244887973051967
2023-11-03,Equity-Only Risk Parity,AEP,0.020776157834467786
2023-12-05,Equity-Only Risk Parity,AEP,0.020859740475742943
2021-01-04,Equity-Only Risk Parity,AMD,0.01756578028803382
2021-02-03,Equity-Only Risk Parity,AMD,0.017512115941673442
2021-03-05,Equity-Only Risk Parity,AMD,0.016979152297414084
2021-04-06,Equity-Only Risk Parity,AMD,0.01660068836500381
2021-05-05,Equity-Only Risk Parity,AMD,0.01608937235928369
2021-06-04,Equity-Only Risk Parity,AMD,0.016361044882969338
2021-07-06,Equity-Only Risk Parity,AMD,0.017408918533443996
2021-08-04,Equity-Only Risk Parity,AMD,0.01747180125186357
2021-09-02,Equity-Only Risk Parity,AMD,0.017282312852982182
2021-10-04,Equity-Only Risk Parity,AMD,0.01747617113635729
2021-11-02,Equity-Only Risk Parity,AMD,0.01740572813823287
2021-12-02,Equity-Only Risk Parity,AMD,0.015900364221391124
2022-01-03,Equity-Only Risk Parity,AMD,0.01517292081153723
2022-02-02,Equity-Only Risk Parity,AMD,0.012903104848028705
2022-03-04,Equity-Only Risk Parity,AMD,0.010992368472589192
2022-04-04,Equity-Only Risk Parity,AMD,0.010675834337038182
2022-05-04,Equity-Only Risk Parity,AMD,0.01054267001041735
2022-06-03,Equity-Only Risk Parity,AMD,0.009052746141305738
2022-07-06,Equity-Only Risk Parity,AMD,0.00933275097143418
2022-08-04,Equity-Only Risk Parity,AMD,0.00935439382469585
2022-09-02,Equity-Only Risk Parity,AMD,0.009333876980650585
2022-10-04,Equity-Only Risk Parity,AMD,0.0099732254742102
2022-11-02,Equity-Only Risk Parity,AMD,0.010152820687292627
2022-12-02,Equity-Only Risk Parity,AMD,0.009412475034194423
2023-01-04,Equity-Only Risk Parity,AMD,0.00937078551254563
2023-02-03,Equity-Only Risk Parity,AMD,0.009388880335120725
2023-03-07,Equity-Only Risk Parity,AMD,0.009454369750270428
2023-04-05,Equity-Only Risk Parity,AMD,0.01048202125808952
2023-05-05,Equity-Only Risk Parity,AMD,0.010882609968310199
2023-06-06,Equity-Only Risk Parity,AMD,0.011883523219543793
2023-07-07,Equity-Only Risk Parity,AMD,0.012564304913394681
2023-08-07,Equity-Only Risk Parity,AMD,0.013202809304310953
2023-09-06,Equity-Only Risk Parity,AMD,0.012606095146208956
2023-10-05,Equity-Only Risk Parity,AMD,0.012439183947927762
2023-11-03,Equity-Only Risk Parity,AMD,0.01312052397721849
2023-12-05,Equity-Only Risk Parity,AMD,0.013161719893278946
2021-01-04,Equity-Only Risk Parity,AMGN,0.023726994394835752
2021-02-03,Equity-Only Risk Parity,AMGN,0.023699850356815908
2021-03-05,Equity-Only Risk Parity,AMGN,0.024033234270324264
2021-04-06,Equity-Only Risk Parity,AMGN,0.023588085498866724
2021-05-05,Equity-Only Risk Parity,AMGN,0.023553654420575314
2021-06-04,Equity-Only Risk Parity,AMGN,0.0236500340217276
2021-07-06,Equity-Only Risk Parity,AMGN,0.02392514273679655
2021-08-04,Equity-Only Risk Parity,AMGN,0.024426608635028893
2021-09-02,Equity-Only Risk Parity,AMGN,0.02294779929926477
2021-10-04,Equity-Only Risk Parity,AMGN,0.02274382998689847
2021-11-02,Equity-Only Risk Parity,AMGN,0.02241485541506039
2021-12-02,Equity-Only Risk Parity,AMGN,0.023211201060626328
2022-01-03,Equity-Only Risk Parity,AMGN,0.022905885090854713
2022-02-02,Equity-Only Risk Parity,AMGN,0.023344959182500118
2022-03-04,Equity-Only Risk Parity,AMGN,0.022206968615974525
2022-04-04,Equity-Only Risk Parity,AMGN,0.023562414875522134
2022-05-04,Equity-Only Risk Parity,AMGN,0.0276727524013744
2022-06-03,Equity-Only Risk Parity,AMGN,0.03427766106674281
2022-07-06,Equity-Only Risk Parity,AMGN,0.035910545359588895
2022-08-04,Equity-Only Risk Parity,AMGN,0.03547417347325007
2022-09-02,Equity-Only Risk Parity,AMGN,0.035174794820586754
2022-10-04,Equity-Only Risk Parity,AMGN,0.033841986044148405
2022-11-02,Equity-Only Risk Parity,AMGN,0.03376739553945234
2022-12-02,Equity-Only Risk Parity,AMGN,0.036504555328646236
2023-01-04,Equity-Only Risk Parity,AMGN,0.03741409832362218
2023-02-03,Equity-Only Risk Parity,AMGN,0.03613231440345469
2023-03-07,Equity-Only Risk Parity,AMGN,0.03501799903779128
2023-04-05,Equity-Only Risk Parity,AMGN,0.03472507965823468
2023-05-05,Equity-Only Risk Parity,AMGN,0.03273004770723963
2023-06-06,Equity-Only Risk Parity,AMGN,0.03152034714389657
2023-07-07,Equity-Only Risk Parity,AMGN,0.030842888517316917
2023-08-07,Equity-Only Risk Parity,AMGN,0.03151240846662615
2023-09-06,Equity-Only Risk Parity,AMGN,0.03280614239227258
2023-10-05,Equity-Only Risk Parity,AMGN,0.031928867707903784
2023-11-03,Equity-Only Risk Parity,AMGN,0.02873439207718777
2023-12-05,Equity-Only Risk Parity,AMGN,0.027304490726533962
2021-01-04,Equity-Only Risk Parity,AMT,0.0195200944667526
2021-02-03,Equity-Only Risk Parity,AMT,0.020218198800424688
2021-03-05,Equity-Only Risk Parity,AMT,0.020468573228292358
2021-04-06,Equity-Only Risk Parity,AMT,0.020109538650347997
2021-05-05,Equity-Only Risk Parity,AMT,0.020491113049251556
2021-06-04,Equity-Only Risk Parity,AMT,0.02058627948185635
2021-07-06,Equity-Only Risk Parity,AMT,0.020929750391758886
2021-08-04,Equity-Only Risk Parity,AMT,0.021595930847370312
2021-09-02,Equity-Only Risk Parity,AMT,0.022174258919835536
2021-10-04,Equity-Only Risk Parity,AMT,0.022080920918912436
2021-11-02,Equity-Only Risk Parity,AMT,0.02240311094303136
2021-12-02,Equity-Only Risk Parity,AMT,0.02253756425791644
2022-01-03,Equity-Only Risk Parity,AMT,0.021546633847593304
2022-02-02,Equity-Only Risk Parity,AMT,0.019745676059390357
2022-03-04,Equity-Only Risk Parity,AMT,0.020508979844025128
2022-04-04,Equity-Only Risk Parity,AMT,0.019709872386086985
2022-05-04,Equity-Only Risk Parity,AMT,0.020132362247533026
2022-06-03,Equity-Only Risk Parity,AMT,0.01853396183010528
2022-07-06,Equity-Only Risk Parity,AMT,0.018419551994420247
2022-08-04,Equity-Only Risk Parity,AMT,0.01820590195338953
2022-09-02,Equity-Only Risk Parity,AMT,0.018577227420274345
2022-10-04,Equity-Only Risk Parity,AMT,0.01948404232562546
2022-11-02,Equity-Only Risk Parity,AMT,0.018405242779008776
2022-12-02,Equity-Only Risk Parity,AMT,0.017035287960054466
2023-01-04,Equity-Only Risk Parity,AMT,0.017333790268406056
2023-02-03,Equity-Only Risk Parity,AMT,0.01717097678644389
2023-03-07,Equity-Only Risk Parity,AMT,0.01679757397644138
2023-04-05,Equity-Only Risk Parity,AMT,0.016697782454450805
2023-05-05,Equity-Only Risk Parity,AMT,0.016708092214962354
2023-06-06,Equity-Only Risk Parity,AMT,0.016577773928064126
2023-07-07,Equity-Only Risk Parity,AMT,0.01677856648573385
2023-08-07,Equity-Only Risk Parity,AMT,0.017160472018549856
2023-09-06,Equity-Only Risk Parity,AMT,0.017413295213255485
2023-10-05,Equity-Only Risk Parity,AMT,0.01648432139139547
2023-11-03,Equity-Only Risk Parity,AMT,0.0164927095168568
2023-12-05,Equity-Only Risk Parity,AMT,0.015301462949925827
2021-01-04,Equity-Only Risk Parity,BA,0.010431400117002497
2021-02-03,Equity-Only Risk Parity,BA,0.010433542564932839
2021-03-05,Equity-Only Risk Parity,BA,0.01034720146458888
2021-04-06,Equity-Only Risk Parity,BA,0.010615947509647913
2021-05-05,Equity-Only Risk Parity,BA,0.010686098374028091
2021-06-04,Equity-Only Risk Parity,BA,0.010770725065994646
2021-07-06,Equity-Only Risk Parity,BA,0.010952985825295301
2021-08-04,Equity-Only Risk Parity,BA,0.010711504582158774
2021-09-02,Equity-Only Risk Parity,BA,0.010704679895196913
2021-10-04,Equity-Only Risk Parity,BA,0.01078158222239848
2021-11-02,Equity-Only Risk Parity,BA,0.011548443857853611
2021-12-02,Equity-Only Risk Parity,BA,0.011664234362700704
2022-01-03,Equity-Only Risk Parity,BA,0.011397179985776199
2022-02-02,Equity-Only Risk Parity,BA,0.010834192198025455
2022-03-04,Equity-Only Risk Parity,BA,0.01167138661729855
2022-04-04,Equity-Only Risk Parity,BA,0.0116214173415558
2022-05-04,Equity-Only Risk Parity,BA,0.012143336940457952
2022-06-03,Equity-Only Risk Parity,BA,0.010966731656962832
2022-07-06,Equity-Only Risk Parity,BA,0.011482061086883282
2022-08-04,Equity-Only Risk Parity,BA,0.011663341890350185
2022-09-02,Equity-Only Risk Parity,BA,0.01192271621073845
2022-10-04,Equity-Only Risk Parity,BA,0.011842311755813096
2022-11-02,Equity-Only Risk Parity,BA,0.013268816778982598
2022-12-02,Equity-Only Risk Parity,BA,0.014114712898054136
2023-01-04,Equity-Only Risk Parity,BA,0.014291782879049577
2023-02-03,Equity-Only Risk Parity,BA,0.014336125359659304
2023-03-07,Equity-Only Risk Parity,BA,0.014005591437864394
2023-04-05,Equity-Only Risk Parity,BA,0.013960452052042679
2023-05-05,Equity-Only Risk Parity,BA,0.014329372606499934
2023-06-06,Equity-Only Risk Parity,BA,0.014561144790924479
2023-07-07,Equity-Only Risk Parity,BA,0.014593231419299448
2023-08-07,Equity-Only Risk Parity,BA,0.014528267583434626
2023-09-06,Equity-Only Risk Parity,BA,0.014316157013265093
2023-10-05,Equity-Only Risk Parity,BA,0.015127318930157832
2023-11-03,Equity-Only Risk Parity,BA,0.015931476485641173
2023-12-05,Equity-Only Risk Parity,BA,0.01585712927984026
2021-01-04,Equity-Only Risk Parity,CAT,0.017824913185533257
2021-02-03,Equity-Only Risk Parity,CAT,0.01757025256689871
2021-03-05,Equity-Only Risk Parity,CAT,0.01783250190798792
2021-04-06,Equity-Only Risk Parity,CAT,0.0177969318311812
2021-05-05,Equity-Only Risk Parity,CAT,0.018078471425141587
2021-06-04,Equity-Only Risk Parity,CAT,0.0182329834426068
2021-07-06,Equity-Only Risk Parity,CAT,0.018443862229021727
2021-08-04,Equity-Only Risk Parity,CAT,0.0176904190443147
2021-09-02,Equity-Only Risk Parity,CAT,0.017065609587581753
2021-10-04,Equity-Only Risk Parity,CAT,0.016275637868153916
2021-11-02,Equity-Only Risk Parity,CAT,0.015729796154003273
2021-12-02,Equity-Only Risk Parity,CAT,0.015947562700161396
2022-01-03,Equity-Only Risk Parity,CAT,0.015564331674529535
2022-02-02,Equity-Only Risk Parity,CAT,0.017799568239240667
2022-03-04,Equity-Only Risk Parity,CAT,0.016727383447049316
2022-04-04,Equity-Only Risk Parity,CAT,0.0199391015820678
2022-05-04,Equity-Only Risk Parity,CAT,0.019911168065109012
2022-06-03,Equity-Only Risk Parity,CAT,0.018151646716399104
2022-07-06,Equity-Only Risk Parity,CAT,0.017992115412798937
2022-08-04,Equity-Only Risk Parity,CAT,0.01622264642156811
2022-09-02,Equity-Only Risk Parity,CAT,0.015965310942935105
2022-10-04,Equity-Only Risk Parity,CAT,0.01599384381273564
2022-11-02,Equity-Only Risk Parity,CAT,0.015964917292492595
2022-12-02,Equity-Only Risk Parity,CAT,0.01690384651432225
2023-01-04,Equity-Only Risk Parity,CAT,0.016962071709345845
2023-02-03,Equity-Only Risk Parity,CAT,0.01726845965856314
2023-03-07,Equity-Only Risk Parity,CAT,0.017767561458915077
2023-04-05,Equity-Only Risk Parity,CAT,0.016805958093771348
2023-05-05,Equity-Only Risk Parity,CAT,0.017363349325469346
2023-06-06,Equity-Only Risk Parity,CAT,0.015882859618402467
2023-07-07,Equity-Only Risk Parity,CAT,0.01536317957634722
2023-08-07,Equity-Only Risk Parity,CAT,0.016223896135521654
2023-09-06,Equity-Only Risk Parity,CAT,0.01581345818117851
2023-10-05,Equity-Only Risk Parity,CAT,0.01591853870240123
2023-11-03,Equity-Only Risk Parity,CAT,0.015312693547132975
2023-12-05,Equity-Only Risk Parity,CAT,0.015159717654956276
2021-01-04,Equity-Only Risk Parity,CCI,0.02126742623575044
2021-02-03,Equity-Only Risk Parity,CCI,0.02196196034330706
2021-03-05,Equity-Only Risk Parity,CCI,0.022626176870251924
2021-04-06,Equity-Only Risk Parity,CCI,0.022027312829640846
2021-05-05,Equity-Only Risk Parity,CCI,0.02222745929506469
2021-06-04,Equity-Only Risk Parity,CCI,0.02247943043197375
2021-07-06,Equity-Only Risk Parity,CCI,0.02258383362388661
2021-08-04,Equity-Only Risk Parity,CCI,0.02312203110048766
2021-09-02,Equity-Only Risk Parity,CCI,0.023677013537481178
2021-10-04,Equity-Only Risk Parity,CCI,0.024226072424647645
2021-11-02,Equity-Only Risk Parity,CCI,0.023738574311188886
2021-12-02,Equity-Only Risk Parity,CCI,0.024045434637239245
2022-01-03,Equity-Only Risk Parity,CCI,0.023207007205822618
2022-02-02,Equity-Only Risk Parity,CCI,0.020784821376044628
2022-03-04,Equity-Only Risk Parity,CCI,0.020139236584361543
2022-04-04,Equity-Only Risk Parity,CCI,0.020627506868095776
2022-05-04,Equity-Only Risk Parity,CCI,0.021046964153512593
2022-06-03,Equity-Only Risk Parity,CCI,0.021478564933355464
2022-07-06,Equity-Only Risk Parity,CCI,0.01938864568988715
2022-08-04,Equity-Only Risk Parity,CCI,0.01930786098093028
2022-09-02,Equity-Only Risk Parity,CCI,0.019658407039960468
2022-10-04,Equity-Only Risk Parity,CCI,0.019706102494575425
2022-11-02,Equity-Only Risk Parity,CCI,0.01978244542777022
2022-12-02,Equity-Only Risk Parity,CCI,0.01806928161911135
2023-01-04,Equity-Only Risk Parity,CCI,0.018475153627430435
2023-02-03,Equity-Only Risk Parity,CCI,0.01769512905525338
2023-03-07,Equity-Only Risk Parity,CCI,0.017421194362639475
2023-04-05,Equity-Only Risk Parity,CCI,0.0173903953530727
2023-05-05,Equity-Only Risk Parity,CCI,0.01681262676060919
2023-06-06,Equity-Only Risk Parity,CCI,0.016954479876115612
2023-07-07,Equity-Only Risk Parity,CCI,0.016959134028894315
2023-08-07,Equity-Only Risk Parity,CCI,0.017026209427636812
2023-09-06,Equity-Only Risk Parity,CCI,0.01784244558480018
2023-10-05,Equity-Only Risk Parity,CCI,0.01709694742476722
2023-11-03,Equity-Only Risk Parity,CCI,0.01599403501387956
2023-12-05,Equity-Only Risk Parity,CCI,0.015021427105535367
2021-01-04,Equity-Only Risk Parity,CMCSA,0.020193741949665535
2021-02-03,Equity-Only Risk Parity,CMCSA,0.019296883521256466
2021-03-05,Equity-Only Risk Parity,CMCSA,0.01949583225834696
2021-04-06,Equity-Only Risk Parity,CMCSA,0.019910001119136912
2021-05-05,Equity-Only Risk Parity,CMCSA,0.019598093142308783
2021-06-04,Equity-Only Risk Parity,CMCSA,0.019368837620519656
2021-07-06,Equity-Only Risk Parity,CMCSA,0.019346493030260217
2021-08-04,Equity-Only Risk Parity,CMCSA,0.019562517646259693
2021-09-02,Equity-Only Risk Parity,CMCSA,0.01965098992642055
2021-10-04,Equity-Only Risk Parity,CMCSA,0.018320537568592636
2021-11-02,Equity-Only Risk Parity,CMCSA,0.017371416039024166
2021-12-02,Equity-Only Risk Parity,CMCSA,0.017413839772655742
2022-01-03,Equity-Only Risk Parity,CMCSA,0.01813689988804412
2022-02-02,Equity-Only Risk Parity,CMCSA,0.018009103205231
2022-03-04,Equity-Only Risk Parity,CMCSA,0.01802883003210449
2022-04-04,Equity-Only Risk Parity,CMCSA,0.01829734478346316
2022-05-04,Equity-Only Risk Parity,CMCSA,0.01961703750254457
2022-06-03,Equity-Only Risk Parity,CMCSA,0.020749733779850028
2022-07-06,Equity-Only Risk Parity,CMCSA,0.021559402420991438
2022-08-04,Equity-Only Risk Parity,CMCSA,0.023342679752755533
2022-09-02,Equity-Only Risk Parity,CMCSA,0.02263207316762047
2022-10-04,Equity-Only Risk Parity,CMCSA,0.01901201771210831
2022-11-02,Equity-Only Risk Parity,CMCSA,0.01973971560181911
2022-12-02,Equity-Only Risk Parity,CMCSA,0.019162606268475338
2023-01-04,Equity-Only Risk Parity,CMCSA,0.018807300810837074
2023-02-03,Equity-Only Risk Parity,CMCSA,0.018509365259206906
2023-03-07,Equity-Only Risk Parity,CMCSA,0.018186007755135656
2023-04-05,Equity-Only Risk Parity,CMCSA,0.018813382956102596
2023-05-05,Equity-Only Risk Parity,CMCSA,0.017680862467824666
2023-06-06,Equity-Only Risk Parity,CMCSA,0.018143029487625636
2023-07-07,Equity-Only Risk Parity,CMCSA,0.018071422103256983
2023-08-07,Equity-Only Risk Parity,CMCSA,0.01913867820262521
2023-09-06,Equity-Only Risk Parity,CMCSA,0.01950729476417555
2023-10-05,Equity-Only Risk Parity,CMCSA,0.020448904239970905
2023-11-03,Equity-Only Risk Parity,CMCSA,0.02036853189761754
2023-12-05,Equity-Only Risk Parity,CMCSA,0.020026413867969405
2021-01-04,Equity-Only Risk Parity,COP,0.01165885851277297
2021-02-03,Equity-Only Risk Parity,COP,0.011643418147124482
2021-03-05,Equity-Only Risk Parity,COP,0.011947635575527535
2021-04-06,Equity-Only Risk Parity,COP,0.012112533752302064
2021-05-05,Equity-Only Risk Parity,COP,0.012107412431344763
2021-06-04,Equity-Only Risk Parity,COP,0.012133328535002229
2021-07-06,Equity-Only Risk Parity,COP,0.011974768094337578
2021-08-04,Equity-Only Risk Parity,COP,0.011836175687499421
2021-09-02,Equity-Only Risk Parity,COP,0.011566909578087061
2021-10-04,Equity-Only Risk Parity,COP,0.011830265977120481
2021-11-02,Equity-Only Risk Parity,COP,0.012361301016467477
2021-12-02,Equity-Only Risk Parity,COP,0.012085077239785243
2022-01-03,Equity-Only Risk Parity,COP,0.011699540056263415
2022-02-02,Equity-Only Risk Parity,COP,0.012533660242984614
2022-03-04,Equity-Only Risk Parity,COP,0.014057419946424402
2022-04-04,Equity-Only Risk Parity,COP,0.01524594113538084
2022-05-04,Equity-Only Risk Parity,COP,0.015175743173050048
2022-06-03,Equity-Only Risk Parity,COP,0.014359892041297695
2022-07-06,Equity-Only Risk Parity,COP,0.014165514108010986
2022-08-04,Equity-Only Risk Parity,COP,0.014163977339855784
2022-09-02,Equity-Only Risk Parity,COP,0.015250384275505869
2022-10-04,Equity-Only Risk Parity,COP,0.015047214250842725
2022-11-02,Equity-Only Risk Parity,COP,0.016456940284537744
2022-12-02,Equity-Only Risk Parity,COP,0.01715443754251074
2023-01-04,Equity-Only Risk Parity,COP,0.016810133073837892
2023-02-03,Equity-Only Risk Parity,COP,0.017213765036966804
2023-03-07,Equity-Only Risk Parity,COP,0.017030104617575117
2023-04-05,Equity-Only Risk Parity,COP,0.016588999351231898
2023-05-05,Equity-Only Risk Parity,COP,0.016374821069886573
2023-06-06,Equity-Only Risk Parity,COP,0.01611213997954709
2023-07-07,Equity-Only Risk Parity,COP,0.01577333871903671
2023-08-07,Equity-Only Risk Parity,COP,0.015247377211742059
2023-09-06,Equity-Only Risk Parity,COP,0.01588714993284495
2023-10-05,Equity-Only Risk Parity,COP,0.01626621612989139
2023-11-03,Equity-Only Risk Parity,COP,0.01683576798985419
2023-12-05,Equity-Only Risk Parity,COP,0.017771669524578575
2021-01-04,Equity-Only Risk Parity,CVX,0.012991456115748711
2021-02-03,Equity-Only Risk Parity,CVX,0.01307093640831807
2021-03-05,Equity-Only Risk Parity,CVX,0.013391603929033685
2021-04-06,Equity-Only Risk Parity,CVX,0.013596822584723837
2021-05-05,Equity-Only Risk Parity,CVX,0.013589188013545443
2021-06-04,Equity-Only Risk Parity,CVX,0.013672168071580013
2021-07-06,Equity-Only Risk Parity,CVX,0.013635915005670124
2021-08-04,Equity-Only Risk Parity,CVX,0.013501193692060688
2021-09-02,Equity-Only Risk Parity,CVX,0.013271239570351444
2021-10-04,Equity-Only Risk Parity,CVX,0.013427848316581458
2021-11-02,Equity-Only Risk Parity,CVX,0.013771522532735928
2021-12-02,Equity-Only Risk Parity,CVX,0.014298601169543743
2022-01-03,Equity-Only Risk Parity,CVX,0.014432022213877571
2022-02-02,Equity-Only Risk Parity,CVX,0.016640620516845565
2022-03-04,Equity-Only Risk Parity,CVX,0.01815891122187629
2022-04-04,Equity-Only Risk Parity,CVX,0.021712343417411732
2022-05-04,Equity-Only Risk Parity,CVX,0.019914114473605807
2022-06-03,Equity-Only Risk Parity,CVX,0.01904994359156843
2022-07-06,Equity-Only Risk Parity,CVX,0.01890679489305356
2022-08-04,Equity-Only Risk Parity,CVX,0.01812311848821591
2022-09-02,Equity-Only Risk Parity,CVX,0.01940051766620289
2022-10-04,Equity-Only Risk Parity,CVX,0.01898471489214613
2022-11-02,Equity-Only Risk Parity,CVX,0.019812281804244773
2022-12-02,Equity-Only Risk Parity,CVX,0.020132419158340315
2023-01-04,Equity-Only Risk Parity,CVX,0.0198023750727396
2023-02-03,Equity-Only Risk Parity,CVX,0.020661941323793787
2023-03-07,Equity-Only Risk Parity,CVX,0.020684711098402857
2023-04-05,Equity-Only Risk Parity,CVX,0.020255469517208316
2023-05-05,Equity-Only Risk Parity,CVX,0.019555005517113325
2023-06-06,Equity-Only Risk Parity,CVX,0.019369824847032886
2023-07-07,Equity-Only Risk Parity,CVX,0.0189976697838053
2023-08-07,Equity-Only Risk Parity,CVX,0.018626815067562575
2023-09-06,Equity-Only Risk Parity,CVX,0.019383539763238644
2023-10-05,Equity-Only Risk Parity,CVX,0.020648886260675563
2023-11-03,Equity-Only Risk Parity,CVX,0.020313035952963156
2023-12-05,Equity-Only Risk Parity,CVX,0.021115559868985802
2021-01-04,Equity-Only Risk Parity,D,0.020830364323203465
2021-02-03,Equity-Only Risk Parity,D,0.022100726692074447
2021-03-05,Equity-Only Risk Parity,D,0.02200604766817205
2021-04-06,Equity-Only Risk Parity,D,0.02231832880727125
2021-05-05,Equity-Only Risk Parity,D,0.02238038294400533
2021-06-04,Equity-Only Risk Parity,D,0.022624113907008327
2021-07-06,Equity-Only Risk Parity,D,0.022191119282314604
2021-08-04,Equity-Only Risk Parity,D,0.02319170914580685
2021-09-02,Equity-Only Risk Parity,D,0.023793374723617155
2021-10-04,Equity-Only Risk Parity,D,0.02486236864461846
2021-11-02,Equity-Only Risk Parity,D,0.024424843951439314
2021-12-02,Equity-Only Risk Parity,D,0.023022712059841625
2022-01-03,Equity-Only Risk Parity,D,0.023021587790993024
2022-02-02,Equity-Only Risk Parity,D,0.024774758154345444
2022-03-04,Equity-Only Risk Parity,D,0.024698585083621372
2022-04-04,Equity-Only Risk Parity,D,0.025045488779031812
2022-05-04,Equity-Only Risk Parity,D,0.026391543900652775
2022-06-03,Equity-Only Risk Parity,D,0.029264215121161966
2022-07-06,Equity-Only Risk Parity,D,0.028352696068193028
2022-08-04,Equity-Only Risk Parity,D,0.029089782343057567
2022-09-02,Equity-Only Risk Parity,D,0.029571336822217763
2022-10-04,Equity-Only Risk Parity,D,0.02633137835148095
2022-11-02,Equity-Only Risk Parity,D,0.024448046445359493
2022-12-02,Equity-Only Risk Parity,D,0.02484938787994853
2023-01-04,Equity-Only Risk Parity,D,0.025197631087108457
2023-02-03,Equity-Only Risk Parity,D,0.025572476997687558
2023-03-07,Equity-Only Risk Parity,D,0.024537569076818956
2023-04-05,Equity-Only Risk Parity,D,0.024833023216553417
2023-05-05,Equity-Only Risk Parity,D,0.02428124868200536
2023-06-06,Equity-Only Risk Parity,D,0.024013917823592214
2023-07-07,Equity-Only Risk Parity,D,0.0236259054275126
2023-08-07,Equity-Only Risk Parity,D,0.022426272137612335
2023-09-06,Equity-Only Risk Parity,D,0.02264542363769944
2023-10-05,Equity-Only Risk Parity,D,0.021299506852328152
2023-11-03,Equity-Only Risk Parity,D,0.020200014622201973
2023-12-05,Equity-Only Risk Parity,D,0.018548170046224416
2021-01-04,Equity-Only Risk Parity,DD,0.015612760265878399
2021-02-03,Equity-Only Risk Parity,DD,0.015283276517043814
2021-03-05,Equity-Only Risk Parity,DD,0.015236106870825697
2021-04-06,Equity-Only Risk Parity,DD,0.015644863422430075
2021-05-05,Equity-Only Risk Parity,DD,0.015429614863068205
2021-06-04,Equity-Only Risk Parity,DD,0.015383243724659596
2021-07-06,Equity-Only Risk Parity,DD,0.01545517442529929
2021-08-04,Equity-Only Risk Parity,DD,0.014786306092975168
2021-09-02,Equity-Only Risk Parity,DD,0.014766516522665394
2021-10-04,Equity-Only Risk Parity,DD,0.014674583394365162
2021-11-02,Equity-Only Risk Parity,DD,0.014401386658897586
2021-12-02,Equity-Only Risk Parity,DD,0.014326935265352054
2022-01-03,Equity-Only Risk Parity,DD,0.014237160569106818
2022-02-02,Equity-Only Risk Parity,DD,0.014527159151832888
2022-03-04,Equity-Only Risk Parity,DD,0.01377179291765787
2022-04-04,Equity-Only Risk Parity,DD,0.012804545592319517
2022-05-04,Equity-Only Risk Parity,DD,0.013977649029869033
2022-06-03,Equity-Only Risk Parity,DD,0.014184086259716393
2022-07-06,Equity-Only Risk Parity,DD,0.014483850643433284
2022-08-04,Equity-Only Risk Parity,DD,0.013977825452230183
2022-09-02,Equity-Only Risk Parity,DD,0.013650345719452676
2022-10-04,Equity-Only Risk Parity,DD,0.014251579483985895
2022-11-02,Equity-Only Risk Parity,DD,0.01457156454809226
2022-12-02,Equity-Only Risk Parity,DD,0.015561550311778352
2023-01-04,Equity-Only Risk Parity,DD,0.01581212686428043
2023-02-03,Equity-Only Risk Parity,DD,0.01600360619578151
2023-03-07,Equity-Only Risk Parity,DD,0.01583633741363026
2023-04-05,Equity-Only Risk Parity,DD,0.015712140647608758
2023-05-05,Equity-Only Risk Parity,DD,0.015001335919481855
2023-06-06,Equity-Only Risk Parity,DD,0.014429581564662454
2023-07-07,Equity-Only Risk Parity,DD,0.014871550881303798
2023-08-07,Equity-Only Risk Parity,DD,0.015218876464987045
2023-09-06,Equity-Only Risk Parity,DD,0.015056440895017217
2023-10-05,Equity-Only Risk Parity,DD,0.01563670350927449
2023-11-03,Equity-Only Risk Parity,DD,0.017151128719994527
2023-12-05,Equity-Only Risk Parity,DD,0.01677425976140332
2021-01-04,Equity-Only Risk Parity,DIS,0.017682173569669134
2021-02-03,Equity-Only Risk Parity,DIS,0.017132853370516076
2021-03-05,Equity-Only Risk Parity,DIS,0.016752012652328587
2021-04-06,Equity-Only Risk Parity,DIS,0.017387518334247423
2021-05-05,Equity-Only Risk Parity,DIS,0.017651795120137783
2021-06-04,Equity-Only Risk Parity,DIS,0.0181867378745767
2021-07-06,Equity-Only Risk Parity,DIS,0.018530172264203584
2021-08-04,Equity-Only Risk Parity,DIS,0.017713429031473618
2021-09-02,Equity-Only Risk Parity,DIS,0.01760074145486741
2021-10-04,Equity-Only Risk Parity,DIS,0.01741000420850103
2021-11-02,Equity-Only Risk Parity,DIS,0.017639505534944172
2021-12-02,Equity-Only Risk Parity,DIS,0.018128186252376777
2022-01-03,Equity-Only Risk Parity,DIS,0.017867474678528276
2022-02-02,Equity-Only Risk Parity,DIS,0.016421198728716477
2022-03-04,Equity-Only Risk Parity,DIS,0.01855228996448696
2022-04-04,Equity-Only Risk Parity,DIS,0.01685244856346388
2022-05-04,Equity-Only Risk Parity,DIS,0.017115081265965556
2022-06-03,Equity-Only Risk Parity,DIS,0.01631272778341094
2022-07-06,Equity-Only Risk Parity,DIS,0.01717644431501356
2022-08-04,Equity-Only Risk Parity,DIS,0.015950593842796748
2022-09-02,Equity-Only Risk Parity,DIS,0.015308358890691922
2022-10-04,Equity-Only Risk Parity,DIS,0.015444405210193314
2022-11-02,Equity-Only Risk Parity,DIS,0.01567664177551809
2022-12-02,Equity-Only Risk Parity,DIS,0.014545553749455747
2023-01-04,Equity-Only Risk Parity,DIS,0.014364943903198969
2023-02-03,Equity-Only Risk Parity,DIS,0.014412769081603445
2023-03-07,Equity-Only Risk Parity,DIS,0.014517351729489212
2023-04-05,Equity-Only Risk Parity,DIS,0.014838736332234197
2023-05-05,Equity-Only Risk Parity,DIS,0.014702533388710892
2023-06-06,Equity-Only Risk Parity,DIS,0.014040651892000587
2023-07-07,Equity-Only Risk Parity,DIS,0.014271274689124931
2023-08-07,Equity-Only Risk Parity,DIS,0.014105391811329937
2023-09-06,Equity-Only Risk Parity,DIS,0.01447241598587856
2023-10-05,Equity-Only Risk Parity,DIS,0.015568328986828583
2023-11-03,Equity-Only Risk Parity,DIS,0.015807211515927656
2023-12-05,Equity-Only Risk Parity,DIS,0.017365921480184305
2021-01-04,Equity-Only Risk Parity,DOW,0.013439957465129812
2021-02-03,Equity-Only Risk Parity,DOW,0.013172137326361506
2021-03-05,Equity-Only Risk Parity,DOW,0.013128810449304789
2021-04-06,Equity-Only Risk Parity,DOW,0.013512395742700953
2021-05-05,Equity-Only Risk Parity,DOW,0.013137393713524258
2021-06-04,Equity-Only Risk Parity,DOW,0.01328377352870934
2021-07-06,Equity-Only Risk Parity,DOW,0.01341493629341528
2021-08-04,Equity-Only Risk Parity,DOW,0.013013531087405177
2021-09-02,Equity-Only Risk Parity,DOW,0.01300440961702668
2021-10-04,Equity-Only Risk Parity,DOW,0.013084341050231138
2021-11-02,Equity-Only Risk Parity,DOW,0.012755124870202474
2021-12-02,Equity-Only Risk Parity,DOW,0.012862218185220202
2022-01-03,Equity-Only Risk Parity,DOW,0.013381160489083117
2022-02-02,Equity-Only Risk Parity,DOW,0.014131735247194573
2022-03-04,Equity-Only Risk Parity,DOW,0.014265819704974574
2022-04-04,Equity-Only Risk Parity,DOW,0.014484836823997295
2022-05-04,Equity-Only Risk Parity,DOW,0.017229122397201452
2022-06-03,Equity-Only Risk Parity,DOW,0.01820829626922849
2022-07-06,Equity-Only Risk Parity,DOW,0.01784053736706009
2022-08-04,Equity-Only Risk Parity,DOW,0.017442592271361256
2022-09-02,Equity-Only Risk Parity,DOW,0.01715780820011741
2022-10-04,Equity-Only Risk Parity,DOW,0.017466119646875986
2022-11-02,Equity-Only Risk Parity,DOW,0.017490256872164038
2022-12-02,Equity-Only Risk Parity,DOW,0.016737208066347077
2023-01-04,Equity-Only Risk Parity,DOW,0.016841453199006054
2023-02-03,Equity-Only Risk Parity,DOW,0.016506446346782402
2023-03-07,Equity-Only Risk Parity,DOW,0.017047704986097836
2023-04-05,Equity-Only Risk Parity,DOW,0.016944334715109675
2023-05-05,Equity-Only Risk Parity,DOW,0.016910648394391478
2023-06-06,Equity-Only Risk Parity,DOW,0.016231037849139436
2023-07-07,Equity-Only Risk Parity,DOW,0.01622482928628769
2023-08-07,Equity-Only Risk Parity,DOW,0.01649455238927971
2023-09-06,Equity-Only Risk Parity,DOW,0.016501129410715208
2023-10-05,Equity-Only Risk Parity,DOW,0.016839108369941874
2023-11-03,Equity-Only Risk Parity,DOW,0.017179960446956345
2023-12-05,Equity-Only Risk Parity,DOW,0.016556558988223724
2021-01-04,Equity-Only Risk Parity,DUK,0.020155679917708252
2021-02-03,Equity-Only Risk Parity,DUK,0.021417128704387438
2021-03-05,Equity-Only Risk Parity,DUK,0.021975280231863483
2021-04-06,Equity-Only Risk Parity,DUK,0.022617463668858993
2021-05-05,Equity-Only Risk Parity,DUK,0.02294276525571918
2021-06-04,Equity-Only Risk Parity,DUK,0.02289120541005187
2021-07-06,Equity-Only Risk Parity,DUK,0.02259447450485217
2021-08-04,Equity-Only Risk Parity,DUK,0.023459638492459443
2021-09-02,Equity-Only Risk Parity,DUK,0.024054726710092383
2021-10-04,Equity-Only Risk Parity,DUK,0.0237601939949648
2021-11-02,Equity-Only Risk Parity,DUK,0.024763913215622328
2021-12-02,Equity-Only Risk Parity,DUK,0.02472869352669217
2022-01-03,Equity-Only Risk Parity,DUK,0.025558028073783108
2022-02-02,Equity-Only Risk Parity,DUK,0.02808258907814507
2022-03-04,Equity-Only Risk Parity,DUK,0.025951646923145485
2022-04-04,Equity-Only Risk Parity,DUK,0.028567274201192688
2022-05-04,Equity-Only Risk Parity,DUK,0.030094533949578044
2022-06-03,Equity-Only Risk Parity,DUK,0.032784103097743426
2022-07-06,Equity-Only Risk Parity,DUK,0.030480961737703042
2022-08-04,Equity-Only Risk Parity,DUK,0.031378560105910995
2022-09-02,Equity-Only Risk Parity,DUK,0.031433267180787455
2022-10-04,Equity-Only Risk Parity,DUK,0.027258614716388543
2022-11-02,Equity-Only Risk Parity,DUK,0.02477077594999631
2022-12-02,Equity-Only Risk Parity,DUK,0.025603526252156252
2023-01-04,Equity-Only Risk Parity,DUK,0.026111613985233536
2023-02-03,Equity-Only Risk Parity,DUK,0.02666473314312825
2023-03-07,Equity-Only Risk Parity,DUK,0.02599123868424023
2023-04-05,Equity-Only Risk Parity,DUK,0.0261698198749791
2023-05-05,Equity-Only Risk Parity,DUK,0.026457838776564043
2023-06-06,Equity-Only Risk Parity,DUK,0.02606106696300524
2023-07-07,Equity-Only Risk Parity,DUK,0.025524479368203876
2023-08-07,Equity-Only Risk Parity,DUK,0.024683901933747796
2023-09-06,Equity-Only Risk Parity,DUK,0.02530740803811988
2023-10-05,Equity-Only Risk Parity,DUK,0.024432807272687956
2023-11-03,Equity-Only Risk Parity,DUK,0.02474756444175698
2023-12-05,Equity-Only Risk Parity,DUK,0.02428093505596846
2021-01-04,Equity-Only Risk Parity,EA,0.03336873198628288
2021-02-03,Equity-Only Risk Parity,EA,0.033577366376463226
2021-03-05,Equity-Only Risk Parity,EA,0.03262629579394395
2021-04-06,Equity-Only Risk Parity,EA,0.031294841766967396
2021-05-05,Equity-Only Risk Parity,EA,0.03088390077906092
2021-06-04,Equity-Only Risk Parity,EA,0.03119874822679749
2021-07-06,Equity-Only Risk Parity,EA,0.031336285791470485
2021-08-04,Equity-Only Risk Parity,EA,0.031295792497680344
2021-09-02,Equity-Only Risk Parity,EA,0.03133365967733134
2021-10-04,Equity-Only Risk Parity,EA,0.03323389635066848
2021-11-02,Equity-Only Risk Parity,EA,0.032833165508168095
2021-12-02,Equity-Only Risk Parity,EA,0.03131237680886115
2022-01-03,Equity-Only Risk Parity,EA,0.03004988626733095
2022-02-02,Equity-Only Risk Parity,EA,0.03252919904595817
2022-03-04,Equity-Only Risk Parity,EA,0.03085331969723338
2022-04-04,Equity-Only Risk Parity,EA,0.027760260042538246
2022-05-04,Equity-Only Risk Parity,EA,0.028256763755084364
2022-06-03,Equity-Only Risk Parity,EA,0.027619678855577087
2022-07-06,Equity-Only Risk Parity,EA,0.027005398234723997
2022-08-04,Equity-Only Risk Parity,EA,0.026075407986807686
2022-09-02,Equity-Only Risk Parity,EA,0.028280511812499867
2022-10-04,Equity-Only Risk Parity,EA,0.02584303041627575
2022-11-02,Equity-Only Risk Parity,EA,0.027174027964136215
2022-12-02,Equity-Only Risk Parity,EA,0.02719606330167048
2023-01-04,Equity-Only Risk Parity,EA,0.026266132748969464
2023-02-03,Equity-Only Risk Parity,EA,0.027526681470516453
2023-03-07,Equity-Only Risk Parity,EA,0.027132248288595482
2023-04-05,Equity-Only Risk Parity,EA,0.026782386815045724
2023-05-05,Equity-Only Risk Parity,EA,0.026227129727942968
2023-06-06,Equity-Only Risk Parity,EA,0.027982743919296203
2023-07-07,Equity-Only Risk Parity,EA,0.027928454899503703
2023-08-07,Equity-Only Risk Parity,EA,0.024716118469996738
2023-09-06,Equity-Only Risk Parity,EA,0.02485633284107309
2023-10-05,Equity-Only Risk Parity,EA,0.02488773249510405
2023-11-03,Equity-Only Risk Parity,EA,0.023427322943127358
2023-12-05,Equity-Only Risk Parity,EA,0.024077194443425348
2021-01-04,Equity-Only Risk Parity,GE,0.014460764702594841
2021-02-03,Equity-Only Risk Parity,GE,0.014620502357755765
2021-03-05,Equity-Only Risk Parity,GE,0.01465177317014201
2021-04-06,Equity-Only Risk Parity,GE,0.015132946502440315
2021-05-05,Equity-Only Risk Parity,GE,0.015155273496910062
2021-06-04,Equity-Only Risk Parity,GE,0.015315797136562035
2021-07-06,Equity-Only Risk Parity,GE,0.015256408793891068
2021-08-04,Equity-Only Risk Parity,GE,0.014207976249647663
2021-09-02,Equity-Only Risk Parity,GE,0.014347448938408298
2021-10-04,Equity-Only Risk Parity,GE,0.014005592581295374
2021-11-02,Equity-Only Risk Parity,GE,0.014039051162327043
2021-12-02,Equity-Only Risk Parity,GE,0.013599608276197998
2022-01-03,Equity-Only Risk Parity,GE,0.013611102387539679
2022-02-02,Equity-Only Risk Parity,GE,0.012724815997373849
2022-03-04,Equity-Only Risk Parity,GE,0.012736763052133811
2022-04-04,Equity-Only Risk Parity,GE,0.013170366748475132
2022-05-04,Equity-Only Risk Parity,GE,0.013029624497460913
2022-06-03,Equity-Only Risk Parity,GE,0.013470783734714732
2022-07-06,Equity-Only Risk Parity,GE,0.013880814594424558
2022-08-04,Equity-Only Risk Parity,GE,0.013760419691977296
2022-09-02,Equity-Only Risk Parity,GE,0.013578950313900074
2022-10-04,Equity-Only Risk Parity,GE,0.0150868323623777
2022-11-02,Equity-Only Risk Parity,GE,0.014848520929204443
2022-12-02,Equity-Only Risk Parity,GE,0.01577965354070581
2023-01-04,Equity-Only Risk Parity,GE,0.015586238283901963
2023-02-03,Equity-Only Risk Parity,GE,0.015484835493573247
2023-03-07,Equity-Only Risk Parity,GE,0.016085333685354655
2023-04-05,Equity-Only Risk Parity,GE,0.017074362323009906
2023-05-05,Equity-Only Risk Parity,GE,0.017637667909703204
2023-06-06,Equity-Only Risk Parity,GE,0.017707668450833353
2023-07-07,Equity-Only Risk Parity,GE,0.017898991154660104
2023-08-07,Equity-Only Risk Parity,GE,0.018629323040467403
2023-09-06,Equity-Only Risk Parity,GE,0.018104138174066774
2023-10-05,Equity-Only Risk Parity,GE,0.01775824688504206
2023-11-03,Equity-Only Risk Parity,GE,0.017374984719902533
2023-12-05,Equity-Only Risk Parity,GE,0.017904414482607822
2021-01-04,Equity-Only Risk Parity,GILD,0.03454069951795276
2021-02-03,Equity-Only Risk Parity,GILD,0.03532881950692459
2021-03-05,Equity-Only Risk Parity,GILD,0.033925353420887844
2021-04-06,Equity-Only Risk Parity,GILD,0.03288425724921217
2021-05-05,Equity-Only Risk Parity,GILD,0.032069549359472996
2021-06-04,Equity-Only Risk Parity,GILD,0.032677102585361106
2021-07-06,Equity-Only Risk Parity,GILD,0.03208480854353564
2021-08-04,Equity-Only Risk Parity,GILD,0.031586667367040654
2021-09-02,Equity-Only Risk Parity,GILD,0.031155057625506917
2021-10-04,Equity-Only Risk Parity,GILD,0.03164502938542982
2021-11-02,Equity-Only Risk Parity,GILD,0.030275557570130437
2021-12-02,Equity-Only Risk Parity,GILD,0.031822921782143056
2022-01-03,Equity-Only Risk Parity,GILD,0.03385129953783849
2022-02-02,Equity-Only Risk Parity,GILD,0.03239289458352083
2022-03-04,Equity-Only Risk Parity,GILD,0.03474754080858875
2022-04-04,Equity-Only Risk Parity,GILD,0.03341375121907807
2022-05-04,Equity-Only Risk Parity,GILD,0.029642427846756213
2022-06-03,Equity-Only Risk Parity,GILD,0.03501196151856802
2022-07-06,Equity-Only Risk Parity,GILD,0.03323968509032708
2022-08-04,Equity-Only Risk Parity,GILD,0.03198003192106743
2022-09-02,Equity-Only Risk Parity,GILD,0.03170571569836467
2022-10-04,Equity-Only Risk Parity,GILD,0.02860350367964636
2022-11-02,Equity-Only Risk Parity,GILD,0.02354131165501261
2022-12-02,Equity-Only Risk Parity,GILD,0.026198856392224423
2023-01-04,Equity-Only Risk Parity,GILD,0.026737628010808027
2023-02-03,Equity-Only Risk Parity,GILD,0.026921418169778912
2023-03-07,Equity-Only Risk Parity,GILD,0.02771311924730955
2023-04-05,Equity-Only Risk Parity,GILD,0.026661624218813254
2023-05-05,Equity-Only Risk Parity,GILD,0.026369091497574132
2023-06-06,Equity-Only Risk Parity,GILD,0.026950952622347018
2023-07-07,Equity-Only Risk Parity,GILD,0.026909580697742585
2023-08-07,Equity-Only Risk Parity,GILD,0.027831653804209083
2023-09-06,Equity-Only Risk Parity,GILD,0.026293818268227874
2023-10-05,Equity-Only Risk Parity,GILD,0.02637089594332491
2023-11-03,Equity-Only Risk Parity,GILD,0.02532597101889495
2023-12-05,Equity-Only Risk Parity,GILD,0.02460265509776759
2021-01-04,Equity-Only Risk Parity,GS,0.014994332399793994
2021-02-03,Equity-Only Risk Parity,GS,0.015032988019447672
2021-03-05,Equity-Only Risk Parity,GS,0.015026998403902212
2021-04-06,Equity-Only Risk Parity,GS,0.016103100142677546
2021-05-05,Equity-Only Risk Parity,GS,0.016009372373596807
2021-06-04,Equity-Only Risk Parity,GS,0.01572074535034367
2021-07-06,Equity-Only Risk Parity,GS,0.015641905620001673
2021-08-04,Equity-Only Risk Parity,GS,0.015000629858716032
2021-09-02,Equity-Only Risk Parity,GS,0.01497319044837521
2021-10-04,Equity-Only Risk Parity,GS,0.01483034718952666
2021-11-02,Equity-Only Risk Parity,GS,0.015204249544852702
2021-12-02,Equity-Only Risk Parity,GS,0.01567310389854312
2022-01-03,Equity-Only Risk Parity,GS,0.015087567956180273
2022-02-02,Equity-Only Risk Parity,GS,0.014490467602745319
2022-03-04,Equity-Only Risk Parity,GS,0.014607945134375007
2022-04-04,Equity-Only Risk Parity,GS,0.01458757292473215
2022-05-04,Equity-Only Risk Parity,GS,0.01460570890755305
2022-06-03,Equity-Only Risk Parity,GS,0.015346547277587767
2022-07-06,Equity-Only Risk Parity,GS,0.015725334605238193
2022-08-04,Equity-Only Risk Parity,GS,0.014836457886775135
2022-09-02,Equity-Only Risk Parity,GS,0.015271943853550353
2022-10-04,Equity-Only Risk Parity,GS,0.016425448242613685
2022-11-02,Equity-Only Risk Parity,GS,0.01627733458972103
2022-12-02,Equity-Only Risk Parity,GS,0.017197098923784983
2023-01-04,Equity-Only Risk Parity,GS,0.01730790361304816
2023-02-03,Equity-Only Risk Parity,GS,0.018008944988462658
2023-03-07,Equity-Only Risk Parity,GS,0.018027984141675914
2023-04-05,Equity-Only Risk Parity,GS,0.017279949411512903
2023-05-05,Equity-Only Risk Parity,GS,0.01752998158888965
2023-06-06,Equity-Only Risk Parity,GS,0.017599965315183066
2023-07-07,Equity-Only Risk Parity,GS,0.01709353006608758
2023-08-07,Equity-Only Risk Parity,GS,0.01687038308470231
2023-09-06,Equity-Only Risk Parity,GS,0.016757588909053326
2023-10-05,Equity-Only Risk Parity,GS,0.016126177901353303
2023-11-03,Equity-Only Risk Parity,GS,0.016416874797191287
2023-12-05,Equity-Only Risk Parity,GS,0.01556967846482089
2021-01-04,Equity-Only Risk Parity,INTC,0.017132324106953277
2021-02-03,Equity-Only Risk Parity,INTC,0.017060911724590157
2021-03-05,Equity-Only Risk Parity,INTC,0.016688145040922624
2021-04-06,Equity-Only Risk Parity,INTC,0.015886711632118036
2021-05-05,Equity-Only Risk Parity,INTC,0.01597690946811217
2021-06-04,Equity-Only Risk Parity,INTC,0.015855117408962116
2021-07-06,Equity-Only Risk Parity,INTC,0.01596132199649686
2021-08-04,Equity-Only Risk Parity,INTC,0.016178937503435915
2021-09-02,Equity-Only Risk Parity,INTC,0.016307163041251665
2021-10-04,Equity-Only Risk Parity,INTC,0.01684588980257072
2021-11-02,Equity-Only Risk Parity,INTC,0.01728623984221638
2021-12-02,Equity-Only Risk Parity,INTC,0.01779537899792268
2022-01-03,Equity-Only Risk Parity,INTC,0.01675795748242133
2022-02-02,Equity-Only Risk Parity,INTC,0.01777915669685881
2022-03-04,Equity-Only Risk Parity,INTC,0.016340450216193732
2022-04-04,Equity-Only Risk Parity,INTC,0.015591692178150731
2022-05-04,Equity-Only Risk Parity,INTC,0.014532767435178935
2022-06-03,Equity-Only Risk Parity,INTC,0.014724445036064881
2022-07-06,Equity-Only Risk Parity,INTC,0.015561977239647208
2022-08-04,Equity-Only Risk Parity,INTC,0.015678252364880817
2022-09-02,Equity-Only Risk Parity,INTC,0.014984074558807752
2022-10-04,Equity-Only Risk Parity,INTC,0.015108130841881269
2022-11-02,Equity-Only Risk Parity,INTC,0.014358751149618041
2022-12-02,Equity-Only Risk Parity,INTC,0.01343458978417775
2023-01-04,Equity-Only Risk Parity,INTC,0.01360344225640019
2023-02-03,Equity-Only Risk Parity,INTC,0.013293597891124819
2023-03-07,Equity-Only Risk Parity,INTC,0.012927471937104107
2023-04-05,Equity-Only Risk Parity,INTC,0.013464227522395282
2023-05-05,Equity-Only Risk Parity,INTC,0.01400394674520411
2023-06-06,Equity-Only Risk Parity,INTC,0.013954906688747154
2023-07-07,Equity-Only Risk Parity,INTC,0.013613857012122099
2023-08-07,Equity-Only Risk Parity,INTC,0.013758663368347532
2023-09-06,Equity-Only Risk Parity,INTC,0.013134311602334343
2023-10-05,Equity-Only Risk Parity,INTC,0.013903733172856973
2023-11-03,Equity-Only Risk Parity,INTC,0.015594316506628748
2023-12-05,Equity-Only Risk Parity,INTC,0.01576081367819009
2021-01-04,Equity-Only Risk Parity,KO,0.021685836760601165
2021-02-03,Equity-Only Risk Parity,KO,0.022068652062126878
2021-03-05,Equity-Only Risk Parity,KO,0.02218231619148866
2021-04-06,Equity-Only Risk Parity,KO,0.022484583476100488
2021-05-05,Equity-Only Risk Parity,KO,0.02257951541639039
2021-06-04,Equity-Only Risk Parity,KO,0.02301767483075078
2021-07-06,Equity-Only Risk Parity,KO,0.02289337559238245
2021-08-04,Equity-Only Risk Parity,KO,0.023209107211406666
2021-09-02,Equity-Only Risk Parity,KO,0.02329105040808064
2021-10-04,Equity-Only Risk Parity,KO,0.02300182938645419
2021-11-02,Equity-Only Risk Parity,KO,0.025261257255030315
2021-12-02,Equity-Only Risk Parity,KO,0.023437950488594816
2022-01-03,Equity-Only Risk Parity,KO,0.022995117938835095
2022-02-02,Equity-Only Risk Parity,KO,0.02425989521568017
2022-03-04,Equity-Only Risk Parity,KO,0.02662145730778984
2022-04-04,Equity-Only Risk Parity,KO,0.026108502523645237
2022-05-04,Equity-Only Risk Parity,KO,0.02771956442514985
2022-06-03,Equity-Only Risk Parity,KO,0.023635588033038894
2022-07-06,Equity-Only Risk Parity,KO,0.02603760962171244
2022-08-04,Equity-Only Risk Parity,KO,0.02660351243962282
2022-09-02,Equity-Only Risk Parity,KO,0.0265016780660682
2022-10-04,Equity-Only Risk Parity,KO,0.02813025492923141
2022-11-02,Equity-Only Risk Parity,KO,0.02816131900484025
2022-12-02,Equity-Only Risk Parity,KO,0.027720303817117927
2023-01-04,Equity-Only Risk Parity,KO,0.027704654972288266
2023-02-03,Equity-Only Risk Parity,KO,0.02787757687492897
2023-03-07,Equity-Only Risk Parity,KO,0.028700646018557284
2023-04-05,Equity-Only Risk Parity,KO,0.03019035016365295
2023-05-05,Equity-Only Risk Parity,KO,0.031294689305040285
2023-06-06,Equity-Only Risk Parity,KO,0.031209037267371405
2023-07-07,Equity-Only Risk Parity,KO,0.031715769384370644
2023-08-07,Equity-Only Risk Parity,KO,0.032163831901366235
2023-09-06,Equity-Only Risk Parity,KO,0.03321530559251056
2023-10-05,Equity-Only Risk Parity,KO,0.032895288989156515
2023-11-03,Equity-Only Risk Parity,KO,0.03131570210917854
2023-12-05,Equity-Only Risk Parity,KO,0.033515852669216716
2021-01-04,Equity-Only Risk Parity,MMM,0.02222160833943021
2021-02-03,Equity-Only Risk Parity,MMM,0.024816742966751605
2021-03-05,Equity-Only Risk Parity,MMM,0.025355541896075796
2021-04-06,Equity-Only Risk Parity,MMM,0.025893488332474113
2021-05-05,Equity-Only Risk Parity,MMM,0.02576862463048042
2021-06-04,Equity-Only Risk Parity,MMM,0.02526536648033612
2021-07-06,Equity-Only Risk Parity,MMM,0.024376863976989495
2021-08-04,Equity-Only Risk Parity,MMM,0.023875387839305137
2021-09-02,Equity-Only Risk Parity,MMM,0.023675816334455035
2021-10-04,Equity-Only Risk Parity,MMM,0.02210297090015293
2021-11-02,Equity-Only Risk Parity,MMM,0.021954746991731087
2021-12-02,Equity-Only Risk Parity,MMM,0.02216243533643656
2022-01-03,Equity-Only Risk Parity,MMM,0.02238544362770662
2022-02-02,Equity-Only Risk Parity,MMM,0.023783699782066306
2022-03-04,Equity-Only Risk Parity,MMM,0.02039087463722839
2022-04-04,Equity-Only Risk Parity,MMM,0.02019828541891525
2022-05-04,Equity-Only Risk Parity,MMM,0.021109385034258767
2022-06-03,Equity-Only Risk Parity,MMM,0.02227019512962385
2022-07-06,Equity-Only Risk Parity,MMM,0.024128453487730572
2022-08-04,Equity-Only Risk Parity,MMM,0.024061949886703012
2022-09-02,Equity-Only Risk Parity,MMM,0.020646061223186504
2022-10-04,Equity-Only Risk Parity,MMM,0.021574859419824087
2022-11-02,Equity-Only Risk Parity,MMM,0.020336994773747286
2022-12-02,Equity-Only Risk Parity,MMM,0.020283110931050872
2023-01-04,Equity-Only Risk Parity,MMM,0.020266646633678227
2023-02-03,Equity-Only Risk Parity,MMM,0.018952025277115824
2023-03-07,Equity-Only Risk Parity,MMM,0.01871243189684263
2023-04-05,Equity-Only Risk Parity,MMM,0.018816565658885794
2023-05-05,Equity-Only Risk Parity,MMM,0.01859076555363562
2023-06-06,Equity-Only Risk Parity,MMM,0.016580938175214555
2023-07-07,Equity-Only Risk Parity,MMM,0.016296061071297097
2023-08-07,Equity-Only Risk Parity,MMM,0.015661368302572018
2023-09-06,Equity-Only Risk Parity,MMM,0.015783898966339242
2023-10-05,Equity-Only Risk Parity,MMM,0.015775214858184637
2023-11-03,Equity-Only Risk Parity,MMM,0.015393046363586625
2023-12-05,Equity-Only Risk Parity,MMM,0.015505500109623828
2021-01-04,Equity-Only Risk Parity,MRK,0.027535179345984803
2021-02-03,Equity-Only Risk Parity,MRK,0.026914157061476613
2021-03-05,Equity-Only Risk Parity,MRK,0.027983367379431422
2021-04-06,Equity-Only Risk Parity,MRK,0.028017282192601117
2021-05-05,Equity-Only Risk Parity,MRK,0.028782683478095414
2021-06-04,Equity-Only Risk Parity,MRK,0.02937708165431913
2021-07-06,Equity-Only Risk Parity,MRK,0.030095719795587703
2021-08-04,Equity-Only Risk Parity,MRK,0.030820795166420178
2021-09-02,Equity-Only Risk Parity,MRK,0.030904028916608754
2021-10-04,Equity-Only Risk Parity,MRK,0.02773318139655339
2021-11-02,Equity-Only Risk Parity,MRK,0.026464889313485056
2021-12-02,Equity-Only Risk Parity,MRK,0.026741432136742786
2022-01-03,Equity-Only Risk Parity,MRK,0.030262893448920504
2022-02-02,Equity-Only Risk Parity,MRK,0.03402742275883515
2022-03-04,Equity-Only Risk Parity,MRK,0.03286572075196689
2022-04-04,Equity-Only Risk Parity,MRK,0.03345288563504582
2022-05-04,Equity-Only Risk Parity,MRK,0.033704552377584615
2022-06-03,Equity-Only Risk Parity,MRK,0.03774103975013121
2022-07-06,Equity-Only Risk Parity,MRK,0.034651194405721716
2022-08-04,Equity-Only Risk Parity,MRK,0.03620799805722516
2022-09-02,Equity-Only Risk Parity,MRK,0.03600244676627874
2022-10-04,Equity-Only Risk Parity,MRK,0.038929135519188786
2022-11-02,Equity-Only Risk Parity,MRK,0.03823675151612615
2022-12-02,Equity-Only Risk Parity,MRK,0.045392533884942486
2023-01-04,Equity-Only Risk Parity,MRK,0.04400510676067118
2023-02-03,Equity-Only Risk Parity,MRK,0.04349183547553281
2023-03-07,Equity-Only Risk Parity,MRK,0.04244422442461778
2023-04-05,Equity-Only Risk Parity,MRK,0.04110624483331877
2023-05-05,Equity-Only Risk Parity,MRK,0.040925901416442347
2023-06-06,Equity-Only Risk Parity,MRK,0.04237762404603538
2023-07-07,Equity-Only Risk Parity,MRK,0.044498685091133174
2023-08-07,Equity-Only Risk Parity,MRK,0.045363437553357616
2023-09-06,Equity-Only Risk Parity,MRK,0.03988970299392473
2023-10-05,Equity-Only Risk Parity,MRK,0.03919815528254022
2023-11-03,Equity-Only Risk Parity,MRK,0.04383191918173899
2023-12-05,Equity-Only Risk Parity,MRK,0.045238332404797625
2021-01-04,Equity-Only Risk Parity,MS,0.013238205706579553
2021-02-03,Equity-Only Risk Parity,MS,0.01303316097048224
2021-03-05,Equity-Only Risk Parity,MS,0.013175535094267766
2021-04-06,Equity-Only Risk Parity,MS,0.013952230629910502
2021-05-05,Equity-Only Risk Parity,MS,0.013974045415025402
2021-06-04,Equity-Only Risk Parity,MS,0.013825355006401197
2021-07-06,Equity-Only Risk Parity,MS,0.01376463470498116
2021-08-04,Equity-Only Risk Parity,MS,0.013455913295532557
2021-09-02,Equity-Only Risk Parity,MS,0.013499296995428234
2021-10-04,Equity-Only Risk Parity,MS,0.013392208297654012
2021-11-02,Equity-Only Risk Parity,MS,0.013595614726347578
2021-12-02,Equity-Only Risk Parity,MS,0.013967926667846152
2022-01-03,Equity-Only Risk Parity,MS,0.013729477529865067
2022-02-02,Equity-Only Risk Parity,MS,0.014677439530728361
2022-03-04,Equity-Only Risk Parity,MS,0.014370147328491465
2022-04-04,Equity-Only Risk Parity,MS,0.013654648468847645
2022-05-04,Equity-Only Risk Parity,MS,0.01371683637555983
2022-06-03,Equity-Only Risk Parity,MS,0.013704296685211531
2022-07-06,Equity-Only Risk Parity,MS,0.01438244075096293
2022-08-04,Equity-Only Risk Parity,MS,0.013967520993212064
2022-09-02,Equity-Only Risk Parity,MS,0.01418711779179739
2022-10-04,Equity-Only Risk Parity,MS,0.015756021687078566
2022-11-02,Equity-Only Risk Parity,MS,0.015164258853067884
2022-12-02,Equity-Only Risk Parity,MS,0.015504502439911694
2023-01-04,Equity-Only Risk Parity,MS,0.015569697136329667
2023-02-03,Equity-Only Risk Parity,MS,0.016178545294885008
2023-03-07,Equity-Only Risk Parity,MS,0.016673627172949467
2023-04-05,Equity-Only Risk Parity,MS,0.016086468720436876
2023-05-05,Equity-Only Risk Parity,MS,0.016311395272460595
2023-06-06,Equity-Only Risk Parity,MS,0.0161164870353493
2023-07-07,Equity-Only Risk Parity,MS,0.015806393697476512
2023-08-07,Equity-Only Risk Parity,MS,0.015582577906371556
2023-09-06,Equity-Only Risk Parity,MS,0.016003672964090103
2023-10-05,Equity-Only Risk Parity,MS,0.01564050684904353
2023-11-03,Equity-Only Risk Parity,MS,0.015013136148569335
2023-12-05,Equity-Only Risk Parity,MS,0.014013702935107099
2021-01-04,Equity-Only Risk Parity,NEE,0.020527743032680124
2021-02-03,Equity-Only Risk Parity,NEE,0.01897267035525601
2021-03-05,Equity-Only Risk Parity,NEE,0.019071935248223544
2021-04-06,Equity-Only Risk Parity,NEE,0.0195572525827563
2021-05-05,Equity-Only Risk Parity,NEE,0.020129332086018047
2021-06-04,Equity-Only Risk Parity,NEE,0.01997862229067038
2021-07-06,Equity-Only Risk Parity,NEE,0.020347821810115924
2021-08-04,Equity-Only Risk Parity,NEE,0.021153054590872047
2021-09-02,Equity-Only Risk Parity,NEE,0.021915680277799204
2021-10-04,Equity-Only Risk Parity,NEE,0.02204281657285802
2021-11-02,Equity-Only Risk Parity,NEE,0.02128177587835169
2021-12-02,Equity-Only Risk Parity,NEE,0.022490790937361945
2022-01-03,Equity-Only Risk Parity,NEE,0.02261399063955833
2022-02-02,Equity-Only Risk Parity,NEE,0.01988462940642708
2022-03-04,Equity-Only Risk Parity,NEE,0.020783046664143913
2022-04-04,Equity-Only Risk Parity,NEE,0.023329758593935955
2022-05-04,Equity-Only Risk Parity,NEE,0.02246015478708019
2022-06-03,Equity-Only Risk Parity,NEE,0.02072342015351551
2022-07-06,Equity-Only Risk Parity,NEE,0.019533208910623146
2022-08-04,Equity-Only Risk Parity,NEE,0.01997052376713881
2022-09-02,Equity-Only Risk Parity,NEE,0.02073087081339788
2022-10-04,Equity-Only Risk Parity,NEE,0.02073366556883623
2022-11-02,Equity-Only Risk Parity,NEE,0.019606581872789214
2022-12-02,Equity-Only Risk Parity,NEE,0.01948673938434286
2023-01-04,Equity-Only Risk Parity,NEE,0.0196910260662778
2023-02-03,Equity-Only Risk Parity,NEE,0.020833039099423734
2023-03-07,Equity-Only Risk Parity,NEE,0.019909261483413616
2023-04-05,Equity-Only Risk Parity,NEE,0.02081672933491378
2023-05-05,Equity-Only Risk Parity,NEE,0.019893692247090363
2023-06-06,Equity-Only Risk Parity,NEE,0.02041838588645158
2023-07-07,Equity-Only Risk Parity,NEE,0.020011963091636904
2023-08-07,Equity-Only Risk Parity,NEE,0.01965706682551191
2023-09-06,Equity-Only Risk Parity,NEE,0.02066732814159069
2023-10-05,Equity-Only Risk Parity,NEE,0.018920521953523655
2023-11-03,Equity-Only Risk Parity,NEE,0.017500617632160268
2023-12-05,Equity-Only Risk Parity,NEE,0.016410917516394157
2021-01-04,Equity-Only Risk Parity,NEM,0.03541319907968142
2021-02-03,Equity-Only Risk Parity,NEM,0.03472238357869271
2021-03-05,Equity-Only Risk Parity,NEM,0.033663784482872446
2021-04-06,Equity-Only Risk Parity,NEM,0.03119983012623826
2021-05-05,Equity-Only Risk Parity,NEM,0.03004002705859201
2021-06-04,Equity-Only Risk Parity,NEM,0.0292388918592643
2021-07-06,Equity-Only Risk Parity,NEM,0.027487090652197465
2021-08-04,Equity-Only Risk Parity,NEM,0.026837347187331845
2021-09-02,Equity-Only Risk Parity,NEM,0.025031498954264323
2021-10-04,Equity-Only Risk Parity,NEM,0.02667108487880967
2021-11-02,Equity-Only Risk Parity,NEM,0.027935819425896655
2021-12-02,Equity-Only Risk Parity,NEM,0.03041696426280497
2022-01-03,Equity-Only Risk Parity,NEM,0.031412184571822745
2022-02-02,Equity-Only Risk Parity,NEM,0.03237602865223037
2022-03-04,Equity-Only Risk Parity,NEM,0.03945106072821754
2022-04-04,Equity-Only Risk Parity,NEM,0.04214525038167463
2022-05-04,Equity-Only Risk Parity,NEM,0.03705377927691361
2022-06-03,Equity-Only Risk Parity,NEM,0.033251023808304206
2022-07-06,Equity-Only Risk Parity,NEM,0.03332424477166802
2022-08-04,Equity-Only Risk Parity,NEM,0.036008872853100005
2022-09-02,Equity-Only Risk Parity,NEM,0.03254099858146248
2022-10-04,Equity-Only Risk Parity,NEM,0.028467426074767214
2022-11-02,Equity-Only Risk Parity,NEM,0.028627445739011693
2022-12-02,Equity-Only Risk Parity,NEM,0.02163252410864228
2023-01-04,Equity-Only Risk Parity,NEM,0.021668015190477532
2023-02-03,Equity-Only Risk Parity,NEM,0.02087176474337381
2023-03-07,Equity-Only Risk Parity,NEM,0.020144712036639093
2023-04-05,Equity-Only Risk Parity,NEM,0.023814059796951174
2023-05-05,Equity-Only Risk Parity,NEM,0.02483694999512709
2023-06-06,Equity-Only Risk Parity,NEM,0.024408044747945723
2023-07-07,Equity-Only Risk Parity,NEM,0.022836500844441075
2023-08-07,Equity-Only Risk Parity,NEM,0.021727396805017334
2023-09-06,Equity-Only Risk Parity,NEM,0.022014083253701244
2023-10-05,Equity-Only Risk Parity,NEM,0.021763231539377988
2023-11-03,Equity-Only Risk Parity,NEM,0.022556133600290757
2023-12-05,Equity-Only Risk Parity,NEM,0.019359375640974102
2021-01-04,Equity-Only Risk Parity,NKE,0.021876693973448345
2021-02-03,Equity-Only Risk Parity,NKE,0.02116136587222506
2021-03-05,Equity-Only Risk Parity,NKE,0.0212417096542499
2021-04-06,Equity-Only Risk Parity,NKE,0.020814179703736675
2021-05-05,Equity-Only Risk Parity,NKE,0.020301169445790225
2021-06-04,Equity-Only Risk Parity,NKE,0.019997169369131207
2021-07-06,Equity-Only Risk Parity,NKE,0.019253300103506038
2021-08-04,Equity-Only Risk Parity,NKE,0.019418056443602682
2021-09-02,Equity-Only Risk Parity,NKE,0.019348793400669275
2021-10-04,Equity-Only Risk Parity,NKE,0.019670243796431425
2021-11-02,Equity-Only Risk Parity,NKE,0.02035980791827642
2021-12-02,Equity-Only Risk Parity,NKE,0.020915153262227704
2022-01-03,Equity-Only Risk Parity,NKE,0.020533702170087806
2022-02-02,Equity-Only Risk Parity,NKE,0.020295529863741727
2022-03-04,Equity-Only Risk Parity,NKE,0.019441291533378285
2022-04-04,Equity-Only Risk Parity,NKE,0.016503987372774913
2022-05-04,Equity-Only Risk Parity,NKE,0.0156490511171501
2022-06-03,Equity-Only Risk Parity,NKE,0.014331107382119571
2022-07-06,Equity-Only Risk Parity,NKE,0.014520380668843438
2022-08-04,Equity-Only Risk Parity,NKE,0.013589480595733307
2022-09-02,Equity-Only Risk Parity,NKE,0.013672111117619418
2022-10-04,Equity-Only Risk Parity,NKE,0.013122755195085026
2022-11-02,Equity-Only Risk Parity,NKE,0.013882384446694122
2022-12-02,Equity-Only Risk Parity,NKE,0.013239981971819428
2023-01-04,Equity-Only Risk Parity,NKE,0.012557617071069853
2023-02-03,Equity-Only Risk Parity,NKE,0.012819427588188858
2023-03-07,Equity-Only Risk Parity,NKE,0.012990086983816224
2023-04-05,Equity-Only Risk Parity,NKE,0.013433888368512824
2023-05-05,Equity-Only Risk Parity,NKE,0.01387596753965806
2023-06-06,Equity-Only Risk Parity,NKE,0.013569463865696362
2023-07-07,Equity-Only Risk Parity,NKE,0.013887122818953334
2023-08-07,Equity-Only Risk Parity,NKE,0.014173173813175155
2023-09-06,Equity-Only Risk Parity,NKE,0.014508369502519818
2023-10-05,Equity-Only Risk Parity,NKE,0.015304802871166276
2023-11-03,Equity-Only Risk Parity,NKE,0.01517547915021268
2023-12-05,Equity-Only Risk Parity,NKE,0.015448876944230382
2021-01-04,Equity-Only Risk Parity,NUE,0.01555039028517602
2021-02-03,Equity-Only Risk Parity,NUE,0.015410753741251327
2021-03-05,Equity-Only Risk Parity,NUE,0.015336597467933807
2021-04-06,Equity-Only Risk Parity,NUE,0.015073533026637347
2021-05-05,Equity-Only Risk Parity,NUE,0.014969023326265329
2021-06-04,Equity-Only Risk Parity,NUE,0.014175027281952291
2021-07-06,Equity-Only Risk Parity,NUE,0.014001143697256937
2021-08-04,Equity-Only Risk Parity,NUE,0.013327417636802579
2021-09-02,Equity-Only Risk Parity,NUE,0.013173085607599003
2021-10-04,Equity-Only Risk Parity,NUE,0.012872431451200105
2021-11-02,Equity-Only Risk Parity,NUE,0.0130066938934111
2021-12-02,Equity-Only Risk Parity,NUE,0.013035054850622426
2022-01-03,Equity-Only Risk Parity,NUE,0.014260511791035593
2022-02-02,Equity-Only Risk Parity,NUE,0.012871496643272688
2022-03-04,Equity-Only Risk Parity,NUE,0.011933711112670562
2022-04-04,Equity-Only Risk Parity,NUE,0.01221097480716554
2022-05-04,Equity-Only Risk Parity,NUE,0.013003325299320053
2022-06-03,Equity-Only Risk Parity,NUE,0.012078231064078777
2022-07-06,Equity-Only Risk Parity,NUE,0.012432198781411639
2022-08-04,Equity-Only Risk Parity,NUE,0.012235741335504048
2022-09-02,Equity-Only Risk Parity,NUE,0.012481645965173637
2022-10-04,Equity-Only Risk Parity,NUE,0.013524485291670574
2022-11-02,Equity-Only Risk Parity,NUE,0.013799877928458422
2022-12-02,Equity-Only Risk Parity,NUE,0.014041495271071486
2023-01-04,Equity-Only Risk Parity,NUE,0.01377330854640769
2023-02-03,Equity-Only Risk Parity,NUE,0.013118243361202129
2023-03-07,Equity-Only Risk Parity,NUE,0.013560018867118823
2023-04-05,Equity-Only Risk Parity,NUE,0.013187231311565868
2023-05-05,Equity-Only Risk Parity,NUE,0.013434632506325575
2023-06-06,Equity-Only Risk Parity,NUE,0.012910330917322318
2023-07-07,Equity-Only Risk Parity,NUE,0.012995654499909151
2023-08-07,Equity-Only Risk Parity,NUE,0.013276953560680128
2023-09-06,Equity-Only Risk Parity,NUE,0.013567511647097422
2023-10-05,Equity-Only Risk Parity,NUE,0.01348628511092368
2023-11-03,Equity-Only Risk Parity,NUE,0.01385858661341999
2023-12-05,Equity-Only Risk Parity,NUE,0.0140211560196109
2021-01-04,Equity-Only Risk Parity,NVDA,0.01553551308363527
2021-02-03,Equity-Only Risk Parity,NVDA,0.01574677218804383
2021-03-05,Equity-Only Risk Parity,NVDA,0.015358093806825616
2021-04-06,Equity-Only Risk Parity,NVDA,0.015077212798847658
2021-05-05,Equity-Only Risk Parity,NVDA,0.014638067300008679
2021-06-04,Equity-Only Risk Parity,NVDA,0.014192996051374968
2021-07-06,Equity-Only Risk Parity,NVDA,0.015107761478778165
2021-08-04,Equity-Only Risk Parity,NVDA,0.01542221708962957
2021-09-02,Equity-Only Risk Parity,NVDA,0.015231552430231454
2021-10-04,Equity-Only Risk Parity,NVDA,0.015020092171492333
2021-11-02,Equity-Only Risk Parity,NVDA,0.014771426934127517
2021-12-02,Equity-Only Risk Parity,NVDA,0.013922435686038246
2022-01-03,Equity-Only Risk Parity,NVDA,0.013217050064327716
2022-02-02,Equity-Only Risk Parity,NVDA,0.012025729720516442
2022-03-04,Equity-Only Risk Parity,NVDA,0.010752740428011812
2022-04-04,Equity-Only Risk Parity,NVDA,0.010047396185395458
2022-05-04,Equity-Only Risk Parity,NVDA,0.009527646487883082
2022-06-03,Equity-Only Risk Parity,NVDA,0.008739968606501749
2022-07-06,Equity-Only Risk Parity,NVDA,0.009136353536199376
2022-08-04,Equity-Only Risk Parity,NVDA,0.00911392777404811
2022-09-02,Equity-Only Risk Parity,NVDA,0.008720084574756348
2022-10-04,Equity-Only Risk Parity,NVDA,0.009812317208293215
2022-11-02,Equity-Only Risk Parity,NVDA,0.009822289123331598
2022-12-02,Equity-Only Risk Parity,NVDA,0.009008276414031919
2023-01-04,Equity-Only Risk Parity,NVDA,0.009026025565406
2023-02-03,Equity-Only Risk Parity,NVDA,0.008954247241480815
2023-03-07,Equity-Only Risk Parity,NVDA,0.009081502362174266
2023-04-05,Equity-Only Risk Parity,NVDA,0.00969676661466049
2023-05-05,Equity-Only Risk Parity,NVDA,0.01015600941545063
2023-06-06,Equity-Only Risk Parity,NVDA,0.010999060835117504
2023-07-07,Equity-Only Risk Parity,NVDA,0.011543959367531912
2023-08-07,Equity-Only Risk Parity,NVDA,0.011795237770379408
2023-09-06,Equity-Only Risk Parity,NVDA,0.012154102500759064
2023-10-05,Equity-Only Risk Parity,NVDA,0.012641081771456229
2023-11-03,Equity-Only Risk Parity,NVDA,0.013138252264747113
2023-12-05,Equity-Only Risk Parity,NVDA,0.013896450789212351
2021-01-04,Equity-Only Risk Parity,O,0.015917568397866073
2021-02-03,Equity-Only Risk Parity,O,0.016443621471344264
2021-03-05,Equity-Only Risk Parity,O,0.01691678275367553
2021-04-06,Equity-Only Risk Parity,O,0.01713191823780631
2021-05-05,Equity-Only Risk Parity,O,0.017362649243528153
2021-06-04,Equity-Only Risk Parity,O,0.017453564994344143
2021-07-06,Equity-Only Risk Parity,O,0.017522627561486287
2021-08-04,Equity-Only Risk Parity,O,0.017771195465423398
2021-09-02,Equity-Only Risk Parity,O,0.018130250303384988
2021-10-04,Equity-Only Risk Parity,O,0.018010676981268913
2021-11-02,Equity-Only Risk Parity,O,0.01869096301768272
2021-12-02,Equity-Only Risk Parity,O,0.01882915996841205
2022-01-03,Equity-Only Risk Parity,O,0.018875890058320324
2022-02-02,Equity-Only Risk Parity,O,0.01901248982995647
2022-03-04,Equity-Only Risk Parity,O,0.01963625605076892
2022-04-04,Equity-Only Risk Parity,O,0.019324967963605992
2022-05-04,Equity-Only Risk Parity,O,0.019730533082100113
2022-06-03,Equity-Only Risk Parity,O,0.020953145706508157
2022-07-06,Equity-Only Risk Parity,O,0.021607431685137676
2022-08-04,Equity-Only Risk Parity,O,0.022104398518705045
2022-09-02,Equity-Only Risk Parity,O,0.023046459986500234
2022-10-04,Equity-Only Risk Parity,O,0.024549580780077053
2022-11-02,Equity-Only Risk Parity,O,0.024633288768958747
2022-12-02,Equity-Only Risk Parity,O,0.024077298000030056
2023-01-04,Equity-Only Risk Parity,O,0.02478269340843302
2023-02-03,Equity-Only Risk Parity,O,0.024856228205781386
2023-03-07,Equity-Only Risk Parity,O,0.025149982982555837
2023-04-05,Equity-Only Risk Parity,O,0.024213809130880455
2023-05-05,Equity-Only Risk Parity,O,0.024529129237625402
2023-06-06,Equity-Only Risk Parity,O,0.024172801686649977
2023-07-07,Equity-Only Risk Parity,O,0.023992434712805946
2023-08-07,Equity-Only Risk Parity,O,0.0236417625070343
2023-09-06,Equity-Only Risk Parity,O,0.023280060421397138
2023-10-05,Equity-Only Risk Parity,O,0.022496482377072483
2023-11-03,Equity-Only Risk Parity,O,0.022351073468285864
2023-12-05,Equity-Only Risk Parity,O,0.021009694818136783
2021-01-04,Equity-Only Risk Parity,OXY,0.008820983455535648
2021-02-03,Equity-Only Risk Parity,OXY,0.008963114296899208
2021-03-05,Equity-Only Risk Parity,OXY,0.00897036938376924
2021-04-06,Equity-Only Risk Parity,OXY,0.009257190304246555
2021-05-05,Equity-Only Risk Parity,OXY,0.009288323345097388
2021-06-04,Equity-Only Risk Parity,OXY,0.009402408455717612
2021-07-06,Equity-Only Risk Parity,OXY,0.00956382798282295
2021-08-04,Equity-Only Risk Parity,OXY,0.009354072587817348
2021-09-02,Equity-Only Risk Parity,OXY,0.009051158242021018
2021-10-04,Equity-Only Risk Parity,OXY,0.008782814662118001
2021-11-02,Equity-Only Risk Parity,OXY,0.009000898272679522
2021-12-02,Equity-Only Risk Parity,OXY,0.008847110307337333
2022-01-03,Equity-Only Risk Parity,OXY,0.008881100697745047
2022-02-02,Equity-Only Risk Parity,OXY,0.009107680336558096
2022-03-04,Equity-Only Risk Parity,OXY,0.011823700728442757
2022-04-04,Equity-Only Risk Parity,OXY,0.01127900890082684
2022-05-04,Equity-Only Risk Parity,OXY,0.011445895864657125
2022-06-03,Equity-Only Risk Parity,OXY,0.011199361566329709
2022-07-06,Equity-Only Risk Parity,OXY,0.011777007706631776
2022-08-04,Equity-Only Risk Parity,OXY,0.011940379226178292
2022-09-02,Equity-Only Risk Parity,OXY,0.012889944117445281
2022-10-04,Equity-Only Risk Parity,OXY,0.014271861011322974
2022-11-02,Equity-Only Risk Parity,OXY,0.0159839133010343
2022-12-02,Equity-Only Risk Parity,OXY,0.015242535678676866
2023-01-04,Equity-Only Risk Parity,OXY,0.015160134369229212
2023-02-03,Equity-Only Risk Parity,OXY,0.015571730077712061
2023-03-07,Equity-Only Risk Parity,OXY,0.01547612859540627
2023-04-05,Equity-Only Risk Parity,OXY,0.015445777200671956
2023-05-05,Equity-Only Risk Parity,OXY,0.015698373727926273
2023-06-06,Equity-Only Risk Parity,OXY,0.015985797028110676
2023-07-07,Equity-Only Risk Parity,OXY,0.01612571482297328
2023-08-07,Equity-Only Risk Parity,OXY,0.01587059593025991
2023-09-06,Equity-Only Risk Parity,OXY,0.016540757712794788
2023-10-05,Equity-Only Risk Parity,OXY,0.01632842003011394
2023-11-03,Equity-Only Risk Parity,OXY,0.016889508067879103
2023-12-05,Equity-Only Risk Parity,OXY,0.01803621919335323
2021-01-04,Equity-Only Risk Parity,PLD,0.017578143266791878
2021-02-03,Equity-Only Risk Parity,PLD,0.017936372958464175
2021-03-05,Equity-Only Risk Parity,PLD,0.018190131692708812
2021-04-06,Equity-Only Risk Parity,PLD,0.0182019928165499
2021-05-05,Equity-Only Risk Parity,PLD,0.018476469295662306
2021-06-04,Equity-Only Risk Parity,PLD,0.018544237828591156
2021-07-06,Equity-Only Risk Parity,PLD,0.018417120747654867
2021-08-04,Equity-Only Risk Parity,PLD,0.018828686722497635
2021-09-02,Equity-Only Risk Parity,PLD,0.019167657929834128
2021-10-04,Equity-Only Risk Parity,PLD,0.019378338904520957
2021-11-02,Equity-Only Risk Parity,PLD,0.019429025375757504
2021-12-02,Equity-Only Risk Parity,PLD,0.019586631443695407
2022-01-03,Equity-Only Risk Parity,PLD,0.019466137631793102
2022-02-02,Equity-Only Risk Parity,PLD,0.020186083514658584
2022-03-04,Equity-Only Risk Parity,PLD,0.018650502942237697
2022-04-04,Equity-Only Risk Parity,PLD,0.01801887112308721
2022-05-04,Equity-Only Risk Parity,PLD,0.016637994654435155
2022-06-03,Equity-Only Risk Parity,PLD,0.015073835739557534
2022-07-06,Equity-Only Risk Parity,PLD,0.014430159544847799
2022-08-04,Equity-Only Risk Parity,PLD,0.014003169438761865
2022-09-02,Equity-Only Risk Parity,PLD,0.014342898532779515
2022-10-04,Equity-Only Risk Parity,PLD,0.015683566502220737
2022-11-02,Equity-Only Risk Parity,PLD,0.01608661202743001
2022-12-02,Equity-Only Risk Parity,PLD,0.015346541815961996
2023-01-04,Equity-Only Risk Parity,PLD,0.01520870432450961
2023-02-03,Equity-Only Risk Parity,PLD,0.015138744628952554
2023-03-07,Equity-Only Risk Parity,PLD,0.015247578602995247
2023-04-05,Equity-Only Risk Parity,PLD,0.014636442851282155
2023-05-05,Equity-Only Risk Parity,PLD,0.015020541331994389
2023-06-06,Equity-Only Risk Parity,PLD,0.014936687327935773
2023-07-07,Equity-Only Risk Parity,PLD,0.014975858274210403
2023-08-07,Equity-Only Risk Parity,PLD,0.01534651157497823
2023-09-06,Equity-Only Risk Parity,PLD,0.015282782451386355
2023-10-05,Equity-Only Risk Parity,PLD,0.014729051607834972
2023-11-03,Equity-Only Risk Parity,PLD,0.01428475556447806
2023-12-05,Equity-Only Risk Parity,PLD,0.013372231464448704
2021-01-04,Equity-Only Risk Parity,PSA,0.027572956805447354
2021-02-03,Equity-Only Risk Parity,PSA,0.02865220023296935
2021-03-05,Equity-Only Risk Parity,PSA,0.029365865870968476
2021-04-06,Equity-Only Risk Parity,PSA,0.02905921636166375
2021-05-05,Equity-Only Risk Parity,PSA,0.029736955982495608
2021-06-04,Equity-Only Risk Parity,PSA,0.029558108826832345
2021-07-06,Equity-Only Risk Parity,PSA,0.031044851893194603
2021-08-04,Equity-Only Risk Parity,PSA,0.03068122148650844
2021-09-02,Equity-Only Risk Parity,PSA,0.03145955599269081
2021-10-04,Equity-Only Risk Parity,PSA,0.031616875463028986
2021-11-02,Equity-Only Risk Parity,PSA,0.03148761327063148
2021-12-02,Equity-Only Risk Parity,PSA,0.03058204198575898
2022-01-03,Equity-Only Risk Parity,PSA,0.029839667225282213
2022-02-02,Equity-Only Risk Parity,PSA,0.029047428421887973
2022-03-04,Equity-Only Risk Parity,PSA,0.026702886661724826
2022-04-04,Equity-Only Risk Parity,PSA,0.02435415229938278
2022-05-04,Equity-Only Risk Parity,PSA,0.020767443113726792
2022-06-03,Equity-Only Risk Parity,PSA,0.0197141077838419
2022-07-06,Equity-Only Risk Parity,PSA,0.020856088133914055
2022-08-04,Equity-Only Risk Parity,PSA,0.02014387946285547
2022-09-02,Equity-Only Risk Parity,PSA,0.02032226024137258
2022-10-04,Equity-Only Risk Parity,PSA,0.023175252452937185
2022-11-02,Equity-Only Risk Parity,PSA,0.023180801189890368
2022-12-02,Equity-Only Risk Parity,PSA,0.020643348957808956
2023-01-04,Equity-Only Risk Parity,PSA,0.020502956162740706
2023-02-03,Equity-Only Risk Parity,PSA,0.020519609249336716
2023-03-07,Equity-Only Risk Parity,PSA,0.021327600377060406
2023-04-05,Equity-Only Risk Parity,PSA,0.020398288303595843
2023-05-05,Equity-Only Risk Parity,PSA,0.020811035786693355
2023-06-06,Equity-Only Risk Parity,PSA,0.02081535151299178
2023-07-07,Equity-Only Risk Parity,PSA,0.020692760333731193
2023-08-07,Equity-Only Risk Parity,PSA,0.021520161471302895
2023-09-06,Equity-Only Risk Parity,PSA,0.02111670900783681
2023-10-05,Equity-Only Risk Parity,PSA,0.021012674243799576
2023-11-03,Equity-Only Risk Parity,PSA,0.020259166517888824
2023-12-05,Equity-Only Risk Parity,PSA,0.01861733007193401
2021-01-04,Equity-Only Risk Parity,QCOM,0.01668853159537802
2021-02-03,Equity-Only Risk Parity,QCOM,0.016176255202440086
2021-03-05,Equity-Only Risk Parity,QCOM,0.01619259830797452
2021-04-06,Equity-Only Risk Parity,QCOM,0.015673239417123577
2021-05-05,Equity-Only Risk Parity,QCOM,0.01522102318699666
2021-06-04,Equity-Only Risk Parity,QCOM,0.015050632937039466
2021-07-06,Equity-Only Risk Parity,QCOM,0.015395124224478673
2021-08-04,Equity-Only Risk Parity,QCOM,0.015110371180738585
2021-09-02,Equity-Only Risk Parity,QCOM,0.015089636953654641
2021-10-04,Equity-Only Risk Parity,QCOM,0.015575530459943242
2021-11-02,Equity-Only Risk Parity,QCOM,0.015611190891907907
2021-12-02,Equity-Only Risk Parity,QCOM,0.01511381816610108
2022-01-03,Equity-Only Risk Parity,QCOM,0.015731051280722833
2022-02-02,Equity-Only Risk Parity,QCOM,0.01433557759579071
2022-03-04,Equity-Only Risk Parity,QCOM,0.012582668441444666
2022-04-04,Equity-Only Risk Parity,QCOM,0.012077530534658001
2022-05-04,Equity-Only Risk Parity,QCOM,0.011678891469871642
2022-06-03,Equity-Only Risk Parity,QCOM,0.011717042130489953
2022-07-06,Equity-Only Risk Parity,QCOM,0.012985866229355863
2022-08-04,Equity-Only Risk Parity,QCOM,0.013338362271712149
2022-09-02,Equity-Only Risk Parity,QCOM,0.012839344957768178
2022-10-04,Equity-Only Risk Parity,QCOM,0.014011197194371057
2022-11-02,Equity-Only Risk Parity,QCOM,0.014298575377394433
2022-12-02,Equity-Only Risk Parity,QCOM,0.012731447962233584
2023-01-04,Equity-Only Risk Parity,QCOM,0.012517512979397315
2023-02-03,Equity-Only Risk Parity,QCOM,0.012084508462285534
2023-03-07,Equity-Only Risk Parity,QCOM,0.01236769877437919
2023-04-05,Equity-Only Risk Parity,QCOM,0.01264478046352346
2023-05-05,Equity-Only Risk Parity,QCOM,0.012980626459449952
2023-06-06,Equity-Only Risk Parity,QCOM,0.013131139105797995
2023-07-07,Equity-Only Risk Parity,QCOM,0.012929708866685555
2023-08-07,Equity-Only Risk Parity,QCOM,0.012802278364352063
2023-09-06,Equity-Only Risk Parity,QCOM,0.013143090503986526
2023-10-05,Equity-Only Risk Parity,QCOM,0.013871608279875443
2023-11-03,Equity-Only Risk Parity,QCOM,0.013734162491143995
2023-12-05,Equity-Only Risk Parity,QCOM,0.013686573245776905
2021-01-04,Equity-Only Risk Parity,SBUX,0.017366728289314272
2021-02-03,Equity-Only Risk Parity,SBUX,0.016682689000575616
2021-03-05,Equity-Only Risk Parity,SBUX,0.017588892004940813
2021-04-06,Equity-Only Risk Parity,SBUX,0.01762666308032554
2021-05-05,Equity-Only Risk Parity,SBUX,0.017413212059445484
2021-06-04,Equity-Only Risk Parity,SBUX,0.017481316178176755
2021-07-06,Equity-Only Risk Parity,SBUX,0.01771793986780181
2021-08-04,Equity-Only Risk Parity,SBUX,0.01744362200775496
2021-09-02,Equity-Only Risk Parity,SBUX,0.017613714718088896
2021-10-04,Equity-Only Risk Parity,SBUX,0.018123890894218612
2021-11-02,Equity-Only Risk Parity,SBUX,0.018337578297642914
2021-12-02,Equity-Only Risk Parity,SBUX,0.018586382772035587
2022-01-03,Equity-Only Risk Parity,SBUX,0.017444122958680537
2022-02-02,Equity-Only Risk Parity,SBUX,0.017586535423720635
2022-03-04,Equity-Only Risk Parity,SBUX,0.017381011836233952
2022-04-04,Equity-Only Risk Parity,SBUX,0.015089781107052381
2022-05-04,Equity-Only Risk Parity,SBUX,0.01612300521973055
2022-06-03,Equity-Only Risk Parity,SBUX,0.013414808801327584
2022-07-06,Equity-Only Risk Parity,SBUX,0.014205269165078927
2022-08-04,Equity-Only Risk Parity,SBUX,0.014152296153654315
2022-09-02,Equity-Only Risk Parity,SBUX,0.01437959500563718
2022-10-04,Equity-Only Risk Parity,SBUX,0.016445340039512975
2022-11-02,Equity-Only Risk Parity,SBUX,0.01736940268253113
2022-12-02,Equity-Only Risk Parity,SBUX,0.016953135863850635
2023-01-04,Equity-Only Risk Parity,SBUX,0.01731481852816562
2023-02-03,Equity-Only Risk Parity,SBUX,0.01735840851970278
2023-03-07,Equity-Only Risk Parity,SBUX,0.017072611489783344
2023-04-05,Equity-Only Risk Parity,SBUX,0.017274374050442177
2023-05-05,Equity-Only Risk Parity,SBUX,0.01738220753329648
2023-06-06,Equity-Only Risk Parity,SBUX,0.0172559370693887
2023-07-07,Equity-Only Risk Parity,SBUX,0.01733451685751617
2023-08-07,Equity-Only Risk Parity,SBUX,0.017713424860059043
2023-09-06,Equity-Only Risk Parity,SBUX,0.017656593412760702
2023-10-05,Equity-Only Risk Parity,SBUX,0.018199096123890857
2023-11-03,Equity-Only Risk Parity,SBUX,0.016829600268715637
2023-12-05,Equity-Only Risk Parity,SBUX,0.017224157053962887
2021-01-04,Equity-Only Risk Parity,SHW,0.02146678966288955
2021-02-03,Equity-Only Risk Parity,SHW,0.021772733240597864
2021-03-05,Equity-Only Risk Parity,SHW,0.02188048893097155
2021-04-06,Equity-Only Risk Parity,SHW,0.021376592766818685
2021-05-05,Equity-Only Risk Parity,SHW,0.02124861473517175
2021-06-04,Equity-Only Risk Parity,SHW,0.021295159860658615
2021-07-06,Equity-Only Risk Parity,SHW,0.02138286426680193
2021-08-04,Equity-Only Risk Parity,SHW,0.021934095997615713
2021-09-02,Equity-Only Risk Parity,SHW,0.02207667017001072
2021-10-04,Equity-Only Risk Parity,SHW,0.021372354825757674
2021-11-02,Equity-Only Risk Parity,SHW,0.022170618860787136
2021-12-02,Equity-Only Risk Parity,SHW,0.022792694446523636
2022-01-03,Equity-Only Risk Parity,SHW,0.022590048161176386
2022-02-02,Equity-Only Risk Parity,SHW,0.022712199491439284
2022-03-04,Equity-Only Risk Parity,SHW,0.020173156877234075
2022-04-04,Equity-Only Risk Parity,SHW,0.018948026128775337
2022-05-04,Equity-Only Risk Parity,SHW,0.024242346915769312
2022-06-03,Equity-Only Risk Parity,SHW,0.022962853751237425
2022-07-06,Equity-Only Risk Parity,SHW,0.020568910474692295
2022-08-04,Equity-Only Risk Parity,SHW,0.022433087053690497
2022-09-02,Equity-Only Risk Parity,SHW,0.020888970507678743
2022-10-04,Equity-Only Risk Parity,SHW,0.019972366348028858
2022-11-02,Equity-Only Risk Parity,SHW,0.018739715289886244
2022-12-02,Equity-Only Risk Parity,SHW,0.017484927772337715
2023-01-04,Equity-Only Risk Parity,SHW,0.017605289875239308
2023-02-03,Equity-Only Risk Parity,SHW,0.01729871623422069
2023-03-07,Equity-Only Risk Parity,SHW,0.017332578208398088
2023-04-05,Equity-Only Risk Parity,SHW,0.016732622635605345
2023-05-05,Equity-Only Risk Parity,SHW,0.016850675804829636
2023-06-06,Equity-Only Risk Parity,SHW,0.016659639525247624
2023-07-07,Equity-Only Risk Parity,SHW,0.016710726848849018
2023-08-07,Equity-Only Risk Parity,SHW,0.016926065829817077
2023-09-06,Equity-Only Risk Parity,SHW,0.017247364901927246
2023-10-05,Equity-Only Risk Parity,SHW,0.017353260468555173
2023-11-03,Equity-Only Risk Parity,SHW,0.01811863002515921
2023-12-05,Equity-Only Risk Parity,SHW,0.01708222256945394
2021-01-04,Equity-Only Risk Parity,SLB,0.01136640904624742
2021-02-03,Equity-Only Risk Parity,SLB,0.01129826649808113
2021-03-05,Equity-Only Risk Parity,SLB,0.011312769965290237
2021-04-06,Equity-Only Risk Parity,SLB,0.01144883334934869
2021-05-05,Equity-Only Risk Parity,SLB,0.011477106667798982
2021-06-04,Equity-Only Risk Parity,SLB,0.011658750910248915
2021-07-06,Equity-Only Risk Parity,SLB,0.011485935853839111
2021-08-04,Equity-Only Risk Parity,SLB,0.010997804481098104
2021-09-02,Equity-Only Risk Parity,SLB,0.010793025681923162
2021-10-04,Equity-Only Risk Parity,SLB,0.010814739768440692
2021-11-02,Equity-Only Risk Parity,SLB,0.01085775429620605
2021-12-02,Equity-Only Risk Parity,SLB,0.010608684824049655
2022-01-03,Equity-Only Risk Parity,SLB,0.010634647139952503
2022-02-02,Equity-Only Risk Parity,SLB,0.011493186894359844
2022-03-04,Equity-Only Risk Parity,SLB,0.012030456886126802
2022-04-04,Equity-Only Risk Parity,SLB,0.014696705110298962
2022-05-04,Equity-Only Risk Parity,SLB,0.01668721808380374
2022-06-03,Equity-Only Risk Parity,SLB,0.013047635741254634
2022-07-06,Equity-Only Risk Parity,SLB,0.013644492498843213
2022-08-04,Equity-Only Risk Parity,SLB,0.013721979196984178
2022-09-02,Equity-Only Risk Parity,SLB,0.0145009633002275
2022-10-04,Equity-Only Risk Parity,SLB,0.014286963390692704
2022-11-02,Equity-Only Risk Parity,SLB,0.01541417313140483
2022-12-02,Equity-Only Risk Parity,SLB,0.016764874339479475
2023-01-04,Equity-Only Risk Parity,SLB,0.015951603689431666
2023-02-03,Equity-Only Risk Parity,SLB,0.01635164928713392
2023-03-07,Equity-Only Risk Parity,SLB,0.016764000918163168
2023-04-05,Equity-Only Risk Parity,SLB,0.015558952840978317
2023-05-05,Equity-Only Risk Parity,SLB,0.015067397405515014
2023-06-06,Equity-Only Risk Parity,SLB,0.014603679125133334
2023-07-07,Equity-Only Risk Parity,SLB,0.014795600431585749
2023-08-07,Equity-Only Risk Parity,SLB,0.014994781229466068
2023-09-06,Equity-Only Risk Parity,SLB,0.015003836482784
2023-10-05,Equity-Only Risk Parity,SLB,0.015614261552241058
2023-11-03,Equity-Only Risk Parity,SLB,0.016761297359724234
2023-12-05,Equity-Only Risk Parity,SLB,0.017437816284099832
2021-01-04,Equity-Only Risk Parity,SO,0.018507128431311547
2021-02-03,Equity-Only Risk Parity,SO,0.018612918390863372
2021-03-05,Equity-Only Risk Parity,SO,0.018986757615152037
2021-04-06,Equity-Only Risk Parity,SO,0.01961549107854244
2021-05-05,Equity-Only Risk Parity,SO,0.02000788206111172
2021-06-04,Equity-Only Risk Parity,SO,0.02013450302472302
2021-07-06,Equity-Only Risk Parity,SO,0.019861427471149554
2021-08-04,Equity-Only Risk Parity,SO,0.020523626388992154
2021-09-02,Equity-Only Risk Parity,SO,0.021016880481573002
2021-10-04,Equity-Only Risk Parity,SO,0.021766907018117298
2021-11-02,Equity-Only Risk Parity,SO,0.022161397773541067
2021-12-02,Equity-Only Risk Parity,SO,0.02282968920704014
2022-01-03,Equity-Only Risk Parity,SO,0.023321003018193277
2022-02-02,Equity-Only Risk Parity,SO,0.025509393535504053
2022-03-04,Equity-Only Risk Parity,SO,0.02454440268105264
2022-04-04,Equity-Only Risk Parity,SO,0.026650376654128442
2022-05-04,Equity-Only Risk Parity,SO,0.026334727772818842
2022-06-03,Equity-Only Risk Parity,SO,0.029673977316630958
2022-07-06,Equity-Only Risk Parity,SO,0.026922164844943162
2022-08-04,Equity-Only Risk Parity,SO,0.027402660657185902
2022-09-02,Equity-Only Risk Parity,SO,0.02836499633735395
2022-10-04,Equity-Only Risk Parity,SO,0.025791612697907113
2022-11-02,Equity-Only Risk Parity,SO,0.02422039419105201
2022-12-02,Equity-Only Risk Parity,SO,0.024339173806536878
2023-01-04,Equity-Only Risk Parity,SO,0.024553835397476964
2023-02-03,Equity-Only Risk Parity,SO,0.02422099289870203
2023-03-07,Equity-Only Risk Parity,SO,0.023342097807362176
2023-04-05,Equity-Only Risk Parity,SO,0.024532627002856088
2023-05-05,Equity-Only Risk Parity,SO,0.024751420057930483
2023-06-06,Equity-Only Risk Parity,SO,0.02539425056948629
2023-07-07,Equity-Only Risk Parity,SO,0.025121204268009328
2023-08-07,Equity-Only Risk Parity,SO,0.024426752242601504
2023-09-06,Equity-Only Risk Parity,SO,0.02512021384730722
2023-10-05,Equity-Only Risk Parity,SO,0.024031263583624382
2023-11-03,Equity-Only Risk Parity,SO,0.023474798891746997
2023-12-05,Equity-Only Risk Parity,SO,0.023404503608245066
2021-01-04,Equity-Only Risk Parity,T,0.022280696235808486
2021-02-03,Equity-Only Risk Parity,T,0.023545710560118206
2021-03-05,Equity-Only Risk Parity,T,0.02381839216612132
2021-04-06,Equity-Only Risk Parity,T,0.024143326194870123
2021-05-05,Equity-Only Risk Parity,T,0.025150643826256293
2021-06-04,Equity-Only Risk Parity,T,0.024494107338281137
2021-07-06,Equity-Only Risk Parity,T,0.024869903026223095
2021-08-04,Equity-Only Risk Parity,T,0.024716112034131352
2021-09-02,Equity-Only Risk Parity,T,0.024438180639571126
2021-10-04,Equity-Only Risk Parity,T,0.024655865742495425
2021-11-02,Equity-Only Risk Parity,T,0.023344944258069173
2021-12-02,Equity-Only Risk Parity,T,0.022355122587388622
2022-01-03,Equity-Only Risk Parity,T,0.022399231905150627
2022-02-02,Equity-Only Risk Parity,T,0.020674321080739546
2022-03-04,Equity-Only Risk Parity,T,0.020896636193262094
2022-04-04,Equity-Only Risk Parity,T,0.020656509555463005
2022-05-04,Equity-Only Risk Parity,T,0.023722948485282183
2022-06-03,Equity-Only Risk Parity,T,0.02435266266738099
2022-07-06,Equity-Only Risk Parity,T,0.023613183414409013
2022-08-04,Equity-Only Risk Parity,T,0.023961099990040615
2022-09-02,Equity-Only Risk Parity,T,0.025212578154914168
2022-10-04,Equity-Only Risk Parity,T,0.024942092082395857
2022-11-02,Equity-Only Risk Parity,T,0.02396162007491421
2022-12-02,Equity-Only Risk Parity,T,0.025245239898915185
2023-01-04,Equity-Only Risk Parity,T,0.025832284564562283
2023-02-03,Equity-Only Risk Parity,T,0.025985770616420104
2023-03-07,Equity-Only Risk Parity,T,0.0264960298089739
2023-04-05,Equity-Only Risk Parity,T,0.026793334254349065
2023-05-05,Equity-Only Risk Parity,T,0.02480919900453213
2023-06-06,Equity-Only Risk Parity,T,0.025551492132853675
2023-07-07,Equity-Only Risk Parity,T,0.024701152011981937
2023-08-07,Equity-Only Risk Parity,T,0.02306109295334184
2023-09-06,Equity-Only Risk Parity,T,0.023358830408727774
2023-10-05,Equity-Only Risk Parity,T,0.02399463811816581
2023-11-03,Equity-Only Risk Parity,T,0.023844140266105606
2023-12-05,Equity-Only Risk Parity,T,0.024498212346891438
2021-01-04,Equity-Only Risk Parity,TMUS,0.023342799304879935
2021-02-03,Equity-Only Risk Parity,TMUS,0.02178914290421222
2021-03-05,Equity-Only Risk Parity,TMUS,0.022260570046377912
2021-04-06,Equity-Only Risk Parity,TMUS,0.022003343255504817
2021-05-05,Equity-Only Risk Parity,TMUS,0.021661241785948755
2021-06-04,Equity-Only Risk Parity,TMUS,0.02098192605449823
2021-07-06,Equity-Only Risk Parity,TMUS,0.02158387823743551
2021-08-04,Equity-Only Risk Parity,TMUS,0.0218171924165614
2021-09-02,Equity-Only Risk Parity,TMUS,0.02172280338692541
2021-10-04,Equity-Only Risk Parity,TMUS,0.021789018791712255
2021-11-02,Equity-Only Risk Parity,TMUS,0.021817676408563705
2021-12-02,Equity-Only Risk Parity,TMUS,0.02055488130662807
2022-01-03,Equity-Only Risk Parity,TMUS,0.020018162737432163
2022-02-02,Equity-Only Risk Parity,TMUS,0.01934892891834977
2022-03-04,Equity-Only Risk Parity,TMUS,0.02118162692927733
2022-04-04,Equity-Only Risk Parity,TMUS,0.021860502901081106
2022-05-04,Equity-Only Risk Parity,TMUS,0.018496554500462642
2022-06-03,Equity-Only Risk Parity,TMUS,0.017530448523275708
2022-07-06,Equity-Only Risk Parity,TMUS,0.018419185039648255
2022-08-04,Equity-Only Risk Parity,TMUS,0.018401326366066863
2022-09-02,Equity-Only Risk Parity,TMUS,0.019270011867885083
2022-10-04,Equity-Only Risk Parity,TMUS,0.019697521980529452
2022-11-02,Equity-Only Risk Parity,TMUS,0.020138077855434467
2022-12-02,Equity-Only Risk Parity,TMUS,0.022639533583100384
2023-01-04,Equity-Only Risk Parity,TMUS,0.023884776871766957
2023-02-03,Equity-Only Risk Parity,TMUS,0.024465650809770065
2023-03-07,Equity-Only Risk Parity,TMUS,0.02483797157528886
2023-04-05,Equity-Only Risk Parity,TMUS,0.026035189040919268
2023-05-05,Equity-Only Risk Parity,TMUS,0.027330023357560823
2023-06-06,Equity-Only Risk Parity,TMUS,0.03171397138551921
2023-07-07,Equity-Only Risk Parity,TMUS,0.03122401468450667
2023-08-07,Equity-Only Risk Parity,TMUS,0.030722984871150088
2023-09-06,Equity-Only Risk Parity,TMUS,0.02943337335523703
2023-10-05,Equity-Only Risk Parity,TMUS,0.028835191484030683
2023-11-03,Equity-Only Risk Parity,TMUS,0.02652609624953826
2023-12-05,Equity-Only Risk Parity,TMUS,0.02786372911424635
2021-01-04,Equity-Only Risk Parity,TTWO,0.03426819362528305
2021-02-03,Equity-Only Risk Parity,TTWO,0.03155898047536833
2021-03-05,Equity-Only Risk Parity,TTWO,0.029161885309527926
2021-04-06,Equity-Only Risk Parity,TTWO,0.029560589010977984
2021-05-05,Equity-Only Risk Parity,TTWO,0.030747160739649167
2021-06-04,Equity-Only Risk Parity,TTWO,0.03054907234584611
2021-07-06,Equity-Only Risk Parity,TTWO,0.029086420476275843
2021-08-04,Equity-Only Risk Parity,TTWO,0.02968992404311946
2021-09-02,Equity-Only Risk Parity,TTWO,0.029834619342115985
2021-10-04,Equity-Only Risk Parity,TTWO,0.029064317846645853
2021-11-02,Equity-Only Risk Parity,TTWO,0.028355100805663974
2021-12-02,Equity-Only Risk Parity,TTWO,0.02812092953669526
2022-01-03,Equity-Only Risk Parity,TTWO,0.02985505707288388
2022-02-02,Equity-Only Risk Parity,TTWO,0.025538630773392194
2022-03-04,Equity-Only Risk Parity,TTWO,0.026050022907850055
2022-04-04,Equity-Only Risk Parity,TTWO,0.02307821943535234
2022-05-04,Equity-Only Risk Parity,TTWO,0.02328065841180323
2022-06-03,Equity-Only Risk Parity,TTWO,0.017480784023778808
2022-07-06,Equity-Only Risk Parity,TTWO,0.01801538545810044
2022-08-04,Equity-Only Risk Parity,TTWO,0.018037961186917813
2022-09-02,Equity-Only Risk Parity,TTWO,0.018723503911321163
2022-10-04,Equity-Only Risk Parity,TTWO,0.01781803730814134
2022-11-02,Equity-Only Risk Parity,TTWO,0.02026320378113956
2022-12-02,Equity-Only Risk Parity,TTWO,0.020860041946777545
2023-01-04,Equity-Only Risk Parity,TTWO,0.020699310216147182
2023-02-03,Equity-Only Risk Parity,TTWO,0.0207011124374349
2023-03-07,Equity-Only Risk Parity,TTWO,0.018943775136983903
2023-04-05,Equity-Only Risk Parity,TTWO,0.018964644082873804
2023-05-05,Equity-Only Risk Parity,TTWO,0.01879116817324636
2023-06-06,Equity-Only Risk Parity,TTWO,0.018702746063558297
2023-07-07,Equity-Only Risk Parity,TTWO,0.01932258312899737
2023-08-07,Equity-Only Risk Parity,TTWO,0.01902735400925485
2023-09-06,Equity-Only Risk Parity,TTWO,0.01909516265730476
2023-10-05,Equity-Only Risk Parity,TTWO,0.01891963541001765
2023-11-03,Equity-Only Risk Parity,TTWO,0.01901136240989106
2023-12-05,Equity-Only Risk Parity,TTWO,0.01979787392369449
2021-01-04,Equity-Only Risk Parity,UPS,0.022888143407837697
2021-02-03,Equity-Only Risk Parity,UPS,0.022771936047762762
2021-03-05,Equity-Only Risk Parity,UPS,0.023088527876266637
2021-04-06,Equity-Only Risk Parity,UPS,0.0228996519645521
2021-05-05,Equity-Only Risk Parity,UPS,0.02284791821459903
2021-06-04,Equity-Only Risk Parity,UPS,0.0227100150286628
2021-07-06,Equity-Only Risk Parity,UPS,0.022493331203858217
2021-08-04,Equity-Only Risk Parity,UPS,0.022759120781702002
2021-09-02,Equity-Only Risk Parity,UPS,0.022649317414078357
2021-10-04,Equity-Only Risk Parity,UPS,0.023245218377183068
2021-11-02,Equity-Only Risk Parity,UPS,0.021596458365777605
2021-12-02,Equity-Only Risk Parity,UPS,0.02117552961801789
2022-01-03,Equity-Only Risk Parity,UPS,0.020187556858849393
2022-02-02,Equity-Only Risk Parity,UPS,0.018217864585776327
2022-03-04,Equity-Only Risk Parity,UPS,0.017900635372988014
2022-04-04,Equity-Only Risk Parity,UPS,0.017573845712487574
2022-05-04,Equity-Only Risk Parity,UPS,0.017133757821547236
2022-06-03,Equity-Only Risk Parity,UPS,0.01728707204095442
2022-07-06,Equity-Only Risk Parity,UPS,0.019871621957735862
2022-08-04,Equity-Only Risk Parity,UPS,0.018917953741182474
2022-09-02,Equity-Only Risk Parity,UPS,0.019072792787573293
2022-10-04,Equity-Only Risk Parity,UPS,0.020027808085904115
2022-11-02,Equity-Only Risk Parity,UPS,0.020201374931608635
2022-12-02,Equity-Only Risk Parity,UPS,0.018782181154462514
2023-01-04,Equity-Only Risk Parity,UPS,0.018128099258298978
2023-02-03,Equity-Only Risk Parity,UPS,0.01789523790033374
2023-03-07,Equity-Only Risk Parity,UPS,0.01832188543362588
2023-04-05,Equity-Only Risk Parity,UPS,0.01916400455017156
2023-05-05,Equity-Only Risk Parity,UPS,0.0176440134162109
2023-06-06,Equity-Only Risk Parity,UPS,0.017766012752492136
2023-07-07,Equity-Only Risk Parity,UPS,0.017252119570259072
2023-08-07,Equity-Only Risk Parity,UPS,0.017328071358086748
2023-09-06,Equity-Only Risk Parity,UPS,0.017064945010563305
2023-10-05,Equity-Only Risk Parity,UPS,0.017701964482818973
2023-11-03,Equity-Only Risk Parity,UPS,0.017486731730324143
2023-12-05,Equity-Only Risk Parity,UPS,0.016872607882963374
2021-01-04,Equity-Only Risk Parity,USB,0.013841679021733552
2021-02-03,Equity-Only Risk Parity,USB,0.013752421085088534
2021-03-05,Equity-Only Risk Parity,USB,0.013831374973445729
2021-04-06,Equity-Only Risk Parity,USB,0.014343386715452688
2021-05-05,Equity-Only Risk Parity,USB,0.014511905263233496
2021-06-04,Equity-Only Risk Parity,USB,0.014623908520194843
2021-07-06,Equity-Only Risk Parity,USB,0.014577722249300883
2021-08-04,Equity-Only Risk Parity,USB,0.013804325546018627
2021-09-02,Equity-Only Risk Parity,USB,0.013756180585405146
2021-10-04,Equity-Only Risk Parity,USB,0.014000874808356198
2021-11-02,Equity-Only Risk Parity,USB,0.01437862552467439
2021-12-02,Equity-Only Risk Parity,USB,0.01410224503267988
2022-01-03,Equity-Only Risk Parity,USB,0.01409616666685772
2022-02-02,Equity-Only Risk Parity,USB,0.014294047299256778
2022-03-04,Equity-Only Risk Parity,USB,0.013966181166144596
2022-04-04,Equity-Only Risk Parity,USB,0.013969247176096827
2022-05-04,Equity-Only Risk Parity,USB,0.015354801282852023
2022-06-03,Equity-Only Risk Parity,USB,0.017465622494001784
2022-07-06,Equity-Only Risk Parity,USB,0.01772057713050393
2022-08-04,Equity-Only Risk Parity,USB,0.017578890856706844
2022-09-02,Equity-Only Risk Parity,USB,0.01794444085928342
2022-10-04,Equity-Only Risk Parity,USB,0.018755936362236148
2022-11-02,Equity-Only Risk Parity,USB,0.019196601440907297
2022-12-02,Equity-Only Risk Parity,USB,0.018793711918380657
2023-01-04,Equity-Only Risk Parity,USB,0.018618502228095676
2023-02-03,Equity-Only Risk Parity,USB,0.018266801927494858
2023-03-07,Equity-Only Risk Parity,USB,0.018944257983653952
2023-04-05,Equity-Only Risk Parity,USB,0.014997602504692214
2023-05-05,Equity-Only Risk Parity,USB,0.013875981652315104
2023-06-06,Equity-Only Risk Parity,USB,0.012995357956943858
2023-07-07,Equity-Only Risk Parity,USB,0.012814323708813634
2023-08-07,Equity-Only Risk Parity,USB,0.012713406670808947
2023-09-06,Equity-Only Risk Parity,USB,0.012885909236738676
2023-10-05,Equity-Only Risk Parity,USB,0.01274215575055397
2023-11-03,Equity-Only Risk Parity,USB,0.011694833391230133
2023-12-05,Equity-Only Risk Parity,USB,0.011039668808668173
2021-01-04,Equity-Only Risk Parity,V,0.017036794932396942
2021-02-03,Equity-Only Risk Parity,V,0.017010689023075166
2021-03-05,Equity-Only Risk Parity,V,0.017060514027617244
2021-04-06,Equity-Only Risk Parity,V,0.01694058332181847
2021-05-05,Equity-Only Risk Parity,V,0.016933156110539572
2021-06-04,Equity-Only Risk Parity,V,0.016983817264190803
2021-07-06,Equity-Only Risk Parity,V,0.01734171369817474
2021-08-04,Equity-Only Risk Parity,V,0.017217985469714342
2021-09-02,Equity-Only Risk Parity,V,0.017489458714146578
2021-10-04,Equity-Only Risk Parity,V,0.01772872890338864
2021-11-02,Equity-Only Risk Parity,V,0.017025307323134606
2021-12-02,Equity-Only Risk Parity,V,0.01717896824512218
2022-01-03,Equity-Only Risk Parity,V,0.016104013902634905
2022-02-02,Equity-Only Risk Parity,V,0.014944733093387662
2022-03-04,Equity-Only Risk Parity,V,0.015881615623245374
2022-04-04,Equity-Only Risk Parity,V,0.01528142222178639
2022-05-04,Equity-Only Risk Parity,V,0.01534903921359849
2022-06-03,Equity-Only Risk Parity,V,0.014733790573741763
2022-07-06,Equity-Only Risk Parity,V,0.015017938221455451
2022-08-04,Equity-Only Risk Parity,V,0.015185685759408327
2022-09-02,Equity-Only Risk Parity,V,0.01567832530011569
2022-10-04,Equity-Only Risk Parity,V,0.017860095390657783
2022-11-02,Equity-Only Risk Parity,V,0.01856696746243316
2022-12-02,Equity-Only Risk Parity,V,0.017697390482371223
2023-01-04,Equity-Only Risk Parity,V,0.017908684264644533
2023-02-03,Equity-Only Risk Parity,V,0.01805492112902204
2023-03-07,Equity-Only Risk Parity,V,0.018660398349307872
2023-04-05,Equity-Only Risk Parity,V,0.019360170223328855
2023-05-05,Equity-Only Risk Parity,V,0.019664234779850912
2023-06-06,Equity-Only Risk Parity,V,0.019459467582494325
2023-07-07,Equity-Only Risk Parity,V,0.02030830937960003
2023-08-07,Equity-Only Risk Parity,V,0.02105225841845434
2023-09-06,Equity-Only Risk Parity,V,0.02107697974115668
2023-10-05,Equity-Only Risk Parity,V,0.02237170226037842
2023-11-03,Equity-Only Risk Parity,V,0.022649348434411316
2023-12-05,Equity-Only Risk Parity,V,0.02327659709268658
2021-01-04,Equity-Only Risk Parity,WFC,0.013089052373231512
2021-02-03,Equity-Only Risk Parity,WFC,0.012698225461948256
2021-03-05,Equity-Only Risk Parity,WFC,0.012760260287537155
2021-04-06,Equity-Only Risk Parity,WFC,0.013321217220410568
2021-05-05,Equity-Only Risk Parity,WFC,0.013191868355309137
2021-06-04,Equity-Only Risk Parity,WFC,0.01346799934974667
2021-07-06,Equity-Only Risk Parity,WFC,0.013272261739318825
2021-08-04,Equity-Only Risk Parity,WFC,0.012723434251680538
2021-09-02,Equity-Only Risk Parity,WFC,0.012691861247422652
2021-10-04,Equity-Only Risk Parity,WFC,0.013109936132336537
2021-11-02,Equity-Only Risk Parity,WFC,0.01365376915688169
2021-12-02,Equity-Only Risk Parity,WFC,0.013254163420091506
2022-01-03,Equity-Only Risk Parity,WFC,0.012771453812109703
2022-02-02,Equity-Only Risk Parity,WFC,0.013154685886544951
2022-03-04,Equity-Only Risk Parity,WFC,0.013067478933601986
2022-04-04,Equity-Only Risk Parity,WFC,0.01280369458583561
2022-05-04,Equity-Only Risk Parity,WFC,0.013681172932730686
2022-06-03,Equity-Only Risk Parity,WFC,0.013942467197453954
2022-07-06,Equity-Only Risk Parity,WFC,0.014001488382015191
2022-08-04,Equity-Only Risk Parity,WFC,0.013453362093338122
2022-09-02,Equity-Only Risk Parity,WFC,0.013929713193935494
2022-10-04,Equity-Only Risk Parity,WFC,0.015230115396661718
2022-11-02,Equity-Only Risk Parity,WFC,0.015990119533993253
2022-12-02,Equity-Only Risk Parity,WFC,0.0167919673485342
2023-01-04,Equity-Only Risk Parity,WFC,0.01742189356090602
2023-02-03,Equity-Only Risk Parity,WFC,0.017550741095250115
2023-03-07,Equity-Only Risk Parity,WFC,0.01815910503158695
2023-04-05,Equity-Only Risk Parity,WFC,0.01664167668933895
2023-05-05,Equity-Only Risk Parity,WFC,0.016175790078022934
2023-06-06,Equity-Only Risk Parity,WFC,0.015806390134698506
2023-07-07,Equity-Only Risk Parity,WFC,0.015578255709791107
2023-08-07,Equity-Only Risk Parity,WFC,0.01592273174724472
2023-09-06,Equity-Only Risk Parity,WFC,0.016291944633454295
2023-10-05,Equity-Only Risk Parity,WFC,0.01581769391074478
2023-11-03,Equity-Only Risk Parity,WFC,0.01609152662664991
2023-12-05,Equity-Only Risk Parity,WFC,0.015473342019597018
2021-01-04,Equity-Only Risk Parity,WMT,0.03715570061397435
2021-02-03,Equity-Only Risk Parity,WMT,0.03702964880748886
2021-03-05,Equity-Only Risk Parity,WMT,0.03594259393203344
2021-04-06,Equity-Only Risk Parity,WMT,0.03543307263576154
2021-05-05,Equity-Only Risk Parity,WMT,0.0349601341081448
2021-06-04,Equity-Only Risk Parity,WMT,0.034804222304232905
2021-07-06,Equity-Only Risk Parity,WMT,0.03321204337090667
2021-08-04,Equity-Only Risk Parity,WMT,0.0338359466244337
2021-09-02,Equity-Only Risk Parity,WMT,0.03324650853217109
2021-10-04,Equity-Only Risk Parity,WMT,0.033994703479384734
2021-11-02,Equity-Only Risk Parity,WMT,0.0331651674739869
2021-12-02,Equity-Only Risk Parity,WMT,0.03203983073005708
2022-01-03,Equity-Only Risk Parity,WMT,0.034182134240302184
2022-02-02,Equity-Only Risk Parity,WMT,0.033025025499798556
2022-03-04,Equity-Only Risk Parity,WMT,0.03775642731445741
2022-04-04,Equity-Only Risk Parity,WMT,0.037131735964749134
2022-05-04,Equity-Only Risk Parity,WMT,0.03392112807078803
2022-06-03,Equity-Only Risk Parity,WMT,0.03392544007261299
2022-07-06,Equity-Only Risk Parity,WMT,0.03774565037666884
2022-08-04,Equity-Only Risk Parity,WMT,0.03615895327223508
2022-09-02,Equity-Only Risk Parity,WMT,0.03286669944388011
2022-10-04,Equity-Only Risk Parity,WMT,0.032776098806471206
2022-11-02,Equity-Only Risk Parity,WMT,0.0326264037057619
2022-12-02,Equity-Only Risk Parity,WMT,0.032855210422304916
2023-01-04,Equity-Only Risk Parity,WMT,0.03138902198602345
2023-02-03,Equity-Only Risk Parity,WMT,0.03002959064672778
2023-03-07,Equity-Only Risk Parity,WMT,0.030753333802808834
2023-04-05,Equity-Only Risk Parity,WMT,0.03239917496748379
2023-05-05,Equity-Only Risk Parity,WMT,0.033433930397427376
2023-06-06,Equity-Only Risk Parity,WMT,0.033707552033872636
2023-07-07,Equity-Only Risk Parity,WMT,0.03389655904043148
2023-08-07,Equity-Only Risk Parity,WMT,0.034673980831916355
2023-09-06,Equity-Only Risk Parity,WMT,0.03408945089550443
2023-10-05,Equity-Only Risk Parity,WMT,0.03488045116934185
2023-11-03,Equity-Only Risk Parity,WMT,0.03822759124236092
2023-12-05,Equity-Only Risk Parity,WMT,0.04113191827848625
2021-01-04,Equity-Only Risk Parity,XOM,0.015047819933282323
2021-02-03,Equity-Only Risk Parity,XOM,0.01504121034364883
2021-03-05,Equity-Only Risk Parity,XOM,0.015045079001780143
2021-04-06,Equity-Only Risk Parity,XOM,0.015046269321269096
2021-05-05,Equity-Only Risk Parity,XOM,0.01503886468598822
2021-06-04,Equity-Only Risk Parity,XOM,0.015040494988823703
2021-07-06,Equity-Only Risk Parity,XOM,0.015128545894196536
2021-08-04,Equity-Only Risk Parity,XOM,0.01461066237542492
2021-09-02,Equity-Only Risk Parity,XOM,0.014266152532824839
2021-10-04,Equity-Only Risk Parity,XOM,0.014078294075167376
2021-11-02,Equity-Only Risk Parity,XOM,0.014266915041168627
2021-12-02,Equity-Only Risk Parity,XOM,0.014084082402949656
2022-01-03,Equity-Only Risk Parity,XOM,0.014359194181687287
2022-02-02,Equity-Only Risk Parity,XOM,0.014980697361251506
2022-03-04,Equity-Only Risk Parity,XOM,0.0169001586440523
2022-04-04,Equity-Only Risk Parity,XOM,0.01977406797915456
2022-05-04,Equity-Only Risk Parity,XOM,0.019907340273675588
2022-06-03,Equity-Only Risk Parity,XOM,0.018365763986452184
2022-07-06,Equity-Only Risk Parity,XOM,0.01763221828191825
2022-08-04,Equity-Only Risk Parity,XOM,0.017540931400337356
2022-09-02,Equity-Only Risk Parity,XOM,0.018460229905784935
2022-10-04,Equity-Only Risk Parity,XOM,0.018388837830290054
2022-11-02,Equity-Only Risk Parity,XOM,0.0198430817257313
2022-12-02,Equity-Only Risk Parity,XOM,0.020411030707244114
2023-01-04,Equity-Only Risk Parity,XOM,0.020047391043722287
2023-02-03,Equity-Only Risk Parity,XOM,0.01997117220041501
2023-03-07,Equity-Only Risk Parity,XOM,0.020365693718798743
2023-04-05,Equity-Only Risk Parity,XOM,0.019616932812969567
2023-05-05,Equity-Only Risk Parity,XOM,0.018928469561978977
2023-06-06,Equity-Only Risk Parity,XOM,0.0186263375740026
2023-07-07,Equity-Only Risk Parity,XOM,0.018126892303584337
2023-08-07,Equity-Only Risk Parity,XOM,0.01842453652940908
2023-09-06,Equity-Only Risk Parity,XOM,0.01883868256129874
2023-10-05,Equity-Only Risk Parity,XOM,0.01942693353609705
2023-11-03,Equity-Only Risk Parity,XOM,0.020684285565982313
2023-12-05,Equity-Only Risk Parity,XOM,0.021901711272611292
2021-01-04,Equity-Only Min-CVaR,ABBV,0.03573256613503767
2021-04-06,Equity-Only Min-CVaR,ABBV,0.041343259647685746
2021-05-05,Equity-Only Min-CVaR,ABBV,0.07648463769249117
2021-06-04,Equity-Only Min-CVaR,ABBV,0.07648463769249213
2021-07-06,Equity-Only Min-CVaR,ABBV,0.08858268774546504
2021-08-04,Equity-Only Min-CVaR,ABBV,0.1
2021-09-02,Equity-Only Min-CVaR,ABBV,0.09918922657243874
2021-10-04,Equity-Only Min-CVaR,ABBV,0.1
2021-11-02,Equity-Only Min-CVaR,ABBV,0.1
2021-12-02,Equity-Only Min-CVaR,ABBV,0.09954690191274744
2022-01-03,Equity-Only Min-CVaR,ABBV,0.09461286210019776
2022-02-02,Equity-Only Min-CVaR,ABBV,0.1
2022-03-04,Equity-Only Min-CVaR,ABBV,0.1
2022-04-04,Equity-Only Min-CVaR,ABBV,0.1
2022-05-04,Equity-Only Min-CVaR,ABBV,0.1
2022-06-03,Equity-Only Min-CVaR,ABBV,0.1
2022-07-06,Equity-Only Min-CVaR,ABBV,0.1
2022-08-04,Equity-Only Min-CVaR,ABBV,0.1
2022-09-02,Equity-Only Min-CVaR,ABBV,0.1
2022-10-04,Equity-Only Min-CVaR,ABBV,0.09541331824461069
2022-11-02,Equity-Only Min-CVaR,ABBV,0.09709188448957909
2022-12-02,Equity-Only Min-CVaR,ABBV,0.09612530350441632
2023-01-04,Equity-Only Min-CVaR,ABBV,0.1
2023-02-03,Equity-Only Min-CVaR,ABBV,0.1
2023-03-07,Equity-Only Min-CVaR,ABBV,0.09650760316686573
2023-04-05,Equity-Only Min-CVaR,ABBV,0.09650760316686555
2023-05-05,Equity-Only Min-CVaR,ABBV,0.09666434428545212
2023-06-06,Equity-Only Min-CVaR,ABBV,0.09650760316686685
2023-07-07,Equity-Only Min-CVaR,ABBV,0.09731084628329796
2023-08-07,Equity-Only Min-CVaR,ABBV,0.09709471506226758
2023-09-06,Equity-Only Min-CVaR,ABBV,0.1
2023-10-05,Equity-Only Min-CVaR,ABBV,0.09335199193983641
2023-11-03,Equity-Only Min-CVaR,ABBV,0.1
2023-12-05,Equity-Only Min-CVaR,ABBV,0.1
2021-01-04,Equity-Only Min-CVaR,ABT,0.1
2021-02-03,Equity-Only Min-CVaR,ABT,0.06811791343069613
2021-03-05,Equity-Only Min-CVaR,ABT,0.07208376218482052
2021-04-06,Equity-Only Min-CVaR,ABT,0.017200653359775536
2021-05-05,Equity-Only Min-CVaR,ABT,0.048860797609257926
2021-06-04,Equity-Only Min-CVaR,ABT,0.048860797609257746
2021-07-06,Equity-Only Min-CVaR,ABT,0.043844261766891914
2021-08-04,Equity-Only Min-CVaR,ABT,0.005463989554846555
2021-09-02,Equity-Only Min-CVaR,ABT,0.009158070040184024
2021-10-04,Equity-Only Min-CVaR,ABT,0.05156020192065582
2021-11-02,Equity-Only Min-CVaR,ABT,0.040830612400749956
2021-12-02,Equity-Only Min-CVaR,ABT,0.0348319915276438
2022-01-03,Equity-Only Min-CVaR,ABT,0.0326635562741246
2022-06-03,Equity-Only Min-CVaR,ABT,0.042208121272696866
2022-07-06,Equity-Only Min-CVaR,ABT,0.048979279632397926
2022-08-04,Equity-Only Min-CVaR,ABT,0.04626856703871543
2022-09-02,Equity-Only Min-CVaR,ABT,0.00545826243530846
2022-10-04,Equity-Only Min-CVaR,ABT,0.02222092482751213
2022-11-02,Equity-Only Min-CVaR,ABT,0.021886407414570788
2022-12-02,Equity-Only Min-CVaR,ABT,0.022612390401584772
2023-01-04,Equity-Only Min-CVaR,ABT,0.012399940668068087
2023-02-03,Equity-Only Min-CVaR,ABT,0.018691296694033566
2023-03-07,Equity-Only Min-CVaR,ABT,0.014783204049532893
2023-04-05,Equity-Only Min-CVaR,ABT,0.014783204049532782
2023-05-05,Equity-Only Min-CVaR,ABT,0.025336094147146503
2023-06-06,Equity-Only Min-CVaR,ABT,0.014783204049536236
2021-01-04,Equity-Only Min-CVaR,AEP,0.04339807265786487
2021-02-03,Equity-Only Min-CVaR,AEP,0.013051426853376263
2021-03-05,Equity-Only Min-CVaR,AEP,0.012876277445082898
2021-05-05,Equity-Only Min-CVaR,AEP,0.00592306018340913
2021-06-04,Equity-Only Min-CVaR,AEP,0.005923060183412743
2021-07-06,Equity-Only Min-CVaR,AEP,0.03820131734650001
2021-08-04,Equity-Only Min-CVaR,AEP,0.07994634353085955
2021-09-02,Equity-Only Min-CVaR,AEP,0.08371218110843752
2021-10-04,Equity-Only Min-CVaR,AEP,0.05463061076889338
2021-11-02,Equity-Only Min-CVaR,AEP,0.06258335905232291
2021-12-02,Equity-Only Min-CVaR,AEP,0.08247130271706363
2022-01-03,Equity-Only Min-CVaR,AEP,0.0901939021396558
2022-02-02,Equity-Only Min-CVaR,AEP,0.07692016457480222
2022-03-04,Equity-Only Min-CVaR,AEP,0.09471018059174731
2022-04-04,Equity-Only Min-CVaR,AEP,0.09548437686445953
2022-05-04,Equity-Only Min-CVaR,AEP,0.07452445171823062
2022-06-03,Equity-Only Min-CVaR,AEP,0.07709854805068025
2022-07-06,Equity-Only Min-CVaR,AEP,0.0766208797915573
2022-08-04,Equity-Only Min-CVaR,AEP,0.08092117426941865
2022-09-02,Equity-Only Min-CVaR,AEP,0.0618951072373278
2022-10-04,Equity-Only Min-CVaR,AEP,0.07021693964062424
2022-11-02,Equity-Only Min-CVaR,AEP,0.06931764422235415
2022-12-02,Equity-Only Min-CVaR,AEP,0.06951290718074288
2023-01-04,Equity-Only Min-CVaR,AEP,0.0665335226131838
2023-02-03,Equity-Only Min-CVaR,AEP,0.06463729890047147
2023-03-07,Equity-Only Min-CVaR,AEP,0.0658264053881198
2023-04-05,Equity-Only Min-CVaR,AEP,0.06582640538811979
2023-05-05,Equity-Only Min-CVaR,AEP,0.063417374646697
2023-06-06,Equity-Only Min-CVaR,AEP,0.06582640538811958
2023-07-07,Equity-Only Min-CVaR,AEP,0.05977885795987798
2023-08-07,Equity-Only Min-CVaR,AEP,0.05760407067834235
2023-09-06,Equity-Only Min-CVaR,AEP,0.046960732291206814
2023-10-05,Equity-Only Min-CVaR,AEP,0.04360219102873178
2023-11-03,Equity-Only Min-CVaR,AEP,0.039930616302858685
2023-12-05,Equity-Only Min-CVaR,AEP,0.03875700022586593
2021-01-04,Equity-Only Min-CVaR,AMGN,0.05839016134680023
2021-02-03,Equity-Only Min-CVaR,AMGN,0.046398857478960616
2021-03-05,Equity-Only Min-CVaR,AMGN,0.033269620186411386
2021-04-06,Equity-Only Min-CVaR,AMGN,0.01046626831486559
2021-05-05,Equity-Only Min-CVaR,AMGN,0.040812345745145674
2021-06-04,Equity-Only Min-CVaR,AMGN,0.040812345745140345
2022-05-04,Equity-Only Min-CVaR,AMGN,0.018309518383822408
2022-06-03,Equity-Only Min-CVaR,AMGN,0.030907199733075912
2022-07-06,Equity-Only Min-CVaR,AMGN,0.0432291374169301
2022-08-04,Equity-Only Min-CVaR,AMGN,0.04288010931704878
2022-09-02,Equity-Only Min-CVaR,AMGN,0.023103777619804682
2022-10-04,Equity-Only Min-CVaR,AMGN,0.0452498264973947
2022-11-02,Equity-Only Min-CVaR,AMGN,0.04947364378187374
2022-12-02,Equity-Only Min-CVaR,AMGN,0.0489618024372096
2023-01-04,Equity-Only Min-CVaR,AMGN,0.04769410355947718
2023-02-03,Equity-Only Min-CVaR,AMGN,0.03812032935140343
2023-03-07,Equity-Only Min-CVaR,AMGN,0.04285301611563816
2023-04-05,Equity-Only Min-CVaR,AMGN,0.042853016115637896
2023-05-05,Equity-Only Min-CVaR,AMGN,0.03671669306504973
2023-06-06,Equity-Only Min-CVaR,AMGN,0.04285301611562899
2023-07-07,Equity-Only Min-CVaR,AMGN,0.039886792000284076
2023-08-07,Equity-Only Min-CVaR,AMGN,0.03628713527288512
2023-09-06,Equity-Only Min-CVaR,AMGN,0.027974037182281777
2023-10-05,Equity-Only Min-CVaR,AMGN,0.028683710603498124
2023-11-03,Equity-Only Min-CVaR,AMGN,0.02623959252136775
2023-12-05,Equity-Only Min-CVaR,AMGN,0.04145989080828573
2022-06-03,Equity-Only Min-CVaR,D,0.018517474072656255
2022-09-02,Equity-Only Min-CVaR,D,0.03154781816510025
2023-08-07,Equity-Only Min-CVaR,D,0.00609014168429199
2023-09-06,Equity-Only Min-CVaR,D,0.020603710271089634
2023-10-05,Equity-Only Min-CVaR,D,0.02848682041417172
2023-11-03,Equity-Only Min-CVaR,D,0.02903828121468252
2023-12-05,Equity-Only Min-CVaR,D,0.021216666599447997
2021-01-04,Equity-Only Min-CVaR,EA,0.1
2021-02-03,Equity-Only Min-CVaR,EA,0.1
2021-03-05,Equity-Only Min-CVaR,EA,0.1
2021-04-06,Equity-Only Min-CVaR,EA,0.07671805605890132
2021-05-05,Equity-Only Min-CVaR,EA,0.021661543238333344
2021-06-04,Equity-Only Min-CVaR,EA,0.02166154323833345
2021-07-06,Equity-Only Min-CVaR,EA,0.029856594408000037
2021-08-04,Equity-Only Min-CVaR,EA,0.09974602338814241
2021-09-02,Equity-Only Min-CVaR,EA,0.1
2021-10-04,Equity-Only Min-CVaR,EA,0.07270991666199876
2021-11-02,Equity-Only Min-CVaR,EA,0.07525327357403465
2021-12-02,Equity-Only Min-CVaR,EA,0.08895828042825298
2022-01-03,Equity-Only Min-CVaR,EA,0.09702165452149608
2022-02-02,Equity-Only Min-CVaR,EA,0.07086283401652244
2022-03-04,Equity-Only Min-CVaR,EA,0.07969834029338588
2022-04-04,Equity-Only Min-CVaR,EA,0.07852953563109855
2022-05-04,Equity-Only Min-CVaR,EA,0.07052906467672682
2022-06-03,Equity-Only Min-CVaR,EA,0.07624210066815634
2022-07-06,Equity-Only Min-CVaR,EA,0.06686231490087098
2022-08-04,Equity-Only Min-CVaR,EA,0.06978691627711081
2022-09-02,Equity-Only Min-CVaR,EA,0.1
2022-10-04,Equity-Only Min-CVaR,EA,0.1
2022-11-02,Equity-Only Min-CVaR,EA,0.1
2022-12-02,Equity-Only Min-CVaR,EA,0.1
2023-01-04,Equity-Only Min-CVaR,EA,0.1
2023-02-03,Equity-Only Min-CVaR,EA,0.1
2023-03-07,Equity-Only Min-CVaR,EA,0.1
2023-04-05,Equity-Only Min-CVaR,EA,0.1
2023-05-05,Equity-Only Min-CVaR,EA,0.1
2023-06-06,Equity-Only Min-CVaR,EA,0.1
2023-07-07,Equity-Only Min-CVaR,EA,0.1
2023-08-07,Equity-Only Min-CVaR,EA,0.1
2023-09-06,Equity-Only Min-CVaR,EA,0.1
2023-10-05,Equity-Only Min-CVaR,EA,0.1
2023-11-03,Equity-Only Min-CVaR,EA,0.1
2023-12-05,Equity-Only Min-CVaR,EA,0.1
2021-01-04,Equity-Only Min-CVaR,GILD,0.1
2021-02-03,Equity-Only Min-CVaR,GILD,0.1
2021-03-05,Equity-Only Min-CVaR,GILD,0.1
2021-04-06,Equity-Only Min-CVaR,GILD,0.1
2021-05-05,Equity-Only Min-CVaR,GILD,0.1
2021-06-04,Equity-Only Min-CVaR,GILD,0.1
2021-07-06,Equity-Only Min-CVaR,GILD,0.1
2021-08-04,Equity-Only Min-CVaR,GILD,0.1
2021-09-02,Equity-Only Min-CVaR,GILD,0.1
2021-10-04,Equity-Only Min-CVaR,GILD,0.1
2021-11-02,Equity-Only Min-CVaR,GILD,0.1
2021-12-02,Equity-Only Min-CVaR,GILD,0.1
2022-01-03,Equity-Only Min-CVaR,GILD,0.1
2022-02-02,Equity-Only Min-CVaR,GILD,0.1
2022-03-04,Equity-Only Min-CVaR,GILD,0.1
2022-04-04,Equity-Only Min-CVaR,GILD,0.1
2022-05-04,Equity-Only Min-CVaR,GILD,0.1
2022-06-03,Equity-Only Min-CVaR,GILD,0.1
2022-07-06,Equity-Only Min-CVaR,GILD,0.1
2022-08-04,Equity-Only Min-CVaR,GILD,0.1
2022-09-02,Equity-Only Min-CVaR,GILD,0.1
2022-10-04,Equity-Only Min-CVaR,GILD,0.1
2022-11-02,Equity-Only Min-CVaR,GILD,0.1
2022-12-02,Equity-Only Min-CVaR,GILD,0.1
2023-01-04,Equity-Only Min-CVaR,GILD,0.1
2023-02-03,Equity-Only Min-CVaR,GILD,0.1
2023-03-07,Equity-Only Min-CVaR,GILD,0.1
2023-04-05,Equity-Only Min-CVaR,GILD,0.1
2023-05-05,Equity-Only Min-CVaR,GILD,0.1
2023-06-06,Equity-Only Min-CVaR,GILD,0.1
2023-07-07,Equity-Only Min-CVaR,GILD,0.1
2023-08-07,Equity-Only Min-CVaR,GILD,0.1
2023-09-06,Equity-Only Min-CVaR,GILD,0.1
2023-10-05,Equity-Only Min-CVaR,GILD,0.1
2023-11-03,Equity-Only Min-CVaR,GILD,0.1
2023-12-05,Equity-Only Min-CVaR,GILD,0.1
2023-08-07,Equity-Only Min-CVaR,KO,0.00022850779169623716
2023-11-03,Equity-Only Min-CVaR,KO,0.0018954290727678695
2023-12-05,Equity-Only Min-CVaR,KO,0.01939737192336933
2021-01-04,Equity-Only Min-CVaR,MMM,0.1
2021-02-03,Equity-Only Min-CVaR,MMM,0.1
2021-03-05,Equity-Only Min-CVaR,MMM,0.1
2021-04-06,Equity-Only Min-CVaR,MMM,0.1
2021-05-05,Equity-Only Min-CVaR,MMM,0.1
2021-06-04,Equity-Only Min-CVaR,MMM,0.1
2021-07-06,Equity-Only Min-CVaR,MMM,0.1
2021-08-04,Equity-Only Min-CVaR,MMM,0.1
2021-09-02,Equity-Only Min-CVaR,MMM,0.1
2021-10-04,Equity-Only Min-CVaR,MMM,0.1
2021-11-02,Equity-Only Min-CVaR,MMM,0.1
2021-12-02,Equity-Only Min-CVaR,MMM,0.1
2022-01-03,Equity-Only Min-CVaR,MMM,0.1
2022-02-02,Equity-Only Min-CVaR,MMM,0.1
2022-03-04,Equity-Only Min-CVaR,MMM,0.1
2022-04-04,Equity-Only Min-CVaR,MMM,0.1
2022-05-04,Equity-Only Min-CVaR,MMM,0.1
2022-06-03,Equity-Only Min-CVaR,MMM,0.1
2022-07-06,Equity-Only Min-CVaR,MMM,0.1
2022-08-04,Equity-Only Min-CVaR,MMM,0.1
2022-09-02,Equity-Only Min-CVaR,MMM,0.0948750051780214
2022-10-04,Equity-Only Min-CVaR,MMM,0.0952002832210408
2022-11-02,Equity-Only Min-CVaR,MMM,0.09710624633225332
2022-12-02,Equity-Only Min-CVaR,MMM,0.09621250437109467
2023-01-04,Equity-Only Min-CVaR,MMM,0.1
2023-02-03,Equity-Only Min-CVaR,MMM,0.0952975436119145
2023-03-07,Equity-Only Min-CVaR,MMM,0.08734078633019361
2023-04-05,Equity-Only Min-CVaR,MMM,0.0873407863301938
2023-05-05,Equity-Only Min-CVaR,MMM,0.09210518416654014
2023-06-06,Equity-Only Min-CVaR,MMM,0.08734078633019512
2023-07-07,Equity-Only Min-CVaR,MMM,0.08658005032423231
2023-08-07,Equity-Only Min-CVaR,MMM,0.08488918999904452
2023-09-06,Equity-Only Min-CVaR,MMM,0.08903293266559033
2023-10-05,Equity-Only Min-CVaR,MMM,0.08874994899202675
2023-11-03,Equity-Only Min-CVaR,MMM,0.09198044080614111
2023-12-05,Equity-Only Min-CVaR,MMM,0.09129916912456042
2021-01-04,Equity-Only Min-CVaR,MRK,0.1
2021-02-03,Equity-Only Min-CVaR,MRK,0.1
2021-03-05,Equity-Only Min-CVaR,MRK,0.1
2021-04-06,Equity-Only Min-CVaR,MRK,0.1
2021-05-05,Equity-Only Min-CVaR,MRK,0.1
2021-06-04,Equity-Only Min-CVaR,MRK,0.1
2021-07-06,Equity-Only Min-CVaR,MRK,0.1
2021-08-04,Equity-Only Min-CVaR,MRK,0.1
2021-09-02,Equity-Only Min-CVaR,MRK,0.1
2021-10-04,Equity-Only Min-CVaR,MRK,0.1
2021-11-02,Equity-Only Min-CVaR,MRK,0.1
2021-12-02,Equity-Only Min-CVaR,MRK,0.1
2022-01-03,Equity-Only Min-CVaR,MRK,0.1
2022-02-02,Equity-Only Min-CVaR,MRK,0.09616664116052631
2022-03-04,Equity-Only Min-CVaR,MRK,0.09784603151811487
2022-04-04,Equity-Only Min-CVaR,MRK,0.1
2022-05-04,Equity-Only Min-CVaR,MRK,0.1
2022-06-03,Equity-Only Min-CVaR,MRK,0.1
2022-07-06,Equity-Only Min-CVaR,MRK,0.1
2022-08-04,Equity-Only Min-CVaR,MRK,0.1
2022-09-02,Equity-Only Min-CVaR,MRK,0.1
2022-10-04,Equity-Only Min-CVaR,MRK,0.1
2022-11-02,Equity-Only Min-CVaR,MRK,0.1
2022-12-02,Equity-Only Min-CVaR,MRK,0.1
2023-01-04,Equity-Only Min-CVaR,MRK,0.1
2023-02-03,Equity-Only Min-CVaR,MRK,0.1
2023-03-07,Equity-Only Min-CVaR,MRK,0.1
2023-04-05,Equity-Only Min-CVaR,MRK,0.1
2023-05-05,Equity-Only Min-CVaR,MRK,0.1
2023-06-06,Equity-Only Min-CVaR,MRK,0.1
2023-07-07,Equity-Only Min-CVaR,MRK,0.1
2023-08-07,Equity-Only Min-CVaR,MRK,0.1
2023-09-06,Equity-Only Min-CVaR,MRK,0.1
2023-10-05,Equity-Only Min-CVaR,MRK,0.1
2023-11-03,Equity-Only Min-CVaR,MRK,0.1
2023-12-05,Equity-Only Min-CVaR,MRK,0.1
2021-01-04,Equity-Only Min-CVaR,NEM,0.1
2021-02-03,Equity-Only Min-CVaR,NEM,0.1
2021-03-05,Equity-Only Min-CVaR,NEM,0.1
2021-04-06,Equity-Only Min-CVaR,NEM,0.1
2021-05-05,Equity-Only Min-CVaR,NEM,0.1
2021-06-04,Equity-Only Min-CVaR,NEM,0.1
2021-07-06,Equity-Only Min-CVaR,NEM,0.08940027439487568
2021-08-04,Equity-Only Min-CVaR,NEM,0.07555557738813531
2021-09-02,Equity-Only Min-CVaR,NEM,0.07220121226971711
2021-10-04,Equity-Only Min-CVaR,NEM,0.05342470867143118
2021-11-02,Equity-Only Min-CVaR,NEM,0.0469192890429613
2021-12-02,Equity-Only Min-CVaR,NEM,0.05742396041615314
2022-01-03,Equity-Only Min-CVaR,NEM,0.05087247260392128
2022-02-02,Equity-Only Min-CVaR,NEM,0.050449199079606384
2022-03-04,Equity-Only Min-CVaR,NEM,0.04144412074407822
2022-04-04,Equity-Only Min-CVaR,NEM,0.041674025920578
2022-05-04,Equity-Only Min-CVaR,NEM,0.04552378192310136
2022-06-03,Equity-Only Min-CVaR,NEM,0.049628405600595074
2022-07-06,Equity-Only Min-CVaR,NEM,0.053576513396914036
2022-08-04,Equity-Only Min-CVaR,NEM,0.05118000644097627
2022-09-02,Equity-Only Min-CVaR,NEM,0.03442092358451439
2022-10-04,Equity-Only Min-CVaR,NEM,0.0408599481888684
2022-11-02,Equity-Only Min-CVaR,NEM,0.04256117907425391
2022-12-02,Equity-Only Min-CVaR,NEM,0.041450997712004826
2023-01-04,Equity-Only Min-CVaR,NEM,0.04138373602375724
2023-02-03,Equity-Only Min-CVaR,NEM,0.03761497753682235
2023-03-07,Equity-Only Min-CVaR,NEM,0.03540012803650678
2023-04-05,Equity-Only Min-CVaR,NEM,0.03540012803650684
2023-05-05,Equity-Only Min-CVaR,NEM,0.03875690272305199
2023-06-06,Equity-Only Min-CVaR,NEM,0.03540012803650653
2023-07-07,Equity-Only Min-CVaR,NEM,0.03402042119934579
2023-08-07,Equity-Only Min-CVaR,NEM,0.03287119400652512
2023-09-06,Equity-Only Min-CVaR,NEM,0.0368060396700788
2023-10-05,Equity-Only Min-CVaR,NEM,0.03704791718017653
2023-11-03,Equity-Only Min-CVaR,NEM,0.04043136253888624
2023-12-05,Equity-Only Min-CVaR,NEM,0.041924043468365084
2021-05-05,Equity-Only Min-CVaR,NKE,0.015421748051677675
2021-06-04,Equity-Only Min-CVaR,NKE,0.015421748051676905
2021-07-06,Equity-Only Min-CVaR,NKE,0.00901584199427515
2021-08-04,Equity-Only Min-CVaR,NKE,0.013856442263728504
2021-09-02,Equity-Only Min-CVaR,NKE,0.01425762358130738
2021-10-04,Equity-Only Min-CVaR,NKE,0.02017104894507431
2021-11-02,Equity-Only Min-CVaR,NKE,0.02132695550158492
2021-12-02,Equity-Only Min-CVaR,NKE,0.01782601279165836
2022-01-03,Equity-Only Min-CVaR,NKE,0.03479348652218007
2022-02-02,Equity-Only Min-CVaR,NKE,0.03741671189088796
2022-03-04,Equity-Only Min-CVaR,NKE,0.06550936401175464
2022-04-04,Equity-Only Min-CVaR,NKE,0.06663212459469876
2022-05-04,Equity-Only Min-CVaR,NKE,0.04099710624840608
2022-06-03,Equity-Only Min-CVaR,NKE,0.011161102530327614
2022-08-04,Equity-Only Min-CVaR,NKE,0.004769691583861527
2021-01-04,Equity-Only Min-CVaR,PSA,0.045469124939774466
2021-02-03,Equity-Only Min-CVaR,PSA,0.053785078236518714
2021-03-05,Equity-Only Min-CVaR,PSA,0.06379737744990023
2021-04-06,Equity-Only Min-CVaR,PSA,0.09889554792887445
2021-05-05,Equity-Only Min-CVaR,PSA,0.08073853605407533
2021-06-04,Equity-Only Min-CVaR,PSA,0.08073853605407497
2021-07-06,Equity-Only Min-CVaR,PSA,0.07506165275001497
2021-08-04,Equity-Only Min-CVaR,PSA,0.07574523790289177
2021-09-02,Equity-Only Min-CVaR,PSA,0.07368602603999172
2021-10-04,Equity-Only Min-CVaR,PSA,0.08629004088398567
2021-11-02,Equity-Only Min-CVaR,PSA,0.08862123931977156
2021-12-02,Equity-Only Min-CVaR,PSA,0.07277198881228866
2022-01-03,Equity-Only Min-CVaR,PSA,0.06651761749578317
2022-02-02,Equity-Only Min-CVaR,PSA,0.1
2022-03-04,Equity-Only Min-CVaR,PSA,0.08309232373987827
2022-04-04,Equity-Only Min-CVaR,PSA,0.08152849644040142
2022-05-04,Equity-Only Min-CVaR,PSA,0.053916445491134425
2022-06-03,Equity-Only Min-CVaR,PSA,0.02858281301590782
2022-07-06,Equity-Only Min-CVaR,PSA,0.04808716000449753
2022-08-04,Equity-Only Min-CVaR,PSA,0.04458304061090601
2022-09-02,Equity-Only Min-CVaR,PSA,0.06726010053771153
2022-10-04,Equity-Only Min-CVaR,PSA,0.06157430593010376
2022-11-02,Equity-Only Min-CVaR,PSA,0.06084424951182945
2022-12-02,Equity-Only Min-CVaR,PSA,0.06067225519457123
2023-01-04,Equity-Only Min-CVaR,PSA,0.06817178665188411
2023-02-03,Equity-Only Min-CVaR,PSA,0.07015292497371607
2023-03-07,Equity-Only Min-CVaR,PSA,0.07039712239637154
2023-04-05,Equity-Only Min-CVaR,PSA,0.07039712239637144
2023-05-05,Equity-Only Min-CVaR,PSA,0.06981761816264727
2023-06-06,Equity-Only Min-CVaR,PSA,0.07039712239637198
2023-07-07,Equity-Only Min-CVaR,PSA,0.07740196072587034
2023-08-07,Equity-Only Min-CVaR,PSA,0.07724015285773392
2023-09-06,Equity-Only Min-CVaR,PSA,0.07766547519352496
2023-10-05,Equity-Only Min-CVaR,PSA,0.07679360298788725
2023-11-03,Equity-Only Min-CVaR,PSA,0.07420595610474064
2023-12-05,Equity-Only Min-CVaR,PSA,0.07750929221109468
2022-05-04,Equity-Only Min-CVaR,SHW,0.05598425114412131
2022-06-03,Equity-Only Min-CVaR,SHW,0.04315276025194777
2022-07-06,Equity-Only Min-CVaR,SHW,0.03294543753057464
2022-08-04,Equity-Only Min-CVaR,SHW,0.036194126465054516
2022-09-02,Equity-Only Min-CVaR,SHW,0.03511146288419464
2022-10-04,Equity-Only Min-CVaR,SHW,0.010480343956747868
2022-11-02,Equity-Only Min-CVaR,SHW,0.008602716079490444
2022-12-02,Equity-Only Min-CVaR,SHW,0.009922009276699383
2023-01-04,Equity-Only Min-CVaR,SHW,0.004404476588106914
2023-02-03,Equity-Only Min-CVaR,SHW,0.006222170099350201
2023-03-07,Equity-Only Min-CVaR,SHW,0.01190832703515158
2023-04-05,Equity-Only Min-CVaR,SHW,0.011908327035151486
2023-05-05,Equity-Only Min-CVaR,SHW,0.010694835094391125
2023-06-06,Equity-Only Min-CVaR,SHW,0.011908327035150558
2023-07-07,Equity-Only Min-CVaR,SHW,0.009321094910154853
2023-08-07,Equity-Only Min-CVaR,SHW,0.013337428005297138
2023-09-06,Equity-Only Min-CVaR,SHW,0.017532465452113427
2023-10-05,Equity-Only Min-CVaR,SHW,0.023395867890418455
2023-11-03,Equity-Only Min-CVaR,SHW,0.02093126142188042
2023-12-05,Equity-Only Min-CVaR,SHW,0.019536935266365435
2021-02-03,Equity-Only Min-CVaR,T,0.06951973055532781
2021-03-05,Equity-Only Min-CVaR,T,0.06100020611470036
2021-04-06,Equity-Only Min-CVaR,T,0.05537621468989799
2021-05-05,Equity-Only Min-CVaR,T,0.03425951772763041
2021-06-04,Equity-Only Min-CVaR,T,0.03425951772762994
2021-07-06,Equity-Only Min-CVaR,T,0.040012513409128994
2021-08-04,Equity-Only Min-CVaR,T,0.0012083417788638223
2021-09-02,Equity-Only Min-CVaR,T,0.0027442394180824566
2021-10-04,Equity-Only Min-CVaR,T,0.03650003417085192
2021-11-02,Equity-Only Min-CVaR,T,0.036451978134363655
2021-12-02,Equity-Only Min-CVaR,T,0.017867915675265564
2022-01-03,Equity-Only Min-CVaR,T,0.010069325061142142
2022-02-02,Equity-Only Min-CVaR,T,0.032958870582707675
2022-03-04,Equity-Only Min-CVaR,T,0.013351831145576025
2022-04-04,Equity-Only Min-CVaR,T,0.012557606863319389
2022-05-04,Equity-Only Min-CVaR,T,0.040215380414456985
2022-06-03,Equity-Only Min-CVaR,T,0.022501474803955934
2022-07-06,Equity-Only Min-CVaR,T,0.02969927732625758
2022-08-04,Equity-Only Min-CVaR,T,0.023416367996908008
2022-09-02,Equity-Only Min-CVaR,T,0.04632754235801084
2022-10-04,Equity-Only Min-CVaR,T,0.05411046817328863
2022-11-02,Equity-Only Min-CVaR,T,0.053116029093799456
2022-12-02,Equity-Only Min-CVaR,T,0.05452982992167645
2023-01-04,Equity-Only Min-CVaR,T,0.05508717614053289
2023-02-03,Equity-Only Min-CVaR,T,0.05459720879228015
2023-03-07,Equity-Only Min-CVaR,T,0.0639424585457324
2023-04-05,Equity-Only Min-CVaR,T,0.06394245854573241
2023-05-05,Equity-Only Min-CVaR,T,0.05729541113718588
2023-06-06,Equity-Only Min-CVaR,T,0.06394245854573682
2023-07-07,Equity-Only Min-CVaR,T,0.07631394888785259
2023-08-07,Equity-Only Min-CVaR,T,0.07593928614936934
2023-09-06,Equity-Only Min-CVaR,T,0.06973751319075082
2023-10-05,Equity-Only Min-CVaR,T,0.06671445558510752
2023-11-03,Equity-Only Min-CVaR,T,0.06505841284723964
2023-12-05,Equity-Only Min-CVaR,T,0.050313552402437324
2021-01-04,Equity-Only Min-CVaR,TTWO,0.1
2021-02-03,Equity-Only Min-CVaR,TTWO,0.1
2021-03-05,Equity-Only Min-CVaR,TTWO,0.1
2021-04-06,Equity-Only Min-CVaR,TTWO,0.1
2021-05-05,Equity-Only Min-CVaR,TTWO,0.1
2021-06-04,Equity-Only Min-CVaR,TTWO,0.1
2021-07-06,Equity-Only Min-CVaR,TTWO,0.1
2021-08-04,Equity-Only Min-CVaR,TTWO,0.1
2021-09-02,Equity-Only Min-CVaR,TTWO,0.1
2021-10-04,Equity-Only Min-CVaR,TTWO,0.1
2021-11-02,Equity-Only Min-CVaR,TTWO,0.1
2021-12-02,Equity-Only Min-CVaR,TTWO,0.1
2022-01-03,Equity-Only Min-CVaR,TTWO,0.1
2022-02-02,Equity-Only Min-CVaR,TTWO,0.1
2022-03-04,Equity-Only Min-CVaR,TTWO,0.1
2022-04-04,Equity-Only Min-CVaR,TTWO,0.1
2022-05-04,Equity-Only Min-CVaR,TTWO,0.1
2022-06-03,Equity-Only Min-CVaR,TTWO,0.1
2022-07-06,Equity-Only Min-CVaR,TTWO,0.1
2022-08-04,Equity-Only Min-CVaR,TTWO,0.1
2022-09-02,Equity-Only Min-CVaR,TTWO,0.1
2022-10-04,Equity-Only Min-CVaR,TTWO,0.1
2022-11-02,Equity-Only Min-CVaR,TTWO,0.1
2022-12-02,Equity-Only Min-CVaR,TTWO,0.1
2023-01-04,Equity-Only Min-CVaR,TTWO,0.1
2023-02-03,Equity-Only Min-CVaR,TTWO,0.1
2023-03-07,Equity-Only Min-CVaR,TTWO,0.1
2023-04-05,Equity-Only Min-CVaR,TTWO,0.1
2023-05-05,Equity-Only Min-CVaR,TTWO,0.0915168701597839
2023-06-06,Equity-Only Min-CVaR,TTWO,0.1
2023-07-07,Equity-Only Min-CVaR,TTWO,0.1
2023-08-07,Equity-Only Min-CVaR,TTWO,0.1
2023-09-06,Equity-Only Min-CVaR,TTWO,0.08900355663460388
2023-10-05,Equity-Only Min-CVaR,TTWO,0.08282035911742772
2023-11-03,Equity-Only Min-CVaR,TTWO,0.08055591264012268
2023-12-05,Equity-Only Min-CVaR,TTWO,0.07882190047155585
2021-01-04,Equity-Only Min-CVaR,UPS,0.01701007492052285
2021-02-03,Equity-Only Min-CVaR,UPS,0.049126993445121406
2021-03-05,Equity-Only Min-CVaR,UPS,0.0569727566190895
2021-04-06,Equity-Only Min-CVaR,UPS,0.1
2021-05-05,Equity-Only Min-CVaR,UPS,0.07583781369797933
2021-06-04,Equity-Only Min-CVaR,UPS,0.07583781369798148
2021-07-06,Equity-Only Min-CVaR,UPS,0.0860248561848482
2021-08-04,Equity-Only Min-CVaR,UPS,0.0484780441925308
2021-09-02,Equity-Only Min-CVaR,UPS,0.04505142096984106
2021-10-04,Equity-Only Min-CVaR,UPS,0.02471343797710911
2021-11-02,Equity-Only Min-CVaR,UPS,0.028013292974227305
2021-12-02,Equity-Only Min-CVaR,UPS,0.02830164571894403
2022-01-03,Equity-Only Min-CVaR,UPS,0.023255123281499108
2022-02-02,Equity-Only Min-CVaR,UPS,0.03522557869494702
2022-03-04,Equity-Only Min-CVaR,UPS,0.024347807955444927
2022-04-04,Equity-Only Min-CVaR,UPS,0.023593833685444158
2022-10-04,Equity-Only Min-CVaR,UPS,0.004673641319809695
2023-01-04,Equity-Only Min-CVaR,UPS,0.004325257754989836
2023-02-03,Equity-Only Min-CVaR,UPS,0.014666250040008308
2023-03-07,Equity-Only Min-CVaR,UPS,0.011040948935887538
2023-04-05,Equity-Only Min-CVaR,UPS,0.0110409489358879
2023-05-05,Equity-Only Min-CVaR,UPS,0.017678672412054265
2023-06-06,Equity-Only Min-CVaR,UPS,0.011040948935887342
2023-07-07,Equity-Only Min-CVaR,UPS,0.019386027709084114
2023-08-07,Equity-Only Min-CVaR,UPS,0.018418178492545935
2023-09-06,Equity-Only Min-CVaR,UPS,0.024683537448938888
2023-10-05,Equity-Only Min-CVaR,UPS,0.03035313426071709
2023-11-03,Equity-Only Min-CVaR,UPS,0.02973273452931251
2023-12-05,Equity-Only Min-CVaR,UPS,0.01976417749866228
2021-01-04,Equity-Only Min-CVaR,WMT,0.1
2021-02-03,Equity-Only Min-CVaR,WMT,0.1
2021-03-05,Equity-Only Min-CVaR,WMT,0.1
2021-04-06,Equity-Only Min-CVaR,WMT,0.1
2021-05-05,Equity-Only Min-CVaR,WMT,0.1
2021-06-04,Equity-Only Min-CVaR,WMT,0.1
2021-07-06,Equity-Only Min-CVaR,WMT,0.1
2021-08-04,Equity-Only Min-CVaR,WMT,0.1
2021-09-02,Equity-Only Min-CVaR,WMT,0.1
2021-10-04,Equity-Only Min-CVaR,WMT,0.1
2021-11-02,Equity-Only Min-CVaR,WMT,0.1
2021-12-02,Equity-Only Min-CVaR,WMT,0.1
2022-01-03,Equity-Only Min-CVaR,WMT,0.1
2022-02-02,Equity-Only Min-CVaR,WMT,0.1
2022-03-04,Equity-Only Min-CVaR,WMT,0.1
2022-04-04,Equity-Only Min-CVaR,WMT,0.1
2022-05-04,Equity-Only Min-CVaR,WMT,0.1
2022-06-03,Equity-Only Min-CVaR,WMT,0.1
2022-07-06,Equity-Only Min-CVaR,WMT,0.1
2022-08-04,Equity-Only Min-CVaR,WMT,0.1
2022-09-02,Equity-Only Min-CVaR,WMT,0.1
2022-10-04,Equity-Only Min-CVaR,WMT,0.1
2022-11-02,Equity-Only Min-CVaR,WMT,0.1
2022-12-02,Equity-Only Min-CVaR,WMT,0.1
2023-01-04,Equity-Only Min-CVaR,WMT,0.1
2023-02-03,Equity-Only Min-CVaR,WMT,0.1
2023-03-07,Equity-Only Min-CVaR,WMT,0.1
2023-04-05,Equity-Only Min-CVaR,WMT,0.1
2023-05-05,Equity-Only Min-CVaR,WMT,0.1
2023-06-06,Equity-Only Min-CVaR,WMT,0.1
2023-07-07,Equity-Only Min-CVaR,WMT,0.1
2023-08-07,Equity-Only Min-CVaR,WMT,0.1
2023-09-06,Equity-Only Min-CVaR,WMT,0.1
2023-10-05,Equity-Only Min-CVaR,WMT,0.1
2023-11-03,Equity-Only Min-CVaR,WMT,0.1
2023-12-05,Equity-Only Min-CVaR,WMT,0.1
2020-09-10,Crypto-Only Max-Sharpe,ADA-USD,0.24999999999999994
2020-10-01,Crypto-Only Max-Sharpe,ADA-USD,0.25
2020-10-22,Crypto-Only Max-Sharpe,ADA-USD,0.24999999999999994
2020-11-12,Crypto-Only Max-Sharpe,ADA-USD,0.2499999999999999
2020-12-03,Crypto-Only Max-Sharpe,ADA-USD,0.2499999999999999
2020-12-24,Crypto-Only Max-Sharpe,ADA-USD,0.25
2021-01-14,Crypto-Only Max-Sharpe,ADA-USD,0.25
2021-02-04,Crypto-Only Max-Sharpe,ADA-USD,0.25
2021-02-25,Crypto-Only Max-Sharpe,ADA-USD,0.2499999999999999
2021-03-18,Crypto-Only Max-Sharpe,ADA-USD,0.25
2021-04-08,Crypto-Only Max-Sharpe,ADA-USD,0.25
2021-04-29,Crypto-Only Max-Sharpe,ADA-USD,0.25
2021-05-20,Crypto-Only Max-Sharpe,ADA-USD,0.25
2021-06-10,Crypto-Only Max-Sharpe,ADA-USD,0.24999999999999986
2021-07-01,Crypto-Only Max-Sharpe,ADA-USD,0.25
2021-07-22,Crypto-Only Max-Sharpe,ADA-USD,0.25
2021-08-12,Crypto-Only Max-Sharpe,ADA-USD,0.24999999999999992
2021-09-02,Crypto-Only Max-Sharpe,ADA-USD,0.25
2021-09-23,Crypto-Only Max-Sharpe,ADA-USD,0.24999999999999986
2021-10-14,Crypto-Only Max-Sharpe,ADA-USD,0.24999999999999986
2021-11-04,Crypto-Only Max-Sharpe,ADA-USD,0.25
2021-11-25,Crypto-Only Max-Sharpe,ADA-USD,0.24999999999999992
2021-12-16,Crypto-Only Max-Sharpe,ADA-USD,0.25
2022-01-06,Crypto-Only Max-Sharpe,ADA-USD,0.24999999999999975
2022-01-27,Crypto-Only Max-Sharpe,ADA-USD,0.24999999999999978
2022-02-17,Crypto-Only Max-Sharpe,ADA-USD,0.25
2022-03-10,Crypto-Only Max-Sharpe,ADA-USD,0.25
2022-03-31,Crypto-Only Max-Sharpe,ADA-USD,0.25
2022-04-21,Crypto-Only Max-Sharpe,ADA-USD,0.24999999999999986
2022-05-12,Crypto-Only Max-Sharpe,ADA-USD,0.2499999999999999
2022-06-02,Crypto-Only Max-Sharpe,ADA-USD,0.2499999999999999
2022-06-23,Crypto-Only Max-Sharpe,ADA-USD,0.25
2022-07-14,Crypto-Only Max-Sharpe,ADA-USD,0.24999999999999994
2022-08-04,Crypto-Only Max-Sharpe,ADA-USD,0.25
2022-08-25,Crypto-Only Max-Sharpe,ADA-USD,0.25
2022-09-15,Crypto-Only Max-Sharpe,ADA-USD,0.25
2022-10-06,Crypto-Only Max-Sharpe,ADA-USD,0.2499999999999999
2022-10-27,Crypto-Only Max-Sharpe,ADA-USD,0.25
2022-11-17,Crypto-Only Max-Sharpe,ADA-USD,0.25
2022-12-08,Crypto-Only Max-Sharpe,ADA-USD,0.24999999999999994
2022-12-29,Crypto-Only Max-Sharpe,ADA-USD,0.24999999999999983
2023-01-19,Crypto-Only Max-Sharpe,ADA-USD,0.25
2023-02-09,Crypto-Only Max-Sharpe,ADA-USD,0.25
2023-03-02,Crypto-Only Max-Sharpe,ADA-USD,0.25
2023-03-23,Crypto-Only Max-Sharpe,ADA-USD,0.24999999999999992
2023-04-13,Crypto-Only Max-Sharpe,ADA-USD,0.25
2023-05-04,Crypto-Only Max-Sharpe,ADA-USD,0.25
2023-05-25,Crypto-Only Max-Sharpe,ADA-USD,0.24999999999999992
2023-06-15,Crypto-Only Max-Sharpe,ADA-USD,0.24999999999999978
2023-07-06,Crypto-Only Max-Sharpe,ADA-USD,0.24999999999999986
2023-07-27,Crypto-Only Max-Sharpe,ADA-USD,0.24915436052824863
2023-08-17,Crypto-Only Max-Sharpe,ADA-USD,0.23565208956916087
2023-09-07,Crypto-Only Max-Sharpe,ADA-USD,0.24999999999999978
2023-09-28,Crypto-Only Max-Sharpe,ADA-USD,0.24999999999999978
2023-10-19,Crypto-Only Max-Sharpe,ADA-USD,0.24999999999999994
2023-11-09,Crypto-Only Max-Sharpe,ADA-USD,0.24999999999999986
2023-11-30,Crypto-Only Max-Sharpe,ADA-USD,0.25
2023-12-21,Crypto-Only Max-Sharpe,ADA-USD,0.22247904724705683
2020-09-10,Crypto-Only Max-Sharpe,BTC-USD,0.0997941749286201
2020-10-01,Crypto-Only Max-Sharpe,BTC-USD,0.24999999999999997
2020-10-22,Crypto-Only Max-Sharpe,BTC-USD,0.2499999999999998
2020-11-12,Crypto-Only Max-Sharpe,BTC-USD,0.25
2020-12-03,Crypto-Only Max-Sharpe,BTC-USD,0.24999999999999997
2020-12-24,Crypto-Only Max-Sharpe,BTC-USD,0.24999999999999978
2021-01-14,Crypto-Only Max-Sharpe,BTC-USD,0.25
2021-02-04,Crypto-Only Max-Sharpe,BTC-USD,0.24999999999999986
2021-02-25,Crypto-Only Max-Sharpe,BTC-USD,0.25
2021-03-18,Crypto-Only Max-Sharpe,BTC-USD,0.25
2021-04-08,Crypto-Only Max-Sharpe,BTC-USD,0.25
2021-04-29,Crypto-Only Max-Sharpe,BTC-USD,0.25
2021-05-20,Crypto-Only Max-Sharpe,BTC-USD,0.25
2021-06-10,Crypto-Only Max-Sharpe,BTC-USD,0.24999999999999972
2021-07-01,Crypto-Only Max-Sharpe,BTC-USD,0.24999999999999997
2021-07-22,Crypto-Only Max-Sharpe,BTC-USD,0.25
2021-08-12,Crypto-Only Max-Sharpe,BTC-USD,0.25
2021-09-02,Crypto-Only Max-Sharpe,BTC-USD,0.25
2021-09-23,Crypto-Only Max-Sharpe,BTC-USD,0.24999999999999997
2021-10-14,Crypto-Only Max-Sharpe,BTC-USD,0.24999999999999975
2021-11-04,Crypto-Only Max-Sharpe,BTC-USD,0.2499999999999999
2021-11-25,Crypto-Only Max-Sharpe,BTC-USD,0.25
2021-12-16,Crypto-Only Max-Sharpe,BTC-USD,0.25
2022-01-06,Crypto-Only Max-Sharpe,BTC-USD,0.2499999999999999
2022-01-27,Crypto-Only Max-Sharpe,BTC-USD,0.24999999999999992
2022-02-17,Crypto-Only Max-Sharpe,BTC-USD,0.25
2022-03-10,Crypto-Only Max-Sharpe,BTC-USD,0.20972067277521217
2022-03-31,Crypto-Only Max-Sharpe,BTC-USD,0.12783643059391353
2022-04-21,Crypto-Only Max-Sharpe,BTC-USD,0.16964259275241952
2022-05-12,Crypto-Only Max-Sharpe,BTC-USD,0.22454526122933402
2022-06-02,Crypto-Only Max-Sharpe,BTC-USD,0.17056586213989794
2023-01-19,Crypto-Only Max-Sharpe,BTC-USD,0.051094610470955544
2023-02-09,Crypto-Only Max-Sharpe,BTC-USD,0.0800737226564685
2023-03-02,Crypto-Only Max-Sharpe,BTC-USD,0.000713486717705172
2023-03-23,Crypto-Only Max-Sharpe,BTC-USD,0.06877453809794494
2023-04-13,Crypto-Only Max-Sharpe,BTC-USD,0.054121174188755256
2023-05-04,Crypto-Only Max-Sharpe,BTC-USD,0.06184868500758015
2023-05-25,Crypto-Only Max-Sharpe,BTC-USD,0.016864166507208837
2023-07-06,Crypto-Only Max-Sharpe,BTC-USD,0.03594031182993769
2023-07-27,Crypto-Only Max-Sharpe,BTC-USD,0.18334116234758094
2023-08-17,Crypto-Only Max-Sharpe,BTC-USD,0.21141208291262667
2023-09-07,Crypto-Only Max-Sharpe,BTC-USD,0.1619832193913306
2023-09-28,Crypto-Only Max-Sharpe,BTC-USD,0.15790087642383663
2023-10-19,Crypto-Only Max-Sharpe,BTC-USD,0.15677793479283184
2023-11-09,Crypto-Only Max-Sharpe,BTC-USD,0.13911061468571648
2023-11-30,Crypto-Only Max-Sharpe,BTC-USD,0.15929249496795747
2023-12-21,Crypto-Only Max-Sharpe,BTC-USD,0.17017890001619482
2021-04-29,Crypto-Only Max-Sharpe,ETC-USD,0.11998714660983033
2021-05-20,Crypto-Only Max-Sharpe,ETC-USD,0.14962451435995586
2021-06-10,Crypto-Only Max-Sharpe,ETC-USD,0.1411353261538702
2021-07-01,Crypto-Only Max-Sharpe,ETC-USD,0.1559790988689231
2021-07-22,Crypto-Only Max-Sharpe,ETC-USD,0.1527299743244632
2021-08-12,Crypto-Only Max-Sharpe,ETC-USD,0.12265569990064286
2021-09-02,Crypto-Only Max-Sharpe,ETC-USD,0.1268841262192431
2021-09-23,Crypto-Only Max-Sharpe,ETC-USD,0.12052633708458575
2021-10-14,Crypto-Only Max-Sharpe,ETC-USD,0.11398651545603918
2021-11-04,Crypto-Only Max-Sharpe,ETC-USD,0.11328809532561572
2021-11-25,Crypto-Only Max-Sharpe,ETC-USD,0.12347244090257893
2021-12-16,Crypto-Only Max-Sharpe,ETC-USD,0.10058501445683285
2022-01-06,Crypto-Only Max-Sharpe,ETC-USD,0.11768100022040064
2022-01-27,Crypto-Only Max-Sharpe,ETC-USD,0.13506627250756864
2022-02-17,Crypto-Only Max-Sharpe,ETC-USD,0.16217233949505747
2022-03-10,Crypto-Only Max-Sharpe,ETC-USD,0.11297882099219911
2022-03-31,Crypto-Only Max-Sharpe,ETC-USD,0.15222586351526557
2022-04-21,Crypto-Only Max-Sharpe,ETC-USD,0.08856493362845723
2022-05-12,Crypto-Only Max-Sharpe,ETC-USD,0.02545473877066647
2022-06-02,Crypto-Only Max-Sharpe,ETC-USD,0.07943413786010181
2022-06-23,Crypto-Only Max-Sharpe,ETC-USD,0.10771880760174338
2022-07-14,Crypto-Only Max-Sharpe,ETC-USD,0.12888993971640555
2022-08-04,Crypto-Only Max-Sharpe,ETC-USD,0.0926796208804224
2022-08-25,Crypto-Only Max-Sharpe,ETC-USD,0.0889239471224729
2022-09-15,Crypto-Only Max-Sharpe,ETC-USD,0.09667718480552204
2022-10-06,Crypto-Only Max-Sharpe,ETC-USD,0.03417913610438629
2022-10-27,Crypto-Only Max-Sharpe,ETC-USD,0.011737183566529747
2022-11-17,Crypto-Only Max-Sharpe,ETC-USD,0.08390576812340687
2022-12-08,Crypto-Only Max-Sharpe,ETC-USD,0.07403291376595017
2022-12-29,Crypto-Only Max-Sharpe,ETC-USD,0.05391090097967546
2023-01-19,Crypto-Only Max-Sharpe,ETC-USD,0.048478469894045334
2023-02-09,Crypto-Only Max-Sharpe,ETC-USD,0.036579898295081036
2023-03-02,Crypto-Only Max-Sharpe,ETC-USD,0.05726213159639499
2023-03-23,Crypto-Only Max-Sharpe,ETC-USD,0.06638322206219374
2023-04-13,Crypto-Only Max-Sharpe,ETC-USD,0.06712933509611872
2023-05-04,Crypto-Only Max-Sharpe,ETC-USD,0.07548672671261224
2023-05-25,Crypto-Only Max-Sharpe,ETC-USD,0.08155954678773493
2023-06-15,Crypto-Only Max-Sharpe,ETC-USD,0.058266794109954785
2023-07-06,Crypto-Only Max-Sharpe,ETC-USD,0.028710943458819596
2023-07-27,Crypto-Only Max-Sharpe,ETC-USD,0.06750447712417038
2023-08-17,Crypto-Only Max-Sharpe,ETC-USD,0.05293582751821203
2023-09-07,Crypto-Only Max-Sharpe,ETC-USD,0.08801678060866949
2023-09-28,Crypto-Only Max-Sharpe,ETC-USD,0.09209912357616365
2023-10-19,Crypto-Only Max-Sharpe,ETC-USD,0.0932220652071683
2023-11-09,Crypto-Only Max-Sharpe,ETC-USD,0.11088938531428379
2023-11-30,Crypto-Only Max-Sharpe,ETC-USD,0.09070750503204258
2023-12-21,Crypto-Only Max-Sharpe,ETC-USD,0.10734205273674845
2020-09-10,Crypto-Only Max-Sharpe,ETH-USD,0.25
2020-10-01,Crypto-Only Max-Sharpe,ETH-USD,0.25
2020-10-22,Crypto-Only Max-Sharpe,ETH-USD,0.2499999999999999
2020-11-12,Crypto-Only Max-Sharpe,ETH-USD,0.25
2020-12-03,Crypto-Only Max-Sharpe,ETH-USD,0.25
2020-12-24,Crypto-Only Max-Sharpe,ETH-USD,0.2499999999999998
2021-01-14,Crypto-Only Max-Sharpe,ETH-USD,0.25
2021-02-04,Crypto-Only Max-Sharpe,ETH-USD,0.24999999999999994
2021-02-25,Crypto-Only Max-Sharpe,ETH-USD,0.25
2021-03-18,Crypto-Only Max-Sharpe,ETH-USD,0.25
2021-04-08,Crypto-Only Max-Sharpe,ETH-USD,0.25
2021-04-29,Crypto-Only Max-Sharpe,ETH-USD,0.25
2021-05-20,Crypto-Only Max-Sharpe,ETH-USD,0.25
2021-06-10,Crypto-Only Max-Sharpe,ETH-USD,0.24999999999999986
2021-07-01,Crypto-Only Max-Sharpe,ETH-USD,0.25
2021-07-22,Crypto-Only Max-Sharpe,ETH-USD,0.25
2021-08-12,Crypto-Only Max-Sharpe,ETH-USD,0.25
2021-09-02,Crypto-Only Max-Sharpe,ETH-USD,0.25
2021-09-23,Crypto-Only Max-Sharpe,ETH-USD,0.24999999999999986
2021-10-14,Crypto-Only Max-Sharpe,ETH-USD,0.24999999999999997
2021-11-04,Crypto-Only Max-Sharpe,ETH-USD,0.25
2021-11-25,Crypto-Only Max-Sharpe,ETH-USD,0.25
2021-12-16,Crypto-Only Max-Sharpe,ETH-USD,0.25
2022-01-06,Crypto-Only Max-Sharpe,ETH-USD,0.24999999999999964
2022-01-27,Crypto-Only Max-Sharpe,ETH-USD,0.25
2022-02-17,Crypto-Only Max-Sharpe,ETH-USD,0.25
2022-03-10,Crypto-Only Max-Sharpe,ETH-USD,0.24999999999999975
2022-03-31,Crypto-Only Max-Sharpe,ETH-USD,0.24999999999999994
2022-04-21,Crypto-Only Max-Sharpe,ETH-USD,0.25
2022-05-12,Crypto-Only Max-Sharpe,ETH-USD,0.25
2022-06-02,Crypto-Only Max-Sharpe,ETH-USD,0.24999999999999994
2022-06-23,Crypto-Only Max-Sharpe,ETH-USD,0.25
2022-07-14,Crypto-Only Max-Sharpe,ETH-USD,0.25
2022-08-04,Crypto-Only Max-Sharpe,ETH-USD,0.2499999999999998
2022-08-25,Crypto-Only Max-Sharpe,ETH-USD,0.25
2022-09-15,Crypto-Only Max-Sharpe,ETH-USD,0.2499999999999999
2022-10-06,Crypto-Only Max-Sharpe,ETH-USD,0.2499999999999999
2022-10-27,Crypto-Only Max-Sharpe,ETH-USD,0.24999999999999992
2022-11-17,Crypto-Only Max-Sharpe,ETH-USD,0.25
2022-12-08,Crypto-Only Max-Sharpe,ETH-USD,0.24999999999999997
2022-12-29,Crypto-Only Max-Sharpe,ETH-USD,0.25
2023-01-19,Crypto-Only Max-Sharpe,ETH-USD,0.25
2023-02-09,Crypto-Only Max-Sharpe,ETH-USD,0.25
2023-03-02,Crypto-Only Max-Sharpe,ETH-USD,0.25
2023-03-23,Crypto-Only Max-Sharpe,ETH-USD,0.24999999999999992
2023-04-13,Crypto-Only Max-Sharpe,ETH-USD,0.25
2023-05-04,Crypto-Only Max-Sharpe,ETH-USD,0.25
2023-05-25,Crypto-Only Max-Sharpe,ETH-USD,0.25
2023-06-15,Crypto-Only Max-Sharpe,ETH-USD,0.25
2023-07-06,Crypto-Only Max-Sharpe,ETH-USD,0.25
2023-07-27,Crypto-Only Max-Sharpe,ETH-USD,0.25
2023-08-17,Crypto-Only Max-Sharpe,ETH-USD,0.24999999999999975
2023-09-07,Crypto-Only Max-Sharpe,ETH-USD,0.24999999999999992
2023-09-28,Crypto-Only Max-Sharpe,ETH-USD,0.24999999999999953
2023-10-19,Crypto-Only Max-Sharpe,ETH-USD,0.24999999999999953
2023-11-09,Crypto-Only Max-Sharpe,ETH-USD,0.25
2023-11-30,Crypto-Only Max-Sharpe,ETH-USD,0.2499999999999998
2023-12-21,Crypto-Only Max-Sharpe,ETH-USD,0.2499999999999998
2020-12-24,Crypto-Only Max-Sharpe,LTC-USD,0.06959736165576627
2021-01-14,Crypto-Only Max-Sharpe,LTC-USD,0.06115034185197857
2021-02-25,Crypto-Only Max-Sharpe,LTC-USD,0.010294608151576824
2021-03-18,Crypto-Only Max-Sharpe,LTC-USD,0.04243207071889647
2021-04-08,Crypto-Only Max-Sharpe,LTC-USD,0.0069841243036088164
2020-09-10,Crypto-Only Max-Sharpe,TRX-USD,0.24999999999999997
2020-10-01,Crypto-Only Max-Sharpe,TRX-USD,0.25
2020-10-22,Crypto-Only Max-Sharpe,TRX-USD,0.23512622122480292
2020-11-12,Crypto-Only Max-Sharpe,TRX-USD,0.2391621847592188
2020-12-03,Crypto-Only Max-Sharpe,TRX-USD,0.12923516863741408
2020-12-24,Crypto-Only Max-Sharpe,TRX-USD,0.146755263597274
2021-01-14,Crypto-Only Max-Sharpe,TRX-USD,0.1681020115053967
2021-02-04,Crypto-Only Max-Sharpe,TRX-USD,0.2280482377148252
2021-02-25,Crypto-Only Max-Sharpe,TRX-USD,0.17896495206901583
2021-03-18,Crypto-Only Max-Sharpe,TRX-USD,0.18090289851953986
2021-04-08,Crypto-Only Max-Sharpe,TRX-USD,0.177230922070269
2021-04-29,Crypto-Only Max-Sharpe,TRX-USD,0.09814946093952204
2021-05-20,Crypto-Only Max-Sharpe,TRX-USD,0.013070175758300797
2021-06-10,Crypto-Only Max-Sharpe,TRX-USD,0.007988353364229463
2021-07-01,Crypto-Only Max-Sharpe,TRX-USD,0.01889813139011123
2021-07-22,Crypto-Only Max-Sharpe,TRX-USD,0.0029125695497255076
2021-08-12,Crypto-Only Max-Sharpe,TRX-USD,0.0427813512063292
2021-09-02,Crypto-Only Max-Sharpe,TRX-USD,0.07680011421077132
2021-09-23,Crypto-Only Max-Sharpe,TRX-USD,0.10139658221058793
2021-10-14,Crypto-Only Max-Sharpe,TRX-USD,0.07610873158750896
2021-11-04,Crypto-Only Max-Sharpe,TRX-USD,0.0826463348427887
2021-11-25,Crypto-Only Max-Sharpe,TRX-USD,0.08575263649182416
2021-12-16,Crypto-Only Max-Sharpe,TRX-USD,0.1381527971192581
2022-01-06,Crypto-Only Max-Sharpe,TRX-USD,0.09049506755901524
2022-01-27,Crypto-Only Max-Sharpe,TRX-USD,0.1001946758910939
2022-02-17,Crypto-Only Max-Sharpe,TRX-USD,0.08346406652328225
2022-03-10,Crypto-Only Max-Sharpe,TRX-USD,0.17730050623258814
2022-03-31,Crypto-Only Max-Sharpe,TRX-USD,0.21993770589082082
2022-04-21,Crypto-Only Max-Sharpe,TRX-USD,0.2360331829359257
2022-05-12,Crypto-Only Max-Sharpe,TRX-USD,0.24999999999999997
2022-06-02,Crypto-Only Max-Sharpe,TRX-USD,0.25
2022-06-23,Crypto-Only Max-Sharpe,TRX-USD,0.25
2022-07-14,Crypto-Only Max-Sharpe,TRX-USD,0.25
2022-08-04,Crypto-Only Max-Sharpe,TRX-USD,0.25
2022-08-25,Crypto-Only Max-Sharpe,TRX-USD,0.25
2022-09-15,Crypto-Only Max-Sharpe,TRX-USD,0.2499999999999999
2022-10-06,Crypto-Only Max-Sharpe,TRX-USD,0.24999999999999983
2022-10-27,Crypto-Only Max-Sharpe,TRX-USD,0.25
2022-11-17,Crypto-Only Max-Sharpe,TRX-USD,0.25
2022-12-08,Crypto-Only Max-Sharpe,TRX-USD,0.25
2022-12-29,Crypto-Only Max-Sharpe,TRX-USD,0.25
2023-01-19,Crypto-Only Max-Sharpe,TRX-USD,0.24999999999999997
2023-02-09,Crypto-Only Max-Sharpe,TRX-USD,0.2499999999999999
2023-03-02,Crypto-Only Max-Sharpe,TRX-USD,0.25
2023-03-23,Crypto-Only Max-Sharpe,TRX-USD,0.25
2023-04-13,Crypto-Only Max-Sharpe,TRX-USD,0.25
2023-05-04,Crypto-Only Max-Sharpe,TRX-USD,0.25
2023-05-25,Crypto-Only Max-Sharpe,TRX-USD,0.25
2023-06-15,Crypto-Only Max-Sharpe,TRX-USD,0.25
2023-07-06,Crypto-Only Max-Sharpe,TRX-USD,0.25
2023-07-27,Crypto-Only Max-Sharpe,TRX-USD,0.2499999999999999
2023-08-17,Crypto-Only Max-Sharpe,TRX-USD,0.24999999999999978
2023-09-07,Crypto-Only Max-Sharpe,TRX-USD,0.2499999999999998
2023-09-28,Crypto-Only Max-Sharpe,TRX-USD,0.24999999999999958
2023-10-19,Crypto-Only Max-Sharpe,TRX-USD,0.24999999999999958
2023-11-09,Crypto-Only Max-Sharpe,TRX-USD,0.25
2023-11-30,Crypto-Only Max-Sharpe,TRX-USD,0.24999999999999997
2023-12-21,Crypto-Only Max-Sharpe,TRX-USD,0.24999999999999992
2020-09-10,Crypto-Only Max-Sharpe,XLM-USD,0.15020582507137986
2020-10-22,Crypto-Only Max-Sharpe,XLM-USD,0.014873778775197277
2020-11-12,Crypto-Only Max-Sharpe,XLM-USD,0.010837815240781055
2020-12-03,Crypto-Only Max-Sharpe,XLM-USD,0.12076483136258556
2020-12-24,Crypto-Only Max-Sharpe,XLM-USD,0.03364737474695977
2021-01-14,Crypto-Only Max-Sharpe,XLM-USD,0.020747646642624795
2021-02-04,Crypto-Only Max-Sharpe,XLM-USD,0.015366253864403
2021-02-25,Crypto-Only Max-Sharpe,XLM-USD,0.02762743027384721
2021-03-18,Crypto-Only Max-Sharpe,XLM-USD,0.007525431682201945
2021-05-20,Crypto-Only Max-Sharpe,XLM-USD,0.03658502386729529
2021-06-10,Crypto-Only Max-Sharpe,XLM-USD,0.09540354291548571
2021-07-01,Crypto-Only Max-Sharpe,XLM-USD,0.07512276974096577
2021-07-22,Crypto-Only Max-Sharpe,XLM-USD,0.09435745612581069
2021-08-12,Crypto-Only Max-Sharpe,XLM-USD,0.08456294889302791
2021-09-02,Crypto-Only Max-Sharpe,XLM-USD,0.046315759569985605
2021-09-23,Crypto-Only Max-Sharpe,XLM-USD,0.028077080704827135
2021-10-14,Crypto-Only Max-Sharpe,XLM-USD,0.059904752956451895
2021-11-04,Crypto-Only Max-Sharpe,XLM-USD,0.054065569831595786
2021-11-25,Crypto-Only Max-Sharpe,XLM-USD,0.040774922605596946
2021-12-16,Crypto-Only Max-Sharpe,XLM-USD,0.011262188423908704
2022-01-06,Crypto-Only Max-Sharpe,XLM-USD,0.041823932220584385
2022-01-27,Crypto-Only Max-Sharpe,XLM-USD,0.012601130843678653
2022-06-23,Crypto-Only Max-Sharpe,XLM-USD,0.14228119239825612
2022-07-14,Crypto-Only Max-Sharpe,XLM-USD,0.09230527413105175
2022-08-04,Crypto-Only Max-Sharpe,XLM-USD,0.07660346780611187
2022-08-25,Crypto-Only Max-Sharpe,XLM-USD,0.09644201054791524
2022-09-15,Crypto-Only Max-Sharpe,XLM-USD,0.020558975129517265
2022-10-06,Crypto-Only Max-Sharpe,XLM-USD,0.03501854896001033
2022-10-27,Crypto-Only Max-Sharpe,XLM-USD,0.06503578526886174
2022-11-17,Crypto-Only Max-Sharpe,XLM-USD,0.10873008526717994
2022-12-08,Crypto-Only Max-Sharpe,XLM-USD,0.0549243419821063
2023-05-25,Crypto-Only Max-Sharpe,XLM-USD,0.02683678624973953
2023-06-15,Crypto-Only Max-Sharpe,XLM-USD,0.01436988418862356
2023-07-06,Crypto-Only Max-Sharpe,XLM-USD,0.018154298230884894
2021-02-04,Crypto-Only Max-Sharpe,XRP-USD,0.0065855084207717155
2021-02-25,Crypto-Only Max-Sharpe,XRP-USD,0.033113009505560315
2021-03-18,Crypto-Only Max-Sharpe,XRP-USD,0.019139599079361795
2021-04-08,Crypto-Only Max-Sharpe,XRP-USD,0.06578495362612205
2021-04-29,Crypto-Only Max-Sharpe,XRP-USD,0.03186339245064787
2021-05-20,Crypto-Only Max-Sharpe,XRP-USD,0.0507202860144479
2021-06-10,Crypto-Only Max-Sharpe,XRP-USD,0.0054727775664150735
2022-01-27,Crypto-Only Max-Sharpe,XRP-USD,0.00213792075765863
2022-02-17,Crypto-Only Max-Sharpe,XRP-USD,0.00436359398165997
2022-04-21,Crypto-Only Max-Sharpe,XRP-USD,0.005759290683197495
2022-07-14,Crypto-Only Max-Sharpe,XRP-USD,0.028804786152542363
2022-08-04,Crypto-Only Max-Sharpe,XRP-USD,0.08071691131346595
2022-08-25,Crypto-Only Max-Sharpe,XRP-USD,0.06463404232961185
2022-09-15,Crypto-Only Max-Sharpe,XRP-USD,0.13276384006496056
2022-10-06,Crypto-Only Max-Sharpe,XRP-USD,0.1808023149356038
2022-10-27,Crypto-Only Max-Sharpe,XRP-USD,0.17322703116460852
2022-11-17,Crypto-Only Max-Sharpe,XRP-USD,0.05736414660941274
2022-12-08,Crypto-Only Max-Sharpe,XRP-USD,0.12104274425194378
2022-12-29,Crypto-Only Max-Sharpe,XRP-USD,0.1960890990203244
2023-01-19,Crypto-Only Max-Sharpe,XRP-USD,0.15042691963499896
2023-02-09,Crypto-Only Max-Sharpe,XRP-USD,0.13334637904844995
2023-03-02,Crypto-Only Max-Sharpe,XRP-USD,0.19202438168589975
2023-03-23,Crypto-Only Max-Sharpe,XRP-USD,0.11484223983986144
2023-04-13,Crypto-Only Max-Sharpe,XRP-USD,0.12874949071512592
2023-05-04,Crypto-Only Max-Sharpe,XRP-USD,0.11266458827980735
2023-05-25,Crypto-Only Max-Sharpe,XRP-USD,0.12473950045531679
2023-06-15,Crypto-Only Max-Sharpe,XRP-USD,0.17736332170142197
2023-07-06,Crypto-Only Max-Sharpe,XRP-USD,0.16719444648035772
2021-02-25,Crypto-Only Min-Variance,ADA-USD,0.06566413282752209
2021-03-18,Crypto-Only Min-Variance,ADA-USD,0.08671775694170022
2021-04-08,Crypto-Only Min-Variance,ADA-USD,0.11440132296150869
2021-04-29,Crypto-Only Min-Variance,ADA-USD,0.1454861911837966
2021-05-20,Crypto-Only Min-Variance,ADA-USD,0.20436083000809147
2021-06-10,Crypto-Only Min-Variance,ADA-USD,0.20052706454339397
2021-07-01,Crypto-Only Min-Variance,ADA-USD,0.2070793495464749
2021-07-22,Crypto-Only Min-Variance,ADA-USD,0.1860697605061119
2021-08-12,Crypto-Only Min-Variance,ADA-USD,0.21150457084758603
2021-09-02,Crypto-Only Min-Variance,ADA-USD,0.13187414595872873
2021-09-23,Crypto-Only Min-Variance,ADA-USD,0.17446219336581245
2021-10-14,Crypto-Only Min-Variance,ADA-USD,0.2072415702589814
2021-11-04,Crypto-Only Min-Variance,ADA-USD,0.2263886634039373
2021-11-25,Crypto-Only Min-Variance,ADA-USD,0.25
2021-12-16,Crypto-Only Min-Variance,ADA-USD,0.19325433151564494
2022-01-06,Crypto-Only Min-Variance,ADA-USD,0.1527167361671205
2022-01-27,Crypto-Only Min-Variance,ADA-USD,0.10256322774788461
2022-02-17,Crypto-Only Min-Variance,ADA-USD,0.10633126573876134
2022-03-10,Crypto-Only Min-Variance,ADA-USD,0.09886603183510194
2022-03-31,Crypto-Only Min-Variance,ADA-USD,0.07927392681264843
2022-04-21,Crypto-Only Min-Variance,ADA-USD,0.05637825327086746
2022-11-17,Crypto-Only Min-Variance,ADA-USD,0.021084651032456596
2022-12-08,Crypto-Only Min-Variance,ADA-USD,0.06313046576529716
2022-12-29,Crypto-Only Min-Variance,ADA-USD,0.03163735760062694
2023-07-27,Crypto-Only Min-Variance,ADA-USD,0.07882805806157536
2023-08-17,Crypto-Only Min-Variance,ADA-USD,0.09381005543445779
2023-09-07,Crypto-Only Min-Variance,ADA-USD,0.12973418843510487
2023-09-28,Crypto-Only Min-Variance,ADA-USD,0.13203005418091948
2023-10-19,Crypto-Only Min-Variance,ADA-USD,0.13825980382953149
2023-11-09,Crypto-Only Min-Variance,ADA-USD,0.12326812243538927
2023-11-30,Crypto-Only Min-Variance,ADA-USD,0.08868076186561874
2021-11-25,Crypto-Only Min-Variance,BCH-USD,0.038400916654620434
2021-12-16,Crypto-Only Min-Variance,BCH-USD,0.02510725456234665
2022-01-06,Crypto-Only Min-Variance,BCH-USD,0.057671532502698734
2022-01-27,Crypto-Only Min-Variance,BCH-USD,0.08682682980906671
2022-02-17,Crypto-Only Min-Variance,BCH-USD,0.09856289825422955
2022-03-10,Crypto-Only Min-Variance,BCH-USD,0.10783621727524204
2022-03-31,Crypto-Only Min-Variance,BCH-USD,0.08654959691850224
2022-04-21,Crypto-Only Min-Variance,BCH-USD,0.08504261403141024
2022-05-12,Crypto-Only Min-Variance,BCH-USD,0.07608271790304125
2022-06-02,Crypto-Only Min-Variance,BCH-USD,0.12795540621841855
2022-06-23,Crypto-Only Min-Variance,BCH-USD,0.046293975544211254
2022-07-14,Crypto-Only Min-Variance,BCH-USD,0.11634167264141812
2022-08-04,Crypto-Only Min-Variance,BCH-USD,0.043863885986445764
2022-08-25,Crypto-Only Min-Variance,BCH-USD,0.012081563623415097
2022-10-06,Crypto-Only Min-Variance,BCH-USD,0.012217279053812485
2022-10-27,Crypto-Only Min-Variance,BCH-USD,0.02033733781893774
2022-11-17,Crypto-Only Min-Variance,BCH-USD,0.1200636987996929
2022-12-08,Crypto-Only Min-Variance,BCH-USD,0.16746713513350978
2022-12-29,Crypto-Only Min-Variance,BCH-USD,0.18325579013024526
2023-01-19,Crypto-Only Min-Variance,BCH-USD,0.1670590484853994
2023-02-09,Crypto-Only Min-Variance,BCH-USD,0.1883772423397924
2023-03-02,Crypto-Only Min-Variance,BCH-USD,0.14267818416542286
2023-03-23,Crypto-Only Min-Variance,BCH-USD,0.16038293735358314
2023-04-13,Crypto-Only Min-Variance,BCH-USD,0.17429185779635678
2023-05-04,Crypto-Only Min-Variance,BCH-USD,0.22784481596163988
2023-05-25,Crypto-Only Min-Variance,BCH-USD,0.19471803867722812
2023-06-15,Crypto-Only Min-Variance,BCH-USD,0.18440465226962927
2023-07-27,Crypto-Only Min-Variance,BCH-USD,0.0614066652724804
2023-08-17,Crypto-Only Min-Variance,BCH-USD,0.06102608143038075
2023-09-07,Crypto-Only Min-Variance,BCH-USD,0.025774998961652817
2023-09-28,Crypto-Only Min-Variance,BCH-USD,0.0072989081148945615
2023-10-19,Crypto-Only Min-Variance,BCH-USD,0.0047209746815366094
2023-11-09,Crypto-Only Min-Variance,BCH-USD,0.0087842467973248
2023-11-30,Crypto-Only Min-Variance,BCH-USD,0.05563938256634941
2023-12-21,Crypto-Only Min-Variance,BCH-USD,0.03590962034515345
2020-09-10,Crypto-Only Min-Variance,BTC-USD,0.24999999999999994
2020-10-01,Crypto-Only Min-Variance,BTC-USD,0.25
2020-10-22,Crypto-Only Min-Variance,BTC-USD,0.24999999999999997
2020-11-12,Crypto-Only Min-Variance,BTC-USD,0.24999999999999992
2020-12-03,Crypto-Only Min-Variance,BTC-USD,0.24999999999999994
2020-12-24,Crypto-Only Min-Variance,BTC-USD,0.25
2021-01-14,Crypto-Only Min-Variance,BTC-USD,0.24999999999999997
2021-02-04,Crypto-Only Min-Variance,BTC-USD,0.25
2021-02-25,Crypto-Only Min-Variance,BTC-USD,0.25
2021-03-18,Crypto-Only Min-Variance,BTC-USD,0.24999999999999992
2021-04-08,Crypto-Only Min-Variance,BTC-USD,0.24999999999999997
2021-04-29,Crypto-Only Min-Variance,BTC-USD,0.25
2021-05-20,Crypto-Only Min-Variance,BTC-USD,0.25
2021-06-10,Crypto-Only Min-Variance,BTC-USD,0.25
2021-07-01,Crypto-Only Min-Variance,BTC-USD,0.25
2021-07-22,Crypto-Only Min-Variance,BTC-USD,0.25
2021-08-12,Crypto-Only Min-Variance,BTC-USD,0.25
2021-09-02,Crypto-Only Min-Variance,BTC-USD,0.25
2021-09-23,Crypto-Only Min-Variance,BTC-USD,0.25
2021-10-14,Crypto-Only Min-Variance,BTC-USD,0.24999999999999994
2021-11-04,Crypto-Only Min-Variance,BTC-USD,0.2499999999999999
2021-11-25,Crypto-Only Min-Variance,BTC-USD,0.25
2021-12-16,Crypto-Only Min-Variance,BTC-USD,0.24999999999999997
2022-01-06,Crypto-Only Min-Variance,BTC-USD,0.24999999999999986
2022-01-27,Crypto-Only Min-Variance,BTC-USD,0.24999999999999986
2022-02-17,Crypto-Only Min-Variance,BTC-USD,0.2499999999999999
2022-03-10,Crypto-Only Min-Variance,BTC-USD,0.25
2022-03-31,Crypto-Only Min-Variance,BTC-USD,0.25
2022-04-21,Crypto-Only Min-Variance,BTC-USD,0.25
2022-05-12,Crypto-Only Min-Variance,BTC-USD,0.24999999999999992
2022-06-02,Crypto-Only Min-Variance,BTC-USD,0.24999999999999992
2022-06-23,Crypto-Only Min-Variance,BTC-USD,0.24999999999999997
2022-07-14,Crypto-Only Min-Variance,BTC-USD,0.25
2022-08-04,Crypto-Only Min-Variance,BTC-USD,0.25
2022-08-25,Crypto-Only Min-Variance,BTC-USD,0.25
2022-09-15,Crypto-Only Min-Variance,BTC-USD,0.25
2022-10-06,Crypto-Only Min-Variance,BTC-USD,0.24999999999999994
2022-10-27,Crypto-Only Min-Variance,BTC-USD,0.25
2022-11-17,Crypto-Only Min-Variance,BTC-USD,0.24999999999999986
2022-12-08,Crypto-Only Min-Variance,BTC-USD,0.24999999999999994
2022-12-29,Crypto-Only Min-Variance,BTC-USD,0.24999999999999986
2023-01-19,Crypto-Only Min-Variance,BTC-USD,0.2499999999999999
2023-02-09,Crypto-Only Min-Variance,BTC-USD,0.24999999999999983
2023-03-02,Crypto-Only Min-Variance,BTC-USD,0.2499999999999999
2023-03-23,Crypto-Only Min-Variance,BTC-USD,0.25
2023-04-13,Crypto-Only Min-Variance,BTC-USD,0.25
2023-05-04,Crypto-Only Min-Variance,BTC-USD,0.24999999999999997
2023-05-25,Crypto-Only Min-Variance,BTC-USD,0.25
2023-06-15,Crypto-Only Min-Variance,BTC-USD,0.25
2023-07-06,Crypto-Only Min-Variance,BTC-USD,0.25
2023-07-27,Crypto-Only Min-Variance,BTC-USD,0.25
2023-08-17,Crypto-Only Min-Variance,BTC-USD,0.25
2023-09-07,Crypto-Only Min-Variance,BTC-USD,0.25
2023-09-28,Crypto-Only Min-Variance,BTC-USD,0.24999999999999997
2023-10-19,Crypto-Only Min-Variance,BTC-USD,0.25
2023-11-09,Crypto-Only Min-Variance,BTC-USD,0.25
2023-11-30,Crypto-Only Min-Variance,BTC-USD,0.24999999999999997
2023-12-21,Crypto-Only Min-Variance,BTC-USD,0.25
2020-11-12,Crypto-Only Min-Variance,EOS-USD,0.05902930524755261
2020-12-03,Crypto-Only Min-Variance,EOS-USD,0.08865428758098946
2020-12-24,Crypto-Only Min-Variance,EOS-USD,0.039540273596681
2021-01-14,Crypto-Only Min-Variance,EOS-USD,0.06086876151340784
2021-02-04,Crypto-Only Min-Variance,EOS-USD,0.20228947431426253
2021-02-25,Crypto-Only Min-Variance,EOS-USD,0.09998393041392284
2021-03-18,Crypto-Only Min-Variance,EOS-USD,0.013652325703446109
2023-07-27,Crypto-Only Min-Variance,EOS-USD,0.06696818839486245
2023-08-17,Crypto-Only Min-Variance,EOS-USD,0.06751838362216014
2023-09-07,Crypto-Only Min-Variance,EOS-USD,0.07375184141692571
2023-09-28,Crypto-Only Min-Variance,EOS-USD,0.07693402148185965
2023-10-19,Crypto-Only Min-Variance,EOS-USD,0.061807325750015206
2023-11-09,Crypto-Only Min-Variance,EOS-USD,0.06570033474944036
2023-11-30,Crypto-Only Min-Variance,EOS-USD,0.03819454037272796
2023-12-21,Crypto-Only Min-Variance,EOS-USD,0.033201423261480914
2020-09-10,Crypto-Only Min-Variance,ETC-USD,0.14681482825780073
2020-10-01,Crypto-Only Min-Variance,ETC-USD,0.19675032248238147
2020-10-22,Crypto-Only Min-Variance,ETC-USD,0.20338570117874125
2020-11-12,Crypto-Only Min-Variance,ETC-USD,0.16643832827399238
2020-12-03,Crypto-Only Min-Variance,ETC-USD,0.24999999999999994
2020-12-24,Crypto-Only Min-Variance,ETC-USD,0.25
2021-01-14,Crypto-Only Min-Variance,ETC-USD,0.23540396523371832
2021-02-04,Crypto-Only Min-Variance,ETC-USD,0.24999999999999997
2021-02-25,Crypto-Only Min-Variance,ETC-USD,0.07105267678103942
2021-03-18,Crypto-Only Min-Variance,ETC-USD,0.01430634624872874
2021-04-08,Crypto-Only Min-Variance,ETC-USD,0.09745654128791884
2021-04-29,Crypto-Only Min-Variance,ETC-USD,0.07804365951355549
2023-09-28,Crypto-Only Min-Variance,ETC-USD,0.022858481526416192
2023-10-19,Crypto-Only Min-Variance,ETC-USD,0.03881859413969788
2023-11-09,Crypto-Only Min-Variance,ETC-USD,0.039927616601178974
2020-12-03,Crypto-Only Min-Variance,ETH-USD,0.1869245200836791
2020-12-24,Crypto-Only Min-Variance,ETH-USD,0.25
2021-01-14,Crypto-Only Min-Variance,ETH-USD,0.20372727325287404
2021-02-04,Crypto-Only Min-Variance,ETH-USD,0.047710525685737505
2021-02-25,Crypto-Only Min-Variance,ETH-USD,0.24999999999999994
2021-03-18,Crypto-Only Min-Variance,ETH-USD,0.22435427755536744
2021-04-08,Crypto-Only Min-Variance,ETH-USD,0.25
2021-04-29,Crypto-Only Min-Variance,ETH-USD,0.25
2021-05-20,Crypto-Only Min-Variance,ETH-USD,0.25
2021-06-10,Crypto-Only Min-Variance,ETH-USD,0.25
2021-07-01,Crypto-Only Min-Variance,ETH-USD,0.24999999999999997
2021-07-22,Crypto-Only Min-Variance,ETH-USD,0.25
2021-08-12,Crypto-Only Min-Variance,ETH-USD,0.25
2021-09-02,Crypto-Only Min-Variance,ETH-USD,0.24999999999999997
2021-09-23,Crypto-Only Min-Variance,ETH-USD,0.24999999999999997
2021-10-14,Crypto-Only Min-Variance,ETH-USD,0.25
2021-11-04,Crypto-Only Min-Variance,ETH-USD,0.25
2021-11-25,Crypto-Only Min-Variance,ETH-USD,0.25
2021-12-16,Crypto-Only Min-Variance,ETH-USD,0.25
2022-01-06,Crypto-Only Min-Variance,ETH-USD,0.25
2022-01-27,Crypto-Only Min-Variance,ETH-USD,0.25
2022-02-17,Crypto-Only Min-Variance,ETH-USD,0.25
2022-03-10,Crypto-Only Min-Variance,ETH-USD,0.25
2022-03-31,Crypto-Only Min-Variance,ETH-USD,0.24999999999999994
2022-04-21,Crypto-Only Min-Variance,ETH-USD,0.24999999999999994
2022-05-12,Crypto-Only Min-Variance,ETH-USD,0.25
2022-06-02,Crypto-Only Min-Variance,ETH-USD,0.24999999999999992
2022-06-23,Crypto-Only Min-Variance,ETH-USD,0.21627149349647692
2022-07-14,Crypto-Only Min-Variance,ETH-USD,0.12259315429681214
2022-08-04,Crypto-Only Min-Variance,ETH-USD,0.011385633762308138
2023-05-25,Crypto-Only Min-Variance,ETH-USD,0.021340383981550942
2023-06-15,Crypto-Only Min-Variance,ETH-USD,0.04132268426858739
2023-07-06,Crypto-Only Min-Variance,ETH-USD,0.14379096673400638
2023-07-27,Crypto-Only Min-Variance,ETH-USD,0.24999999999999994
2023-08-17,Crypto-Only Min-Variance,ETH-USD,0.24999999999999997
2023-09-07,Crypto-Only Min-Variance,ETH-USD,0.25
2023-09-28,Crypto-Only Min-Variance,ETH-USD,0.25
2023-10-19,Crypto-Only Min-Variance,ETH-USD,0.25
2023-11-09,Crypto-Only Min-Variance,ETH-USD,0.2499999999999999
2023-11-30,Crypto-Only Min-Variance,ETH-USD,0.24999999999999997
2023-12-21,Crypto-Only Min-Variance,ETH-USD,0.25
2020-12-03,Crypto-Only Min-Variance,LTC-USD,0.03234045148714864
2021-02-25,Crypto-Only Min-Variance,LTC-USD,0.001148164623106422
2021-03-18,Crypto-Only Min-Variance,LTC-USD,0.09771863587906922
2021-04-08,Crypto-Only Min-Variance,LTC-USD,0.12685009845997744
2021-04-29,Crypto-Only Min-Variance,LTC-USD,0.18856162703413135
2021-05-20,Crypto-Only Min-Variance,LTC-USD,0.17572791454177428
2021-06-10,Crypto-Only Min-Variance,LTC-USD,0.12957465688680733
2021-07-01,Crypto-Only Min-Variance,LTC-USD,0.15495606942759244
2021-07-22,Crypto-Only Min-Variance,LTC-USD,0.15284726099767632
2021-08-12,Crypto-Only Min-Variance,LTC-USD,0.13804636201218434
2021-09-02,Crypto-Only Min-Variance,LTC-USD,0.1588467466126152
2021-09-23,Crypto-Only Min-Variance,LTC-USD,0.17253299248795356
2021-10-14,Crypto-Only Min-Variance,LTC-USD,0.15415415583300088
2021-11-04,Crypto-Only Min-Variance,LTC-USD,0.12333167703365774
2021-11-25,Crypto-Only Min-Variance,LTC-USD,0.014053500240852938
2022-08-25,Crypto-Only Min-Variance,LTC-USD,0.008671985307338296
2022-09-15,Crypto-Only Min-Variance,LTC-USD,0.02185503093725235
2022-10-06,Crypto-Only Min-Variance,LTC-USD,0.16646302479337785
2022-10-27,Crypto-Only Min-Variance,LTC-USD,0.1603858001529305
2022-11-17,Crypto-Only Min-Variance,LTC-USD,0.10885165016785087
2022-12-08,Crypto-Only Min-Variance,LTC-USD,0.019402399101193037
2022-12-29,Crypto-Only Min-Variance,LTC-USD,0.035106852269128117
2023-01-19,Crypto-Only Min-Variance,LTC-USD,0.06548671613730993
2023-02-09,Crypto-Only Min-Variance,LTC-USD,0.03777492070885517
2023-03-02,Crypto-Only Min-Variance,LTC-USD,0.04550965838836401
2023-03-23,Crypto-Only Min-Variance,LTC-USD,0.051570181239326385
2023-04-13,Crypto-Only Min-Variance,LTC-USD,0.048853625015376274
2023-05-04,Crypto-Only Min-Variance,LTC-USD,0.007595911407648373
2023-07-27,Crypto-Only Min-Variance,LTC-USD,0.04279708827108181
2023-08-17,Crypto-Only Min-Variance,LTC-USD,0.027645479513001302
2023-09-07,Crypto-Only Min-Variance,LTC-USD,0.02073897118631681
2023-09-28,Crypto-Only Min-Variance,LTC-USD,0.010878534695910254
2023-10-19,Crypto-Only Min-Variance,LTC-USD,0.006393301599218804
2023-11-09,Crypto-Only Min-Variance,LTC-USD,0.012319679416667024
2023-11-30,Crypto-Only Min-Variance,LTC-USD,0.05307211023743238
2023-12-21,Crypto-Only Min-Variance,LTC-USD,0.12736160141931457
2020-09-10,Crypto-Only Min-Variance,TRX-USD,0.1265242776332807
2020-10-01,Crypto-Only Min-Variance,TRX-USD,0.11790299877799024
2020-10-22,Crypto-Only Min-Variance,TRX-USD,0.13187318944045326
2020-11-12,Crypto-Only Min-Variance,TRX-USD,0.14756242868065822
2020-12-03,Crypto-Only Min-Variance,TRX-USD,0.19208074084818288
2020-12-24,Crypto-Only Min-Variance,TRX-USD,0.21045972640331853
2021-01-14,Crypto-Only Min-Variance,TRX-USD,0.24999999999999997
2021-02-04,Crypto-Only Min-Variance,TRX-USD,0.24999999999999997
2021-02-25,Crypto-Only Min-Variance,TRX-USD,0.211897373665907
2021-03-18,Crypto-Only Min-Variance,TRX-USD,0.25
2021-04-08,Crypto-Only Min-Variance,TRX-USD,0.11151238446766032
2021-04-29,Crypto-Only Min-Variance,TRX-USD,0.08790852226851661
2021-05-20,Crypto-Only Min-Variance,TRX-USD,0.1030416681167923
2021-06-10,Crypto-Only Min-Variance,TRX-USD,0.1451717396426273
2021-07-01,Crypto-Only Min-Variance,TRX-USD,0.12697123774914462
2021-07-22,Crypto-Only Min-Variance,TRX-USD,0.13335115526912383
2021-08-12,Crypto-Only Min-Variance,TRX-USD,0.134728997335801
2021-09-02,Crypto-Only Min-Variance,TRX-USD,0.17788939438069226
2021-09-23,Crypto-Only Min-Variance,TRX-USD,0.12078811065960289
2021-10-14,Crypto-Only Min-Variance,TRX-USD,0.13860427390801786
2021-11-04,Crypto-Only Min-Variance,TRX-USD,0.15027965956240522
2021-11-25,Crypto-Only Min-Variance,TRX-USD,0.1701704423587607
2021-12-16,Crypto-Only Min-Variance,TRX-USD,0.2371565654828282
2022-01-06,Crypto-Only Min-Variance,TRX-USD,0.25
2022-01-27,Crypto-Only Min-Variance,TRX-USD,0.25
2022-02-17,Crypto-Only Min-Variance,TRX-USD,0.25
2022-03-10,Crypto-Only Min-Variance,TRX-USD,0.25
2022-03-31,Crypto-Only Min-Variance,TRX-USD,0.25
2022-04-21,Crypto-Only Min-Variance,TRX-USD,0.25
2022-05-12,Crypto-Only Min-Variance,TRX-USD,0.24999999999999997
2022-06-02,Crypto-Only Min-Variance,TRX-USD,0.24999999999999994
2022-06-23,Crypto-Only Min-Variance,TRX-USD,0.25
2022-07-14,Crypto-Only Min-Variance,TRX-USD,0.25
2022-08-04,Crypto-Only Min-Variance,TRX-USD,0.24999999999999997
2022-08-25,Crypto-Only Min-Variance,TRX-USD,0.25
2022-09-15,Crypto-Only Min-Variance,TRX-USD,0.25
2022-10-06,Crypto-Only Min-Variance,TRX-USD,0.25
2022-10-27,Crypto-Only Min-Variance,TRX-USD,0.25
2022-11-17,Crypto-Only Min-Variance,TRX-USD,0.24999999999999997
2022-12-08,Crypto-Only Min-Variance,TRX-USD,0.25
2022-12-29,Crypto-Only Min-Variance,TRX-USD,0.24999999999999994
2023-01-19,Crypto-Only Min-Variance,TRX-USD,0.25
2023-02-09,Crypto-Only Min-Variance,TRX-USD,0.25
2023-03-02,Crypto-Only Min-Variance,TRX-USD,0.25
2023-03-23,Crypto-Only Min-Variance,TRX-USD,0.24999999999999997
2023-04-13,Crypto-Only Min-Variance,TRX-USD,0.24999999999999992
2023-05-04,Crypto-Only Min-Variance,TRX-USD,0.25
2023-05-25,Crypto-Only Min-Variance,TRX-USD,0.25
2023-06-15,Crypto-Only Min-Variance,TRX-USD,0.24999999999999997
2023-07-06,Crypto-Only Min-Variance,TRX-USD,0.24999999999999997
2023-07-27,Crypto-Only Min-Variance,TRX-USD,0.25
2023-08-17,Crypto-Only Min-Variance,TRX-USD,0.25
2023-09-07,Crypto-Only Min-Variance,TRX-USD,0.25
2023-09-28,Crypto-Only Min-Variance,TRX-USD,0.24999999999999997
2023-10-19,Crypto-Only Min-Variance,TRX-USD,0.25
2023-11-09,Crypto-Only Min-Variance,TRX-USD,0.25
2023-11-30,Crypto-Only Min-Variance,TRX-USD,0.25
2023-12-21,Crypto-Only Min-Variance,TRX-USD,0.24999999999999997
2020-09-10,Crypto-Only Min-Variance,XLM-USD,0.2266608941089186
2020-10-01,Crypto-Only Min-Variance,XLM-USD,0.18534667873962832
2020-10-22,Crypto-Only Min-Variance,XLM-USD,0.1647411093808057
2020-11-12,Crypto-Only Min-Variance,XLM-USD,0.12696993779779683
2021-06-10,Crypto-Only Min-Variance,XLM-USD,0.02063405368213092
2021-07-01,Crypto-Only Min-Variance,XLM-USD,0.010993343276788145
2021-07-22,Crypto-Only Min-Variance,XLM-USD,0.027731823227087803
2021-08-12,Crypto-Only Min-Variance,XLM-USD,0.01572006980442885
2021-09-02,Crypto-Only Min-Variance,XLM-USD,0.031389713047963924
2021-09-23,Crypto-Only Min-Variance,XLM-USD,0.03221670348663117
2021-11-25,Crypto-Only Min-Variance,XLM-USD,0.027375140745765848
2021-12-16,Crypto-Only Min-Variance,XLM-USD,0.03455342368127571
2022-01-06,Crypto-Only Min-Variance,XLM-USD,0.03961173133018081
2022-01-27,Crypto-Only Min-Variance,XLM-USD,0.043620140926114985
2022-02-17,Crypto-Only Min-Variance,XLM-USD,0.04510583600700923
2022-03-10,Crypto-Only Min-Variance,XLM-USD,0.04329775088965615
2022-03-31,Crypto-Only Min-Variance,XLM-USD,0.05278957021621785
2022-04-21,Crypto-Only Min-Variance,XLM-USD,0.055541013657581795
2022-05-12,Crypto-Only Min-Variance,XLM-USD,0.16136486850676593
2022-06-02,Crypto-Only Min-Variance,XLM-USD,0.04688700623885959
2022-06-23,Crypto-Only Min-Variance,XLM-USD,0.13119444604345426
2022-07-14,Crypto-Only Min-Variance,XLM-USD,0.135289415476958
2022-08-04,Crypto-Only Min-Variance,XLM-USD,0.25
2022-08-25,Crypto-Only Min-Variance,XLM-USD,0.25
2022-09-15,Crypto-Only Min-Variance,XLM-USD,0.22814496906274762
2022-10-06,Crypto-Only Min-Variance,XLM-USD,0.24999999999999994
2022-10-27,Crypto-Only Min-Variance,XLM-USD,0.25
2022-11-17,Crypto-Only Min-Variance,XLM-USD,0.24999999999999983
2022-12-08,Crypto-Only Min-Variance,XLM-USD,0.25
2022-12-29,Crypto-Only Min-Variance,XLM-USD,0.25
2023-01-19,Crypto-Only Min-Variance,XLM-USD,0.24999999999999986
2023-02-09,Crypto-Only Min-Variance,XLM-USD,0.24999999999999992
2023-03-02,Crypto-Only Min-Variance,XLM-USD,0.24999999999999994
2023-03-23,Crypto-Only Min-Variance,XLM-USD,0.25
2023-04-13,Crypto-Only Min-Variance,XLM-USD,0.24999999999999994
2023-05-04,Crypto-Only Min-Variance,XLM-USD,0.25
2023-05-25,Crypto-Only Min-Variance,XLM-USD,0.24999999999999994
2023-06-15,Crypto-Only Min-Variance,XLM-USD,0.25
2023-07-06,Crypto-Only Min-Variance,XLM-USD,0.25
2023-11-30,Crypto-Only Min-Variance,XLM-USD,0.014413204957871578
2023-12-21,Crypto-Only Min-Variance,XLM-USD,0.05352735497405105
2020-09-10,Crypto-Only Min-Variance,XRP-USD,0.25
2020-10-01,Crypto-Only Min-Variance,XRP-USD,0.25
2020-10-22,Crypto-Only Min-Variance,XRP-USD,0.24999999999999997
2020-11-12,Crypto-Only Min-Variance,XRP-USD,0.24999999999999992
2021-02-25,Crypto-Only Min-Variance,XRP-USD,0.05025372168850231
2021-03-18,Crypto-Only Min-Variance,XRP-USD,0.06325065767168833
2021-04-08,Crypto-Only Min-Variance,XRP-USD,0.049779652822934846
2021-05-20,Crypto-Only Min-Variance,XRP-USD,0.016869587333341922
2021-06-10,Crypto-Only Min-Variance,XRP-USD,0.004092485245040438
2021-12-16,Crypto-Only Min-Variance,XRP-USD,0.009928424757904447
2022-01-27,Crypto-Only Min-Variance,XRP-USD,0.01698980151693376
2022-03-31,Crypto-Only Min-Variance,XRP-USD,0.031386906052631516
2022-04-21,Crypto-Only Min-Variance,XRP-USD,0.05303811904014051
2022-05-12,Crypto-Only Min-Variance,XRP-USD,0.012552413590193039
2022-06-02,Crypto-Only Min-Variance,XRP-USD,0.07515758754272212
2022-06-23,Crypto-Only Min-Variance,XRP-USD,0.10624008491585762
2022-07-14,Crypto-Only Min-Variance,XRP-USD,0.1257757575848117
2022-08-04,Crypto-Only Min-Variance,XRP-USD,0.1947504802512461
2022-08-25,Crypto-Only Min-Variance,XRP-USD,0.22924645106924632
2022-09-15,Crypto-Only Min-Variance,XRP-USD,0.25
2022-10-06,Crypto-Only Min-Variance,XRP-USD,0.07131969615280974
2022-10-27,Crypto-Only Min-Variance,XRP-USD,0.06927686202813164
2023-01-19,Crypto-Only Min-Variance,XRP-USD,0.017454235377290753
2023-02-09,Crypto-Only Min-Variance,XRP-USD,0.023847836951352626
2023-03-02,Crypto-Only Min-Variance,XRP-USD,0.06181215744621306
2023-03-23,Crypto-Only Min-Variance,XRP-USD,0.03804688140709068
2023-04-13,Crypto-Only Min-Variance,XRP-USD,0.026854517188267042
2023-05-04,Crypto-Only Min-Variance,XRP-USD,0.01455927263071171
2023-05-25,Crypto-Only Min-Variance,XRP-USD,0.03394157734122106
2023-06-15,Crypto-Only Min-Variance,XRP-USD,0.024272663461783354
2023-07-06,Crypto-Only Min-Variance,XRP-USD,0.10620903326599351
2020-09-10,Crypto-Only Risk Parity,ADA-USD,0.08428112348536061
2020-10-01,Crypto-Only Risk Parity,ADA-USD,0.08177306784497798
2020-10-22,Crypto-Only Risk Parity,ADA-USD,0.08122684344860658
2020-11-12,Crypto-Only Risk Parity,ADA-USD,0.0800194137753771
2020-12-03,Crypto-Only Risk Parity,ADA-USD,0.08875465555311376
2020-12-24,Crypto-Only Risk Parity,ADA-USD,0.09022098581234543
2021-01-14,Crypto-Only Risk Parity,ADA-USD,0.08560369821920333
2021-02-04,Crypto-Only Risk Parity,ADA-USD,0.08477118805705879
2021-02-25,Crypto-Only Risk Parity,ADA-USD,0.09399016044669271
2021-03-18,Crypto-Only Risk Parity,ADA-USD,0.095325211140043
2021-04-08,Crypto-Only Risk Parity,ADA-USD,0.10105312135127552
2021-04-29,Crypto-Only Risk Parity,ADA-USD,0.10517409392750851
2021-05-20,Crypto-Only Risk Parity,ADA-USD,0.10728228742935737
2021-06-10,Crypto-Only Risk Parity,ADA-USD,0.10514527867417456
2021-07-01,Crypto-Only Risk Parity,ADA-USD,0.10502708955055733
2021-07-22,Crypto-Only Risk Parity,ADA-USD,0.10438402607885404
2021-08-12,Crypto-Only Risk Parity,ADA-USD,0.10587366430441388
2021-09-02,Crypto-Only Risk Parity,ADA-USD,0.10106505795693727
2021-09-23,Crypto-Only Risk Parity,ADA-USD,0.10268875749436117
2021-10-14,Crypto-Only Risk Parity,ADA-USD,0.1047310411255259
2021-11-04,Crypto-Only Risk Parity,ADA-USD,0.10511155647438267
2021-11-25,Crypto-Only Risk Parity,ADA-USD,0.10530774622919593
2021-12-16,Crypto-Only Risk Parity,ADA-USD,0.10210332787574862
2022-01-06,Crypto-Only Risk Parity,ADA-USD,0.09969040469412314
2022-01-27,Crypto-Only Risk Parity,ADA-USD,0.09686741015071013
2022-02-17,Crypto-Only Risk Parity,ADA-USD,0.09801204564489262
2022-03-10,Crypto-Only Risk Parity,ADA-USD,0.09750249421852206
2022-03-31,Crypto-Only Risk Parity,ADA-USD,0.09672699224372627
2022-04-21,Crypto-Only Risk Parity,ADA-USD,0.09527448899010628
2022-05-12,Crypto-Only Risk Parity,ADA-USD,0.08921754175875454
2022-06-02,Crypto-Only Risk Parity,ADA-USD,0.08317099894669422
2022-06-23,Crypto-Only Risk Parity,ADA-USD,0.08613762193782416
2022-07-14,Crypto-Only Risk Parity,ADA-USD,0.08694608637904316
2022-08-04,Crypto-Only Risk Parity,ADA-USD,0.09001633149309239
2022-08-25,Crypto-Only Risk Parity,ADA-USD,0.090167455342345
2022-09-15,Crypto-Only Risk Parity,ADA-USD,0.09176673476395986
2022-10-06,Crypto-Only Risk Parity,ADA-USD,0.09387578039680557
2022-10-27,Crypto-Only Risk Parity,ADA-USD,0.09189658067415729
2022-11-17,Crypto-Only Risk Parity,ADA-USD,0.09355857272573188
2022-12-08,Crypto-Only Risk Parity,ADA-USD,0.09447262899729508
2022-12-29,Crypto-Only Risk Parity,ADA-USD,0.09274957960064593
2023-01-19,Crypto-Only Risk Parity,ADA-USD,0.09149986147507909
2023-02-09,Crypto-Only Risk Parity,ADA-USD,0.09073737177916796
2023-03-02,Crypto-Only Risk Parity,ADA-USD,0.08904790172688618
2023-03-23,Crypto-Only Risk Parity,ADA-USD,0.09069021900428664
2023-04-13,Crypto-Only Risk Parity,ADA-USD,0.09016965804200261
2023-05-04,Crypto-Only Risk Parity,ADA-USD,0.08974188813477511
2023-05-25,Crypto-Only Risk Parity,ADA-USD,0.09038616237520274
2023-06-15,Crypto-Only Risk Parity,ADA-USD,0.08980075472966322
2023-07-06,Crypto-Only Risk Parity,ADA-USD,0.09357658906401485
2023-07-27,Crypto-Only Risk Parity,ADA-USD,0.08593997202791764
2023-08-17,Crypto-Only Risk Parity,ADA-USD,0.08649199887851716
2023-09-07,Crypto-Only Risk Parity,ADA-USD,0.08939250668833412
2023-09-28,Crypto-Only Risk Parity,ADA-USD,0.09022101237001225
2023-10-19,Crypto-Only Risk Parity,ADA-USD,0.09142863309878504
2023-11-09,Crypto-Only Risk Parity,ADA-USD,0.09039974760804036
2023-11-30,Crypto-Only Risk Parity,ADA-USD,0.09103355781777292
2023-12-21,Crypto-Only Risk Parity,ADA-USD,0.08000565610671133
2020-09-10,Crypto-Only Risk Parity,BCH-USD,0.08894126992025923
2020-10-01,Crypto-Only Risk Parity,BCH-USD,0.09048306478784038
2020-10-22,Crypto-Only Risk Parity,BCH-USD,0.09067664513075567
2020-11-12,Crypto-Only Risk Parity,BCH-USD,0.09251044030503076
2020-12-03,Crypto-Only Risk Parity,BCH-USD,0.09056119300901963
2020-12-24,Crypto-Only Risk Parity,BCH-USD,0.09449548471297009
2021-01-14,Crypto-Only Risk Parity,BCH-USD,0.08810990811707425
2021-02-04,Crypto-Only Risk Parity,BCH-USD,0.08878819569288178
2021-02-25,Crypto-Only Risk Parity,BCH-USD,0.09059157251115345
2021-03-18,Crypto-Only Risk Parity,BCH-USD,0.0913184058756251
2021-04-08,Crypto-Only Risk Parity,BCH-USD,0.0916373437681398
2021-04-29,Crypto-Only Risk Parity,BCH-USD,0.09091208784815157
2021-05-20,Crypto-Only Risk Parity,BCH-USD,0.07857373898558753
2021-06-10,Crypto-Only Risk Parity,BCH-USD,0.08031831898388038
2021-07-01,Crypto-Only Risk Parity,BCH-USD,0.08356443819472859
2021-07-22,Crypto-Only Risk Parity,BCH-USD,0.08464065897615092
2021-08-12,Crypto-Only Risk Parity,BCH-USD,0.08538420525444777
2021-09-02,Crypto-Only Risk Parity,BCH-USD,0.08784020221709907
2021-09-23,Crypto-Only Risk Parity,BCH-USD,0.09051392193471375
2021-10-14,Crypto-Only Risk Parity,BCH-USD,0.09076502055055755
2021-11-04,Crypto-Only Risk Parity,BCH-USD,0.09113642373352718
2021-11-25,Crypto-Only Risk Parity,BCH-USD,0.09086227365773444
2021-12-16,Crypto-Only Risk Parity,BCH-USD,0.09166555851740593
2022-01-06,Crypto-Only Risk Parity,BCH-USD,0.09308544089431502
2022-01-27,Crypto-Only Risk Parity,BCH-USD,0.09431005634039039
2022-02-17,Crypto-Only Risk Parity,BCH-USD,0.09564073998363194
2022-03-10,Crypto-Only Risk Parity,BCH-USD,0.09632713661939997
2022-03-31,Crypto-Only Risk Parity,BCH-USD,0.09467648700178345
2022-04-21,Crypto-Only Risk Parity,BCH-USD,0.09488485302592423
2022-05-12,Crypto-Only Risk Parity,BCH-USD,0.09568198821320978
2022-06-02,Crypto-Only Risk Parity,BCH-USD,0.09670321912280376
2022-06-23,Crypto-Only Risk Parity,BCH-USD,0.09742146726361935
2022-07-14,Crypto-Only Risk Parity,BCH-USD,0.09757497056672117
2022-08-04,Crypto-Only Risk Parity,BCH-USD,0.09332655579592818
2022-08-25,Crypto-Only Risk Parity,BCH-USD,0.09232552987726922
2022-09-15,Crypto-Only Risk Parity,BCH-USD,0.09112921532508417
2022-10-06,Crypto-Only Risk Parity,BCH-USD,0.09185119084490548
2022-10-27,Crypto-Only Risk Parity,BCH-USD,0.09206177748639519
2022-11-17,Crypto-Only Risk Parity,BCH-USD,0.09439077644043435
2022-12-08,Crypto-Only Risk Parity,BCH-USD,0.0948007908937891
2022-12-29,Crypto-Only Risk Parity,BCH-USD,0.09496441687666453
2023-01-19,Crypto-Only Risk Parity,BCH-USD,0.09539761488101603
2023-02-09,Crypto-Only Risk Parity,BCH-USD,0.0961722449372696
2023-03-02,Crypto-Only Risk Parity,BCH-USD,0.09715835812884947
2023-03-23,Crypto-Only Risk Parity,BCH-USD,0.09839123141885898
2023-04-13,Crypto-Only Risk Parity,BCH-USD,0.09974548208715814
2023-05-04,Crypto-Only Risk Parity,BCH-USD,0.1005425243903154
2023-05-25,Crypto-Only Risk Parity,BCH-USD,0.09894371158409038
2023-06-15,Crypto-Only Risk Parity,BCH-USD,0.1002540492442018
2023-07-06,Crypto-Only Risk Parity,BCH-USD,0.07234958713555797
2023-07-27,Crypto-Only Risk Parity,BCH-USD,0.090023916210484
2023-08-17,Crypto-Only Risk Parity,BCH-USD,0.0884298739374862
2023-09-07,Crypto-Only Risk Parity,BCH-USD,0.08288916161985785
2023-09-28,Crypto-Only Risk Parity,BCH-USD,0.08132913230848919
2023-10-19,Crypto-Only Risk Parity,BCH-USD,0.08185442371584958
2023-11-09,Crypto-Only Risk Parity,BCH-USD,0.08321680788265699
2023-11-30,Crypto-Only Risk Parity,BCH-USD,0.09102231697314321
2023-12-21,Crypto-Only Risk Parity,BCH-USD,0.09111293576958324
2020-09-10,Crypto-Only Risk Parity,BTC-USD,0.12903849249683658
2020-10-01,Crypto-Only Risk Parity,BTC-USD,0.1312497466273518
2020-10-22,Crypto-Only Risk Parity,BTC-USD,0.12971657623468263
2020-11-12,Crypto-Only Risk Parity,BTC-USD,0.12848528552400804
2020-12-03,Crypto-Only Risk Parity,BTC-USD,0.15420098522709372
2020-12-24,Crypto-Only Risk Parity,BTC-USD,0.16174172528003267
2021-01-14,Crypto-Only Risk Parity,BTC-USD,0.17244557391428258
2021-02-04,Crypto-Only Risk Parity,BTC-USD,0.15690742461106194
2021-02-25,Crypto-Only Risk Parity,BTC-USD,0.15659954515791977
2021-03-18,Crypto-Only Risk Parity,BTC-USD,0.15070692863008203
2021-04-08,Crypto-Only Risk Parity,BTC-USD,0.15901625407343184
2021-04-29,Crypto-Only Risk Parity,BTC-USD,0.16168775930015575
2021-05-20,Crypto-Only Risk Parity,BTC-USD,0.17461529247755161
2021-06-10,Crypto-Only Risk Parity,BTC-USD,0.17136373413347064
2021-07-01,Crypto-Only Risk Parity,BTC-USD,0.16741602989927412
2021-07-22,Crypto-Only Risk Parity,BTC-USD,0.1649731735889033
2021-08-12,Crypto-Only Risk Parity,BTC-USD,0.16280655320353382
2021-09-02,Crypto-Only Risk Parity,BTC-USD,0.16214116043538
2021-09-23,Crypto-Only Risk Parity,BTC-USD,0.1587698615307367
2021-10-14,Crypto-Only Risk Parity,BTC-USD,0.15455513809643576
2021-11-04,Crypto-Only Risk Parity,BTC-USD,0.15382682922793336
2021-11-25,Crypto-Only Risk Parity,BTC-USD,0.15265152837568752
2021-12-16,Crypto-Only Risk Parity,BTC-USD,0.14859242524395855
2022-01-06,Crypto-Only Risk Parity,BTC-USD,0.1463273376811626
2022-01-27,Crypto-Only Risk Parity,BTC-USD,0.14569885187576967
2022-02-17,Crypto-Only Risk Parity,BTC-USD,0.142772755579031
2022-03-10,Crypto-Only Risk Parity,BTC-USD,0.13241795243755142
2022-03-31,Crypto-Only Risk Parity,BTC-USD,0.1317705464731329
2022-04-21,Crypto-Only Risk Parity,BTC-USD,0.13316281855812812
2022-05-12,Crypto-Only Risk Parity,BTC-USD,0.13671112395650042
2022-06-02,Crypto-Only Risk Parity,BTC-USD,0.13713147958305838
2022-06-23,Crypto-Only Risk Parity,BTC-USD,0.12983636210214056
2022-07-14,Crypto-Only Risk Parity,BTC-USD,0.12833271731788734
2022-08-04,Crypto-Only Risk Parity,BTC-USD,0.12931517368743767
2022-08-25,Crypto-Only Risk Parity,BTC-USD,0.1283483611788964
2022-09-15,Crypto-Only Risk Parity,BTC-USD,0.12532612682050973
2022-10-06,Crypto-Only Risk Parity,BTC-USD,0.12749217041602878
2022-10-27,Crypto-Only Risk Parity,BTC-USD,0.12806324969111663
2022-11-17,Crypto-Only Risk Parity,BTC-USD,0.12552733157492305
2022-12-08,Crypto-Only Risk Parity,BTC-USD,0.1254461551502359
2022-12-29,Crypto-Only Risk Parity,BTC-USD,0.1267366781427724
2023-01-19,Crypto-Only Risk Parity,BTC-USD,0.12575127722623528
2023-02-09,Crypto-Only Risk Parity,BTC-USD,0.12546531242525485
2023-03-02,Crypto-Only Risk Parity,BTC-USD,0.12287170375698747
2023-03-23,Crypto-Only Risk Parity,BTC-USD,0.12098693762607517
2023-04-13,Crypto-Only Risk Parity,BTC-USD,0.12005411525327787
2023-05-04,Crypto-Only Risk Parity,BTC-USD,0.11877632172119114
2023-05-25,Crypto-Only Risk Parity,BTC-USD,0.11841809893162124
2023-06-15,Crypto-Only Risk Parity,BTC-USD,0.12058612935923418
2023-07-06,Crypto-Only Risk Parity,BTC-USD,0.12862023150081234
2023-07-27,Crypto-Only Risk Parity,BTC-USD,0.14792594704734432
2023-08-17,Crypto-Only Risk Parity,BTC-USD,0.1495315037051685
2023-09-07,Crypto-Only Risk Parity,BTC-USD,0.14310948046484098
2023-09-28,Crypto-Only Risk Parity,BTC-USD,0.1427143981831838
2023-10-19,Crypto-Only Risk Parity,BTC-USD,0.1403059894542134
2023-11-09,Crypto-Only Risk Parity,BTC-USD,0.13397335403066576
2023-11-30,Crypto-Only Risk Parity,BTC-USD,0.13002431722411523
2023-12-21,Crypto-Only Risk Parity,BTC-USD,0.12714043257607652
2020-09-10,Crypto-Only Risk Parity,EOS-USD,0.09115092848494763
2020-10-01,Crypto-Only Risk Parity,EOS-USD,0.0929552143767158
2020-10-22,Crypto-Only Risk Parity,EOS-USD,0.09473016217786939
2020-11-12,Crypto-Only Risk Parity,EOS-USD,0.0974498838073052
2020-12-03,Crypto-Only Risk Parity,EOS-USD,0.09669093969036342
2020-12-24,Crypto-Only Risk Parity,EOS-USD,0.09561914392398976
2021-01-14,Crypto-Only Risk Parity,EOS-USD,0.09286799906781985
2021-02-04,Crypto-Only Risk Parity,EOS-USD,0.09962139328665295
2021-02-25,Crypto-Only Risk Parity,EOS-USD,0.0944972281815502
2021-03-18,Crypto-Only Risk Parity,EOS-USD,0.09240344163726918
2021-04-08,Crypto-Only Risk Parity,EOS-USD,0.08711030524932842
2021-04-29,Crypto-Only Risk Parity,EOS-USD,0.0853290370502199
2021-05-20,Crypto-Only Risk Parity,EOS-USD,0.07027943016943967
2021-06-10,Crypto-Only Risk Parity,EOS-USD,0.07368201355170687
2021-07-01,Crypto-Only Risk Parity,EOS-USD,0.07563251228488065
2021-07-22,Crypto-Only Risk Parity,EOS-USD,0.07627788145179563
2021-08-12,Crypto-Only Risk Parity,EOS-USD,0.07730518332084757
2021-09-02,Crypto-Only Risk Parity,EOS-USD,0.07796430969218547
2021-09-23,Crypto-Only Risk Parity,EOS-USD,0.078481243497786
2021-10-14,Crypto-Only Risk Parity,EOS-USD,0.07906019181012583
2021-11-04,Crypto-Only Risk Parity,EOS-USD,0.07944657966869441
2021-11-25,Crypto-Only Risk Parity,EOS-USD,0.0804502030731009
2021-12-16,Crypto-Only Risk Parity,EOS-USD,0.07885223255177917
2022-01-06,Crypto-Only Risk Parity,EOS-USD,0.07935399403041946
2022-01-27,Crypto-Only Risk Parity,EOS-USD,0.08213974935275903
2022-02-17,Crypto-Only Risk Parity,EOS-USD,0.08408399656334879
2022-03-10,Crypto-Only Risk Parity,EOS-USD,0.08688501658852565
2022-03-31,Crypto-Only Risk Parity,EOS-USD,0.08652646261834737
2022-04-21,Crypto-Only Risk Parity,EOS-USD,0.08497458052992092
2022-05-12,Crypto-Only Risk Parity,EOS-USD,0.08580482671877954
2022-06-02,Crypto-Only Risk Parity,EOS-USD,0.08714737742080336
2022-06-23,Crypto-Only Risk Parity,EOS-USD,0.08977389031377489
2022-07-14,Crypto-Only Risk Parity,EOS-USD,0.09041136490329423
2022-08-04,Crypto-Only Risk Parity,EOS-USD,0.09187174697518824
2022-08-25,Crypto-Only Risk Parity,EOS-USD,0.08770344279166188
2022-09-15,Crypto-Only Risk Parity,EOS-USD,0.08273241687247476
2022-10-06,Crypto-Only Risk Parity,EOS-USD,0.08131317840157731
2022-10-27,Crypto-Only Risk Parity,EOS-USD,0.08169228286098386
2022-11-17,Crypto-Only Risk Parity,EOS-USD,0.08584417398237451
2022-12-08,Crypto-Only Risk Parity,EOS-USD,0.08668825309915143
2022-12-29,Crypto-Only Risk Parity,EOS-USD,0.08682336342216451
2023-01-19,Crypto-Only Risk Parity,EOS-USD,0.08741980779571448
2023-02-09,Crypto-Only Risk Parity,EOS-USD,0.08693485771667733
2023-03-02,Crypto-Only Risk Parity,EOS-USD,0.08646867002019938
2023-03-23,Crypto-Only Risk Parity,EOS-USD,0.0910377967580435
2023-04-13,Crypto-Only Risk Parity,EOS-USD,0.09156775624259052
2023-05-04,Crypto-Only Risk Parity,EOS-USD,0.09074087077116516
2023-05-25,Crypto-Only Risk Parity,EOS-USD,0.09021481223758472
2023-06-15,Crypto-Only Risk Parity,EOS-USD,0.08188574174202976
2023-07-06,Crypto-Only Risk Parity,EOS-USD,0.0808760080574423
2023-07-27,Crypto-Only Risk Parity,EOS-USD,0.0881484918333573
2023-08-17,Crypto-Only Risk Parity,EOS-USD,0.08768260433600247
2023-09-07,Crypto-Only Risk Parity,EOS-USD,0.08813355212916989
2023-09-28,Crypto-Only Risk Parity,EOS-USD,0.08843027891094232
2023-10-19,Crypto-Only Risk Parity,EOS-USD,0.08871374361187143
2023-11-09,Crypto-Only Risk Parity,EOS-USD,0.08891741382808645
2023-11-30,Crypto-Only Risk Parity,EOS-USD,0.08995191896143354
2023-12-21,Crypto-Only Risk Parity,EOS-USD,0.08899753093674148
2020-09-10,Crypto-Only Risk Parity,ETC-USD,0.09996034708428542
2020-10-01,Crypto-Only Risk Parity,ETC-USD,0.10223772922676666
2020-10-22,Crypto-Only Risk Parity,ETC-USD,0.10259507497287756
2020-11-12,Crypto-Only Risk Parity,ETC-USD,0.1019495977033178
2020-12-03,Crypto-Only Risk Parity,ETC-USD,0.10531300564498555
2020-12-24,Crypto-Only Risk Parity,ETC-USD,0.10413209684542064
2021-01-14,Crypto-Only Risk Parity,ETC-USD,0.10510987588140547
2021-02-04,Crypto-Only Risk Parity,ETC-USD,0.10854601513300419
2021-02-25,Crypto-Only Risk Parity,ETC-USD,0.09417826113266309
2021-03-18,Crypto-Only Risk Parity,ETC-USD,0.09194535239526404
2021-04-08,Crypto-Only Risk Parity,ETC-USD,0.09499304085184523
2021-04-29,Crypto-Only Risk Parity,ETC-USD,0.09242567809143672
2021-05-20,Crypto-Only Risk Parity,ETC-USD,0.08254966827384166
2021-06-10,Crypto-Only Risk Parity,ETC-USD,0.0806258843023091
2021-07-01,Crypto-Only Risk Parity,ETC-USD,0.07940562081196208
2021-07-22,Crypto-Only Risk Parity,ETC-USD,0.07980484279316029
2021-08-12,Crypto-Only Risk Parity,ETC-USD,0.08036705981405494
2021-09-02,Crypto-Only Risk Parity,ETC-USD,0.08140611251727908
2021-09-23,Crypto-Only Risk Parity,ETC-USD,0.08293750886388529
2021-10-14,Crypto-Only Risk Parity,ETC-USD,0.083897170929032
2021-11-04,Crypto-Only Risk Parity,ETC-USD,0.08462700739038563
2021-11-25,Crypto-Only Risk Parity,ETC-USD,0.08605728600510207
2021-12-16,Crypto-Only Risk Parity,ETC-USD,0.08784339449848795
2022-01-06,Crypto-Only Risk Parity,ETC-USD,0.08890058963546948
2022-01-27,Crypto-Only Risk Parity,ETC-USD,0.08944380893691402
2022-02-17,Crypto-Only Risk Parity,ETC-USD,0.09050413489472334
2022-03-10,Crypto-Only Risk Parity,ETC-USD,0.09078391997252638
2022-03-31,Crypto-Only Risk Parity,ETC-USD,0.0864022230532908
2022-04-21,Crypto-Only Risk Parity,ETC-USD,0.08438080726658762
2022-05-12,Crypto-Only Risk Parity,ETC-USD,0.08394031924062495
2022-06-02,Crypto-Only Risk Parity,ETC-USD,0.08600686245454403
2022-06-23,Crypto-Only Risk Parity,ETC-USD,0.08511298093598318
2022-07-14,Crypto-Only Risk Parity,ETC-USD,0.0856083333375074
2022-08-04,Crypto-Only Risk Parity,ETC-USD,0.07146747448501156
2022-08-25,Crypto-Only Risk Parity,ETC-USD,0.07127995344574403
2022-09-15,Crypto-Only Risk Parity,ETC-USD,0.070600551462088
2022-10-06,Crypto-Only Risk Parity,ETC-USD,0.0717657685812019
2022-10-27,Crypto-Only Risk Parity,ETC-USD,0.07073669896600214
2022-11-17,Crypto-Only Risk Parity,ETC-USD,0.07355046906709298
2022-12-08,Crypto-Only Risk Parity,ETC-USD,0.07326411340749768
2022-12-29,Crypto-Only Risk Parity,ETC-USD,0.07270232538262976
2023-01-19,Crypto-Only Risk Parity,ETC-USD,0.07157293263738954
2023-02-09,Crypto-Only Risk Parity,ETC-USD,0.07167866648825105
2023-03-02,Crypto-Only Risk Parity,ETC-USD,0.07355726832942118
2023-03-23,Crypto-Only Risk Parity,ETC-USD,0.0758534303177576
2023-04-13,Crypto-Only Risk Parity,ETC-USD,0.0767716110368874
2023-05-04,Crypto-Only Risk Parity,ETC-USD,0.07768947460751846
2023-05-25,Crypto-Only Risk Parity,ETC-USD,0.0782962951311844
2023-06-15,Crypto-Only Risk Parity,ETC-USD,0.07929392098112227
2023-07-06,Crypto-Only Risk Parity,ETC-USD,0.074908903041481
2023-07-27,Crypto-Only Risk Parity,ETC-USD,0.08479982577220968
2023-08-17,Crypto-Only Risk Parity,ETC-USD,0.08567959683013356
2023-09-07,Crypto-Only Risk Parity,ETC-USD,0.08665546283521135
2023-09-28,Crypto-Only Risk Parity,ETC-USD,0.08738847711444615
2023-10-19,Crypto-Only Risk Parity,ETC-USD,0.08859387157247815
2023-11-09,Crypto-Only Risk Parity,ETC-USD,0.08845482937996295
2023-11-30,Crypto-Only Risk Parity,ETC-USD,0.08823694348692492
2023-12-21,Crypto-Only Risk Parity,ETC-USD,0.08784391966221372
2020-09-10,Crypto-Only Risk Parity,ETH-USD,0.08938602516977937
2020-10-01,Crypto-Only Risk Parity,ETH-USD,0.08741768044935601
2020-10-22,Crypto-Only Risk Parity,ETH-USD,0.08696531034917618
2020-11-12,Crypto-Only Risk Parity,ETH-USD,0.08649148487010276
2020-12-03,Crypto-Only Risk Parity,ETH-USD,0.10285791396655573
2020-12-24,Crypto-Only Risk Parity,ETH-USD,0.10747783424029483
2021-01-14,Crypto-Only Risk Parity,ETH-USD,0.10393554220571337
2021-02-04,Crypto-Only Risk Parity,ETH-USD,0.09894227072475008
2021-02-25,Crypto-Only Risk Parity,ETH-USD,0.10932408355034268
2021-03-18,Crypto-Only Risk Parity,ETH-USD,0.10732343661896969
2021-04-08,Crypto-Only Risk Parity,ETH-USD,0.11038471703857687
2021-04-29,Crypto-Only Risk Parity,ETH-USD,0.1182365236448997
2021-05-20,Crypto-Only Risk Parity,ETH-USD,0.12400854533617929
2021-06-10,Crypto-Only Risk Parity,ETH-USD,0.11704755956272973
2021-07-01,Crypto-Only Risk Parity,ETH-USD,0.11624816184620287
2021-07-22,Crypto-Only Risk Parity,ETH-USD,0.11385266984323579
2021-08-12,Crypto-Only Risk Parity,ETH-USD,0.11346651153586351
2021-09-02,Crypto-Only Risk Parity,ETH-USD,0.1135830234358222
2021-09-23,Crypto-Only Risk Parity,ETH-USD,0.11255817146993366
2021-10-14,Crypto-Only Risk Parity,ETH-USD,0.1116340114998584
2021-11-04,Crypto-Only Risk Parity,ETH-USD,0.11082356243485056
2021-11-25,Crypto-Only Risk Parity,ETH-USD,0.11151784956823885
2021-12-16,Crypto-Only Risk Parity,ETH-USD,0.11224706053068392
2022-01-06,Crypto-Only Risk Parity,ETH-USD,0.1125314256049387
2022-01-27,Crypto-Only Risk Parity,ETH-USD,0.10873475522715177
2022-02-17,Crypto-Only Risk Parity,ETH-USD,0.1071575707125538
2022-03-10,Crypto-Only Risk Parity,ETH-USD,0.10578569621912266
2022-03-31,Crypto-Only Risk Parity,ETH-USD,0.10688891871161589
2022-04-21,Crypto-Only Risk Parity,ETH-USD,0.10847900265721765
2022-05-12,Crypto-Only Risk Parity,ETH-USD,0.11205066620094582
2022-06-02,Crypto-Only Risk Parity,ETH-USD,0.11009839521042172
2022-06-23,Crypto-Only Risk Parity,ETH-USD,0.10310746861537688
2022-07-14,Crypto-Only Risk Parity,ETH-USD,0.09974321647565268
2022-08-04,Crypto-Only Risk Parity,ETH-USD,0.09410294058397822
2022-08-25,Crypto-Only Risk Parity,ETH-USD,0.09242258668692972
2022-09-15,Crypto-Only Risk Parity,ETH-USD,0.0922247647042273
2022-10-06,Crypto-Only Risk Parity,ETH-USD,0.09162894351824759
2022-10-27,Crypto-Only Risk Parity,ETH-USD,0.09049033223761536
2022-11-17,Crypto-Only Risk Parity,ETH-USD,0.08783024558562268
2022-12-08,Crypto-Only Risk Parity,ETH-USD,0.08706199463737568
2022-12-29,Crypto-Only Risk Parity,ETH-USD,0.08746504449745775
2023-01-19,Crypto-Only Risk Parity,ETH-USD,0.08814653334392578
2023-02-09,Crypto-Only Risk Parity,ETH-USD,0.0888053747197598
2023-03-02,Crypto-Only Risk Parity,ETH-USD,0.09065479762884426
2023-03-23,Crypto-Only Risk Parity,ETH-USD,0.09513303001935237
2023-04-13,Crypto-Only Risk Parity,ETH-USD,0.095276288084787
2023-05-04,Crypto-Only Risk Parity,ETH-USD,0.09433625831764783
2023-05-25,Crypto-Only Risk Parity,ETH-USD,0.09428457895736737
2023-06-15,Crypto-Only Risk Parity,ETH-USD,0.09695417599377569
2023-07-06,Crypto-Only Risk Parity,ETH-USD,0.10331072560481946
2023-07-27,Crypto-Only Risk Parity,ETH-USD,0.11643284639455093
2023-08-17,Crypto-Only Risk Parity,ETH-USD,0.11866918910495296
2023-09-07,Crypto-Only Risk Parity,ETH-USD,0.1182575481924886
2023-09-28,Crypto-Only Risk Parity,ETH-USD,0.1180230317655363
2023-10-19,Crypto-Only Risk Parity,ETH-USD,0.11562653317587344
2023-11-09,Crypto-Only Risk Parity,ETH-USD,0.11528298953795793
2023-11-30,Crypto-Only Risk Parity,ETH-USD,0.1123617687581442
2023-12-21,Crypto-Only Risk Parity,ETH-USD,0.11311525372254459
2020-09-10,Crypto-Only Risk Parity,LTC-USD,0.09369405287296219
2020-10-01,Crypto-Only Risk Parity,LTC-USD,0.09353027566298473
2020-10-22,Crypto-Only Risk Parity,LTC-USD,0.09132211788898188
2020-11-12,Crypto-Only Risk Parity,LTC-USD,0.08936099889552504
2020-12-03,Crypto-Only Risk Parity,LTC-USD,0.09968523392736879
2020-12-24,Crypto-Only Risk Parity,LTC-USD,0.09623612278035985
2021-01-14,Crypto-Only Risk Parity,LTC-USD,0.09715145137965144
2021-02-04,Crypto-Only Risk Parity,LTC-USD,0.09780073431256832
2021-02-25,Crypto-Only Risk Parity,LTC-USD,0.09724713860580579
2021-03-18,Crypto-Only Risk Parity,LTC-USD,0.10084272730897834
2021-04-08,Crypto-Only Risk Parity,LTC-USD,0.10218863638756386
2021-04-29,Crypto-Only Risk Parity,LTC-USD,0.10243452644437821
2021-05-20,Crypto-Only Risk Parity,LTC-USD,0.09973080543992027
2021-06-10,Crypto-Only Risk Parity,LTC-USD,0.09722912788765171
2021-07-01,Crypto-Only Risk Parity,LTC-USD,0.0984228917424966
2021-07-22,Crypto-Only Risk Parity,LTC-USD,0.09888968850027381
2021-08-12,Crypto-Only Risk Parity,LTC-USD,0.09885253295172468
2021-09-02,Crypto-Only Risk Parity,LTC-USD,0.09966972537221408
2021-09-23,Crypto-Only Risk Parity,LTC-USD,0.09896069540061025
2021-10-14,Crypto-Only Risk Parity,LTC-USD,0.09908463119647302
2021-11-04,Crypto-Only Risk Parity,LTC-USD,0.09823536611208916
2021-11-25,Crypto-Only Risk Parity,LTC-USD,0.09366454374619716
2021-12-16,Crypto-Only Risk Parity,LTC-USD,0.09234795178770913
2022-01-06,Crypto-Only Risk Parity,LTC-USD,0.09333831227382362
2022-01-27,Crypto-Only Risk Parity,LTC-USD,0.0931319727975867
2022-02-17,Crypto-Only Risk Parity,LTC-USD,0.09229284062040546
2022-03-10,Crypto-Only Risk Parity,LTC-USD,0.09280477981545987
2022-03-31,Crypto-Only Risk Parity,LTC-USD,0.09337199109169339
2022-04-21,Crypto-Only Risk Parity,LTC-USD,0.09383613448052298
2022-05-12,Crypto-Only Risk Parity,LTC-USD,0.09374087401119006
2022-06-02,Crypto-Only Risk Parity,LTC-USD,0.09299469076717416
2022-06-23,Crypto-Only Risk Parity,LTC-USD,0.0919413626544397
2022-07-14,Crypto-Only Risk Parity,LTC-USD,0.09190190068331944
2022-08-04,Crypto-Only Risk Parity,LTC-USD,0.09431048708655557
2022-08-25,Crypto-Only Risk Parity,LTC-USD,0.0947367016538925
2022-09-15,Crypto-Only Risk Parity,LTC-USD,0.09541855626151512
2022-10-06,Crypto-Only Risk Parity,LTC-USD,0.0959250827565251
2022-10-27,Crypto-Only Risk Parity,LTC-USD,0.09587370394070213
2022-11-17,Crypto-Only Risk Parity,LTC-USD,0.09465566368397332
2022-12-08,Crypto-Only Risk Parity,LTC-USD,0.09135152357231328
2022-12-29,Crypto-Only Risk Parity,LTC-USD,0.0914126214239729
2023-01-19,Crypto-Only Risk Parity,LTC-USD,0.09265890188776589
2023-02-09,Crypto-Only Risk Parity,LTC-USD,0.0920163206464576
2023-03-02,Crypto-Only Risk Parity,LTC-USD,0.09354475601576968
2023-03-23,Crypto-Only Risk Parity,LTC-USD,0.09361713255678933
2023-04-13,Crypto-Only Risk Parity,LTC-USD,0.0940339540365868
2023-05-04,Crypto-Only Risk Parity,LTC-USD,0.09162678163291196
2023-05-25,Crypto-Only Risk Parity,LTC-USD,0.08961780190323232
2023-06-15,Crypto-Only Risk Parity,LTC-USD,0.08754966145060196
2023-07-06,Crypto-Only Risk Parity,LTC-USD,0.07875212300798416
2023-07-27,Crypto-Only Risk Parity,LTC-USD,0.08862285462174616
2023-08-17,Crypto-Only Risk Parity,LTC-USD,0.08686177443424463
2023-09-07,Crypto-Only Risk Parity,LTC-USD,0.08609478552176814
2023-09-28,Crypto-Only Risk Parity,LTC-USD,0.08543470787823053
2023-10-19,Crypto-Only Risk Parity,LTC-USD,0.08610798086364668
2023-11-09,Crypto-Only Risk Parity,LTC-USD,0.08653768776731696
2023-11-30,Crypto-Only Risk Parity,LTC-USD,0.09114940899107091
2023-12-21,Crypto-Only Risk Parity,LTC-USD,0.09453071661535148
2020-09-10,Crypto-Only Risk Parity,TRX-USD,0.10550458531079208
2020-10-01,Crypto-Only Risk Parity,TRX-USD,0.10462498418681565
2020-10-22,Crypto-Only Risk Parity,TRX-USD,0.10654639811345663
2020-11-12,Crypto-Only Risk Parity,TRX-USD,0.10752998841725976
2020-12-03,Crypto-Only Risk Parity,TRX-USD,0.10735895450018346
2020-12-24,Crypto-Only Risk Parity,TRX-USD,0.10813294278247072
2021-01-14,Crypto-Only Risk Parity,TRX-USD,0.11274114381333358
2021-02-04,Crypto-Only Risk Parity,TRX-USD,0.1193536197696413
2021-02-25,Crypto-Only Risk Parity,TRX-USD,0.10595213181582391
2021-03-18,Crypto-Only Risk Parity,TRX-USD,0.10859574995745269
2021-04-08,Crypto-Only Risk Parity,TRX-USD,0.09840736874926113
2021-04-29,Crypto-Only Risk Parity,TRX-USD,0.09348588661853721
2021-05-20,Crypto-Only Risk Parity,TRX-USD,0.09477649195451575
2021-06-10,Crypto-Only Risk Parity,TRX-USD,0.09746515634468651
2021-07-01,Crypto-Only Risk Parity,TRX-USD,0.0968863071755848
2021-07-22,Crypto-Only Risk Parity,TRX-USD,0.0977847152872045
2021-08-12,Crypto-Only Risk Parity,TRX-USD,0.0979913382963243
2021-09-02,Crypto-Only Risk Parity,TRX-USD,0.10009511447406645
2021-09-23,Crypto-Only Risk Parity,TRX-USD,0.09746986470281031
2021-10-14,Crypto-Only Risk Parity,TRX-USD,0.09860704279652174
2021-11-04,Crypto-Only Risk Parity,TRX-USD,0.09885128983861323
2021-11-25,Crypto-Only Risk Parity,TRX-USD,0.09841890067536165
2021-12-16,Crypto-Only Risk Parity,TRX-USD,0.10202823293461696
2022-01-06,Crypto-Only Risk Parity,TRX-USD,0.10288466425724346
2022-01-27,Crypto-Only Risk Parity,TRX-USD,0.10396754555074023
2022-02-17,Crypto-Only Risk Parity,TRX-USD,0.10564608056904407
2022-03-10,Crypto-Only Risk Parity,TRX-USD,0.11259256796783328
2022-03-31,Crypto-Only Risk Parity,TRX-USD,0.1154872879493858
2022-04-21,Crypto-Only Risk Parity,TRX-USD,0.11555503077828487
2022-05-12,Crypto-Only Risk Parity,TRX-USD,0.11011539467450267
2022-06-02,Crypto-Only Risk Parity,TRX-USD,0.11457427507859909
2022-06-23,Crypto-Only Risk Parity,TRX-USD,0.11711946623766763
2022-07-14,Crypto-Only Risk Parity,TRX-USD,0.12066221685907759
2022-08-04,Crypto-Only Risk Parity,TRX-USD,0.12932326205179645
2022-08-25,Crypto-Only Risk Parity,TRX-USD,0.13328351278084935
2022-09-15,Crypto-Only Risk Parity,TRX-USD,0.13734473047921475
2022-10-06,Crypto-Only Risk Parity,TRX-USD,0.14394426839555785
2022-10-27,Crypto-Only Risk Parity,TRX-USD,0.14632555408436204
2022-11-17,Crypto-Only Risk Parity,TRX-USD,0.15331287104521887
2022-12-08,Crypto-Only Risk Parity,TRX-USD,0.15464696375867493
2022-12-29,Crypto-Only Risk Parity,TRX-USD,0.15503568484046149
2023-01-19,Crypto-Only Risk Parity,TRX-USD,0.15303144839520155
2023-02-09,Crypto-Only Risk Parity,TRX-USD,0.15211400587337914
2023-03-02,Crypto-Only Risk Parity,TRX-USD,0.14543254452818566
2023-03-23,Crypto-Only Risk Parity,TRX-USD,0.1347200097566299
2023-04-13,Crypto-Only Risk Parity,TRX-USD,0.1331343458775577
2023-05-04,Crypto-Only Risk Parity,TRX-USD,0.13925028628700722
2023-05-25,Crypto-Only Risk Parity,TRX-USD,0.13969814057502267
2023-06-15,Crypto-Only Risk Parity,TRX-USD,0.13950652619876555
2023-07-06,Crypto-Only Risk Parity,TRX-USD,0.15203077193574066
2023-07-27,Crypto-Only Risk Parity,TRX-USD,0.17084606667303082
2023-08-17,Crypto-Only Risk Parity,TRX-USD,0.16906571780973884
2023-09-07,Crypto-Only Risk Parity,TRX-USD,0.17646197605046446
2023-09-28,Crypto-Only Risk Parity,TRX-USD,0.17473160557025755
2023-10-19,Crypto-Only Risk Parity,TRX-USD,0.1726758397311269
2023-11-09,Crypto-Only Risk Parity,TRX-USD,0.17659427689021415
2023-11-30,Crypto-Only Risk Parity,TRX-USD,0.1600580269871798
2023-12-21,Crypto-Only Risk Parity,TRX-USD,0.16339920009757145
2020-09-10,Crypto-Only Risk Parity,XLM-USD,0.10385003984105952
2020-10-01,Crypto-Only Risk Parity,XLM-USD,0.10218249906737167
2020-10-22,Crypto-Only Risk Parity,XLM-USD,0.10246390213411206
2020-11-12,Crypto-Only Risk Parity,XLM-USD,0.10120901691012861
2020-12-03,Crypto-Only Risk Parity,XLM-USD,0.0777513472774858
2020-12-24,Crypto-Only Risk Parity,XLM-USD,0.07439830945277626
2021-01-14,Crypto-Only Risk Parity,XLM-USD,0.06415278964099141
2021-02-04,Crypto-Only Risk Parity,XLM-USD,0.06569636407527153
2021-02-25,Crypto-Only Risk Parity,XLM-USD,0.07113246420840083
2021-03-18,Crypto-Only Risk Parity,XLM-USD,0.07318545970170873
2021-04-08,Crypto-Only Risk Parity,XLM-USD,0.07419302715927029
2021-04-29,Crypto-Only Risk Parity,XLM-USD,0.07641366080828634
2021-05-20,Crypto-Only Risk Parity,XLM-USD,0.08420945874814677
2021-06-10,Crypto-Only Risk Parity,XLM-USD,0.09107502598932768
2021-07-01,Crypto-Only Risk Parity,XLM-USD,0.09165151590715027
2021-07-22,Crypto-Only Risk Parity,XLM-USD,0.0929217958042309
2021-08-12,Crypto-Only Risk Parity,XLM-USD,0.09257334314580862
2021-09-02,Crypto-Only Risk Parity,XLM-USD,0.09247318625372954
2021-09-23,Crypto-Only Risk Parity,XLM-USD,0.09271955295265968
2021-10-14,Crypto-Only Risk Parity,XLM-USD,0.091709471790673
2021-11-04,Crypto-Only Risk Parity,XLM-USD,0.09161317183512857
2021-11-25,Crypto-Only Risk Parity,XLM-USD,0.09221125500431888
2021-12-16,Crypto-Only Risk Parity,XLM-USD,0.09295970573147064
2022-01-06,Crypto-Only Risk Parity,XLM-USD,0.0928767736654836
2022-01-27,Crypto-Only Risk Parity,XLM-USD,0.09323937306073751
2022-02-17,Crypto-Only Risk Parity,XLM-USD,0.09406501830511735
2022-03-10,Crypto-Only Risk Parity,XLM-USD,0.09431024750459091
2022-03-31,Crypto-Only Risk Parity,XLM-USD,0.094935609929464
2022-04-21,Crypto-Only Risk Parity,XLM-USD,0.09501376759195802
2022-05-12,Crypto-Only Risk Parity,XLM-USD,0.09815529803305872
2022-06-02,Crypto-Only Risk Parity,XLM-USD,0.09578633678401006
2022-06-23,Crypto-Only Risk Parity,XLM-USD,0.09934050990705619
2022-07-14,Crypto-Only Risk Parity,XLM-USD,0.0988995255913088
2022-08-04,Crypto-Only Risk Parity,XLM-USD,0.10259061960719919
2022-08-25,Crypto-Only Risk Parity,XLM-USD,0.10438384208847667
2022-09-15,Crypto-Only Risk Parity,XLM-USD,0.10515636194858753
2022-10-06,Crypto-Only Risk Parity,XLM-USD,0.10265553020681435
2022-10-27,Crypto-Only Risk Parity,XLM-USD,0.10336015408320642
2022-11-17,Crypto-Only Risk Parity,XLM-USD,0.09993313558742217
2022-12-08,Crypto-Only Risk Parity,XLM-USD,0.10044383322884187
2022-12-29,Crypto-Only Risk Parity,XLM-USD,0.10001710686045548
2023-01-19,Crypto-Only Risk Parity,XLM-USD,0.10074453461798254
2023-02-09,Crypto-Only Risk Parity,XLM-USD,0.10151998170595698
2023-03-02,Crypto-Only Risk Parity,XLM-USD,0.10335172032821566
2023-03-23,Crypto-Only Risk Parity,XLM-USD,0.10411830933189395
2023-04-13,Crypto-Only Risk Parity,XLM-USD,0.10396151366617522
2023-05-04,Crypto-Only Risk Parity,XLM-USD,0.10340664021277107
2023-05-25,Crypto-Only Risk Parity,XLM-USD,0.10589508703966168
2023-06-15,Crypto-Only Risk Parity,XLM-USD,0.10898824556845031
2023-07-06,Crypto-Only Risk Parity,XLM-USD,0.10727451117086467
2023-07-27,Crypto-Only Risk Parity,XLM-USD,0.06513857966363831
2023-08-17,Crypto-Only Risk Parity,XLM-USD,0.0650620561753688
2023-09-07,Crypto-Only Risk Parity,XLM-USD,0.06556191062692941
2023-09-28,Crypto-Only Risk Parity,XLM-USD,0.06751301365967508
2023-10-19,Crypto-Only Risk Parity,XLM-USD,0.06885605098778308
2023-11-09,Crypto-Only Risk Parity,XLM-USD,0.07026126125274813
2023-11-30,Crypto-Only Risk Parity,XLM-USD,0.07562185270380298
2023-12-21,Crypto-Only Risk Parity,XLM-USD,0.0787622584579896
2020-09-10,Crypto-Only Risk Parity,XRP-USD,0.11419313533371743
2020-10-01,Crypto-Only Risk Parity,XRP-USD,0.11354573776981942
2020-10-22,Crypto-Only Risk Parity,XRP-USD,0.1137569695494815
2020-11-12,Crypto-Only Risk Parity,XRP-USD,0.11499388979194508
2020-12-03,Crypto-Only Risk Parity,XRP-USD,0.07682577120383022
2020-12-24,Crypto-Only Risk Parity,XRP-USD,0.06754535416933972
2021-01-14,Crypto-Only Risk Parity,XRP-USD,0.07788201776052467
2021-02-04,Crypto-Only Risk Parity,XRP-USD,0.0795727943371091
2021-02-25,Crypto-Only Risk Parity,XRP-USD,0.08648741438964763
2021-03-18,Crypto-Only Risk Parity,XRP-USD,0.08835328673460727
2021-04-08,Crypto-Only Risk Parity,XRP-USD,0.08101618537130713
2021-04-29,Crypto-Only Risk Parity,XRP-USD,0.0739007462664262
2021-05-20,Crypto-Only Risk Parity,XRP-USD,0.08397428118546
2021-06-10,Crypto-Only Risk Parity,XRP-USD,0.08604790057006285
2021-07-01,Crypto-Only Risk Parity,XRP-USD,0.08574543258716279
2021-07-22,Crypto-Only Risk Parity,XRP-USD,0.08647054767619089
2021-08-12,Crypto-Only Risk Parity,XRP-USD,0.08537960817298096
2021-09-02,Crypto-Only Risk Parity,XRP-USD,0.08376210764528684
2021-09-23,Crypto-Only Risk Parity,XRP-USD,0.08490042215250318
2021-10-14,Crypto-Only Risk Parity,XRP-USD,0.08595628020479679
2021-11-04,Crypto-Only Risk Parity,XRP-USD,0.08632821328439529
2021-11-25,Crypto-Only Risk Parity,XRP-USD,0.08885841366506263
2021-12-16,Crypto-Only Risk Parity,XRP-USD,0.09136011032813905
2022-01-06,Crypto-Only Risk Parity,XRP-USD,0.09101105726302101
2022-01-27,Crypto-Only Risk Parity,XRP-USD,0.09246647670724058
2022-02-17,Crypto-Only Risk Parity,XRP-USD,0.08982481712725174
2022-03-10,Crypto-Only Risk Parity,XRP-USD,0.09059018865646762
2022-03-31,Crypto-Only Risk Parity,XRP-USD,0.09321348092756017
2022-04-21,Crypto-Only Risk Parity,XRP-USD,0.09443851612134935
2022-05-12,Crypto-Only Risk Parity,XRP-USD,0.09458196719243361
2022-06-02,Crypto-Only Risk Parity,XRP-USD,0.09638636463189126
2022-06-23,Crypto-Only Risk Parity,XRP-USD,0.10020887003211745
2022-07-14,Crypto-Only Risk Parity,XRP-USD,0.09991966788618813
2022-08-04,Crypto-Only Risk Parity,XRP-USD,0.10367540823381255
2022-08-25,Crypto-Only Risk Parity,XRP-USD,0.1053486141539351
2022-09-15,Crypto-Only Risk Parity,XRP-USD,0.10830054136233888
2022-10-06,Crypto-Only Risk Parity,XRP-USD,0.09954808648233616
2022-10-27,Crypto-Only Risk Parity,XRP-USD,0.09949966597545899
2022-11-17,Crypto-Only Risk Parity,XRP-USD,0.09139676030720605
2022-12-08,Crypto-Only Risk Parity,XRP-USD,0.09182374325482491
2022-12-29,Crypto-Only Risk Parity,XRP-USD,0.0920931789527752
2023-01-19,Crypto-Only Risk Parity,XRP-USD,0.09377708773968986
2023-02-09,Crypto-Only Risk Parity,XRP-USD,0.09455586370782576
2023-03-02,Crypto-Only Risk Parity,XRP-USD,0.09791227953664108
2023-03-23,Crypto-Only Risk Parity,XRP-USD,0.09545190321031259
2023-04-13,Crypto-Only Risk Parity,XRP-USD,0.09528527567297675
2023-05-04,Crypto-Only Risk Parity,XRP-USD,0.09388895392469668
2023-05-25,Crypto-Only Risk Parity,XRP-USD,0.09424531126503251
2023-06-15,Crypto-Only Risk Parity,XRP-USD,0.09518079473215524
2023-07-06,Crypto-Only Risk Parity,XRP-USD,0.10830054948128243
2023-07-27,Crypto-Only Risk Parity,XRP-USD,0.06212149975572071
2023-08-17,Crypto-Only Risk Parity,XRP-USD,0.06252568478838698
2023-09-07,Crypto-Only Risk Parity,XRP-USD,0.06344361587093525
2023-09-28,Crypto-Only Risk Parity,XRP-USD,0.06421434223922674
2023-10-19,Crypto-Only Risk Parity,XRP-USD,0.0658369337883723
2023-11-09,Crypto-Only Risk Parity,XRP-USD,0.06636163182235032
2023-11-30,Crypto-Only Risk Parity,XRP-USD,0.07053988809641237
2023-12-21,Crypto-Only Risk Parity,XRP-USD,0.0750920960552166
2021-03-18,Crypto-Only Min-CVaR,ADA-USD,0.04128934027161777
2021-04-08,Crypto-Only Min-CVaR,ADA-USD,0.046102489728035684
2021-04-29,Crypto-Only Min-CVaR,ADA-USD,0.10038114286206157
2021-05-20,Crypto-Only Min-CVaR,ADA-USD,0.25
2021-06-10,Crypto-Only Min-CVaR,ADA-USD,0.25
2021-07-01,Crypto-Only Min-CVaR,ADA-USD,0.25
2021-07-22,Crypto-Only Min-CVaR,ADA-USD,0.25
2021-08-12,Crypto-Only Min-CVaR,ADA-USD,0.25
2021-09-02,Crypto-Only Min-CVaR,ADA-USD,0.25
2021-09-23,Crypto-Only Min-CVaR,ADA-USD,0.25
2021-10-14,Crypto-Only Min-CVaR,ADA-USD,0.25
2021-11-04,Crypto-Only Min-CVaR,ADA-USD,0.25
2021-11-25,Crypto-Only Min-CVaR,ADA-USD,0.25
2021-12-16,Crypto-Only Min-CVaR,ADA-USD,0.25
2022-01-06,Crypto-Only Min-CVaR,ADA-USD,0.25
2022-01-27,Crypto-Only Min-CVaR,ADA-USD,0.25
2022-02-17,Crypto-Only Min-CVaR,ADA-USD,0.25
2022-03-10,Crypto-Only Min-CVaR,ADA-USD,0.25
2022-03-31,Crypto-Only Min-CVaR,ADA-USD,0.25
2022-04-21,Crypto-Only Min-CVaR,ADA-USD,0.25
2022-05-12,Crypto-Only Min-CVaR,ADA-USD,0.25
2022-06-02,Crypto-Only Min-CVaR,ADA-USD,0.25
2022-06-23,Crypto-Only Min-CVaR,ADA-USD,0.25
2022-07-14,Crypto-Only Min-CVaR,ADA-USD,0.25
2022-08-04,Crypto-Only Min-CVaR,ADA-USD,0.25
2022-08-25,Crypto-Only Min-CVaR,ADA-USD,0.22711810122861706
2022-09-15,Crypto-Only Min-CVaR,ADA-USD,0.2475016242309649
2022-10-06,Crypto-Only Min-CVaR,ADA-USD,0.2271181012286176
2022-10-27,Crypto-Only Min-CVaR,ADA-USD,0.2060976070816228
2022-11-17,Crypto-Only Min-CVaR,ADA-USD,0.2467403520344765
2022-12-08,Crypto-Only Min-CVaR,ADA-USD,0.2463944927215518
2022-12-29,Crypto-Only Min-CVaR,ADA-USD,0.23258139389346302
2023-01-19,Crypto-Only Min-CVaR,ADA-USD,0.232581393893463
2023-02-09,Crypto-Only Min-CVaR,ADA-USD,0.25
2023-03-02,Crypto-Only Min-CVaR,ADA-USD,0.25
2023-03-23,Crypto-Only Min-CVaR,ADA-USD,0.21288216877665453
2023-04-13,Crypto-Only Min-CVaR,ADA-USD,0.21163611719977002
2023-05-04,Crypto-Only Min-CVaR,ADA-USD,0.2256497999656396
2023-05-25,Crypto-Only Min-CVaR,ADA-USD,0.21359206490999721
2023-06-15,Crypto-Only Min-CVaR,ADA-USD,0.20189638726725107
2023-07-06,Crypto-Only Min-CVaR,ADA-USD,0.18282390017938566
2023-07-27,Crypto-Only Min-CVaR,ADA-USD,0.11729911221378779
2023-08-17,Crypto-Only Min-CVaR,ADA-USD,0.10423313317952419
2023-09-07,Crypto-Only Min-CVaR,ADA-USD,0.1592376422615542
2023-09-28,Crypto-Only Min-CVaR,ADA-USD,0.20082314253284944
2023-10-19,Crypto-Only Min-CVaR,ADA-USD,0.1912750022749071
2023-11-09,Crypto-Only Min-CVaR,ADA-USD,0.11740833870996577
2023-11-30,Crypto-Only Min-CVaR,ADA-USD,0.15131876255087784
2023-12-21,Crypto-Only Min-CVaR,ADA-USD,0.15131876255087895
2020-10-01,Crypto-Only Min-CVaR,BCH-USD,0.04718996870514222
2020-10-22,Crypto-Only Min-CVaR,BCH-USD,0.04074573270879984
2020-11-12,Crypto-Only Min-CVaR,BCH-USD,0.031019970752840118
2020-12-24,Crypto-Only Min-CVaR,BCH-USD,0.13915906391328117
2021-01-14,Crypto-Only Min-CVaR,BCH-USD,0.04702097909866219
2020-09-10,Crypto-Only Min-CVaR,BTC-USD,0.25
2020-10-01,Crypto-Only Min-CVaR,BTC-USD,0.25
2020-10-22,Crypto-Only Min-CVaR,BTC-USD,0.25
2020-11-12,Crypto-Only Min-CVaR,BTC-USD,0.25
2020-12-03,Crypto-Only Min-CVaR,BTC-USD,0.25
2020-12-24,Crypto-Only Min-CVaR,BTC-USD,0.25
2021-01-14,Crypto-Only Min-CVaR,BTC-USD,0.25
2021-02-04,Crypto-Only Min-CVaR,BTC-USD,0.25
2021-02-25,Crypto-Only Min-CVaR,BTC-USD,0.25
2021-03-18,Crypto-Only Min-CVaR,BTC-USD,0.25
2021-04-08,Crypto-Only Min-CVaR,BTC-USD,0.25
2021-04-29,Crypto-Only Min-CVaR,BTC-USD,0.25
2021-05-20,Crypto-Only Min-CVaR,BTC-USD,0.25
2021-06-10,Crypto-Only Min-CVaR,BTC-USD,0.25
2021-07-01,Crypto-Only Min-CVaR,BTC-USD,0.25
2021-07-22,Crypto-Only Min-CVaR,BTC-USD,0.25
2021-08-12,Crypto-Only Min-CVaR,BTC-USD,0.25
2021-09-02,Crypto-Only Min-CVaR,BTC-USD,0.25
2021-09-23,Crypto-Only Min-CVaR,BTC-USD,0.25
2021-10-14,Crypto-Only Min-CVaR,BTC-USD,0.25
2021-11-04,Crypto-Only Min-CVaR,BTC-USD,0.25
2021-11-25,Crypto-Only Min-CVaR,BTC-USD,0.25
2021-12-16,Crypto-Only Min-CVaR,BTC-USD,0.25
2022-01-06,Crypto-Only Min-CVaR,BTC-USD,0.25
2022-01-27,Crypto-Only Min-CVaR,BTC-USD,0.25
2022-02-17,Crypto-Only Min-CVaR,BTC-USD,0.25
2022-03-10,Crypto-Only Min-CVaR,BTC-USD,0.25
2022-03-31,Crypto-Only Min-CVaR,BTC-USD,0.25
2022-04-21,Crypto-Only Min-CVaR,BTC-USD,0.25
2022-05-12,Crypto-Only Min-CVaR,BTC-USD,0.25
2022-06-02,Crypto-Only Min-CVaR,BTC-USD,0.25
2022-06-23,Crypto-Only Min-CVaR,BTC-USD,0.25
2022-07-14,Crypto-Only Min-CVaR,BTC-USD,0.25
2022-08-04,Crypto-Only Min-CVaR,BTC-USD,0.25
2022-08-25,Crypto-Only Min-CVaR,BTC-USD,0.25
2022-09-15,Crypto-Only Min-CVaR,BTC-USD,0.25
2022-10-06,Crypto-Only Min-CVaR,BTC-USD,0.25
2022-10-27,Crypto-Only Min-CVaR,BTC-USD,0.25
2022-11-17,Crypto-Only Min-CVaR,BTC-USD,0.25
2022-12-08,Crypto-Only Min-CVaR,BTC-USD,0.25
2022-12-29,Crypto-Only Min-CVaR,BTC-USD,0.25
2023-01-19,Crypto-Only Min-CVaR,BTC-USD,0.25
2023-02-09,Crypto-Only Min-CVaR,BTC-USD,0.25
2023-03-02,Crypto-Only Min-CVaR,BTC-USD,0.25
2023-03-23,Crypto-Only Min-CVaR,BTC-USD,0.25
2023-04-13,Crypto-Only Min-CVaR,BTC-USD,0.25
2023-05-04,Crypto-Only Min-CVaR,BTC-USD,0.25
2023-05-25,Crypto-Only Min-CVaR,BTC-USD,0.25
2023-06-15,Crypto-Only Min-CVaR,BTC-USD,0.25
2023-07-06,Crypto-Only Min-CVaR,BTC-USD,0.25
2023-07-27,Crypto-Only Min-CVaR,BTC-USD,0.25
2023-08-17,Crypto-Only Min-CVaR,BTC-USD,0.25
2023-09-07,Crypto-Only Min-CVaR,BTC-USD,0.25
2023-09-28,Crypto-Only Min-CVaR,BTC-USD,0.25
2023-10-19,Crypto-Only Min-CVaR,BTC-USD,0.25
2023-11-09,Crypto-Only Min-CVaR,BTC-USD,0.25
2023-11-30,Crypto-Only Min-CVaR,BTC-USD,0.25
2023-12-21,Crypto-Only Min-CVaR,BTC-USD,0.25
2021-02-04,Crypto-Only Min-CVaR,EOS-USD,0.12121649838416967
2021-05-20,Crypto-Only Min-CVaR,ETC-USD,0.0006357065397101419
2021-10-14,Crypto-Only Min-CVaR,ETC-USD,0.0009575694336232745
2021-11-04,Crypto-Only Min-CVaR,ETC-USD,0.0009575694336223039
2021-11-25,Crypto-Only Min-CVaR,ETC-USD,0.0009575694336236949
2022-01-06,Crypto-Only Min-CVaR,ETC-USD,0.00080837491605237
2022-01-27,Crypto-Only Min-CVaR,ETC-USD,0.0008083749160523651
2022-02-17,Crypto-Only Min-CVaR,ETC-USD,0.005502657713038681
2022-03-10,Crypto-Only Min-CVaR,ETC-USD,0.005631649217544478
2022-03-31,Crypto-Only Min-CVaR,ETC-USD,0.00832607839396433
2022-04-21,Crypto-Only Min-CVaR,ETC-USD,0.0056316492175444354
2022-05-12,Crypto-Only Min-CVaR,ETC-USD,0.0016714574096903354
2022-06-02,Crypto-Only Min-CVaR,ETC-USD,0.0003511731645038722
2022-06-23,Crypto-Only Min-CVaR,ETC-USD,0.0003511731645037733
2022-07-14,Crypto-Only Min-CVaR,ETC-USD,0.001802011005504517
2022-08-04,Crypto-Only Min-CVaR,ETC-USD,0.0018020110055045153
2022-08-25,Crypto-Only Min-CVaR,ETC-USD,0.005041484148826468
2022-09-15,Crypto-Only Min-CVaR,ETC-USD,0.0024983757690351764
2022-10-06,Crypto-Only Min-CVaR,ETC-USD,0.005041484148826433
2022-10-27,Crypto-Only Min-CVaR,ETC-USD,0.008283700286328431
2022-11-17,Crypto-Only Min-CVaR,ETC-USD,0.003259647965523689
2022-12-08,Crypto-Only Min-CVaR,ETC-USD,0.0036055072784481885
2022-12-29,Crypto-Only Min-CVaR,ETC-USD,0.005071101615738956
2023-01-19,Crypto-Only Min-CVaR,ETC-USD,0.0050711016157389665
2023-03-23,Crypto-Only Min-CVaR,ETC-USD,0.013431735041589619
2020-12-24,Crypto-Only Min-CVaR,ETH-USD,0.25
2021-01-14,Crypto-Only Min-CVaR,ETH-USD,0.25
2021-02-04,Crypto-Only Min-CVaR,ETH-USD,0.18089942348461394
2021-02-25,Crypto-Only Min-CVaR,ETH-USD,0.2434314362841604
2021-03-18,Crypto-Only Min-CVaR,ETH-USD,0.2316706306513349
2021-04-08,Crypto-Only Min-CVaR,ETH-USD,0.25
2021-04-29,Crypto-Only Min-CVaR,ETH-USD,0.25
2021-05-20,Crypto-Only Min-CVaR,ETH-USD,0.25
2021-06-10,Crypto-Only Min-CVaR,ETH-USD,0.25
2021-07-01,Crypto-Only Min-CVaR,ETH-USD,0.25
2021-07-22,Crypto-Only Min-CVaR,ETH-USD,0.25
2021-08-12,Crypto-Only Min-CVaR,ETH-USD,0.25
2021-09-02,Crypto-Only Min-CVaR,ETH-USD,0.25
2021-09-23,Crypto-Only Min-CVaR,ETH-USD,0.25
2021-10-14,Crypto-Only Min-CVaR,ETH-USD,0.25
2021-11-04,Crypto-Only Min-CVaR,ETH-USD,0.25
2021-11-25,Crypto-Only Min-CVaR,ETH-USD,0.25
2021-12-16,Crypto-Only Min-CVaR,ETH-USD,0.25
2022-01-06,Crypto-Only Min-CVaR,ETH-USD,0.25
2022-01-27,Crypto-Only Min-CVaR,ETH-USD,0.25
2022-02-17,Crypto-Only Min-CVaR,ETH-USD,0.25
2022-03-10,Crypto-Only Min-CVaR,ETH-USD,0.25
2022-03-31,Crypto-Only Min-CVaR,ETH-USD,0.25
2022-04-21,Crypto-Only Min-CVaR,ETH-USD,0.25
2022-05-12,Crypto-Only Min-CVaR,ETH-USD,0.25
2022-06-02,Crypto-Only Min-CVaR,ETH-USD,0.25
2022-06-23,Crypto-Only Min-CVaR,ETH-USD,0.25
2022-07-14,Crypto-Only Min-CVaR,ETH-USD,0.25
2022-08-04,Crypto-Only Min-CVaR,ETH-USD,0.25
2022-08-25,Crypto-Only Min-CVaR,ETH-USD,0.25
2022-09-15,Crypto-Only Min-CVaR,ETH-USD,0.25
2022-10-06,Crypto-Only Min-CVaR,ETH-USD,0.25
2022-10-27,Crypto-Only Min-CVaR,ETH-USD,0.25
2022-11-17,Crypto-Only Min-CVaR,ETH-USD,0.25
2022-12-08,Crypto-Only Min-CVaR,ETH-USD,0.25
2022-12-29,Crypto-Only Min-CVaR,ETH-USD,0.25
2023-01-19,Crypto-Only Min-CVaR,ETH-USD,0.25
2023-02-09,Crypto-Only Min-CVaR,ETH-USD,0.25
2023-03-02,Crypto-Only Min-CVaR,ETH-USD,0.25
2023-03-23,Crypto-Only Min-CVaR,ETH-USD,0.25
2023-04-13,Crypto-Only Min-CVaR,ETH-USD,0.25
2023-05-04,Crypto-Only Min-CVaR,ETH-USD,0.25
2023-05-25,Crypto-Only Min-CVaR,ETH-USD,0.25
2023-06-15,Crypto-Only Min-CVaR,ETH-USD,0.25
2023-07-06,Crypto-Only Min-CVaR,ETH-USD,0.25
2023-07-27,Crypto-Only Min-CVaR,ETH-USD,0.25
2023-08-17,Crypto-Only Min-CVaR,ETH-USD,0.25
2023-09-07,Crypto-Only Min-CVaR,ETH-USD,0.25
2023-09-28,Crypto-Only Min-CVaR,ETH-USD,0.25
2023-10-19,Crypto-Only Min-CVaR,ETH-USD,0.25
2023-11-09,Crypto-Only Min-CVaR,ETH-USD,0.25
2023-11-30,Crypto-Only Min-CVaR,ETH-USD,0.25
2023-12-21,Crypto-Only Min-CVaR,ETH-USD,0.25
2020-09-10,Crypto-Only Min-CVaR,LTC-USD,0.049983307440544064
2020-12-03,Crypto-Only Min-CVaR,LTC-USD,0.041542461218223636
2020-12-24,Crypto-Only Min-CVaR,LTC-USD,0.04513618739061118
2020-09-10,Crypto-Only Min-CVaR,TRX-USD,0.20001669255945503
2020-10-01,Crypto-Only Min-CVaR,TRX-USD,0.2028100312948593
2020-10-22,Crypto-Only Min-CVaR,TRX-USD,0.2092542672912005
2020-11-12,Crypto-Only Min-CVaR,TRX-USD,0.21898002924716867
2020-12-03,Crypto-Only Min-CVaR,TRX-USD,0.20845753878177636
2020-12-24,Crypto-Only Min-CVaR,TRX-USD,0.217166336102058
2021-01-14,Crypto-Only Min-CVaR,TRX-USD,0.20297902090133782
2021-02-04,Crypto-Only Min-CVaR,TRX-USD,0.19788407813121636
2021-02-25,Crypto-Only Min-CVaR,TRX-USD,0.18564564593602695
2021-03-18,Crypto-Only Min-CVaR,TRX-USD,0.19013779808360903
2021-04-08,Crypto-Only Min-CVaR,TRX-USD,0.18933877083282943
2021-04-29,Crypto-Only Min-CVaR,TRX-USD,0.19553910925097243
2021-05-20,Crypto-Only Min-CVaR,TRX-USD,0.18947024892956435
2021-06-10,Crypto-Only Min-CVaR,TRX-USD,0.18645358347179974
2021-07-01,Crypto-Only Min-CVaR,TRX-USD,0.1843320783422413
2021-07-22,Crypto-Only Min-CVaR,TRX-USD,0.1890884278601963
2021-08-12,Crypto-Only Min-CVaR,TRX-USD,0.19154742486737517
2021-09-02,Crypto-Only Min-CVaR,TRX-USD,0.19299004362964448
2021-09-23,Crypto-Only Min-CVaR,TRX-USD,0.19154742486737517
2021-10-14,Crypto-Only Min-CVaR,TRX-USD,0.1940604402580333
2021-11-04,Crypto-Only Min-CVaR,TRX-USD,0.1940604402580322
2021-11-25,Crypto-Only Min-CVaR,TRX-USD,0.19406044025803304
2021-12-16,Crypto-Only Min-CVaR,TRX-USD,0.192125335799821
2022-01-06,Crypto-Only Min-CVaR,TRX-USD,0.1919327287580157
2022-01-27,Crypto-Only Min-CVaR,TRX-USD,0.19193272875801548
2022-02-17,Crypto-Only Min-CVaR,TRX-USD,0.1911798395499684
2022-03-10,Crypto-Only Min-CVaR,TRX-USD,0.2126625857429681
2022-03-31,Crypto-Only Min-CVaR,TRX-USD,0.19642643132544482
2022-04-21,Crypto-Only Min-CVaR,TRX-USD,0.21266258574296798
2022-05-12,Crypto-Only Min-CVaR,TRX-USD,0.21524534069054985
2022-06-02,Crypto-Only Min-CVaR,TRX-USD,0.231123057293268
2022-06-23,Crypto-Only Min-CVaR,TRX-USD,0.2311230572932682
2022-07-14,Crypto-Only Min-CVaR,TRX-USD,0.2191195688904192
2022-08-04,Crypto-Only Min-CVaR,TRX-USD,0.21911956889041906
2022-08-25,Crypto-Only Min-CVaR,TRX-USD,0.25
2022-09-15,Crypto-Only Min-CVaR,TRX-USD,0.25
2022-10-06,Crypto-Only Min-CVaR,TRX-USD,0.25
2022-10-27,Crypto-Only Min-CVaR,TRX-USD,0.25
2022-11-17,Crypto-Only Min-CVaR,TRX-USD,0.25
2022-12-08,Crypto-Only Min-CVaR,TRX-USD,0.25
2022-12-29,Crypto-Only Min-CVaR,TRX-USD,0.25
2023-01-19,Crypto-Only Min-CVaR,TRX-USD,0.25
2023-02-09,Crypto-Only Min-CVaR,TRX-USD,0.25
2023-03-02,Crypto-Only Min-CVaR,TRX-USD,0.25
2023-03-23,Crypto-Only Min-CVaR,TRX-USD,0.25
2023-04-13,Crypto-Only Min-CVaR,TRX-USD,0.25
2023-05-04,Crypto-Only Min-CVaR,TRX-USD,0.25
2023-05-25,Crypto-Only Min-CVaR,TRX-USD,0.25
2023-06-15,Crypto-Only Min-CVaR,TRX-USD,0.25
2023-07-06,Crypto-Only Min-CVaR,TRX-USD,0.25
2023-07-27,Crypto-Only Min-CVaR,TRX-USD,0.25
2023-08-17,Crypto-Only Min-CVaR,TRX-USD,0.25
2023-09-07,Crypto-Only Min-CVaR,TRX-USD,0.25
2023-09-28,Crypto-Only Min-CVaR,TRX-USD,0.25
2023-10-19,Crypto-Only Min-CVaR,TRX-USD,0.25
2023-11-09,Crypto-Only Min-CVaR,TRX-USD,0.25
2023-11-30,Crypto-Only Min-CVaR,TRX-USD,0.25
2023-12-21,Crypto-Only Min-CVaR,TRX-USD,0.25
2020-09-10,Crypto-Only Min-CVaR,XLM-USD,0.25
2020-10-01,Crypto-Only Min-CVaR,XLM-USD,0.25
2020-10-22,Crypto-Only Min-CVaR,XLM-USD,0.25
2020-11-12,Crypto-Only Min-CVaR,XLM-USD,0.25
2020-12-03,Crypto-Only Min-CVaR,XLM-USD,0.25
2020-12-24,Crypto-Only Min-CVaR,XLM-USD,0.09853841259404975
2021-01-14,Crypto-Only Min-CVaR,XLM-USD,0.25
2021-02-04,Crypto-Only Min-CVaR,XLM-USD,0.25
2021-02-25,Crypto-Only Min-CVaR,XLM-USD,0.25
2021-03-18,Crypto-Only Min-CVaR,XLM-USD,0.25
2021-04-08,Crypto-Only Min-CVaR,XLM-USD,0.22877281142131115
2021-04-29,Crypto-Only Min-CVaR,XLM-USD,0.20407974788696603
2021-05-20,Crypto-Only Min-CVaR,XLM-USD,0.03156238728526913
2021-06-10,Crypto-Only Min-CVaR,XLM-USD,0.06354641652820024
2021-07-01,Crypto-Only Min-CVaR,XLM-USD,0.06566792165775832
2021-07-22,Crypto-Only Min-CVaR,XLM-USD,0.06091157213980368
2021-08-12,Crypto-Only Min-CVaR,XLM-USD,0.05845257513262483
2021-09-02,Crypto-Only Min-CVaR,XLM-USD,0.057009956370355525
2021-09-23,Crypto-Only Min-CVaR,XLM-USD,0.05845257513262483
2021-10-14,Crypto-Only Min-CVaR,XLM-USD,0.054981990308343096
2021-11-04,Crypto-Only Min-CVaR,XLM-USD,0.05498199030834549
2021-11-25,Crypto-Only Min-CVaR,XLM-USD,0.054981990308345184
2021-12-16,Crypto-Only Min-CVaR,XLM-USD,0.052083585267311036
2022-01-06,Crypto-Only Min-CVaR,XLM-USD,0.044126199097870425
2022-01-27,Crypto-Only Min-CVaR,XLM-USD,0.04412619909787058
2022-03-31,Crypto-Only Min-CVaR,XLM-USD,0.005930361044818785
2022-05-12,Crypto-Only Min-CVaR,XLM-USD,0.03308320189975978
2022-06-02,Crypto-Only Min-CVaR,XLM-USD,0.018525769542228107
2022-06-23,Crypto-Only Min-CVaR,XLM-USD,0.018525769542228038
2022-07-14,Crypto-Only Min-CVaR,XLM-USD,0.029078420104076245
2022-08-04,Crypto-Only Min-CVaR,XLM-USD,0.02907842010407619
2022-08-25,Crypto-Only Min-CVaR,XLM-USD,0.017840414622556477
2022-10-06,Crypto-Only Min-CVaR,XLM-USD,0.01784041462255589
2022-10-27,Crypto-Only Min-CVaR,XLM-USD,0.005851168259972513
2022-12-29,Crypto-Only Min-CVaR,XLM-USD,0.012347504490798022
2023-01-19,Crypto-Only Min-CVaR,XLM-USD,0.012347504490798038
2023-03-23,Crypto-Only Min-CVaR,XLM-USD,0.011775051690235447
2023-04-13,Crypto-Only Min-CVaR,XLM-USD,0.02300949362804011
2023-05-04,Crypto-Only Min-CVaR,XLM-USD,0.0243502000343605
2023-05-25,Crypto-Only Min-CVaR,XLM-USD,0.03640793509000279
2023-06-15,Crypto-Only Min-CVaR,XLM-USD,0.04488488547287973
2023-07-06,Crypto-Only Min-CVaR,XLM-USD,0.05598542084077566
2023-07-27,Crypto-Only Min-CVaR,XLM-USD,0.09099307807883161
2023-08-17,Crypto-Only Min-CVaR,XLM-USD,0.09435918693506677
2023-09-07,Crypto-Only Min-CVaR,XLM-USD,0.07075007646210939
2023-09-28,Crypto-Only Min-CVaR,XLM-USD,0.024402231891107712
2023-10-19,Crypto-Only Min-CVaR,XLM-USD,0.026319864758301226
2023-11-09,Crypto-Only Min-CVaR,XLM-USD,0.06855728519642189
2023-11-30,Crypto-Only Min-CVaR,XLM-USD,0.03434461056998079
2023-12-21,Crypto-Only Min-CVaR,XLM-USD,0.03434461056998167
2020-09-10,Crypto-Only Min-CVaR,XRP-USD,0.25
2020-10-01,Crypto-Only Min-CVaR,XRP-USD,0.25
2020-10-22,Crypto-Only Min-CVaR,XRP-USD,0.25
2020-11-12,Crypto-Only Min-CVaR,XRP-USD,0.25
2020-12-03,Crypto-Only Min-CVaR,XRP-USD,0.25
2021-02-25,Crypto-Only Min-CVaR,XRP-USD,0.07092291777981248
2021-03-18,Crypto-Only Min-CVaR,XRP-USD,0.03690223099343827
2021-04-08,Crypto-Only Min-CVaR,XRP-USD,0.03578592801782504
2021-05-20,Crypto-Only Min-CVaR,XRP-USD,0.028331657245456353
2021-12-16,Crypto-Only Min-CVaR,XRP-USD,0.005791078932867978
2022-01-06,Crypto-Only Min-CVaR,XRP-USD,0.0131326972280615
2022-01-27,Crypto-Only Min-CVaR,XRP-USD,0.013132697228061574
2022-02-17,Crypto-Only Min-CVaR,XRP-USD,0.053317502736992865
2022-03-10,Crypto-Only Min-CVaR,XRP-USD,0.03170576503948746
2022-03-31,Crypto-Only Min-CVaR,XRP-USD,0.03931712923577206
2022-04-21,Crypto-Only Min-CVaR,XRP-USD,0.031705765039487535
2022-10-27,Crypto-Only Min-CVaR,XRP-USD,0.029767524372076085
2023-03-23,Crypto-Only Min-CVaR,XRP-USD,0.011911044491518245
2023-04-13,Crypto-Only Min-CVaR,XRP-USD,0.015354389172189859
2023-06-15,Crypto-Only Min-CVaR,XRP-USD,0.0032187272598675175
2023-07-06,Crypto-Only Min-CVaR,XRP-USD,0.011190678979838695
2023-07-27,Crypto-Only Min-CVaR,XRP-USD,0.04170780970738058
2023-08-17,Crypto-Only Min-CVaR,XRP-USD,0.051407679885409105
2023-09-07,Crypto-Only Min-CVaR,XRP-USD,0.02001228127633664
2023-09-28,Crypto-Only Min-CVaR,XRP-USD,0.024774625576042836
2023-10-19,Crypto-Only Min-CVaR,XRP-USD,0.03240513296679168
2023-11-09,Crypto-Only Min-CVaR,XRP-USD,0.06403437609361205
2023-11-30,Crypto-Only Min-CVaR,XRP-USD,0.06433662687914096
2023-12-21,Crypto-Only Min-CVaR,XRP-USD,0.06433662687913938
