date,fund,ret
2021-01-04,Combined Max-Sharpe,0.01064890161006989
2021-01-05,Combined Max-Sharpe,0.022064527882928824
2021-01-06,Combined Max-Sharpe,0.04421214392764062
2021-01-07,Combined Max-Sharpe,0.017935578115570335
2021-01-08,Combined Max-Sharpe,0.0017656074979846116
2021-01-11,Combined Max-Sharpe,-0.02884427212000043
2021-01-12,Combined Max-Sharpe,-0.014625512681063683
2021-01-13,Combined Max-Sharpe,0.025561747289618814
2021-01-14,Combined Max-Sharpe,0.0066281500045564205
2021-01-15,Combined Max-Sharpe,-0.018610905446516706
2021-01-19,Combined Max-Sharpe,0.010643532854641992
2021-01-20,Combined Max-Sharpe,0.014908595941825385
2021-01-21,Combined Max-Sharpe,-0.04653046436032667
2021-01-22,Combined Max-Sharpe,0.01857817224410651
2021-01-25,Combined Max-Sharpe,-0.00749533653631213
2021-01-26,Combined Max-Sharpe,-0.004270703678188541
2021-01-27,Combined Max-Sharpe,-0.04779884503071834
2021-01-28,Combined Max-Sharpe,0.039829935812140324
2021-01-29,Combined Max-Sharpe,0.007049234401780917
2021-02-01,Combined Max-Sharpe,0.01942593396767502
2021-02-02,Combined Max-Sharpe,0.033772749870530784
2021-02-03,Combined Max-Sharpe,0.006305535776080338
2021-02-04,Combined Max-Sharpe,-0.012679441436745223
2021-02-05,Combined Max-Sharpe,0.032322819798211486
2021-02-08,Combined Max-Sharpe,0.043474252808800025
2021-02-09,Combined Max-Sharpe,-0.0001845079613985584
2021-02-10,Combined Max-Sharpe,0.009538737066623936
2021-02-11,Combined Max-Sharpe,0.01936807509468884
2021-02-12,Combined Max-Sharpe,0.012258823806442486
2021-02-16,Combined Max-Sharpe,-0.002069001604167506
2021-02-17,Combined Max-Sharpe,0.006467980399046342
2021-02-18,Combined Max-Sharpe,0.006106654069186334
2021-02-19,Combined Max-Sharpe,0.0070038451038894715
2021-02-22,Combined Max-Sharpe,-0.031512208846453685
2021-02-23,Combined Max-Sharpe,-0.043954401423734614
2021-02-24,Combined Max-Sharpe,0.015873760762385385
2021-02-25,Combined Max-Sharpe,-0.03403229829664703
2021-02-26,Combined Max-Sharpe,0.0024199820638012197
2021-03-01,Combined Max-Sharpe,0.03672239082161146
2021-03-02,Combined Max-Sharpe,-0.012433833868304269
2021-03-03,Combined Max-Sharpe,-0.010015796498715705
2021-03-04,Combined Max-Sharpe,-0.02328587167399193
2021-03-05,Combined Max-Sharpe,0.01818519404532218
2021-03-08,Combined Max-Sharpe,-0.0020273804204861555
2021-03-09,Combined Max-Sharpe,0.024847317450170783
2021-03-10,Combined Max-Sharpe,-0.0022725974158493787
2021-03-11,Combined Max-Sharpe,0.008563938681816066
2021-03-12,Combined Max-Sharpe,-0.008679448275034446
2021-03-15,Combined Max-Sharpe,-0.008188105540003328
2021-03-16,Combined Max-Sharpe,0.026175050575390067
2021-03-17,Combined Max-Sharpe,0.018379594657395852
2021-03-18,Combined Max-Sharpe,-0.024956978025440175
2021-03-19,Combined Max-Sharpe,0.009748285435784387
2021-03-22,Combined Max-Sharpe,-0.013547881677526033
2021-03-23,Combined Max-Sharpe,-0.007938375117714414
2021-03-24,Combined Max-Sharpe,-0.021657939804552384
2021-03-25,Combined Max-Sharpe,0.003727779711239332
2021-03-26,Combined Max-Sharpe,0.043439882578688235
2021-03-29,Combined Max-Sharpe,0.01379442743544743
2021-03-30,Combined Max-Sharpe,0.003559849034065958
2021-03-31,Combined Max-Sharpe,0.027456768344774934
2021-04-01,Combined Max-Sharpe,0.009793844252468868
2021-04-05,Combined Max-Sharpe,0.015479996555082105
2021-04-06,Combined Max-Sharpe,-0.0039880228099118935
2021-04-07,Combined Max-Sharpe,-0.022682700723092822
2021-04-08,Combined Max-Sharpe,0.02101160100173548
2021-04-09,Combined Max-Sharpe,-0.0037849849163077245
2021-04-12,Combined Max-Sharpe,0.014269508257616997
2021-04-13,Combined Max-Sharpe,0.03410548777605654
2021-04-14,Combined Max-Sharpe,-0.002691604028057061
2021-04-15,Combined Max-Sharpe,0.029094678976939875
2021-04-16,Combined Max-Sharpe,-0.010011077754087069
2021-04-19,Combined Max-Sharpe,-0.019353345598243206
2021-04-20,Combined Max-Sharpe,0.011755904426021122
2021-04-21,Combined Max-Sharpe,-0.006820759750702023
2021-04-22,Combined Max-Sharpe,-0.021738506308499234
2021-04-23,Combined Max-Sharpe,0.005296387198983025
2021-04-26,Combined Max-Sharpe,0.03760400178124618
2021-04-27,Combined Max-Sharpe,0.023456918382503262
2021-04-28,Combined Max-Sharpe,0.0030912261074759204
2021-04-29,Combined Max-Sharpe,-0.0027291408244827873
2021-04-30,Combined Max-Sharpe,0.014484088446271566
2021-05-03,Combined Max-Sharpe,0.019330981988111166
2021-05-04,Combined Max-Sharpe,-0.02567729602375799
2021-05-05,Combined Max-Sharpe,0.05336728065749096
2021-05-06,Combined Max-Sharpe,0.03423372075259097
2021-05-07,Combined Max-Sharpe,0.0035822762598288677
2021-05-10,Combined Max-Sharpe,-0.019421820407023397
2021-05-11,Combined Max-Sharpe,0.012604025685469505
2021-05-12,Combined Max-Sharpe,-0.055141704271883044
2021-05-13,Combined Max-Sharpe,0.03032632104406552
2021-05-14,Combined Max-Sharpe,0.03275803171131747
2021-05-17,Combined Max-Sharpe,-0.02183126269552993
2021-05-18,Combined Max-Sharpe,-0.008254612550207312
2021-05-19,Combined Max-Sharpe,-0.07994404950227796
2021-05-20,Combined Max-Sharpe,0.05841161420406529
2021-05-21,Combined Max-Sharpe,-0.036481847269061375
2021-05-24,Combined Max-Sharpe,0.07857916387863348
2021-05-25,Combined Max-Sharpe,0.0011187536721781498
2021-05-26,Combined Max-Sharpe,0.026037088525226435
2021-05-27,Combined Max-Sharpe,-0.01674412201098168
2021-05-28,Combined Max-Sharpe,-0.021303277258800705
2021-06-01,Combined Max-Sharpe,-0.004508558637645702
2021-06-02,Combined Max-Sharpe,0.009130966939710288
2021-06-03,Combined Max-Sharpe,0.01654249930899283
2021-06-04,Combined Max-Sharpe,-0.0033443403661311726
2021-06-07,Combined Max-Sharpe,-0.012594560581384692
2021-06-08,Combined Max-Sharpe,-0.002554447713814435
2021-06-09,Combined Max-Sharpe,0.005745589587702797
2021-06-10,Combined Max-Sharpe,-0.008348040537086284
2021-06-11,Combined Max-Sharpe,-0.005746638718561752
2021-06-14,Combined Max-Sharpe,-0.0001055360348934508
2021-06-15,Combined Max-Sharpe,-0.0019162490838081714
2021-06-16,Combined Max-Sharpe,-0.0184411701339426
2021-06-17,Combined Max-Sharpe,-0.010651859664901557
2021-06-18,Combined Max-Sharpe,-0.01789180068993039
2021-06-21,Combined Max-Sharpe,-0.014653578661175658
2021-06-22,Combined Max-Sharpe,0.0027810775473247383
2021-06-23,Combined Max-Sharpe,0.010422289253930241
2021-06-24,Combined Max-Sharpe,0.01407176405993747
2021-06-25,Combined Max-Sharpe,-0.015719170205571533
2021-06-28,Combined Max-Sharpe,0.005476366225225918
2021-06-29,Combined Max-Sharpe,0.010557915421289754
2021-06-30,Combined Max-Sharpe,0.0035247954058061186
2021-07-01,Combined Max-Sharpe,-0.005988508422495543
2021-07-02,Combined Max-Sharpe,0.00876994900557833
2021-07-06,Combined Max-Sharpe,0.0030471717941877186
2021-07-07,Combined Max-Sharpe,-0.00047108627272641123
2021-07-08,Combined Max-Sharpe,-0.015338222977078646
2021-07-09,Combined Max-Sharpe,0.012583256834418704
2021-07-12,Combined Max-Sharpe,0.00252892304364032
2021-07-13,Combined Max-Sharpe,-0.006684152097940503
2021-07-14,Combined Max-Sharpe,-0.0011549272580814636
2021-07-15,Combined Max-Sharpe,-0.008824263482438382
2021-07-16,Combined Max-Sharpe,-0.013092223051915874
2021-07-19,Combined Max-Sharpe,-0.013681786523671774
2021-07-20,Combined Max-Sharpe,0.0003860730361655465
2021-07-21,Combined Max-Sharpe,0.020814774208995676
2021-07-22,Combined Max-Sharpe,0.002178398418243964
2021-07-23,Combined Max-Sharpe,0.005056534432714931
2021-07-26,Combined Max-Sharpe,0.006337077563332613
2021-07-27,Combined Max-Sharpe,-0.0013136940054697412
2021-07-28,Combined Max-Sharpe,0.004141639306826035
2021-07-29,Combined Max-Sharpe,0.004474268632546773
2021-07-30,Combined Max-Sharpe,0.002487477638391535
2021-08-02,Combined Max-Sharpe,-0.0013858879883021811
2021-08-03,Combined Max-Sharpe,0.004188272082729032
2021-08-04,Combined Max-Sharpe,0.0034171688590890125
2021-08-05,Combined Max-Sharpe,0.002654718219069555
2021-08-06,Combined Max-Sharpe,0.0032678778283613203
2021-08-09,Combined Max-Sharpe,0.007202966399661424
2021-08-10,Combined Max-Sharpe,0.00590420395225244
2021-08-11,Combined Max-Sharpe,0.010243794569615812
2021-08-12,Combined Max-Sharpe,0.0018857984526343202
2021-08-13,Combined Max-Sharpe,0.02055976705170548
2021-08-16,Combined Max-Sharpe,-0.005930792223464918
2021-08-17,Combined Max-Sharpe,-0.01025992230679822
2021-08-18,Combined Max-Sharpe,-0.007842233379337258
2021-08-19,Combined Max-Sharpe,0.013657753801005828
2021-08-20,Combined Max-Sharpe,0.015480865664805393
2021-08-23,Combined Max-Sharpe,0.015570289954593725
2021-08-24,Combined Max-Sharpe,-0.008039828820585609
2021-08-25,Combined Max-Sharpe,0.0019578748617221278
2021-08-26,Combined Max-Sharpe,-0.012829977174162573
2021-08-27,Combined Max-Sharpe,0.022343844996318432
2021-08-30,Combined Max-Sharpe,-0.004875464916499824
2021-08-31,Combined Max-Sharpe,-0.0007246845191396662
2021-09-01,Combined Max-Sharpe,0.003823104075390892
2021-09-02,Combined Max-Sharpe,0.003922392360959877
2021-09-03,Combined Max-Sharpe,0.0021694714843775893
2021-09-07,Combined Max-Sharpe,-0.023879646757285388
2021-09-08,Combined Max-Sharpe,-0.005984818596550626
2021-09-09,Combined Max-Sharpe,-0.006420549144649766
2021-09-10,Combined Max-Sharpe,-0.0034903604876032374
2021-09-13,Combined Max-Sharpe,-0.011066091050149444
2021-09-14,Combined Max-Sharpe,-0.0029412532807685924
2021-09-15,Combined Max-Sharpe,0.01261335292165871
2021-09-16,Combined Max-Sharpe,-0.003932959279275776
2021-09-17,Combined Max-Sharpe,-0.015845871006438486
2021-09-20,Combined Max-Sharpe,-0.031139691457621847
2021-09-21,Combined Max-Sharpe,-0.006202420372878279
2021-09-22,Combined Max-Sharpe,0.01749513803443928
2021-09-23,Combined Max-Sharpe,0.013315371531029794
2021-09-24,Combined Max-Sharpe,-0.012286126715172967
2021-09-27,Combined Max-Sharpe,-0.011151626425794004
2021-09-28,Combined Max-Sharpe,-0.021143556782407216
2021-09-29,Combined Max-Sharpe,-0.0010799870681729555
2021-09-30,Combined Max-Sharpe,-0.001348260347917381
2021-10-01,Combined Max-Sharpe,0.015835184445685546
2021-10-04,Combined Max-Sharpe,-0.011070982393234124
2021-10-05,Combined Max-Sharpe,0.01488048564139938
2021-10-06,Combined Max-Sharpe,0.00891765752603681
2021-10-07,Combined Max-Sharpe,0.006463129525893396
2021-10-08,Combined Max-Sharpe,-0.002078347813278659
2021-10-11,Combined Max-Sharpe,-0.003528712791502274
2021-10-12,Combined Max-Sharpe,0.0002932121059396847
2021-10-13,Combined Max-Sharpe,0.011769766333154871
2021-10-14,Combined Max-Sharpe,0.018112780515823785
2021-10-15,Combined Max-Sharpe,0.010314380309938167
2021-10-18,Combined Max-Sharpe,0.002352396253913121
2021-10-19,Combined Max-Sharpe,0.005231971389376786
2021-10-20,Combined Max-Sharpe,0.009814638501813685
2021-10-21,Combined Max-Sharpe,0.0009414568469570744
2021-10-22,Combined Max-Sharpe,0.0050410707653500125
2021-10-25,Combined Max-Sharpe,0.008973577585657628
2021-10-26,Combined Max-Sharpe,0.01510156094097068
2021-10-27,Combined Max-Sharpe,-0.01952206837635147
2021-10-28,Combined Max-Sharpe,0.014756733890746816
2021-10-29,Combined Max-Sharpe,0.005819213169420341
2021-11-01,Combined Max-Sharpe,0.0011012916233842927
2021-11-02,Combined Max-Sharpe,0.012088884431148004
2021-11-03,Combined Max-Sharpe,0.005374060875254584
2021-11-04,Combined Max-Sharpe,0.009656315955258945
2021-11-05,Combined Max-Sharpe,-0.007218941140389087
2021-11-08,Combined Max-Sharpe,0.02233108377673602
2021-11-09,Combined Max-Sharpe,0.0027301746633006012
2021-11-10,Combined Max-Sharpe,-0.014508888652036953
2021-11-11,Combined Max-Sharpe,0.009566915235554852
2021-11-12,Combined Max-Sharpe,0.0020733200519127233
2021-11-15,Combined Max-Sharpe,-0.00441475274173727
2021-11-16,Combined Max-Sharpe,-0.004002657372636339
2021-11-17,Combined Max-Sharpe,-0.008852146748888689
2021-11-18,Combined Max-Sharpe,0.0014193527889978246
2021-11-19,Combined Max-Sharpe,0.0065504972947342316
2021-11-22,Combined Max-Sharpe,-0.00851802872730195
2021-11-23,Combined Max-Sharpe,0.004981576703590763
2021-11-24,Combined Max-Sharpe,0.0021764520317271163
2021-11-26,Combined Max-Sharpe,-0.02734521621147582
2021-11-29,Combined Max-Sharpe,0.016460413811022853
2021-11-30,Combined Max-Sharpe,-0.01896883190618976
2021-12-01,Combined Max-Sharpe,-0.010274183899831694
2021-12-02,Combined Max-Sharpe,0.021469763116240034
2021-12-03,Combined Max-Sharpe,-0.012399852988299306
2021-12-06,Combined Max-Sharpe,0.006988585865312526
2021-12-07,Combined Max-Sharpe,0.017206876877220525
2021-12-08,Combined Max-Sharpe,-0.00031089319605565724
2021-12-09,Combined Max-Sharpe,-0.016072367226049874
2021-12-10,Combined Max-Sharpe,-0.0018057098461367925
2021-12-13,Combined Max-Sharpe,-0.01712479036452459
2021-12-14,Combined Max-Sharpe,-0.0023837656926226805
2021-12-15,Combined Max-Sharpe,0.029245689925358895
2021-12-16,Combined Max-Sharpe,-0.005410648780162786
2021-12-17,Combined Max-Sharpe,-0.014516195031077227
2021-12-20,Combined Max-Sharpe,-0.005926816039247404
2021-12-21,Combined Max-Sharpe,0.017299782520937827
2021-12-22,Combined Max-Sharpe,0.008782719342937863
2021-12-23,Combined Max-Sharpe,0.013971116024146732
2021-12-27,Combined Max-Sharpe,0.02055551012502916
2021-12-28,Combined Max-Sharpe,-0.011116888639130774
2021-12-29,Combined Max-Sharpe,-0.0058273739549596654
2021-12-30,Combined Max-Sharpe,0.000515859953464328
2021-12-31,Combined Max-Sharpe,-0.0035178313047565316
2022-01-03,Combined Max-Sharpe,-0.010924943602777848
2022-01-04,Combined Max-Sharpe,-0.0044136090513805775
2022-01-05,Combined Max-Sharpe,-0.014334205705093105
2022-01-06,Combined Max-Sharpe,-0.004292954735160906
2022-01-07,Combined Max-Sharpe,-0.015099622534380273
2022-01-10,Combined Max-Sharpe,-0.003383730139838505
2022-01-11,Combined Max-Sharpe,0.008647257083022278
2022-01-12,Combined Max-Sharpe,0.008015434327668623
2022-01-13,Combined Max-Sharpe,-0.01763578628388226
2022-01-14,Combined Max-Sharpe,-0.003599518578303295
2022-01-18,Combined Max-Sharpe,-0.0124438171295094
2022-01-19,Combined Max-Sharpe,-0.004829073097998503
2022-01-20,Combined Max-Sharpe,-0.016141852240481987
2022-01-21,Combined Max-Sharpe,-0.022268578945209533
2022-01-24,Combined Max-Sharpe,-0.0010595947330282129
2022-01-25,Combined Max-Sharpe,-0.0066962832103678906
2022-01-26,Combined Max-Sharpe,-0.0058880766290764965
2022-01-27,Combined Max-Sharpe,-0.010120337363847412
2022-01-28,Combined Max-Sharpe,0.02481103834313968
2022-01-31,Combined Max-Sharpe,0.016185563889742256
2022-02-01,Combined Max-Sharpe,0.019385265145683724
2022-02-02,Combined Max-Sharpe,0.012309998286636167
2022-02-03,Combined Max-Sharpe,-0.0069372450120600854
2022-02-04,Combined Max-Sharpe,0.006978811154978058
2022-02-07,Combined Max-Sharpe,0.010264624421807422
2022-02-08,Combined Max-Sharpe,0.004474400201867782
2022-02-09,Combined Max-Sharpe,0.01575588067217123
2022-02-10,Combined Max-Sharpe,-0.025204571152674864
2022-02-11,Combined Max-Sharpe,-0.015774150901700854
2022-02-14,Combined Max-Sharpe,-0.0006746376615585216
2022-02-15,Combined Max-Sharpe,0.016837848994152374
2022-02-16,Combined Max-Sharpe,-0.0029729928888475683
2022-02-17,Combined Max-Sharpe,-0.022044627330978377
2022-02-18,Combined Max-Sharpe,-0.008003270449457766
2022-02-22,Combined Max-Sharpe,-0.00025261596526311844
2022-02-23,Combined Max-Sharpe,-0.007738930608989052
2022-02-24,Combined Max-Sharpe,0.006337699549931849
2022-02-25,Combined Max-Sharpe,0.02807028065084509
2022-02-28,Combined Max-Sharpe,0.004321504047858478
2022-03-01,Combined Max-Sharpe,-0.004007577676684458
2022-03-02,Combined Max-Sharpe,0.014788562535496725
2022-03-03,Combined Max-Sharpe,0.0006970160134115303
2022-03-04,Combined Max-Sharpe,-0.0022474150627278863
2022-03-07,Combined Max-Sharpe,-0.01352281717182963
2022-03-08,Combined Max-Sharpe,-0.008371992434474094
2022-03-09,Combined Max-Sharpe,0.024315179756104702
2022-03-10,Combined Max-Sharpe,-0.002050157374985551
2022-03-11,Combined Max-Sharpe,-0.009930994219604876
2022-03-14,Combined Max-Sharpe,-0.000870071949850006
2022-03-15,Combined Max-Sharpe,0.013993099757994041
2022-03-16,Combined Max-Sharpe,0.019270890848523167
2022-03-17,Combined Max-Sharpe,0.012267367263059787
2022-03-18,Combined Max-Sharpe,0.010961236165042538
2022-03-21,Combined Max-Sharpe,0.006196730481522908
2022-03-22,Combined Max-Sharpe,0.00595833117939247
2022-03-23,Combined Max-Sharpe,0.0019336330713026185
2022-03-24,Combined Max-Sharpe,0.013852924398916274
2022-03-25,Combined Max-Sharpe,0.006123965289835971
2022-03-28,Combined Max-Sharpe,0.005684745376556251
2022-03-29,Combined Max-Sharpe,0.00994324540581416
2022-03-30,Combined Max-Sharpe,-0.0010328006185919864
2022-03-31,Combined Max-Sharpe,-0.016227052796185196
2022-04-01,Combined Max-Sharpe,0.00783792177989305
2022-04-04,Combined Max-Sharpe,-0.0027860423654143154
2022-04-05,Combined Max-Sharpe,-0.008183095790195596
2022-04-06,Combined Max-Sharpe,0.00032032208748409424
2022-04-07,Combined Max-Sharpe,0.008621787608986077
2022-04-08,Combined Max-Sharpe,-0.002837449548232379
2022-04-11,Combined Max-Sharpe,-0.0250050127068705
2022-04-12,Combined Max-Sharpe,0.005211736940369909
2022-04-13,Combined Max-Sharpe,0.008823132483933457
2022-04-14,Combined Max-Sharpe,-0.00489216472940563
2022-04-18,Combined Max-Sharpe,0.005366977042823024
2022-04-19,Combined Max-Sharpe,0.005353281091261855
2022-04-20,Combined Max-Sharpe,0.002176471381783356
2022-04-21,Combined Max-Sharpe,-0.017501318599433602
2022-04-22,Combined Max-Sharpe,-0.02312557558399952
2022-04-25,Combined Max-Sharpe,-0.00163888850839089
2022-04-26,Combined Max-Sharpe,-0.019473261893219906
2022-04-27,Combined Max-Sharpe,0.00465291089288243
2022-04-28,Combined Max-Sharpe,0.01893887872003388
2022-04-29,Combined Max-Sharpe,-0.04298323050931026
2022-05-02,Combined Max-Sharpe,-0.006260880715595362
2022-05-03,Combined Max-Sharpe,4.4402260433729296e-05
2022-05-04,Combined Max-Sharpe,0.030004209433263592
2022-05-05,Combined Max-Sharpe,-0.03442670446461354
2022-05-06,Combined Max-Sharpe,-0.005067414105987635
2022-05-09,Combined Max-Sharpe,-0.05031657319990895
2022-05-10,Combined Max-Sharpe,-0.0001605339231540463
2022-05-11,Combined Max-Sharpe,-0.021393195704613857
2022-05-12,Combined Max-Sharpe,-0.00890447087126105
2022-05-13,Combined Max-Sharpe,0.015856413461049056
2022-05-16,Combined Max-Sharpe,-0.009182724339922859
2022-05-17,Combined Max-Sharpe,-0.001260828892298606
2022-05-18,Combined Max-Sharpe,-0.04107212493460183
2022-05-19,Combined Max-Sharpe,0.011270795770198357
2022-05-20,Combined Max-Sharpe,-0.004199184922370333
2022-05-23,Combined Max-Sharpe,0.006183436506563531
2022-05-24,Combined Max-Sharpe,0.008276803466056628
2022-05-25,Combined Max-Sharpe,0.00871354458324617
2022-05-26,Combined Max-Sharpe,0.00392873138095662
2022-05-27,Combined Max-Sharpe,0.009644738421479174
2022-05-31,Combined Max-Sharpe,-0.011178671454106177
2022-06-01,Combined Max-Sharpe,-0.01798373336411782
2022-06-02,Combined Max-Sharpe,0.014081260610129251
2022-06-03,Combined Max-Sharpe,-0.007703058150879873
2022-06-06,Combined Max-Sharpe,0.005136851197519651
2022-06-07,Combined Max-Sharpe,0.008174931083809768
2022-06-08,Combined Max-Sharpe,-0.020046880433202498
2022-06-09,Combined Max-Sharpe,-0.02428804338854649
2022-06-10,Combined Max-Sharpe,-0.016515325367948565
2022-06-13,Combined Max-Sharpe,-0.05533144602878867
2022-06-14,Combined Max-Sharpe,-0.01496196105830001
2022-06-15,Combined Max-Sharpe,0.00846662429410358
2022-06-16,Combined Max-Sharpe,-0.024716601465407117
2022-06-17,Combined Max-Sharpe,-0.004495432319351466
2022-06-21,Combined Max-Sharpe,0.018461466332798306
2022-06-22,Combined Max-Sharpe,-0.005950461814057698
2022-06-23,Combined Max-Sharpe,0.012310426413010275
2022-06-24,Combined Max-Sharpe,0.02145988354447558
2022-06-27,Combined Max-Sharpe,-0.002160708946939131
2022-06-28,Combined Max-Sharpe,-0.007327974333625618
2022-06-29,Combined Max-Sharpe,-0.005018319558038317
2022-06-30,Combined Max-Sharpe,-0.006492180651743674
2022-07-01,Combined Max-Sharpe,0.014807885253258445
2022-07-05,Combined Max-Sharpe,-0.007380677836623761
2022-07-06,Combined Max-Sharpe,0.0018722557452104235
2022-07-07,Combined Max-Sharpe,0.00830217434316994
2022-07-08,Combined Max-Sharpe,-0.004437639934755313
2022-07-11,Combined Max-Sharpe,-0.00973133619003143
2022-07-12,Combined Max-Sharpe,-0.012123027345488372
2022-07-13,Combined Max-Sharpe,0.004671264441309357
2022-07-14,Combined Max-Sharpe,-0.004645636699947454
2022-07-15,Combined Max-Sharpe,0.012813972451792463
2022-07-18,Combined Max-Sharpe,0.0022628863999606223
2022-07-19,Combined Max-Sharpe,0.017883831088407142
2022-07-20,Combined Max-Sharpe,-0.011884629763485758
2022-07-21,Combined Max-Sharpe,0.0015183779404075322
2022-07-22,Combined Max-Sharpe,-0.005097194813405246
2022-07-25,Combined Max-Sharpe,-0.01037937247513973
2022-07-26,Combined Max-Sharpe,-0.0007844402595848293
2022-07-27,Combined Max-Sharpe,0.015552678041391713
2022-07-28,Combined Max-Sharpe,0.015084229451890644
2022-07-29,Combined Max-Sharpe,0.008484033661484282
2022-08-01,Combined Max-Sharpe,-0.003094393528407353
2022-08-02,Combined Max-Sharpe,-0.008943578697957828
2022-08-03,Combined Max-Sharpe,-0.0008667554858951915
2022-08-04,Combined Max-Sharpe,-0.002710481276157477
2022-08-05,Combined Max-Sharpe,0.007702740275574244
2022-08-08,Combined Max-Sharpe,0.005220132740324561
2022-08-09,Combined Max-Sharpe,0.0029476709193505556
2022-08-10,Combined Max-Sharpe,0.01496338756409146
2022-08-11,Combined Max-Sharpe,0.005617310811255545
2022-08-12,Combined Max-Sharpe,0.012047682394846628
2022-08-15,Combined Max-Sharpe,-0.0016746765277467386
2022-08-16,Combined Max-Sharpe,0.0005044173178372207
2022-08-17,Combined Max-Sharpe,-0.007726658045936739
2022-08-18,Combined Max-Sharpe,0.004060515585041918
2022-08-19,Combined Max-Sharpe,-0.006219860792302191
2022-08-22,Combined Max-Sharpe,-0.014377209851458524
2022-08-23,Combined Max-Sharpe,0.004416446987010105
2022-08-24,Combined Max-Sharpe,9.885600525932946e-05
2022-08-25,Combined Max-Sharpe,0.012709339125440271
2022-08-26,Combined Max-Sharpe,-0.029145621427129044
2022-08-29,Combined Max-Sharpe,0.0063703289813808635
2022-08-30,Combined Max-Sharpe,-0.013774100304177117
2022-08-31,Combined Max-Sharpe,-0.008842766049312067
2022-09-01,Combined Max-Sharpe,0.0031720594278388933
2022-09-02,Combined Max-Sharpe,-0.00792819951028079
2022-09-06,Combined Max-Sharpe,-0.005460927536821827
2022-09-07,Combined Max-Sharpe,0.014744881382492568
2022-09-08,Combined Max-Sharpe,0.0002127516514537674
2022-09-09,Combined Max-Sharpe,0.015017161361663894
2022-09-12,Combined Max-Sharpe,0.0033765027422630743
2022-09-13,Combined Max-Sharpe,-0.03450826205050428
2022-09-14,Combined Max-Sharpe,0.0018624744991602871
2022-09-15,Combined Max-Sharpe,-0.02214709532519303
2022-09-16,Combined Max-Sharpe,-0.007062736653330885
2022-09-19,Combined Max-Sharpe,0.007551018744914872
2022-09-20,Combined Max-Sharpe,-0.014994075803927998
2022-09-21,Combined Max-Sharpe,-0.01810644537073731
2022-09-22,Combined Max-Sharpe,-0.001092049725966395
2022-09-23,Combined Max-Sharpe,-0.01637004644404441
2022-09-26,Combined Max-Sharpe,-0.01435444338597097
2022-09-27,Combined Max-Sharpe,-0.0017504697734941756
2022-09-28,Combined Max-Sharpe,0.017342068536324327
2022-09-29,Combined Max-Sharpe,-0.011237674346241015
2022-09-30,Combined Max-Sharpe,-0.012195397267461645
2022-10-03,Combined Max-Sharpe,0.026818356303070404
2022-10-04,Combined Max-Sharpe,0.026149291202175066
2022-10-05,Combined Max-Sharpe,-0.0035043110093874426
2022-10-06,Combined Max-Sharpe,-0.006289706791955034
2022-10-07,Combined Max-Sharpe,-0.012270081348537534
2022-10-10,Combined Max-Sharpe,-0.009083644513770802
2022-10-11,Combined Max-Sharpe,-0.009608376180400953
2022-10-12,Combined Max-Sharpe,-0.006550949019071042
2022-10-13,Combined Max-Sharpe,0.017075309627655005
2022-10-14,Combined Max-Sharpe,-0.009739834654976676
2022-10-17,Combined Max-Sharpe,0.016615954616893892
2022-10-18,Combined Max-Sharpe,0.006928481305552533
2022-10-19,Combined Max-Sharpe,-0.008162149184713547
2022-10-20,Combined Max-Sharpe,-0.002799334608719661
2022-10-21,Combined Max-Sharpe,0.020247500104603224
2022-10-24,Combined Max-Sharpe,0.002394421197870064
2022-10-25,Combined Max-Sharpe,0.012087243898305133
2022-10-26,Combined Max-Sharpe,0.009635496149074285
2022-10-27,Combined Max-Sharpe,-0.006978484555716534
2022-10-28,Combined Max-Sharpe,0.014148689826187702
2022-10-31,Combined Max-Sharpe,-0.0031291606513139127
2022-11-01,Combined Max-Sharpe,0.0024874324222788186
2022-11-02,Combined Max-Sharpe,-0.026784959633390337
2022-11-03,Combined Max-Sharpe,0.0047179724493114205
2022-11-04,Combined Max-Sharpe,0.017488161556665667
2022-11-07,Combined Max-Sharpe,0.01063649854393337
2022-11-08,Combined Max-Sharpe,-0.010700870510648887
2022-11-09,Combined Max-Sharpe,-0.04864842870556604
2022-11-10,Combined Max-Sharpe,0.051819193702180216
2022-11-11,Combined Max-Sharpe,-0.0044446240434941634
2022-11-14,Combined Max-Sharpe,0.00315576446493915
2022-11-15,Combined Max-Sharpe,0.006302142845926301
2022-11-16,Combined Max-Sharpe,-0.012906218786667893
2022-11-17,Combined Max-Sharpe,0.004835883440235062
2022-11-18,Combined Max-Sharpe,0.004541710703753077
2022-11-21,Combined Max-Sharpe,0.005280469417058346
2022-11-22,Combined Max-Sharpe,0.016599807136928907
2022-11-23,Combined Max-Sharpe,-0.0029765208523050333
2022-11-25,Combined Max-Sharpe,2.355893849127511e-05
2022-11-28,Combined Max-Sharpe,-0.014994919052700428
2022-11-29,Combined Max-Sharpe,0.005219027715683405
2022-11-30,Combined Max-Sharpe,0.017116145657549632
2022-12-01,Combined Max-Sharpe,-0.005606298786194966
2022-12-02,Combined Max-Sharpe,0.005521849545268112
2022-12-05,Combined Max-Sharpe,-0.011422679194300267
2022-12-06,Combined Max-Sharpe,-0.008057920309789754
2022-12-07,Combined Max-Sharpe,-0.003561929375809943
2022-12-08,Combined Max-Sharpe,0.004060027708212191
2022-12-09,Combined Max-Sharpe,-0.015531445041296334
2022-12-12,Combined Max-Sharpe,0.0070595772798036785
2022-12-13,Combined Max-Sharpe,0.004296566156179775
2022-12-14,Combined Max-Sharpe,0.0012009837788972625
2022-12-15,Combined Max-Sharpe,-0.021076186292362298
2022-12-16,Combined Max-Sharpe,-0.014503010773963942
2022-12-19,Combined Max-Sharpe,-0.005095564819184448
2022-12-20,Combined Max-Sharpe,0.003159540180178567
2022-12-21,Combined Max-Sharpe,0.012882636493509889
2022-12-22,Combined Max-Sharpe,-0.00555054935772822
2022-12-23,Combined Max-Sharpe,0.002771135663144634
2022-12-27,Combined Max-Sharpe,0.000517931397252947
2022-12-28,Combined Max-Sharpe,-0.014378740952440183
2022-12-29,Combined Max-Sharpe,0.004402008846980627
2022-12-30,Combined Max-Sharpe,0.0008636715713819171
2023-01-03,Combined Max-Sharpe,-0.006859111029389042
2023-01-04,Combined Max-Sharpe,0.013237768917829653
2023-01-05,Combined Max-Sharpe,0.0039890424609129865
2023-01-06,Combined Max-Sharpe,0.021868252738800394
2023-01-09,Combined Max-Sharpe,-0.010463432158258932
2023-01-10,Combined Max-Sharpe,0.011515823271419498
2023-01-11,Combined Max-Sharpe,0.005601103391067141
2023-01-12,Combined Max-Sharpe,0.0032572339461514298
2023-01-13,Combined Max-Sharpe,0.010423571330246172
2023-01-17,Combined Max-Sharpe,-0.008155860602791786
2023-01-18,Combined Max-Sharpe,-0.020106484015331848
2023-01-19,Combined Max-Sharpe,0.0023191845247359385
2023-01-20,Combined Max-Sharpe,0.014324730491809698
2023-01-23,Combined Max-Sharpe,0.0009849302580903934
2023-01-24,Combined Max-Sharpe,-0.011154127243621068
2023-01-25,Combined Max-Sharpe,0.005918488236999992
2023-01-26,Combined Max-Sharpe,0.012214752966078386
2023-01-27,Combined Max-Sharpe,-0.0032626247779550164
2023-01-30,Combined Max-Sharpe,-0.012172831682081768
2023-01-31,Combined Max-Sharpe,0.010489998650909901
2023-02-01,Combined Max-Sharpe,0.0017356290238752826
2023-02-02,Combined Max-Sharpe,-0.01238296133609568
2023-02-03,Combined Max-Sharpe,-0.00011665800100146698
2023-02-06,Combined Max-Sharpe,-0.006423459168730944
2023-02-07,Combined Max-Sharpe,0.011719499870579013
2023-02-08,Combined Max-Sharpe,-0.0010563450112260047
2023-02-09,Combined Max-Sharpe,-0.013357377715290983
2023-02-10,Combined Max-Sharpe,0.012397000484873926
2023-02-13,Combined Max-Sharpe,0.009444254817492847
2023-02-14,Combined Max-Sharpe,0.006754010831294123
2023-02-15,Combined Max-Sharpe,0.002045767509326656
2023-02-16,Combined Max-Sharpe,-0.015258172804855238
2023-02-17,Combined Max-Sharpe,0.009426502146799864
2023-02-21,Combined Max-Sharpe,-0.013279932772958126
2023-02-22,Combined Max-Sharpe,-0.007402441293906833
2023-02-23,Combined Max-Sharpe,0.003108347456711302
2023-02-24,Combined Max-Sharpe,-0.008181272350229384
2023-02-27,Combined Max-Sharpe,0.0014377378511338547
2023-02-28,Combined Max-Sharpe,-0.004934149423821514
2023-03-01,Combined Max-Sharpe,0.00658677857787349
2023-03-02,Combined Max-Sharpe,0.004804294144582505
2023-03-03,Combined Max-Sharpe,0.003883652183415722
2023-03-06,Combined Max-Sharpe,0.005016893580432355
2023-03-07,Combined Max-Sharpe,-0.012473564302058534
2023-03-08,Combined Max-Sharpe,-0.0038299036878546443
2023-03-09,Combined Max-Sharpe,-0.030451217415590752
2023-03-10,Combined Max-Sharpe,-0.01498657244950402
2023-03-13,Combined Max-Sharpe,0.002272667252112658
2023-03-14,Combined Max-Sharpe,0.01294049952688008
2023-03-15,Combined Max-Sharpe,-0.023441526382249167
2023-03-16,Combined Max-Sharpe,0.00849300481850961
2023-03-17,Combined Max-Sharpe,-0.0034531669124318134
2023-03-20,Combined Max-Sharpe,0.010312330974524414
2023-03-21,Combined Max-Sharpe,0.01908016089735786
2023-03-22,Combined Max-Sharpe,-0.029972393754501513
2023-03-23,Combined Max-Sharpe,0.010077145342113689
2023-03-24,Combined Max-Sharpe,-0.0026831548391405536
2023-03-27,Combined Max-Sharpe,0.006034951008528876
2023-03-28,Combined Max-Sharpe,0.006780823689536721
2023-03-29,Combined Max-Sharpe,0.00848626034129157
2023-03-30,Combined Max-Sharpe,0.005305338700246378
2023-03-31,Combined Max-Sharpe,0.01176550272336019
2023-04-03,Combined Max-Sharpe,0.013373990956674403
2023-04-04,Combined Max-Sharpe,-0.010938101620387787
2023-04-05,Combined Max-Sharpe,0.007573294008634979
2023-04-06,Combined Max-Sharpe,-0.0015196320795794061
2023-04-10,Combined Max-Sharpe,0.007005566373932747
2023-04-11,Combined Max-Sharpe,-0.0009418210532570889
2023-04-12,Combined Max-Sharpe,-0.0033953873360780653
2023-04-13,Combined Max-Sharpe,0.006658345259670936
2023-04-14,Combined Max-Sharpe,0.0008733146693694713
2023-04-17,Combined Max-Sharpe,-0.0026286767988014156
2023-04-18,Combined Max-Sharpe,0.006588784222986824
2023-04-19,Combined Max-Sharpe,-0.010148982206304369
2023-04-20,Combined Max-Sharpe,-0.0025888628718059637
2023-04-21,Combined Max-Sharpe,-0.001924722260133596
2023-04-24,Combined Max-Sharpe,0.0028115444525236627
2023-04-25,Combined Max-Sharpe,-0.009718841489478077
2023-04-26,Combined Max-Sharpe,-0.010538364763354359
2023-04-27,Combined Max-Sharpe,0.0027664530201359666
2023-04-28,Combined Max-Sharpe,0.0025696517694607825
2023-05-01,Combined Max-Sharpe,0.002450514764208972
2023-05-02,Combined Max-Sharpe,-0.009536440378634636
2023-05-03,Combined Max-Sharpe,-0.007266829199542022
2023-05-04,Combined Max-Sharpe,-0.006567737528781618
2023-05-05,Combined Max-Sharpe,0.021081504957462298
2023-05-08,Combined Max-Sharpe,-0.00469014765070789
2023-05-09,Combined Max-Sharpe,-0.0039527781672630095
2023-05-10,Combined Max-Sharpe,-0.002924824387395489
2023-05-11,Combined Max-Sharpe,-0.005023211160725429
2023-05-12,Combined Max-Sharpe,0.0031386555186778313
2023-05-15,Combined Max-Sharpe,0.0033270576231337473
2023-05-16,Combined Max-Sharpe,-0.007145788092729272
2023-05-17,Combined Max-Sharpe,0.00503707173341478
2023-05-18,Combined Max-Sharpe,8.40386054508928e-05
2023-05-19,Combined Max-Sharpe,0.004240481276010901
2023-05-22,Combined Max-Sharpe,0.0043674448305721465
2023-05-23,Combined Max-Sharpe,-0.0022617130483967955
2023-05-24,Combined Max-Sharpe,-0.009555886375948397
2023-05-25,Combined Max-Sharpe,0.015168979978038177
2023-05-26,Combined Max-Sharpe,0.0004550187799505558
2023-05-30,Combined Max-Sharpe,-0.0003271386548991545
2023-05-31,Combined Max-Sharpe,-0.006865480805270049
2023-06-01,Combined Max-Sharpe,0.002528173562679633
2023-06-02,Combined Max-Sharpe,0.020419706584078295
2023-06-05,Combined Max-Sharpe,-0.007435744907402021
2023-06-06,Combined Max-Sharpe,-0.004605617014014225
2023-06-07,Combined Max-Sharpe,-0.0051146193828008404
2023-06-08,Combined Max-Sharpe,0.013310206480354875
2023-06-09,Combined Max-Sharpe,-0.00502833884056729
2023-06-12,Combined Max-Sharpe,0.0021404955292469415
2023-06-13,Combined Max-Sharpe,0.006787556836633397
2023-06-14,Combined Max-Sharpe,-0.006485354999423574
2023-06-15,Combined Max-Sharpe,0.005712471600601551
2023-06-16,Combined Max-Sharpe,0.0007785903649651837
2023-06-20,Combined Max-Sharpe,-0.00011332911439936098
2023-06-21,Combined Max-Sharpe,0.009003703051842801
2023-06-22,Combined Max-Sharpe,0.0018456955740374017
2023-06-23,Combined Max-Sharpe,-0.0032794152840689744
2023-06-26,Combined Max-Sharpe,-0.0018988125596380305
2023-06-27,Combined Max-Sharpe,0.005053235313555789
2023-06-28,Combined Max-Sharpe,-0.0065836998052259945
2023-06-29,Combined Max-Sharpe,0.005096053191506455
2023-06-30,Combined Max-Sharpe,0.017483626142603202
2023-07-03,Combined Max-Sharpe,0.004548210340101837
2023-07-05,Combined Max-Sharpe,-0.0009677760785363776
2023-07-06,Combined Max-Sharpe,-0.010882040326305744
2023-07-07,Combined Max-Sharpe,-0.0003007661996337766
2023-07-10,Combined Max-Sharpe,0.002637469643948245
2023-07-11,Combined Max-Sharpe,0.007346157330472629
2023-07-12,Combined Max-Sharpe,0.0061114405447085214
2023-07-13,Combined Max-Sharpe,0.028202854848762622
2023-07-14,Combined Max-Sharpe,-0.010171566147155395
2023-07-17,Combined Max-Sharpe,-0.002762887022261873
2023-07-18,Combined Max-Sharpe,0.006533775594559508
2023-07-19,Combined Max-Sharpe,-9.98576416800527e-05
2023-07-20,Combined Max-Sharpe,0.0066043663161126165
2023-07-21,Combined Max-Sharpe,0.002293208454321306
2023-07-24,Combined Max-Sharpe,-0.0015680756612513657
2023-07-25,Combined Max-Sharpe,0.006333155629746331
2023-07-26,Combined Max-Sharpe,-0.002388015161204151
2023-07-27,Combined Max-Sharpe,-0.00026656810422236426
2023-07-28,Combined Max-Sharpe,0.008735584263148828
2023-07-31,Combined Max-Sharpe,-0.002597275459425293
2023-08-01,Combined Max-Sharpe,-0.003205494685971761
2023-08-02,Combined Max-Sharpe,-0.013471649171238142
2023-08-03,Combined Max-Sharpe,0.0011012048842979206
2023-08-04,Combined Max-Sharpe,-0.0048375178305141465
2023-08-07,Combined Max-Sharpe,0.010710234911902702
2023-08-08,Combined Max-Sharpe,-0.0004104282831568171
2023-08-09,Combined Max-Sharpe,-0.002746468021885367
2023-08-10,Combined Max-Sharpe,-0.002011511746912269
2023-08-11,Combined Max-Sharpe,0.00341840928038949
2023-08-14,Combined Max-Sharpe,0.010650947600993936
2023-08-15,Combined Max-Sharpe,-0.008408670991058605
2023-08-16,Combined Max-Sharpe,-0.008030039833579514
2023-08-17,Combined Max-Sharpe,-0.013246208954857168
2023-08-18,Combined Max-Sharpe,0.0021081564503016782
2023-08-21,Combined Max-Sharpe,0.005352572569977969
2023-08-22,Combined Max-Sharpe,-0.008654205129680279
2023-08-23,Combined Max-Sharpe,0.010767065131760003
2023-08-24,Combined Max-Sharpe,-0.009881871298169677
2023-08-25,Combined Max-Sharpe,0.0016121800633879847
2023-08-28,Combined Max-Sharpe,0.0033011376076027893
2023-08-29,Combined Max-Sharpe,0.01665089251588018
2023-08-30,Combined Max-Sharpe,-0.0009877206333501701
2023-08-31,Combined Max-Sharpe,-0.0036170597200371247
2023-09-01,Combined Max-Sharpe,0.0020200348944160607
2023-09-05,Combined Max-Sharpe,-0.0048070342152459
2023-09-06,Combined Max-Sharpe,-0.0054126508777392664
2023-09-07,Combined Max-Sharpe,0.0055127727289347285
2023-09-08,Combined Max-Sharpe,0.00016595863360795637
2023-09-11,Combined Max-Sharpe,-0.0069977288698341526
2023-09-12,Combined Max-Sharpe,0.01206791316394062
2023-09-13,Combined Max-Sharpe,0.0026211534145267903
2023-09-14,Combined Max-Sharpe,0.015066491524724272
2023-09-15,Combined Max-Sharpe,-0.013753531224487766
2023-09-18,Combined Max-Sharpe,0.0017679622733790877
2023-09-19,Combined Max-Sharpe,0.0012202320923135044
2023-09-20,Combined Max-Sharpe,-0.008456564448086856
2023-09-21,Combined Max-Sharpe,-0.016831419476088745
2023-09-22,Combined Max-Sharpe,0.0023336545189588435
2023-09-25,Combined Max-Sharpe,0.0073684941764426085
2023-09-26,Combined Max-Sharpe,-0.0056864376930054646
2023-09-27,Combined Max-Sharpe,0.007283652952476203
2023-09-28,Combined Max-Sharpe,0.006413852559046036
2023-09-29,Combined Max-Sharpe,-0.004571432842671065
2023-10-02,Combined Max-Sharpe,-0.012300714484840176
2023-10-03,Combined Max-Sharpe,-0.000930288243036797
2023-10-04,Combined Max-Sharpe,-0.003573808734204001
2023-10-05,Combined Max-Sharpe,-0.004299786577882152
2023-10-06,Combined Max-Sharpe,0.006786959454294915
2023-10-09,Combined Max-Sharpe,0.002977463689486237
2023-10-10,Combined Max-Sharpe,0.0020224899009711607
2023-10-11,Combined Max-Sharpe,0.0018549974877052932
2023-10-12,Combined Max-Sharpe,-0.006951671765045093
2023-10-13,Combined Max-Sharpe,0.003172372181921381
2023-10-16,Combined Max-Sharpe,0.011365023547776285
2023-10-17,Combined Max-Sharpe,-0.005088497619589637
2023-10-18,Combined Max-Sharpe,-0.007608950215090135
2023-10-19,Combined Max-Sharpe,-0.006328152191863092
2023-10-20,Combined Max-Sharpe,-0.0027952933915691876
2023-10-23,Combined Max-Sharpe,0.00652369747003576
2023-10-24,Combined Max-Sharpe,0.010605554883763399
2023-10-25,Combined Max-Sharpe,-0.004032658926347407
2023-10-26,Combined Max-Sharpe,0.0001839447864495445
2023-10-27,Combined Max-Sharpe,-0.013790354884748158
2023-10-30,Combined Max-Sharpe,0.007487561138900478
2023-10-31,Combined Max-Sharpe,0.00086231172291941
2023-11-01,Combined Max-Sharpe,0.011837749909572353
2023-11-02,Combined Max-Sharpe,0.010312055503132363
2023-11-03,Combined Max-Sharpe,0.00038933783677206854
2023-11-06,Combined Max-Sharpe,-0.0009446026090855384
2023-11-07,Combined Max-Sharpe,-0.0057098853871322495
2023-11-08,Combined Max-Sharpe,0.002916032210266591
2023-11-09,Combined Max-Sharpe,0.0029001778553325456
2023-11-10,Combined Max-Sharpe,0.013709925013025506
2023-11-13,Combined Max-Sharpe,0.0016573997742283225
2023-11-14,Combined Max-Sharpe,-0.005506762352346186
2023-11-15,Combined Max-Sharpe,0.005513696260345018
2023-11-16,Combined Max-Sharpe,-0.016709237718611682
2023-11-17,Combined Max-Sharpe,0.005064475202949561
2023-11-20,Combined Max-Sharpe,0.0029531590796371653
2023-11-21,Combined Max-Sharpe,-0.011250678777789808
2023-11-22,Combined Max-Sharpe,0.007002181635186056
2023-11-24,Combined Max-Sharpe,0.0032099089985471556
2023-11-27,Combined Max-Sharpe,-0.0052697281381565465
2023-11-28,Combined Max-Sharpe,0.000673918540209485
2023-11-29,Combined Max-Sharpe,0.0017796632943865552
2023-11-30,Combined Max-Sharpe,0.004743922556261866
2023-12-01,Combined Max-Sharpe,0.0038070772895813995
2023-12-04,Combined Max-Sharpe,0.001088762547404678
2023-12-05,Combined Max-Sharpe,0.005355901228819158
2023-12-06,Combined Max-Sharpe,-0.005371534022939101
2023-12-07,Combined Max-Sharpe,0.00545875257380528
2023-12-08,Combined Max-Sharpe,0.00513541298963712
2023-12-11,Combined Max-Sharpe,-0.005733292581997423
2023-12-12,Combined Max-Sharpe,-0.000804490809203532
2023-12-13,Combined Max-Sharpe,0.01679764639810004
2023-12-14,Combined Max-Sharpe,0.006011838565114127
2023-12-15,Combined Max-Sharpe,-0.008895112919002723
2023-12-18,Combined Max-Sharpe,0.006690838932733858
2023-12-19,Combined Max-Sharpe,0.0022655036853740634
2023-12-20,Combined Max-Sharpe,-0.005912403363175434
2023-12-21,Combined Max-Sharpe,0.008098339638489225
2023-12-22,Combined Max-Sharpe,0.00898878313354716
2023-12-26,Combined Max-Sharpe,-0.0018663072099844107
2023-12-27,Combined Max-Sharpe,0.008926297290329963
2023-12-28,Combined Max-Sharpe,-0.0028138715331488587
2023-12-29,Combined Max-Sharpe,-0.0018053858630887585
2021-01-04,Combined Min-Variance,-0.003657400588535127
2021-01-05,Combined Min-Variance,0.0011835969238465321
2021-01-06,Combined Min-Variance,0.0045435777475022684
2021-01-07,Combined Min-Variance,0.008354033379036733
2021-01-08,Combined Min-Variance,-0.0007927613531779395
2021-01-11,Combined Min-Variance,-0.0017811409646138342
2021-01-12,Combined Min-Variance,-0.0045506849506813385
2021-01-13,Combined Min-Variance,-0.002122469428149481
2021-01-14,Combined Min-Variance,0.0026971323282598846
2021-01-15,Combined Min-Variance,-0.000340173207900456
2021-01-19,Combined Min-Variance,0.007962627281206868
2021-01-20,Combined Min-Variance,0.014384588666031848
2021-01-21,Combined Min-Variance,-0.008812897213061527
2021-01-22,Combined Min-Variance,-0.0013019648986239791
2021-01-25,Combined Min-Variance,0.003388429178620195
2021-01-26,Combined Min-Variance,-0.001715580075528281
2021-01-27,Combined Min-Variance,-0.01759461603810838
2021-01-28,Combined Min-Variance,0.0017765541573478943
2021-01-29,Combined Min-Variance,-0.007487103546494808
2021-02-01,Combined Min-Variance,0.0038552564873581066
2021-02-02,Combined Min-Variance,0.007436025340096452
2021-02-03,Combined Min-Variance,-0.00585913814586425
2021-02-04,Combined Min-Variance,0.0013507033816658786
2021-02-05,Combined Min-Variance,0.013371007223744536
2021-02-08,Combined Min-Variance,0.0031773381732138877
2021-02-09,Combined Min-Variance,-0.0012523446631063832
2021-02-10,Combined Min-Variance,-0.004959667998833352
2021-02-11,Combined Min-Variance,-0.001900169371203254
2021-02-12,Combined Min-Variance,0.0031344066614232002
2021-02-16,Combined Min-Variance,-0.00959169824290564
2021-02-17,Combined Min-Variance,0.00758323380265134
2021-02-18,Combined Min-Variance,-0.0016012062972531153
2021-02-19,Combined Min-Variance,-0.008801565280104623
2021-02-22,Combined Min-Variance,-0.0019706007287646145
2021-02-23,Combined Min-Variance,-0.005108002531985904
2021-02-24,Combined Min-Variance,-0.00016347095039199338
2021-02-25,Combined Min-Variance,-0.009177646564706378
2021-02-26,Combined Min-Variance,-0.018989526295834336
2021-03-01,Combined Min-Variance,0.009783660121832391
2021-03-02,Combined Min-Variance,0.004983699658037086
2021-03-03,Combined Min-Variance,-0.009391204224424656
2021-03-04,Combined Min-Variance,-0.0038267019388847296
2021-03-05,Combined Min-Variance,0.014747234563068489
2021-03-08,Combined Min-Variance,-0.0005572491429289761
2021-03-09,Combined Min-Variance,0.005030921553421305
2021-03-10,Combined Min-Variance,0.006926494487324115
2021-03-11,Combined Min-Variance,-0.0010111025206483533
2021-03-12,Combined Min-Variance,0.004561014630521715
2021-03-15,Combined Min-Variance,0.014193156070502044
2021-03-16,Combined Min-Variance,0.00601782694412504
2021-03-17,Combined Min-Variance,-0.006183757123135651
2021-03-18,Combined Min-Variance,-0.005282065056990243
2021-03-19,Combined Min-Variance,-0.0018622170657972992
2021-03-22,Combined Min-Variance,0.007958548908584887
2021-03-23,Combined Min-Variance,0.0003001597781540859
2021-03-24,Combined Min-Variance,-0.005521503579789989
2021-03-25,Combined Min-Variance,0.001027492403372652
2021-03-26,Combined Min-Variance,0.01746012235987146
2021-03-29,Combined Min-Variance,0.01087068386887165
2021-03-30,Combined Min-Variance,-0.008011129546931815
2021-03-31,Combined Min-Variance,0.0025473703009360003
2021-04-01,Combined Min-Variance,0.010108832240441176
2021-04-05,Combined Min-Variance,0.008995210691407459
2021-04-06,Combined Min-Variance,-0.0009048627069218476
2021-04-07,Combined Min-Variance,-0.0024196339174193397
2021-04-08,Combined Min-Variance,-0.0008664291239660951
2021-04-09,Combined Min-Variance,0.0033063960021815528
2021-04-12,Combined Min-Variance,0.0005690484457058399
2021-04-13,Combined Min-Variance,0.0045073810644111634
2021-04-14,Combined Min-Variance,-0.0024659732624087356
2021-04-15,Combined Min-Variance,0.010735583114476133
2021-04-16,Combined Min-Variance,0.003876716909638986
2021-04-19,Combined Min-Variance,-0.0018284572778250927
2021-04-20,Combined Min-Variance,0.00659166420278837
2021-04-21,Combined Min-Variance,0.0047947023784301575
2021-04-22,Combined Min-Variance,-0.00238679490386018
2021-04-23,Combined Min-Variance,0.0019025843441541266
2021-04-26,Combined Min-Variance,-0.004071330554146819
2021-04-27,Combined Min-Variance,-0.00489274231829103
2021-04-28,Combined Min-Variance,3.2062635200410085e-05
2021-04-29,Combined Min-Variance,0.0016693643491454352
2021-04-30,Combined Min-Variance,-5.669517194825538e-05
2021-05-03,Combined Min-Variance,0.010586513395837327
2021-05-04,Combined Min-Variance,-0.00399302376873822
2021-05-05,Combined Min-Variance,0.005535848983852524
2021-05-06,Combined Min-Variance,0.007633714657037034
2021-05-07,Combined Min-Variance,0.002003510909754078
2021-05-10,Combined Min-Variance,0.004283218412542055
2021-05-11,Combined Min-Variance,-0.007921410387594368
2021-05-12,Combined Min-Variance,-0.012388808424839724
2021-05-13,Combined Min-Variance,0.012096495246373407
2021-05-14,Combined Min-Variance,0.003397964943048655
2021-05-17,Combined Min-Variance,0.0018981117890487355
2021-05-18,Combined Min-Variance,-0.005286472494162303
2021-05-19,Combined Min-Variance,0.0004131578836142503
2021-05-20,Combined Min-Variance,0.011738493362245472
2021-05-21,Combined Min-Variance,-0.0038046740387100353
2021-05-24,Combined Min-Variance,0.0010841249935466626
2021-05-25,Combined Min-Variance,-0.005956776775744002
2021-05-26,Combined Min-Variance,0.0014468611524412725
2021-05-27,Combined Min-Variance,-0.003532331568905531
2021-05-28,Combined Min-Variance,0.0009493325128715946
2021-06-01,Combined Min-Variance,-0.003679476235819376
2021-06-02,Combined Min-Variance,-0.0007857343195935237
2021-06-03,Combined Min-Variance,0.0029054439029604154
2021-06-04,Combined Min-Variance,0.008093109750806293
2021-06-07,Combined Min-Variance,-0.002933371719690716
2021-06-08,Combined Min-Variance,-0.005001067578490196
2021-06-09,Combined Min-Variance,0.004667244869110489
2021-06-10,Combined Min-Variance,0.008505662984730962
2021-06-11,Combined Min-Variance,0.0003960813151887068
2021-06-14,Combined Min-Variance,-0.0001240163260007621
2021-06-15,Combined Min-Variance,-0.0059051351781215025
2021-06-16,Combined Min-Variance,-0.01053555424975143
2021-06-17,Combined Min-Variance,-0.0045755220900866485
2021-06-18,Combined Min-Variance,-0.009440712905303076
2021-06-21,Combined Min-Variance,0.010821421784905878
2021-06-22,Combined Min-Variance,-0.0014128458486265473
2021-06-23,Combined Min-Variance,-0.007014702974608768
2021-06-24,Combined Min-Variance,0.005209041032267554
2021-06-25,Combined Min-Variance,0.005759848105999
2021-06-28,Combined Min-Variance,0.0037682305660336336
2021-06-29,Combined Min-Variance,-0.0018392358923328528
2021-06-30,Combined Min-Variance,0.006623319079207305
2021-07-01,Combined Min-Variance,0.002051372837160759
2021-07-02,Combined Min-Variance,0.004501630924184427
2021-07-06,Combined Min-Variance,-0.0036236347523448485
2021-07-07,Combined Min-Variance,0.002689433550115698
2021-07-08,Combined Min-Variance,-0.007094338052986989
2021-07-09,Combined Min-Variance,0.0072096783981258706
2021-07-12,Combined Min-Variance,0.0014711122403985241
2021-07-13,Combined Min-Variance,-0.00012651126313556168
2021-07-14,Combined Min-Variance,0.003643281681567067
2021-07-15,Combined Min-Variance,0.0008053477565866146
2021-07-16,Combined Min-Variance,-0.0018361202757079785
2021-07-19,Combined Min-Variance,-0.013050074378114338
2021-07-20,Combined Min-Variance,0.00513633567176542
2021-07-21,Combined Min-Variance,-0.001829040918992236
2021-07-22,Combined Min-Variance,0.0019626915469290415
2021-07-23,Combined Min-Variance,0.009261374968645757
2021-07-26,Combined Min-Variance,0.001475870517749376
2021-07-27,Combined Min-Variance,-0.0027209925416365587
2021-07-28,Combined Min-Variance,0.0022043406032622418
2021-07-29,Combined Min-Variance,-0.0009634988123742484
2021-07-30,Combined Min-Variance,-0.004309967686203512
2021-08-02,Combined Min-Variance,-0.0025564640046802484
2021-08-03,Combined Min-Variance,-0.0007197878393612406
2021-08-04,Combined Min-Variance,-0.009295136656371406
2021-08-05,Combined Min-Variance,0.0015640186180375065
2021-08-06,Combined Min-Variance,-0.003113494143467149
2021-08-09,Combined Min-Variance,0.0003565102336065495
2021-08-10,Combined Min-Variance,0.005692952748744797
2021-08-11,Combined Min-Variance,0.005190813464013021
2021-08-12,Combined Min-Variance,0.004160873292722911
2021-08-13,Combined Min-Variance,0.0034787124583067998
2021-08-16,Combined Min-Variance,0.008128872049330181
2021-08-17,Combined Min-Variance,0.004231658573498904
2021-08-18,Combined Min-Variance,-0.012171570194711342
2021-08-19,Combined Min-Variance,0.001415860486169539
2021-08-20,Combined Min-Variance,0.0033479473477042417
2021-08-23,Combined Min-Variance,0.0017555163870845232
2021-08-24,Combined Min-Variance,-0.004297059846593408
2021-08-25,Combined Min-Variance,-0.003700214238706736
2021-08-26,Combined Min-Variance,-0.004824219817336004
2021-08-27,Combined Min-Variance,0.0020204549942396113
2021-08-30,Combined Min-Variance,0.004157914683404406
2021-08-31,Combined Min-Variance,0.00502216060918791
2021-09-01,Combined Min-Variance,-0.005411387349120831
2021-09-02,Combined Min-Variance,0.0053552563019101385
2021-09-03,Combined Min-Variance,-0.00041819335294888754
2021-09-07,Combined Min-Variance,-0.016210700902089675
2021-09-08,Combined Min-Variance,0.005033153562977071
2021-09-09,Combined Min-Variance,-0.012916319116960215
2021-09-10,Combined Min-Variance,-0.0031637845405219083
2021-09-13,Combined Min-Variance,-0.00039309109618152263
2021-09-14,Combined Min-Variance,-0.0049368210118753255
2021-09-15,Combined Min-Variance,0.0011316938069070707
2021-09-16,Combined Min-Variance,-0.00648986809510993
2021-09-17,Combined Min-Variance,-0.008041626514409799
2021-09-20,Combined Min-Variance,-0.01080373949918272
2021-09-21,Combined Min-Variance,-0.004878170978806357
2021-09-22,Combined Min-Variance,-0.001065378384078526
2021-09-23,Combined Min-Variance,0.00457837017987868
2021-09-24,Combined Min-Variance,-0.000310482556579236
2021-09-27,Combined Min-Variance,-0.0013149227905041158
2021-09-28,Combined Min-Variance,-0.0021750481825568704
2021-09-29,Combined Min-Variance,0.010530769953086713
2021-09-30,Combined Min-Variance,-0.0061953077451904716
2021-10-01,Combined Min-Variance,0.01109096561297147
2021-10-04,Combined Min-Variance,-0.00039735214327613186
2021-10-05,Combined Min-Variance,0.0012774838723083352
2021-10-06,Combined Min-Variance,-0.0014707024515804557
2021-10-07,Combined Min-Variance,0.01089793054589592
2021-10-08,Combined Min-Variance,-0.0008427526291704015
2021-10-11,Combined Min-Variance,-0.006891903919323648
2021-10-12,Combined Min-Variance,-0.0025234753070139393
2021-10-13,Combined Min-Variance,0.003383094412528312
2021-10-14,Combined Min-Variance,0.010180948394155852
2021-10-15,Combined Min-Variance,-0.002208166409870401
2021-10-18,Combined Min-Variance,-0.006418707620181497
2021-10-19,Combined Min-Variance,0.010293982169101832
2021-10-20,Combined Min-Variance,0.009529091895179472
2021-10-21,Combined Min-Variance,0.004587683369473102
2021-10-22,Combined Min-Variance,0.0030540556938616547
2021-10-25,Combined Min-Variance,0.004899706674750485
2021-10-26,Combined Min-Variance,0.0011959832004531739
2021-10-27,Combined Min-Variance,-0.009484578674472563
2021-10-28,Combined Min-Variance,0.011412597425418038
2021-10-29,Combined Min-Variance,-0.0007096985729249711
2021-11-01,Combined Min-Variance,0.0036366698705219552
2021-11-02,Combined Min-Variance,0.0033942470945644825
2021-11-03,Combined Min-Variance,0.003381800713158001
2021-11-04,Combined Min-Variance,0.002363032304822519
2021-11-05,Combined Min-Variance,-0.0065270489590918655
2021-11-08,Combined Min-Variance,-0.005825029720115794
2021-11-09,Combined Min-Variance,0.0026319792233329207
2021-11-10,Combined Min-Variance,0.004540314263566373
2021-11-11,Combined Min-Variance,0.0021882182551598286
2021-11-12,Combined Min-Variance,0.0013213954449256284
2021-11-15,Combined Min-Variance,-0.005343497270611919
2021-11-16,Combined Min-Variance,-0.006000813529203413
2021-11-17,Combined Min-Variance,-0.0016726847288986524
2021-11-18,Combined Min-Variance,-0.0034411376969902415
2021-11-19,Combined Min-Variance,-0.0076389246071071355
2021-11-22,Combined Min-Variance,-0.00035423787586197526
2021-11-23,Combined Min-Variance,0.006007575316610546
2021-11-24,Combined Min-Variance,-0.0037157227770237087
2021-11-26,Combined Min-Variance,-0.011607541719648989
2021-11-29,Combined Min-Variance,-0.0012764428933251313
2021-11-30,Combined Min-Variance,-0.02015676567328112
2021-12-01,Combined Min-Variance,-0.013003666443168959
2021-12-02,Combined Min-Variance,0.011867528347484311
2021-12-03,Combined Min-Variance,0.010946395195322818
2021-12-06,Combined Min-Variance,0.011374423022573722
2021-12-07,Combined Min-Variance,0.0024721337798569425
2021-12-08,Combined Min-Variance,0.0023675362804574363
2021-12-09,Combined Min-Variance,-3.864780875413782e-05
2021-12-10,Combined Min-Variance,0.0075885793572926415
2021-12-13,Combined Min-Variance,0.008280014048000717
2021-12-14,Combined Min-Variance,-0.0006316980875320597
2021-12-15,Combined Min-Variance,0.009747782961997116
2021-12-16,Combined Min-Variance,0.013482083583065439
2021-12-17,Combined Min-Variance,-0.009786924233188995
2021-12-20,Combined Min-Variance,0.0017871728821360782
2021-12-21,Combined Min-Variance,0.0022351344098481877
2021-12-22,Combined Min-Variance,0.005765590785309185
2021-12-23,Combined Min-Variance,0.0028398606821270064
2021-12-27,Combined Min-Variance,0.008908297222270045
2021-12-28,Combined Min-Variance,0.004585243237695059
2021-12-29,Combined Min-Variance,0.003660255600304505
2021-12-30,Combined Min-Variance,0.002190566885255452
2021-12-31,Combined Min-Variance,-0.0013745991092734017
2022-01-03,Combined Min-Variance,-0.002109478296747294
2022-01-04,Combined Min-Variance,-0.0012583828411591419
2022-01-05,Combined Min-Variance,-0.0030531866370363935
2022-01-06,Combined Min-Variance,-0.007291896925668676
2022-01-07,Combined Min-Variance,0.0019669565690888955
2022-01-10,Combined Min-Variance,-0.004554382203492331
2022-01-11,Combined Min-Variance,0.004865935368471885
2022-01-12,Combined Min-Variance,0.00490329844244024
2022-01-13,Combined Min-Variance,-0.004176033183107326
2022-01-14,Combined Min-Variance,-0.0033128103899034713
2022-01-18,Combined Min-Variance,-0.0036879449791755985
2022-01-19,Combined Min-Variance,0.004135866253833857
2022-01-20,Combined Min-Variance,-0.011956493274843574
2022-01-21,Combined Min-Variance,-0.006133395983982532
2022-01-24,Combined Min-Variance,-0.00199126611087074
2022-01-25,Combined Min-Variance,-0.005797029691596203
2022-01-26,Combined Min-Variance,-0.014053411344104585
2022-01-27,Combined Min-Variance,0.0003842009799507463
2022-01-28,Combined Min-Variance,0.013435400975957428
2022-01-31,Combined Min-Variance,0.009480997268079064
2022-02-01,Combined Min-Variance,-0.003284034450992874
2022-02-02,Combined Min-Variance,0.009516088009689578
2022-02-03,Combined Min-Variance,-0.006974358731909332
2022-02-04,Combined Min-Variance,-0.0073436491121643774
2022-02-07,Combined Min-Variance,0.0018967569808050503
2022-02-08,Combined Min-Variance,-0.0010929362396075346
2022-02-09,Combined Min-Variance,0.004103428244319424
2022-02-10,Combined Min-Variance,-0.016345722807311266
2022-02-11,Combined Min-Variance,-0.002097597703980705
2022-02-14,Combined Min-Variance,-0.005560532676272489
2022-02-15,Combined Min-Variance,0.0030913439062795777
2022-02-16,Combined Min-Variance,8.532673075459176e-05
2022-02-17,Combined Min-Variance,-0.004136502520597629
2022-02-18,Combined Min-Variance,-0.0047398427175941085
2022-02-22,Combined Min-Variance,-0.006673934217046691
2022-02-23,Combined Min-Variance,-0.001282009417524538
2022-02-24,Combined Min-Variance,-0.0018089377608243831
2022-02-25,Combined Min-Variance,0.02377473895816635
2022-02-28,Combined Min-Variance,-0.006121413334088652
2022-03-01,Combined Min-Variance,-0.003413717764675056
2022-03-02,Combined Min-Variance,0.013672464655258697
2022-03-03,Combined Min-Variance,0.008102686168459858
2022-03-04,Combined Min-Variance,0.006951462747357353
2022-03-07,Combined Min-Variance,-0.008293305122576127
2022-03-08,Combined Min-Variance,-0.01639061176405714
2022-03-09,Combined Min-Variance,0.007004807171108854
2022-03-10,Combined Min-Variance,2.5969543527420806e-05
2022-03-11,Combined Min-Variance,-0.006215434982103661
2022-03-14,Combined Min-Variance,-0.006146119360377209
2022-03-15,Combined Min-Variance,0.011426041981430848
2022-03-16,Combined Min-Variance,0.005890841310343854
2022-03-17,Combined Min-Variance,0.01134666785468568
2022-03-18,Combined Min-Variance,0.0038235773578418498
2022-03-21,Combined Min-Variance,0.0033613601097712636
2022-03-22,Combined Min-Variance,0.005379908564531884
2022-03-23,Combined Min-Variance,-0.006352133064156685
2022-03-24,Combined Min-Variance,0.006072552495550004
2022-03-25,Combined Min-Variance,0.007060978371568188
2022-03-28,Combined Min-Variance,0.005991734561565679
2022-03-29,Combined Min-Variance,0.012167849312017741
2022-03-30,Combined Min-Variance,0.0021464576016834696
2022-03-31,Combined Min-Variance,-0.008739387326264735
2022-04-01,Combined Min-Variance,0.008602621262420233
2022-04-04,Combined Min-Variance,0.0016454900825821836
2022-04-05,Combined Min-Variance,-0.005712978105148033
2022-04-06,Combined Min-Variance,0.010963000552635594
2022-04-07,Combined Min-Variance,0.004334842047905372
2022-04-08,Combined Min-Variance,0.005428527519301262
2022-04-11,Combined Min-Variance,-0.013567029464287025
2022-04-12,Combined Min-Variance,0.0014720189525234699
2022-04-13,Combined Min-Variance,0.003975245445778214
2022-04-14,Combined Min-Variance,0.003698135625367991
2022-04-18,Combined Min-Variance,-0.004972656619878292
2022-04-19,Combined Min-Variance,0.005975256581382588
2022-04-20,Combined Min-Variance,0.002868792364329494
2022-04-21,Combined Min-Variance,-0.009684080892910113
2022-04-22,Combined Min-Variance,-0.01699197257914437
2022-04-25,Combined Min-Variance,-2.5580355023716028e-05
2022-04-26,Combined Min-Variance,-0.01649867637413139
2022-04-27,Combined Min-Variance,-0.0006267616055830318
2022-04-28,Combined Min-Variance,0.014426640714435824
2022-04-29,Combined Min-Variance,-0.03111736664810106
2022-05-02,Combined Min-Variance,0.0013089557082583963
2022-05-03,Combined Min-Variance,0.0028330586571736474
2022-05-04,Combined Min-Variance,0.02472539112235322
2022-05-05,Combined Min-Variance,-0.015136390119322538
2022-05-06,Combined Min-Variance,-0.005786607964683862
2022-05-09,Combined Min-Variance,-0.01517771249619259
2022-05-10,Combined Min-Variance,-0.008429167631514335
2022-05-11,Combined Min-Variance,0.008034888083989342
2022-05-12,Combined Min-Variance,0.005153506028408405
2022-05-13,Combined Min-Variance,0.009034314104692003
2022-05-16,Combined Min-Variance,0.006192175013208383
2022-05-17,Combined Min-Variance,-0.0001392718798583891
2022-05-18,Combined Min-Variance,-0.023139314275966976
2022-05-19,Combined Min-Variance,-0.0034919010378395695
2022-05-20,Combined Min-Variance,0.0021095179537535882
2022-05-23,Combined Min-Variance,0.015926122944571547
2022-05-24,Combined Min-Variance,0.011011836594870924
2022-05-25,Combined Min-Variance,0.005151604202134255
2022-05-26,Combined Min-Variance,0.0048520444973653935
2022-05-27,Combined Min-Variance,0.009457246206469015
2022-05-31,Combined Min-Variance,-0.009257956695147434
2022-06-01,Combined Min-Variance,-0.005131408352016148
2022-06-02,Combined Min-Variance,0.006052065940002796
2022-06-03,Combined Min-Variance,-0.0047080026101176025
2022-06-06,Combined Min-Variance,-0.0039077982415526595
2022-06-07,Combined Min-Variance,0.007258712560229032
2022-06-08,Combined Min-Variance,-0.009472623834016921
2022-06-09,Combined Min-Variance,-0.022383306289510053
2022-06-10,Combined Min-Variance,-0.008086391906600321
2022-06-13,Combined Min-Variance,-0.031656779003402184
2022-06-14,Combined Min-Variance,-0.013087276533916408
2022-06-15,Combined Min-Variance,0.0034953027361743945
2022-06-16,Combined Min-Variance,-0.006768008854184212
2022-06-17,Combined Min-Variance,-0.0027499459108922875
2022-06-21,Combined Min-Variance,0.022275860248198266
2022-06-22,Combined Min-Variance,0.003944511315180569
2022-06-23,Combined Min-Variance,0.012638856370687741
2022-06-24,Combined Min-Variance,0.01489545110815215
2022-06-27,Combined Min-Variance,-0.0016696578635941534
2022-06-28,Combined Min-Variance,-0.00968880441679997
2022-06-29,Combined Min-Variance,0.0011400190459191647
2022-06-30,Combined Min-Variance,-0.008494607743215466
2022-07-01,Combined Min-Variance,0.014526037977450645
2022-07-05,Combined Min-Variance,-0.004827019219829281
2022-07-06,Combined Min-Variance,0.001101434198483127
2022-07-07,Combined Min-Variance,0.003092923181585751
2022-07-08,Combined Min-Variance,-0.0026073933902269275
2022-07-11,Combined Min-Variance,-0.00032027264250167505
2022-07-12,Combined Min-Variance,-0.005141966251159771
2022-07-13,Combined Min-Variance,-0.0019409862934978337
2022-07-14,Combined Min-Variance,-0.004774903909635475
2022-07-15,Combined Min-Variance,0.011448352780603226
2022-07-18,Combined Min-Variance,-0.012839462067251868
2022-07-19,Combined Min-Variance,0.012704020624300403
2022-07-20,Combined Min-Variance,-0.007509438875647727
2022-07-21,Combined Min-Variance,0.004370021943767781
2022-07-22,Combined Min-Variance,-0.00010533431266327342
2022-07-25,Combined Min-Variance,-0.006491055938491988
2022-07-26,Combined Min-Variance,0.002485370596722239
2022-07-27,Combined Min-Variance,0.004994781746184477
2022-07-28,Combined Min-Variance,0.0043430414027591496
2022-07-29,Combined Min-Variance,-0.0011804060572242266
2022-08-01,Combined Min-Variance,-0.004869921393107657
2022-08-02,Combined Min-Variance,-0.006807570518056838
2022-08-03,Combined Min-Variance,0.011828633323785462
2022-08-04,Combined Min-Variance,-0.0042198394892195455
2022-08-05,Combined Min-Variance,-0.003365743159176301
2022-08-08,Combined Min-Variance,0.004366496702284797
2022-08-09,Combined Min-Variance,0.0023826325524100604
2022-08-10,Combined Min-Variance,0.009740609904143088
2022-08-11,Combined Min-Variance,-0.0020952876881370494
2022-08-12,Combined Min-Variance,0.014247425615710246
2022-08-15,Combined Min-Variance,0.006886778421571555
2022-08-16,Combined Min-Variance,0.010641650851462004
2022-08-17,Combined Min-Variance,-0.006995372335677984
2022-08-18,Combined Min-Variance,-0.0023912673775285708
2022-08-19,Combined Min-Variance,-0.003299586119124988
2022-08-22,Combined Min-Variance,-0.01404014670059538
2022-08-23,Combined Min-Variance,-0.0046463419478178485
2022-08-24,Combined Min-Variance,-0.0009345167829208567
2022-08-25,Combined Min-Variance,0.006888550626096824
2022-08-26,Combined Min-Variance,-0.022512621582634375
2022-08-29,Combined Min-Variance,-0.006253812099706917
2022-08-30,Combined Min-Variance,-0.008977442712923346
2022-08-31,Combined Min-Variance,-0.003513950015335364
2022-09-01,Combined Min-Variance,0.0127882988514343
2022-09-02,Combined Min-Variance,-0.010255304270027986
2022-09-06,Combined Min-Variance,-0.00318847662953694
2022-09-07,Combined Min-Variance,0.014775795612277393
2022-09-08,Combined Min-Variance,0.0016940789428119486
2022-09-09,Combined Min-Variance,0.009810663848955186
2022-09-12,Combined Min-Variance,0.008839390897603692
2022-09-13,Combined Min-Variance,-0.029157004873869404
2022-09-14,Combined Min-Variance,0.005523778412905811
2022-09-15,Combined Min-Variance,-0.009849733888126756
2022-09-16,Combined Min-Variance,0.0014455282831143394
2022-09-19,Combined Min-Variance,0.0024663709743680514
2022-09-20,Combined Min-Variance,-0.012659457767067554
2022-09-21,Combined Min-Variance,-0.012678011388247345
2022-09-22,Combined Min-Variance,0.004437793251935374
2022-09-23,Combined Min-Variance,-0.016314918717529582
2022-09-26,Combined Min-Variance,-0.010868095736297103
2022-09-27,Combined Min-Variance,-0.005546328259592469
2022-09-28,Combined Min-Variance,0.020960166935863875
2022-09-29,Combined Min-Variance,-0.015452296315913872
2022-09-30,Combined Min-Variance,-0.016720805588002496
2022-10-03,Combined Min-Variance,0.026507779229543386
2022-10-04,Combined Min-Variance,0.020275574708118582
2022-10-05,Combined Min-Variance,-0.004489462856315375
2022-10-06,Combined Min-Variance,-0.00974672077564247
2022-10-07,Combined Min-Variance,-0.014525137254601913
2022-10-10,Combined Min-Variance,0.001464730194879991
2022-10-11,Combined Min-Variance,0.012204873845160598
2022-10-12,Combined Min-Variance,-0.004239126440831647
2022-10-13,Combined Min-Variance,0.018307668915813487
2022-10-14,Combined Min-Variance,-0.011891900639748421
2022-10-17,Combined Min-Variance,0.013471462001968037
2022-10-18,Combined Min-Variance,0.011362415125789456
2022-10-19,Combined Min-Variance,-0.008506762821326388
2022-10-20,Combined Min-Variance,-0.0013079625169937644
2022-10-21,Combined Min-Variance,0.02019096742894213
2022-10-24,Combined Min-Variance,0.018254233874103874
2022-10-25,Combined Min-Variance,0.009125853899095017
2022-10-26,Combined Min-Variance,0.011762123176782255
2022-10-27,Combined Min-Variance,0.0012036287067587878
2022-10-28,Combined Min-Variance,0.019750170534162913
2022-10-31,Combined Min-Variance,-0.006715261053998308
2022-11-01,Combined Min-Variance,-0.0003874948129933333
2022-11-02,Combined Min-Variance,-0.012617949712918124
2022-11-03,Combined Min-Variance,-0.005517359131278191
2022-11-04,Combined Min-Variance,0.015428142126463387
2022-11-07,Combined Min-Variance,0.010915479313334463
2022-11-08,Combined Min-Variance,0.006568814644796753
2022-11-09,Combined Min-Variance,-0.013391480633851881
2022-11-10,Combined Min-Variance,0.02798453629180326
2022-11-11,Combined Min-Variance,-0.0013329348399045348
2022-11-14,Combined Min-Variance,-0.003961365242503271
2022-11-15,Combined Min-Variance,0.007801402489798669
2022-11-16,Combined Min-Variance,-0.0025947175427022016
2022-11-17,Combined Min-Variance,0.002187833965210069
2022-11-18,Combined Min-Variance,0.00922637403132835
2022-11-21,Combined Min-Variance,0.003743936392261393
2022-11-22,Combined Min-Variance,0.009909943460769444
2022-11-23,Combined Min-Variance,0.0004017948401452813
2022-11-25,Combined Min-Variance,0.000500309890172663
2022-11-28,Combined Min-Variance,-0.012243065795212962
2022-11-29,Combined Min-Variance,0.0043047326174276606
2022-11-30,Combined Min-Variance,0.018670907357778623
2022-12-01,Combined Min-Variance,0.0022429813534059146
2022-12-02,Combined Min-Variance,0.002629131223206487
2022-12-05,Combined Min-Variance,-0.009549817102075446
2022-12-06,Combined Min-Variance,-0.006458611053753764
2022-12-07,Combined Min-Variance,0.0020314528856942133
2022-12-08,Combined Min-Variance,0.004386868854169699
2022-12-09,Combined Min-Variance,-0.01187105654532795
2022-12-12,Combined Min-Variance,0.00918938753423401
2022-12-13,Combined Min-Variance,0.002036747183067398
2022-12-14,Combined Min-Variance,-0.0018327549804926647
2022-12-15,Combined Min-Variance,-0.014268034230184532
2022-12-16,Combined Min-Variance,-0.00774373900298251
2022-12-19,Combined Min-Variance,-0.002962643002647713
2022-12-20,Combined Min-Variance,0.0003355212803495881
2022-12-21,Combined Min-Variance,0.01195293913048454
2022-12-22,Combined Min-Variance,-0.004652978752077739
2022-12-23,Combined Min-Variance,0.005321898637125941
2022-12-27,Combined Min-Variance,0.001776236201357945
2022-12-28,Combined Min-Variance,-0.01019953030480937
2022-12-29,Combined Min-Variance,0.008209787823477888
2022-12-30,Combined Min-Variance,-0.0007283448565989189
2023-01-03,Combined Min-Variance,0.0008220691040237466
2023-01-04,Combined Min-Variance,0.009696412299540375
2023-01-05,Combined Min-Variance,-0.0014311047191444544
2023-01-06,Combined Min-Variance,0.015024786195189283
2023-01-09,Combined Min-Variance,-0.013140438699846838
2023-01-10,Combined Min-Variance,0.0026245560060696596
2023-01-11,Combined Min-Variance,0.004241937085720153
2023-01-12,Combined Min-Variance,-0.003638217746317655
2023-01-13,Combined Min-Variance,0.002407130427372394
2023-01-17,Combined Min-Variance,-0.005884182303316196
2023-01-18,Combined Min-Variance,-0.017903966429029982
2023-01-19,Combined Min-Variance,-0.0030509637910280706
2023-01-20,Combined Min-Variance,0.009853679366008044
2023-01-23,Combined Min-Variance,0.0024350676214399247
2023-01-24,Combined Min-Variance,1.166202062825015e-05
2023-01-25,Combined Min-Variance,0.0038673120709689646
2023-01-26,Combined Min-Variance,0.00030162036814104917
2023-01-27,Combined Min-Variance,-0.002504779610977925
2023-01-30,Combined Min-Variance,-0.0029557263869669373
2023-01-31,Combined Min-Variance,0.008664317936329652
2023-02-01,Combined Min-Variance,-0.013350708589689982
2023-02-02,Combined Min-Variance,-0.010486596204928776
2023-02-03,Combined Min-Variance,-0.009062281580585897
2023-02-06,Combined Min-Variance,-0.0019133796739983823
2023-02-07,Combined Min-Variance,0.005924892288033915
2023-02-08,Combined Min-Variance,-0.007850044947853584
2023-02-09,Combined Min-Variance,-0.002106107014687571
2023-02-10,Combined Min-Variance,0.011254082433355657
2023-02-13,Combined Min-Variance,0.009407204167295676
2023-02-14,Combined Min-Variance,-0.00696000897711206
2023-02-15,Combined Min-Variance,0.0016316842082882627
2023-02-16,Combined Min-Variance,-0.01107338811035647
2023-02-17,Combined Min-Variance,0.011487859538297878
2023-02-21,Combined Min-Variance,-0.006145145008158189
2023-02-22,Combined Min-Variance,-0.0036868824900925376
2023-02-23,Combined Min-Variance,0.0003501596591695409
2023-02-24,Combined Min-Variance,-0.005694504497131761
2023-02-27,Combined Min-Variance,-0.00044878484078226025
2023-02-28,Combined Min-Variance,-0.008471844576828638
2023-03-01,Combined Min-Variance,-0.0037986206437025747
2023-03-02,Combined Min-Variance,0.007933253781992477
2023-03-03,Combined Min-Variance,0.005669069537875729
2023-03-06,Combined Min-Variance,0.005746883886956086
2023-03-07,Combined Min-Variance,-0.010634497095153655
2023-03-08,Combined Min-Variance,-0.004636680570827555
2023-03-09,Combined Min-Variance,-0.012720355289074888
2023-03-10,Combined Min-Variance,-0.004120277701338373
2023-03-13,Combined Min-Variance,0.007024007387816517
2023-03-14,Combined Min-Variance,0.0085209015603031
2023-03-15,Combined Min-Variance,0.0020929331477601495
2023-03-16,Combined Min-Variance,0.002126823846076673
2023-03-17,Combined Min-Variance,-0.010154108896485893
2023-03-20,Combined Min-Variance,0.012637317064296542
2023-03-21,Combined Min-Variance,-0.000813579673808848
2023-03-22,Combined Min-Variance,-0.015717390275270422
2023-03-23,Combined Min-Variance,0.00497228830864447
2023-03-24,Combined Min-Variance,0.016595923541316792
2023-03-27,Combined Min-Variance,0.004566237224495977
2023-03-28,Combined Min-Variance,-5.732915143630876e-05
2023-03-29,Combined Min-Variance,0.007555986833107932
2023-03-30,Combined Min-Variance,0.003979862868575492
2023-03-31,Combined Min-Variance,0.008014465174756185
2023-04-03,Combined Min-Variance,0.00812509754348307
2023-04-04,Combined Min-Variance,0.004352755199795434
2023-04-05,Combined Min-Variance,0.012697584075655233
2023-04-06,Combined Min-Variance,0.0003843798993812817
2023-04-10,Combined Min-Variance,-0.0008388227341851981
2023-04-11,Combined Min-Variance,-0.00012662765171724466
2023-04-12,Combined Min-Variance,0.0005764072159759916
2023-04-13,Combined Min-Variance,0.0077927926973996
2023-04-14,Combined Min-Variance,-0.0048204021893418535
2023-04-17,Combined Min-Variance,0.001373986433998325
2023-04-18,Combined Min-Variance,-0.0020114107924524105
2023-04-19,Combined Min-Variance,0.000734390483544671
2023-04-20,Combined Min-Variance,-0.00807722183154234
2023-04-21,Combined Min-Variance,0.0057725196317239165
2023-04-24,Combined Min-Variance,0.0007054783269094271
2023-04-25,Combined Min-Variance,-0.002590186709294662
2023-04-26,Combined Min-Variance,-0.017100711226640836
2023-04-27,Combined Min-Variance,0.002081594957483251
2023-04-28,Combined Min-Variance,0.0024690403789863332
2023-05-01,Combined Min-Variance,0.0008236618560382878
2023-05-02,Combined Min-Variance,-0.011454088157448403
2023-05-03,Combined Min-Variance,-0.008407320400420944
2023-05-04,Combined Min-Variance,-0.00031302018788538564
2023-05-05,Combined Min-Variance,0.01157053402352131
2023-05-08,Combined Min-Variance,-0.00044036759621604896
2023-05-09,Combined Min-Variance,-0.005410838411275456
2023-05-10,Combined Min-Variance,-0.000832939031038213
2023-05-11,Combined Min-Variance,-0.001884610914348244
2023-05-12,Combined Min-Variance,0.00211486089856016
2023-05-15,Combined Min-Variance,-0.0019278945276530607
2023-05-16,Combined Min-Variance,-0.015167167395698851
2023-05-17,Combined Min-Variance,-0.0008889419542103693
2023-05-18,Combined Min-Variance,-0.0015252918583072202
2023-05-19,Combined Min-Variance,0.00019862730134720567
2023-05-22,Combined Min-Variance,-0.0031384269280765333
2023-05-23,Combined Min-Variance,-0.004617515607817136
2023-05-24,Combined Min-Variance,-0.007206651333036798
2023-05-25,Combined Min-Variance,-0.013052154599277884
2023-05-26,Combined Min-Variance,0.00021450758371541613
2023-05-30,Combined Min-Variance,-0.0034418448848486157
2023-05-31,Combined Min-Variance,0.007198876545194981
2023-06-01,Combined Min-Variance,-0.003170292539016323
2023-06-02,Combined Min-Variance,0.0066250296893237024
2023-06-05,Combined Min-Variance,0.0026688965548719093
2023-06-06,Combined Min-Variance,-0.006435551922809148
2023-06-07,Combined Min-Variance,0.0018116817634133572
2023-06-08,Combined Min-Variance,0.007915990184806319
2023-06-09,Combined Min-Variance,9.80128019761174e-05
2023-06-12,Combined Min-Variance,-0.0016143930249936677
2023-06-13,Combined Min-Variance,0.005118219971683835
2023-06-14,Combined Min-Variance,-0.001764994707682416
2023-06-15,Combined Min-Variance,0.01162395384799142
2023-06-16,Combined Min-Variance,0.001105150292203601
2023-06-20,Combined Min-Variance,-0.008249156519918456
2023-06-21,Combined Min-Variance,-0.001412502173516006
2023-06-22,Combined Min-Variance,0.005242879513821654
2023-06-23,Combined Min-Variance,-0.006924203643571107
2023-06-26,Combined Min-Variance,0.004183037293962584
2023-06-27,Combined Min-Variance,0.0028916145215932476
2023-06-28,Combined Min-Variance,-0.002715422030457512
2023-06-29,Combined Min-Variance,0.0014101343492354643
2023-06-30,Combined Min-Variance,0.008817375242394686
2023-07-03,Combined Min-Variance,0.004812010825180169
2023-07-05,Combined Min-Variance,0.0016438478030890167
2023-07-06,Combined Min-Variance,-0.00859647079558284
2023-07-07,Combined Min-Variance,-0.010885003220496046
2023-07-10,Combined Min-Variance,0.0033640852547476077
2023-07-11,Combined Min-Variance,0.010745595569941714
2023-07-12,Combined Min-Variance,0.000290078368672766
2023-07-13,Combined Min-Variance,0.002099041018392713
2023-07-14,Combined Min-Variance,0.0006749030879918082
2023-07-17,Combined Min-Variance,-0.0045822274860634225
2023-07-18,Combined Min-Variance,0.00288369083257069
2023-07-19,Combined Min-Variance,0.005532371880856279
2023-07-20,Combined Min-Variance,0.013101856358147233
2023-07-21,Combined Min-Variance,0.006167338873133481
2023-07-24,Combined Min-Variance,0.002047663382621816
2023-07-25,Combined Min-Variance,-4.1490771662060135e-05
2023-07-26,Combined Min-Variance,0.00034503601321287205
2023-07-27,Combined Min-Variance,-0.004205955077753311
2023-07-28,Combined Min-Variance,0.0019254564413957423
2023-07-31,Combined Min-Variance,-0.003544406148549133
2023-08-01,Combined Min-Variance,-0.006135416770704597
2023-08-02,Combined Min-Variance,-0.010231318818016023
2023-08-03,Combined Min-Variance,-0.006856955193814976
2023-08-04,Combined Min-Variance,-0.0006579666621438977
2023-08-07,Combined Min-Variance,0.01435257046030214
2023-08-08,Combined Min-Variance,-0.001156091639592956
2023-08-09,Combined Min-Variance,0.0016528650911153738
2023-08-10,Combined Min-Variance,-1.2982561144101595e-05
2023-08-11,Combined Min-Variance,0.005338821419467567
2023-08-14,Combined Min-Variance,-8.496487472904276e-05
2023-08-15,Combined Min-Variance,-0.005945411375670843
2023-08-16,Combined Min-Variance,-0.003347905029861694
2023-08-17,Combined Min-Variance,-0.006768054197139864
2023-08-18,Combined Min-Variance,0.0019389935710523339
2023-08-21,Combined Min-Variance,-0.0019558943387572333
2023-08-22,Combined Min-Variance,-0.0049561735140227275
2023-08-23,Combined Min-Variance,0.009471997413036866
2023-08-24,Combined Min-Variance,-0.010501413958071427
2023-08-25,Combined Min-Variance,0.002599175732505477
2023-08-28,Combined Min-Variance,0.004233097709202998
2023-08-29,Combined Min-Variance,0.007485710357003666
2023-08-30,Combined Min-Variance,0.0011266393312268854
2023-08-31,Combined Min-Variance,-0.005108605091861949
2023-09-01,Combined Min-Variance,0.0024592657864734684
2023-09-05,Combined Min-Variance,-0.009603901189709356
2023-09-06,Combined Min-Variance,-0.0038592870964204388
2023-09-07,Combined Min-Variance,0.008340198609386543
2023-09-08,Combined Min-Variance,0.004903657516986871
2023-09-11,Combined Min-Variance,0.002967538874257959
2023-09-12,Combined Min-Variance,-0.00043613718134250337
2023-09-13,Combined Min-Variance,0.0010949059918370996
2023-09-14,Combined Min-Variance,0.008649469001057841
2023-09-15,Combined Min-Variance,-0.007556492252252243
2023-09-18,Combined Min-Variance,0.0022871958621454285
2023-09-19,Combined Min-Variance,0.0006668317688993688
2023-09-20,Combined Min-Variance,0.0023352064523073828
2023-09-21,Combined Min-Variance,-0.013678992738922254
2023-09-22,Combined Min-Variance,-0.0028693007432436324
2023-09-25,Combined Min-Variance,0.00011079124749679091
2023-09-26,Combined Min-Variance,-0.007622079455840009
2023-09-27,Combined Min-Variance,-0.005652438177058702
2023-09-28,Combined Min-Variance,0.0021883256166594445
2023-09-29,Combined Min-Variance,-0.005003462519970797
2023-10-02,Combined Min-Variance,-0.008454425037378388
2023-10-03,Combined Min-Variance,-0.007293886810199397
2023-10-04,Combined Min-Variance,0.006650544318639254
2023-10-05,Combined Min-Variance,-0.002429473578735113
2023-10-06,Combined Min-Variance,0.004216038993580552
2023-10-09,Combined Min-Variance,0.007153157337728849
2023-10-10,Combined Min-Variance,0.007313774016106321
2023-10-11,Combined Min-Variance,0.0027914672181188855
2023-10-12,Combined Min-Variance,-0.002108359487746552
2023-10-13,Combined Min-Variance,0.0030801289079013206
2023-10-16,Combined Min-Variance,0.005818143272510899
2023-10-17,Combined Min-Variance,0.0040290492098227024
2023-10-18,Combined Min-Variance,-0.007695585953441763
2023-10-19,Combined Min-Variance,-0.007127123287045024
2023-10-20,Combined Min-Variance,-0.001191842120915384
2023-10-23,Combined Min-Variance,-0.007408156440118797
2023-10-24,Combined Min-Variance,0.010566408306181909
2023-10-25,Combined Min-Variance,-0.0040428230244004895
2023-10-26,Combined Min-Variance,-0.005083285043811781
2023-10-27,Combined Min-Variance,-0.020301248831592646
2023-10-30,Combined Min-Variance,0.0047773749466231705
2023-10-31,Combined Min-Variance,0.004850323625656213
2023-11-01,Combined Min-Variance,0.006714108537499122
2023-11-02,Combined Min-Variance,0.01719766677194976
2023-11-03,Combined Min-Variance,0.002069997154712935
2023-11-06,Combined Min-Variance,-0.0022482272248209555
2023-11-07,Combined Min-Variance,-0.0011442671898694683
2023-11-08,Combined Min-Variance,-0.0023417887441217044
2023-11-09,Combined Min-Variance,-0.011146099570982896
2023-11-10,Combined Min-Variance,0.007460349268419892
2023-11-13,Combined Min-Variance,0.002241369172058221
2023-11-14,Combined Min-Variance,0.008670910119999199
2023-11-15,Combined Min-Variance,0.003046477900188642
2023-11-16,Combined Min-Variance,-0.006260610630228234
2023-11-17,Combined Min-Variance,0.0004422184707612671
2023-11-20,Combined Min-Variance,0.0035040392888042032
2023-11-21,Combined Min-Variance,0.002383413193399725
2023-11-22,Combined Min-Variance,0.001623285128907397
2023-11-24,Combined Min-Variance,0.003954104934732941
2023-11-27,Combined Min-Variance,-0.0008538785548073128
2023-11-28,Combined Min-Variance,0.0008493181840911184
2023-11-29,Combined Min-Variance,0.0006849920092633438
2023-11-30,Combined Min-Variance,0.00940794113095132
2023-12-01,Combined Min-Variance,0.00494816495215922
2023-12-04,Combined Min-Variance,0.0016240175689938327
2023-12-05,Combined Min-Variance,0.0011673749184087613
2023-12-06,Combined Min-Variance,-0.0013447018415033343
2023-12-07,Combined Min-Variance,-0.001029334927384233
2023-12-08,Combined Min-Variance,0.0008167832149767342
2023-12-11,Combined Min-Variance,0.005247647419160297
2023-12-12,Combined Min-Variance,0.0031770692915315656
2023-12-13,Combined Min-Variance,0.015370112710716586
2023-12-14,Combined Min-Variance,-0.0015506603786259196
2023-12-15,Combined Min-Variance,-0.0071545823555107
2023-12-18,Combined Min-Variance,0.00308226554985418
2023-12-19,Combined Min-Variance,0.0037799803175342156
2023-12-20,Combined Min-Variance,-0.012287448422059477
2023-12-21,Combined Min-Variance,0.00815636639653887
2023-12-22,Combined Min-Variance,0.006654530225036125
2023-12-26,Combined Min-Variance,0.0007547784403845094
2023-12-27,Combined Min-Variance,0.002920696398689614
2023-12-28,Combined Min-Variance,0.0016177934090543617
2023-12-29,Combined Min-Variance,0.00023132203964771377
2021-01-04,Combined Risk Parity,-0.006840376398269847
2021-01-05,Combined Risk Parity,0.012155386773426929
2021-01-06,Combined Risk Parity,0.025712740179067127
2021-01-07,Combined Risk Parity,0.009108913025276914
2021-01-08,Combined Risk Parity,0.0022244810538306786
2021-01-11,Combined Risk Parity,-0.014889494946581334
2021-01-12,Combined Risk Parity,-0.0030816405399203993
2021-01-13,Combined Risk Parity,0.009334012686115204
2021-01-14,Combined Risk Parity,0.0038447592960987377
2021-01-15,Combined Risk Parity,-0.010109707383022784
2021-01-19,Combined Risk Parity,0.006979389250120659
2021-01-20,Combined Risk Parity,0.00824008542085172
2021-01-21,Combined Risk Parity,-0.01918569679169024
2021-01-22,Combined Risk Parity,0.004355133943987616
2021-01-25,Combined Risk Parity,0.0007737051514730337
2021-01-26,Combined Risk Parity,-0.0033984570230259
2021-01-27,Combined Risk Parity,-0.030296918171095248
2021-01-28,Combined Risk Parity,0.018006830434237148
2021-01-29,Combined Risk Parity,-0.007759508787329268
2021-02-01,Combined Risk Parity,0.00921977844878711
2021-02-02,Combined Risk Parity,0.01812571137421306
2021-02-03,Combined Risk Parity,0.0025816219806159093
2021-02-04,Combined Risk Parity,0.004870102893119302
2021-02-05,Combined Risk Parity,0.0147756732719067
2021-02-08,Combined Risk Parity,0.016728773663783513
2021-02-09,Combined Risk Parity,0.004292317812959546
2021-02-10,Combined Risk Parity,0.0033885646215985514
2021-02-11,Combined Risk Parity,0.006975259064495169
2021-02-12,Combined Risk Parity,0.0077063047969477255
2021-02-16,Combined Risk Parity,-0.0028999322031025673
2021-02-17,Combined Risk Parity,0.006556922659613605
2021-02-18,Combined Risk Parity,-0.003344840724995497
2021-02-19,Combined Risk Parity,0.0029425061445956784
2021-02-22,Combined Risk Parity,-0.0063739214615468765
2021-02-23,Combined Risk Parity,-0.015578283905510339
2021-02-24,Combined Risk Parity,0.01181990074875498
2021-02-25,Combined Risk Parity,-0.019453166706213765
2021-02-26,Combined Risk Parity,-0.012352715348959303
2021-03-01,Combined Risk Parity,0.02234397917110694
2021-03-02,Combined Risk Parity,-0.0030394109233495147
2021-03-03,Combined Risk Parity,-0.0054951981813086805
2021-03-04,Combined Risk Parity,-0.008682136173925317
2021-03-05,Combined Risk Parity,0.014811213284117287
2021-03-08,Combined Risk Parity,0.0023320034278856076
2021-03-09,Combined Risk Parity,0.011352337736844496
2021-03-10,Combined Risk Parity,0.00507479050529552
2021-03-11,Combined Risk Parity,0.004490030225970108
2021-03-12,Combined Risk Parity,0.0042014239181535195
2021-03-15,Combined Risk Parity,0.004310380082158827
2021-03-16,Combined Risk Parity,0.0059540249159526675
2021-03-17,Combined Risk Parity,0.002351922295850873
2021-03-18,Combined Risk Parity,-0.011950822471018937
2021-03-19,Combined Risk Parity,-0.002013655131938173
2021-03-22,Combined Risk Parity,0.004049898469863703
2021-03-23,Combined Risk Parity,-0.004074082969741778
2021-03-24,Combined Risk Parity,-0.009798765476213006
2021-03-25,Combined Risk Parity,0.005269694030888181
2021-03-26,Combined Risk Parity,0.025329999379864566
2021-03-29,Combined Risk Parity,0.0065956562675169176
2021-03-30,Combined Risk Parity,-0.003550753705389636
2021-03-31,Combined Risk Parity,0.006268428696776575
2021-04-01,Combined Risk Parity,0.0125689565466547
2021-04-05,Combined Risk Parity,0.01586297444046331
2021-04-06,Combined Risk Parity,0.003005818911634835
2021-04-07,Combined Risk Parity,-0.0073663858810642845
2021-04-08,Combined Risk Parity,0.00433289321881058
2021-04-09,Combined Risk Parity,0.00030160490864361935
2021-04-12,Combined Risk Parity,0.0002647986443732647
2021-04-13,Combined Risk Parity,0.011487089456129515
2021-04-14,Combined Risk Parity,0.0030144732251144706
2021-04-15,Combined Risk Parity,0.015468229355335168
2021-04-16,Combined Risk Parity,0.007780366711059173
2021-04-19,Combined Risk Parity,-0.008311415955096864
2021-04-20,Combined Risk Parity,-0.0013764319152037112
2021-04-21,Combined Risk Parity,0.004536823380786727
2021-04-22,Combined Risk Parity,-0.011311112214655505
2021-04-23,Combined Risk Parity,0.005186156351253306
2021-04-26,Combined Risk Parity,0.011590843818383477
2021-04-27,Combined Risk Parity,0.0036216238966417795
2021-04-28,Combined Risk Parity,-0.0006819267529635682
2021-04-29,Combined Risk Parity,0.006310067074681902
2021-04-30,Combined Risk Parity,0.0021629918673291503
2021-05-03,Combined Risk Parity,0.0112942381931969
2021-05-04,Combined Risk Parity,-0.0045213012010960835
2021-05-05,Combined Risk Parity,0.021671085487014338
2021-05-06,Combined Risk Parity,0.014660842001591784
2021-05-07,Combined Risk Parity,0.0046525472950078245
2021-05-10,Combined Risk Parity,-0.007207322993921515
2021-05-11,Combined Risk Parity,0.0019609046279891527
2021-05-12,Combined Risk Parity,-0.028492884824236946
2021-05-13,Combined Risk Parity,0.013668807841198562
2021-05-14,Combined Risk Parity,0.014541940399204704
2021-05-17,Combined Risk Parity,-0.0035587193256078403
2021-05-18,Combined Risk Parity,-0.005303310144465365
2021-05-19,Combined Risk Parity,-0.026590579635255292
2021-05-20,Combined Risk Parity,0.020176980057321048
2021-05-21,Combined Risk Parity,-0.00996051190527131
2021-05-24,Combined Risk Parity,0.02399743915570525
2021-05-25,Combined Risk Parity,-0.0043398509661415965
2021-05-26,Combined Risk Parity,0.008114776956766333
2021-05-27,Combined Risk Parity,-0.0020347522149810854
2021-05-28,Combined Risk Parity,-0.003908198231536132
2021-06-01,Combined Risk Parity,0.00023377528789987243
2021-06-02,Combined Risk Parity,0.003962950911803182
2021-06-03,Combined Risk Parity,0.0044029338683059215
2021-06-04,Combined Risk Parity,0.002503264936976099
2021-06-07,Combined Risk Parity,-0.006121176782580085
2021-06-08,Combined Risk Parity,-0.003465814227501786
2021-06-09,Combined Risk Parity,0.002644880127335182
2021-06-10,Combined Risk Parity,0.002330114670053929
2021-06-11,Combined Risk Parity,-0.0023216241534834104
2021-06-14,Combined Risk Parity,0.00013585828617588766
2021-06-15,Combined Risk Parity,-0.00207481337284443
2021-06-16,Combined Risk Parity,-0.012481537048754392
2021-06-17,Combined Risk Parity,-0.005072466200410014
2021-06-18,Combined Risk Parity,-0.016427682504187753
2021-06-21,Combined Risk Parity,0.0035568796272140986
2021-06-22,Combined Risk Parity,-0.0011585597231646067
2021-06-23,Combined Risk Parity,0.0003187351548935652
2021-06-24,Combined Risk Parity,0.009956399885887696
2021-06-25,Combined Risk Parity,0.00275677488003997
2021-06-28,Combined Risk Parity,0.0014643477048924443
2021-06-29,Combined Risk Parity,0.0034349585521211688
2021-06-30,Combined Risk Parity,0.004269324258604585
2021-07-01,Combined Risk Parity,0.002107908358828423
2021-07-02,Combined Risk Parity,0.004486490891569649
2021-07-06,Combined Risk Parity,-0.0046359735442734005
2021-07-07,Combined Risk Parity,0.00048086135556592747
2021-07-08,Combined Risk Parity,-0.009138945246767796
2021-07-09,Combined Risk Parity,0.01136560756599466
2021-07-12,Combined Risk Parity,0.002231806030623676
2021-07-13,Combined Risk Parity,-0.005059778626860015
2021-07-14,Combined Risk Parity,0.0009086894900282601
2021-07-15,Combined Risk Parity,-0.0020324782930040987
2021-07-16,Combined Risk Parity,-0.00722484272215229
2021-07-19,Combined Risk Parity,-0.016960725194272806
2021-07-20,Combined Risk Parity,0.0064632873473779995
2021-07-21,Combined Risk Parity,0.010696986435093245
2021-07-22,Combined Risk Parity,0.0011737765443071003
2021-07-23,Combined Risk Parity,0.00801594118356437
2021-07-26,Combined Risk Parity,0.0049327727660378904
2021-07-27,Combined Risk Parity,0.0003065528892903915
2021-07-28,Combined Risk Parity,0.0029539064084654347
2021-07-29,Combined Risk Parity,0.005294343678423159
2021-07-30,Combined Risk Parity,-0.0024161599893929653
2021-08-02,Combined Risk Parity,-0.0014723951169977757
2021-08-03,Combined Risk Parity,0.003481961129933435
2021-08-04,Combined Risk Parity,-0.005114971082326195
2021-08-05,Combined Risk Parity,0.004990760609099264
2021-08-06,Combined Risk Parity,0.002598017883663299
2021-08-09,Combined Risk Parity,0.0013142358885106608
2021-08-10,Combined Risk Parity,0.005184031173929001
2021-08-11,Combined Risk Parity,0.010403727259340223
2021-08-12,Combined Risk Parity,0.0010262314608050545
2021-08-13,Combined Risk Parity,0.007983566547054339
2021-08-16,Combined Risk Parity,-0.0009288036965507414
2021-08-17,Combined Risk Parity,-0.005772578521776881
2021-08-18,Combined Risk Parity,-0.01101025047005641
2021-08-19,Combined Risk Parity,0.0017081124444767973
2021-08-20,Combined Risk Parity,0.007103883234530841
2021-08-23,Combined Risk Parity,0.007528793866701019
2021-08-24,Combined Risk Parity,-0.004051953006924222
2021-08-25,Combined Risk Parity,0.00018227519383840393
2021-08-26,Combined Risk Parity,-0.009060065111125433
2021-08-27,Combined Risk Parity,0.011907089023492785
2021-08-30,Combined Risk Parity,-0.0009600273543789251
2021-08-31,Combined Risk Parity,0.002832676356312497
2021-09-01,Combined Risk Parity,0.0024716151894978097
2021-09-02,Combined Risk Parity,0.006203167323040485
2021-09-03,Combined Risk Parity,7.355955065853608e-05
2021-09-07,Combined Risk Parity,-0.019595773019328182
2021-09-08,Combined Risk Parity,0.0006921653670535445
2021-09-09,Combined Risk Parity,-0.007623258414798561
2021-09-10,Combined Risk Parity,-0.006085351793722705
2021-09-13,Combined Risk Parity,0.00048200338756168457
2021-09-14,Combined Risk Parity,-0.005458494397349154
2021-09-15,Combined Risk Parity,0.007546897218025294
2021-09-16,Combined Risk Parity,-0.005728052626946364
2021-09-17,Combined Risk Parity,-0.011730670190437338
2021-09-20,Combined Risk Parity,-0.01987987469475205
2021-09-21,Combined Risk Parity,-0.00507589665991993
2021-09-22,Combined Risk Parity,0.010970148419747963
2021-09-23,Combined Risk Parity,0.008800743332088247
2021-09-24,Combined Risk Parity,-0.0059183985646587365
2021-09-27,Combined Risk Parity,-0.002139217128487083
2021-09-28,Combined Risk Parity,-0.011250132055582857
2021-09-29,Combined Risk Parity,0.006688492588994561
2021-09-30,Combined Risk Parity,-0.00626174502618437
2021-10-01,Combined Risk Parity,0.014807377276497849
2021-10-04,Combined Risk Parity,-0.002931668333676413
2021-10-05,Combined Risk Parity,0.006098841704341541
2021-10-06,Combined Risk Parity,0.003534219960029644
2021-10-07,Combined Risk Parity,0.006854339834676932
2021-10-08,Combined Risk Parity,-0.0022527768169171977
2021-10-11,Combined Risk Parity,-0.0074953398612347105
2021-10-12,Combined Risk Parity,-0.0015031257674390155
2021-10-13,Combined Risk Parity,0.0052764292422444285
2021-10-14,Combined Risk Parity,0.012408524230941026
2021-10-15,Combined Risk Parity,0.004091462422843777
2021-10-18,Combined Risk Parity,-0.0016197639731495056
2021-10-19,Combined Risk Parity,0.010843403467083497
2021-10-20,Combined Risk Parity,0.011631527302069218
2021-10-21,Combined Risk Parity,0.0008405586080140743
2021-10-22,Combined Risk Parity,0.0009490127025101918
2021-10-25,Combined Risk Parity,0.0055204289637766635
2021-10-26,Combined Risk Parity,0.003789399651486767
2021-10-27,Combined Risk Parity,-0.01743314419897457
2021-10-28,Combined Risk Parity,0.010337752765408291
2021-10-29,Combined Risk Parity,-0.0011693653601217043
2021-11-01,Combined Risk Parity,0.005380414948264415
2021-11-02,Combined Risk Parity,0.006059054687845128
2021-11-03,Combined Risk Parity,0.00555552092899083
2021-11-04,Combined Risk Parity,0.0024923575572460862
2021-11-05,Combined Risk Parity,0.0006906550515380438
2021-11-08,Combined Risk Parity,0.004406860529733008
2021-11-09,Combined Risk Parity,0.003063595818813763
2021-11-10,Combined Risk Parity,-0.0061003412421162745
2021-11-11,Combined Risk Parity,0.0011915703580434086
2021-11-12,Combined Risk Parity,0.0009842132183397894
2021-11-15,Combined Risk Parity,-0.0024635403451247367
2021-11-16,Combined Risk Parity,-0.00513941695864874
2021-11-17,Combined Risk Parity,-0.004315580963952516
2021-11-18,Combined Risk Parity,-0.0053972951401866885
2021-11-19,Combined Risk Parity,-0.0036514325033152276
2021-11-22,Combined Risk Parity,-0.0017171147518937283
2021-11-23,Combined Risk Parity,0.0073433302936287735
2021-11-24,Combined Risk Parity,-0.0002825577532396613
2021-11-26,Combined Risk Parity,-0.02077075745049008
2021-11-29,Combined Risk Parity,0.006976478769255872
2021-11-30,Combined Risk Parity,-0.020895406223213016
2021-12-01,Combined Risk Parity,-0.011752621616440181
2021-12-02,Combined Risk Parity,0.018209004040412667
2021-12-03,Combined Risk Parity,-0.0010263223920173475
2021-12-06,Combined Risk Parity,0.014337756987056218
2021-12-07,Combined Risk Parity,0.011205748649166847
2021-12-08,Combined Risk Parity,0.0019075846996213226
2021-12-09,Combined Risk Parity,-0.008902080736813452
2021-12-10,Combined Risk Parity,0.0036769613502754756
2021-12-13,Combined Risk Parity,-0.005270428426372706
2021-12-14,Combined Risk Parity,-0.0015485364262317254
2021-12-15,Combined Risk Parity,0.011869346795586308
2021-12-16,Combined Risk Parity,0.004550135346680548
2021-12-17,Combined Risk Parity,-0.011982462678472165
2021-12-20,Combined Risk Parity,-0.004873695398031556
2021-12-21,Combined Risk Parity,0.011629092568412694
2021-12-22,Combined Risk Parity,0.005718980778764959
2021-12-23,Combined Risk Parity,0.0067775474239476895
2021-12-27,Combined Risk Parity,0.011518455479673718
2021-12-28,Combined Risk Parity,-0.0011001792416501462
2021-12-29,Combined Risk Parity,-4.837531017436373e-05
2021-12-30,Combined Risk Parity,0.0003951845979588023
2021-12-31,Combined Risk Parity,-0.0019550399955578154
2022-01-03,Combined Risk Parity,0.002353598023026042
2022-01-04,Combined Risk Parity,0.0035199694428924826
2022-01-05,Combined Risk Parity,-0.011471676099604927
2022-01-06,Combined Risk Parity,-0.0020494484147382344
2022-01-07,Combined Risk Parity,-0.0008146480914992477
2022-01-10,Combined Risk Parity,-0.007887059485480092
2022-01-11,Combined Risk Parity,0.008686532412657696
2022-01-12,Combined Risk Parity,0.005889423850243214
2022-01-13,Combined Risk Parity,-0.006114905743072065
2022-01-14,Combined Risk Parity,0.0008545230128576959
2022-01-18,Combined Risk Parity,-0.009690714953412376
2022-01-19,Combined Risk Parity,-0.00446723386182843
2022-01-20,Combined Risk Parity,-0.012418873310845395
2022-01-21,Combined Risk Parity,-0.015241371459711134
2022-01-24,Combined Risk Parity,-0.00033127727071472477
2022-01-25,Combined Risk Parity,-0.005163727902173277
2022-01-26,Combined Risk Parity,-0.009865857900367774
2022-01-27,Combined Risk Parity,-0.0030843208572751734
2022-01-28,Combined Risk Parity,0.017755575258783657
2022-01-31,Combined Risk Parity,0.013123108062086863
2022-02-01,Combined Risk Parity,0.0074216044201050576
2022-02-02,Combined Risk Parity,0.007482299398108099
2022-02-03,Combined Risk Parity,-0.007029708983949497
2022-02-04,Combined Risk Parity,0.00182900022197288
2022-02-07,Combined Risk Parity,0.005011368444544622
2022-02-08,Combined Risk Parity,0.0031211592873035127
2022-02-09,Combined Risk Parity,0.010399404652534897
2022-02-10,Combined Risk Parity,-0.018456246797732348
2022-02-11,Combined Risk Parity,-0.010425523093874508
2022-02-14,Combined Risk Parity,-0.0059680934582595525
2022-02-15,Combined Risk Parity,0.009975456602660101
2022-02-16,Combined Risk Parity,-0.001419112529063398
2022-02-17,Combined Risk Parity,-0.015043970470468055
2022-02-18,Combined Risk Parity,-0.00720015091921096
2022-02-22,Combined Risk Parity,-0.0031113672579211014
2022-02-23,Combined Risk Parity,-0.010276305070443095
2022-02-24,Combined Risk Parity,0.004562247383798119
2022-02-25,Combined Risk Parity,0.026197194565967682
2022-02-28,Combined Risk Parity,0.0010430566981197266
2022-03-01,Combined Risk Parity,-0.009222383935020086
2022-03-02,Combined Risk Parity,0.01546395120168054
2022-03-03,Combined Risk Parity,0.001511499834632303
2022-03-04,Combined Risk Parity,0.0007304937347815757
2022-03-07,Combined Risk Parity,-0.012902200684375732
2022-03-08,Combined Risk Parity,-0.006390065879979694
2022-03-09,Combined Risk Parity,0.013868151670445805
2022-03-10,Combined Risk Parity,-0.002515799639929937
2022-03-11,Combined Risk Parity,-0.00672124559979489
2022-03-14,Combined Risk Parity,-0.006106407388610568
2022-03-15,Combined Risk Parity,0.008619471309925408
2022-03-16,Combined Risk Parity,0.013637475192889822
2022-03-17,Combined Risk Parity,0.012688657348906448
2022-03-18,Combined Risk Parity,0.004797095705232471
2022-03-21,Combined Risk Parity,0.00411354044676459
2022-03-22,Combined Risk Parity,0.008112322253588185
2022-03-23,Combined Risk Parity,-0.0070493177326771805
2022-03-24,Combined Risk Parity,0.009605704002626891
2022-03-25,Combined Risk Parity,0.008109492880788568
2022-03-28,Combined Risk Parity,0.0028866105521862286
2022-03-29,Combined Risk Parity,0.012324587824700405
2022-03-30,Combined Risk Parity,-0.0011569430885882733
2022-03-31,Combined Risk Parity,-0.013143246154579277
2022-04-01,Combined Risk Parity,0.0086454134325952
2022-04-04,Combined Risk Parity,0.000531687997137951
2022-04-05,Combined Risk Parity,-0.008433316938965808
2022-04-06,Combined Risk Parity,-0.0014198727861609904
2022-04-07,Combined Risk Parity,0.0041675827668461755
2022-04-08,Combined Risk Parity,0.0017463265524388556
2022-04-11,Combined Risk Parity,-0.015366962540687742
2022-04-12,Combined Risk Parity,0.0013731733983207085
2022-04-13,Combined Risk Parity,0.009277558736793402
2022-04-14,Combined Risk Parity,-0.0018669112538071595
2022-04-18,Combined Risk Parity,0.00012287620760740897
2022-04-19,Combined Risk Parity,0.010732946027992848
2022-04-20,Combined Risk Parity,0.00206611933525604
2022-04-21,Combined Risk Parity,-0.011871562511137662
2022-04-22,Combined Risk Parity,-0.02077833290290723
2022-04-25,Combined Risk Parity,-0.0023377687776968492
2022-04-26,Combined Risk Parity,-0.020463466235923503
2022-04-27,Combined Risk Parity,0.0018774808890433601
2022-04-28,Combined Risk Parity,0.015278754136853308
2022-04-29,Combined Risk Parity,-0.03343794476382349
2022-05-02,Combined Risk Parity,0.000874946682715777
2022-05-03,Combined Risk Parity,0.0043335486201925505
2022-05-04,Combined Risk Parity,0.032258593028175776
2022-05-05,Combined Risk Parity,-0.02515520845326631
2022-05-06,Combined Risk Parity,-0.0022214979729423567
2022-05-09,Combined Risk Parity,-0.035662039495667444
2022-05-10,Combined Risk Parity,-0.0037832701197785144
2022-05-11,Combined Risk Parity,-0.008866327125415956
2022-05-12,Combined Risk Parity,7.621315574398422e-05
2022-05-13,Combined Risk Parity,0.02038548554158171
2022-05-16,Combined Risk Parity,-0.0008296985629051688
2022-05-17,Combined Risk Parity,0.015109124957831864
2022-05-18,Combined Risk Parity,-0.02823958939984391
2022-05-19,Combined Risk Parity,0.0012607229847514537
2022-05-20,Combined Risk Parity,0.0006926211638394975
2022-05-23,Combined Risk Parity,0.01408212949760557
2022-05-24,Combined Risk Parity,0.006961941023462426
2022-05-25,Combined Risk Parity,0.006079086912784995
2022-05-26,Combined Risk Parity,0.0066946581168913204
2022-05-27,Combined Risk Parity,0.01376085909919168
2022-05-31,Combined Risk Parity,-0.007019102499845529
2022-06-01,Combined Risk Parity,-0.009150275615533394
2022-06-02,Combined Risk Parity,0.012201051783905025
2022-06-03,Combined Risk Parity,-0.00829035640700592
2022-06-06,Combined Risk Parity,0.0007940181830658658
2022-06-07,Combined Risk Parity,0.007925250950978551
2022-06-08,Combined Risk Parity,-0.012336756980277388
2022-06-09,Combined Risk Parity,-0.02124755073543843
2022-06-10,Combined Risk Parity,-0.02195546462361956
2022-06-13,Combined Risk Parity,-0.042598511731673366
2022-06-14,Combined Risk Parity,-0.00854515470113309
2022-06-15,Combined Risk Parity,0.011455516484357936
2022-06-16,Combined Risk Parity,-0.027451777800141644
2022-06-17,Combined Risk Parity,-0.001556045404758773
2022-06-21,Combined Risk Parity,0.020970051327006863
2022-06-22,Combined Risk Parity,-0.0022542948249558584
2022-06-23,Combined Risk Parity,0.008892963519804838
2022-06-24,Combined Risk Parity,0.024567692958674708
2022-06-27,Combined Risk Parity,-0.002360893683706972
2022-06-28,Combined Risk Parity,-0.011082111800274231
2022-06-29,Combined Risk Parity,-0.0032270869685912065
2022-06-30,Combined Risk Parity,-0.006353719393371645
2022-07-01,Combined Risk Parity,0.011122298617744851
2022-07-05,Combined Risk Parity,-0.008011137828095604
2022-07-06,Combined Risk Parity,0.0014791508187094867
2022-07-07,Combined Risk Parity,0.01138426858998141
2022-07-08,Combined Risk Parity,-0.003319730735007322
2022-07-11,Combined Risk Parity,-0.007800264488775303
2022-07-12,Combined Risk Parity,-0.005717811815114612
2022-07-13,Combined Risk Parity,-0.000642790107802431
2022-07-14,Combined Risk Parity,-0.0026085292708915063
2022-07-15,Combined Risk Parity,0.016099797329695395
2022-07-18,Combined Risk Parity,0.0006828334612392238
2022-07-19,Combined Risk Parity,0.021849636895843606
2022-07-20,Combined Risk Parity,-0.003848790739407429
2022-07-21,Combined Risk Parity,0.00491431987787827
2022-07-22,Combined Risk Parity,-0.0026918680058344805
2022-07-25,Combined Risk Parity,-0.0027715521834063336
2022-07-26,Combined Risk Parity,-0.0025179156946625357
2022-07-27,Combined Risk Parity,0.014447333432266087
2022-07-28,Combined Risk Parity,0.014129334705587675
2022-07-29,Combined Risk Parity,0.006181545615616546
2022-08-01,Combined Risk Parity,-0.003283409229483392
2022-08-02,Combined Risk Parity,-0.009703957313972906
2022-08-03,Combined Risk Parity,0.006041975466156492
2022-08-04,Combined Risk Parity,-0.0020994219371707123
2022-08-05,Combined Risk Parity,0.002980868484909197
2022-08-08,Combined Risk Parity,0.002631812295358074
2022-08-09,Combined Risk Parity,-0.0014121127716708298
2022-08-10,Combined Risk Parity,0.01600331659262371
2022-08-11,Combined Risk Parity,0.003987976627784026
2022-08-12,Combined Risk Parity,0.014448172421161113
2022-08-15,Combined Risk Parity,0.003951149050962003
2022-08-16,Combined Risk Parity,0.004360426288177201
2022-08-17,Combined Risk Parity,-0.007058547851073799
2022-08-18,Combined Risk Parity,0.0007812254492534695
2022-08-19,Combined Risk Parity,-0.012615465639097854
2022-08-22,Combined Risk Parity,-0.01480628654141124
2022-08-23,Combined Risk Parity,0.0003802427728663468
2022-08-24,Combined Risk Parity,0.0008438276976583079
2022-08-25,Combined Risk Parity,0.01120147409665161
2022-08-26,Combined Risk Parity,-0.02820529500156433
2022-08-29,Combined Risk Parity,-0.00033860225004917074
2022-08-30,Combined Risk Parity,-0.012881088635038684
2022-08-31,Combined Risk Parity,-0.005749411830551013
2022-09-01,Combined Risk Parity,0.005507425140990785
2022-09-02,Combined Risk Parity,-0.00899258953628575
2022-09-06,Combined Risk Parity,-0.00748039615634229
2022-09-07,Combined Risk Parity,0.018818446786649894
2022-09-08,Combined Risk Parity,0.004079938427916021
2022-09-09,Combined Risk Parity,0.01565149399425171
2022-09-12,Combined Risk Parity,0.0075958456282734345
2022-09-13,Combined Risk Parity,-0.03850172192404138
2022-09-14,Combined Risk Parity,0.004748006700000153
2022-09-15,Combined Risk Parity,-0.0167734875842457
2022-09-16,Combined Risk Parity,-0.00325525032371199
2022-09-19,Combined Risk Parity,0.006310084519575087
2022-09-20,Combined Risk Parity,-0.013918690541696258
2022-09-21,Combined Risk Parity,-0.017642336114891306
2022-09-22,Combined Risk Parity,-0.0004818654552955161
2022-09-23,Combined Risk Parity,-0.017801113232392342
2022-09-26,Combined Risk Parity,-0.014056836281976312
2022-09-27,Combined Risk Parity,-0.006022520342264415
2022-09-28,Combined Risk Parity,0.019086122245171134
2022-09-29,Combined Risk Parity,-0.016674910450351427
2022-09-30,Combined Risk Parity,-0.014641082765638186
2022-10-03,Combined Risk Parity,0.029642844079652272
2022-10-04,Combined Risk Parity,0.026405585165504973
2022-10-05,Combined Risk Parity,-0.004974692418070898
2022-10-06,Combined Risk Parity,-0.012680988440297945
2022-10-07,Combined Risk Parity,-0.0195442016576077
2022-10-10,Combined Risk Parity,-0.00604189424904697
2022-10-11,Combined Risk Parity,-0.0017704200422628668
2022-10-12,Combined Risk Parity,-0.006670919447890045
2022-10-13,Combined Risk Parity,0.024670516097167486
2022-10-14,Combined Risk Parity,-0.014595391791486813
2022-10-17,Combined Risk Parity,0.018127925415967267
2022-10-18,Combined Risk Parity,0.010244238496987506
2022-10-19,Combined Risk Parity,-0.010309658554905319
2022-10-20,Combined Risk Parity,-0.004447781078700594
2022-10-21,Combined Risk Parity,0.021436951814795675
2022-10-24,Combined Risk Parity,0.0076599802754722425
2022-10-25,Combined Risk Parity,0.017595051669235997
2022-10-26,Combined Risk Parity,0.008250041670752837
2022-10-27,Combined Risk Parity,-0.0015070675157300498
2022-10-28,Combined Risk Parity,0.02321087144414024
2022-10-31,Combined Risk Parity,-0.006424203919793339
2022-11-01,Combined Risk Parity,0.0011134176617438422
2022-11-02,Combined Risk Parity,-0.016303805947677767
2022-11-03,Combined Risk Parity,-0.001782072278006917
2022-11-04,Combined Risk Parity,0.020468367072215537
2022-11-07,Combined Risk Parity,0.006011218708978589
2022-11-08,Combined Risk Parity,-0.0028024595146272095
2022-11-09,Combined Risk Parity,-0.029083491848613557
2022-11-10,Combined Risk Parity,0.05281101740450635
2022-11-11,Combined Risk Parity,0.005235990247004396
2022-11-14,Combined Risk Parity,-0.005927182359676624
2022-11-15,Combined Risk Parity,0.00944753621807671
2022-11-16,Combined Risk Parity,-0.008156720829392944
2022-11-17,Combined Risk Parity,-0.0013197335316080365
2022-11-18,Combined Risk Parity,0.006245390890179187
2022-11-21,Combined Risk Parity,0.0008778078783262774
2022-11-22,Combined Risk Parity,0.015183600979472953
2022-11-23,Combined Risk Parity,0.006242965344887504
2022-11-25,Combined Risk Parity,0.0008408300157234653
2022-11-28,Combined Risk Parity,-0.016696253137355014
2022-11-29,Combined Risk Parity,0.004837988274231203
2022-11-30,Combined Risk Parity,0.0228344907341948
2022-12-01,Combined Risk Parity,-0.0015358970206551478
2022-12-02,Combined Risk Parity,0.0022786042000431093
2022-12-05,Combined Risk Parity,-0.014439828996135665
2022-12-06,Combined Risk Parity,-0.008862911006501755
2022-12-07,Combined Risk Parity,-0.001466446196792873
2022-12-08,Combined Risk Parity,0.007026018237699308
2022-12-09,Combined Risk Parity,-0.010193826196574458
2022-12-12,Combined Risk Parity,0.01380841376038844
2022-12-13,Combined Risk Parity,0.008401569844689101
2022-12-14,Combined Risk Parity,-0.0070609822977700226
2022-12-15,Combined Risk Parity,-0.019654995800255825
2022-12-16,Combined Risk Parity,-0.014242690039544651
2022-12-19,Combined Risk Parity,-0.007260461959265027
2022-12-20,Combined Risk Parity,0.005084792157356869
2022-12-21,Combined Risk Parity,0.014231678423512849
2022-12-22,Combined Risk Parity,-0.007621532131312012
2022-12-23,Combined Risk Parity,0.006581875710143063
2022-12-27,Combined Risk Parity,0.0006967133005408062
2022-12-28,Combined Risk Parity,-0.013128297850208604
2022-12-29,Combined Risk Parity,0.010630543609758108
2022-12-30,Combined Risk Parity,-0.0018181080859124208
2023-01-03,Combined Risk Parity,0.002362141569201956
2023-01-04,Combined Risk Parity,0.01732000961225162
2023-01-05,Combined Risk Parity,-0.006126018076449002
2023-01-06,Combined Risk Parity,0.021473199967477527
2023-01-09,Combined Risk Parity,-0.0011393367426909367
2023-01-10,Combined Risk Parity,0.006422394174257388
2023-01-11,Combined Risk Parity,0.009955888954633651
2023-01-12,Combined Risk Parity,0.0058820144307463375
2023-01-13,Combined Risk Parity,0.005645767789065566
2023-01-17,Combined Risk Parity,-0.005299722007104298
2023-01-18,Combined Risk Parity,-0.01884966247812884
2023-01-19,Combined Risk Parity,-0.003587847368776369
2023-01-20,Combined Risk Parity,0.016753825279123544
2023-01-23,Combined Risk Parity,0.00888837111280213
2023-01-24,Combined Risk Parity,-0.005613264493076723
2023-01-25,Combined Risk Parity,0.004059080375504273
2023-01-26,Combined Risk Parity,0.005147816193064545
2023-01-27,Combined Risk Parity,-0.0007455756926195063
2023-01-30,Combined Risk Parity,-0.01084178763871281
2023-01-31,Combined Risk Parity,0.011785163569854182
2023-02-01,Combined Risk Parity,0.0036670552656529487
2023-02-02,Combined Risk Parity,-0.0028516559385496857
2023-02-03,Combined Risk Parity,-0.009779618906654275
2023-02-06,Combined Risk Parity,-0.004098497271756742
2023-02-07,Combined Risk Parity,0.01125232043055022
2023-02-08,Combined Risk Parity,-0.009492915037478667
2023-02-09,Combined Risk Parity,-0.012294967653834442
2023-02-10,Combined Risk Parity,0.009049132081672568
2023-02-13,Combined Risk Parity,0.007466227056748502
2023-02-14,Combined Risk Parity,-0.0006043485224943154
2023-02-15,Combined Risk Parity,0.005385019707465749
2023-02-16,Combined Risk Parity,-0.015046149455089185
2023-02-17,Combined Risk Parity,0.004935048378134325
2023-02-21,Combined Risk Parity,-0.015261267794454388
2023-02-22,Combined Risk Parity,-0.005713019947087047
2023-02-23,Combined Risk Parity,0.001849393409990616
2023-02-24,Combined Risk Parity,-0.010299407385805764
2023-02-27,Combined Risk Parity,0.0006370452345605526
2023-02-28,Combined Risk Parity,-0.006151024044311985
2023-03-01,Combined Risk Parity,0.0005414978438411178
2023-03-02,Combined Risk Parity,0.008860793711019218
2023-03-03,Combined Risk Parity,0.009056715499848628
2023-03-06,Combined Risk Parity,-3.396249583716886e-05
2023-03-07,Combined Risk Parity,-0.015931422908939362
2023-03-08,Combined Risk Parity,-0.001408944603249462
2023-03-09,Combined Risk Parity,-0.01982707332681388
2023-03-10,Combined Risk Parity,-0.0107404713160273
2023-03-13,Combined Risk Parity,0.00229997567700714
2023-03-14,Combined Risk Parity,0.013120551612644858
2023-03-15,Combined Risk Parity,-0.010234119816554858
2023-03-16,Combined Risk Parity,0.010843906049052098
2023-03-17,Combined Risk Parity,-0.006645454971083334
2023-03-20,Combined Risk Parity,0.008590584972572979
2023-03-21,Combined Risk Parity,0.01130775240180906
2023-03-22,Combined Risk Parity,-0.021891921281650267
2023-03-23,Combined Risk Parity,0.004796738882358966
2023-03-24,Combined Risk Parity,0.006997478671702991
2023-03-27,Combined Risk Parity,0.0030210164300795675
2023-03-28,Combined Risk Parity,0.0037733194512357213
2023-03-29,Combined Risk Parity,0.014706938924338855
2023-03-30,Combined Risk Parity,0.003858994710279709
2023-03-31,Combined Risk Parity,0.012442783565108686
2023-04-03,Combined Risk Parity,0.006866426417390994
2023-04-04,Combined Risk Parity,-0.0023752711165927437
2023-04-05,Combined Risk Parity,0.00702576480798567
2023-04-06,Combined Risk Parity,-0.00038621903227032447
2023-04-10,Combined Risk Parity,0.0036565724209146142
2023-04-11,Combined Risk Parity,0.0023503061800300862
2023-04-12,Combined Risk Parity,-0.0016136528037518532
2023-04-13,Combined Risk Parity,0.00841562425783815
2023-04-14,Combined Risk Parity,-0.004277778172328767
2023-04-17,Combined Risk Parity,0.002232192292273473
2023-04-18,Combined Risk Parity,0.0010908387076556188
2023-04-19,Combined Risk Parity,-0.003362861724001914
2023-04-20,Combined Risk Parity,-0.007692740939405456
2023-04-21,Combined Risk Parity,-0.0019646969755590903
2023-04-24,Combined Risk Parity,0.0012299433115044063
2023-04-25,Combined Risk Parity,-0.009134964344382334
2023-04-26,Combined Risk Parity,-0.01418742185805215
2023-04-27,Combined Risk Parity,0.01242795131985202
2023-04-28,Combined Risk Parity,0.006834561802943522
2023-05-01,Combined Risk Parity,-0.003764012851376211
2023-05-02,Combined Risk Parity,-0.013073565867137277
2023-05-03,Combined Risk Parity,-0.009221085741051469
2023-05-04,Combined Risk Parity,-0.004266006908265836
2023-05-05,Combined Risk Parity,0.01570781004035267
2023-05-08,Combined Risk Parity,-0.003954890888666427
2023-05-09,Combined Risk Parity,-0.002426415680467394
2023-05-10,Combined Risk Parity,-0.0013926727910525424
2023-05-11,Combined Risk Parity,-0.008691316728324353
2023-05-12,Combined Risk Parity,0.00048500249524127226
2023-05-15,Combined Risk Parity,0.002754892438777524
2023-05-16,Combined Risk Parity,-0.014443295407798953
2023-05-17,Combined Risk Parity,0.009288075655055076
2023-05-18,Combined Risk Parity,0.001991030194997632
2023-05-19,Combined Risk Parity,-0.0009688532098106635
2023-05-22,Combined Risk Parity,0.0004298499993049252
2023-05-23,Combined Risk Parity,-0.005482295820604697
2023-05-24,Combined Risk Parity,-0.01045820366751989
2023-05-25,Combined Risk Parity,-0.005324820646747916
2023-05-26,Combined Risk Parity,0.006068942618274471
2023-05-30,Combined Risk Parity,-0.0018627851081879723
2023-05-31,Combined Risk Parity,-0.0021948686289281353
2023-06-01,Combined Risk Parity,0.0018001786307613509
2023-06-02,Combined Risk Parity,0.018853582396268477
2023-06-05,Combined Risk Parity,-0.007970177730789722
2023-06-06,Combined Risk Parity,0.00389617084794942
2023-06-07,Combined Risk Parity,0.004454096121979991
2023-06-08,Combined Risk Parity,0.005005133892970354
2023-06-09,Combined Risk Parity,-0.003580576100032042
2023-06-12,Combined Risk Parity,0.0027685160390215806
2023-06-13,Combined Risk Parity,0.005790171578827193
2023-06-14,Combined Risk Parity,-0.004100119333665658
2023-06-15,Combined Risk Parity,0.010181566433013569
2023-06-16,Combined Risk Parity,0.002128051687280757
2023-06-20,Combined Risk Parity,-0.008179640852129893
2023-06-21,Combined Risk Parity,0.004288537552382465
2023-06-22,Combined Risk Parity,-0.0031879117582755347
2023-06-23,Combined Risk Parity,-0.000725190667167753
2023-06-26,Combined Risk Parity,0.006189392524070431
2023-06-27,Combined Risk Parity,0.0063815394268826224
2023-06-28,Combined Risk Parity,-0.005296042507646526
2023-06-29,Combined Risk Parity,0.0074755706231597
2023-06-30,Combined Risk Parity,0.015333965208147613
2023-07-03,Combined Risk Parity,0.0045175574282335165
2023-07-05,Combined Risk Parity,-0.003300613181859002
2023-07-06,Combined Risk Parity,-0.012681705812268601
2023-07-07,Combined Risk Parity,-0.00081968054131042
2023-07-10,Combined Risk Parity,0.004864194760436471
2023-07-11,Combined Risk Parity,0.011687987197286004
2023-07-12,Combined Risk Parity,0.005806913656232896
2023-07-13,Combined Risk Parity,0.02019413667784985
2023-07-14,Combined Risk Parity,-0.009377883087117126
2023-07-17,Combined Risk Parity,-0.005256953856376894
2023-07-18,Combined Risk Parity,0.0043441970607749104
2023-07-19,Combined Risk Parity,0.00850964682089201
2023-07-20,Combined Risk Parity,0.004998070214205693
2023-07-21,Combined Risk Parity,0.005276433535423477
2023-07-24,Combined Risk Parity,0.00045971280441142357
2023-07-25,Combined Risk Parity,0.0017575574669263974
2023-07-26,Combined Risk Parity,0.0031107434033476843
2023-07-27,Combined Risk Parity,-0.004431295558647254
2023-07-28,Combined Risk Parity,0.003588556948067048
2023-07-31,Combined Risk Parity,0.000665639600190969
2023-08-01,Combined Risk Parity,-0.003884977034906051
2023-08-02,Combined Risk Parity,-0.013185716019026036
2023-08-03,Combined Risk Parity,-0.006776489929833632
2023-08-04,Combined Risk Parity,-0.0027896684119332665
2023-08-07,Combined Risk Parity,0.008863046291534145
2023-08-08,Combined Risk Parity,-0.001026897306034316
2023-08-09,Combined Risk Parity,-0.0004973181732043049
2023-08-10,Combined Risk Parity,8.180371667975718e-05
2023-08-11,Combined Risk Parity,0.002648937525871845
2023-08-14,Combined Risk Parity,0.0005485983909957994
2023-08-15,Combined Risk Parity,-0.01268159568575429
2023-08-16,Combined Risk Parity,-0.009154577675221237
2023-08-17,Combined Risk Parity,-0.01084819535838278
2023-08-18,Combined Risk Parity,0.0018758837635641005
2023-08-21,Combined Risk Parity,-0.002159382063752725
2023-08-22,Combined Risk Parity,-0.005243679805415897
2023-08-23,Combined Risk Parity,0.009093081417078657
2023-08-24,Combined Risk Parity,-0.010939868193705519
2023-08-25,Combined Risk Parity,0.004241589969466221
2023-08-28,Combined Risk Parity,0.005773607973133294
2023-08-29,Combined Risk Parity,0.014216108238020513
2023-08-30,Combined Risk Parity,-0.0003825253436473166
2023-08-31,Combined Risk Parity,-0.006738042501053941
2023-09-01,Combined Risk Parity,0.0017875245688500697
2023-09-05,Combined Risk Parity,-0.009241395171618674
2023-09-06,Combined Risk Parity,-0.0035073367537188215
2023-09-07,Combined Risk Parity,0.0028912239660868477
2023-09-08,Combined Risk Parity,0.003232832320977168
2023-09-11,Combined Risk Parity,0.0006412731728489703
2023-09-12,Combined Risk Parity,0.0034244427146572663
2023-09-13,Combined Risk Parity,0.0008300253317472951
2023-09-14,Combined Risk Parity,0.012749306060655354
2023-09-15,Combined Risk Parity,-0.007252422475213966
2023-09-18,Combined Risk Parity,0.0014480160657262646
2023-09-19,Combined Risk Parity,-0.002141034028553059
2023-09-20,Combined Risk Parity,-0.0035237271666780754
2023-09-21,Combined Risk Parity,-0.01706807478944159
2023-09-22,Combined Risk Parity,-0.0028980163518266717
2023-09-25,Combined Risk Parity,0.0018942409766760516
2023-09-26,Combined Risk Parity,-0.010665268762476993
2023-09-27,Combined Risk Parity,-0.0023306867541906867
2023-09-28,Combined Risk Parity,0.004166816419374445
2023-09-29,Combined Risk Parity,-0.0017355935585042976
2023-10-02,Combined Risk Parity,-0.015417373100680146
2023-10-03,Combined Risk Parity,-0.007127735853559752
2023-10-04,Combined Risk Parity,0.00143289598227973
2023-10-05,Combined Risk Parity,-0.003276564530942829
2023-10-06,Combined Risk Parity,0.009360584466279834
2023-10-09,Combined Risk Parity,0.005726006039992622
2023-10-10,Combined Risk Parity,0.0068624465258063155
2023-10-11,Combined Risk Parity,0.0026127036946945394
2023-10-12,Combined Risk Parity,-0.008016805163975117
2023-10-13,Combined Risk Parity,0.002754220154764779
2023-10-16,Combined Risk Parity,0.011081146187014189
2023-10-17,Combined Risk Parity,0.001239449766465166
2023-10-18,Combined Risk Parity,-0.012040338939330666
2023-10-19,Combined Risk Parity,-0.007213342979090608
2023-10-20,Combined Risk Parity,-0.004828575878126857
2023-10-23,Combined Risk Parity,-0.0015425202683154644
2023-10-24,Combined Risk Parity,0.01023789563467609
2023-10-25,Combined Risk Parity,-0.008473983123018905
2023-10-26,Combined Risk Parity,-0.0015668941071691179
2023-10-27,Combined Risk Parity,-0.012162760413124453
2023-10-30,Combined Risk Parity,0.009360250716459295
2023-10-31,Combined Risk Parity,0.005481881121454398
2023-11-01,Combined Risk Parity,0.0061679395173744305
2023-11-02,Combined Risk Parity,0.020692607075711158
2023-11-03,Combined Risk Parity,0.009935269281675013
2023-11-06,Combined Risk Parity,-0.0013738408851641777
2023-11-07,Combined Risk Parity,-0.0044061764117446205
2023-11-08,Combined Risk Parity,-0.0007603123364921382
2023-11-09,Combined Risk Parity,-0.0074425303046345105
2023-11-10,Combined Risk Parity,0.009998509574618139
2023-11-13,Combined Risk Parity,-0.0019311308767559266
2023-11-14,Combined Risk Parity,0.016780391552748807
2023-11-15,Combined Risk Parity,0.007910908097873082
2023-11-16,Combined Risk Parity,-0.003517418844694237
2023-11-17,Combined Risk Parity,0.002219124933304153
2023-11-20,Combined Risk Parity,0.002689346660256658
2023-11-21,Combined Risk Parity,-0.0056946786307821955
2023-11-22,Combined Risk Parity,0.00551257576785836
2023-11-24,Combined Risk Parity,0.0034422591661660623
2023-11-27,Combined Risk Parity,-0.0018998200315353071
2023-11-28,Combined Risk Parity,0.002644826909260074
2023-11-29,Combined Risk Parity,0.0031834349812327805
2023-11-30,Combined Risk Parity,0.006376878536018156
2023-12-01,Combined Risk Parity,0.009393911866495453
2023-12-04,Combined Risk Parity,0.0015993884095837911
2023-12-05,Combined Risk Parity,-0.0019583403139365307
2023-12-06,Combined Risk Parity,-0.00019094322984749255
2023-12-07,Combined Risk Parity,0.004499793196527421
2023-12-08,Combined Risk Parity,0.00593744311267209
2023-12-11,Combined Risk Parity,0.0002572040033824842
2023-12-12,Combined Risk Parity,0.0012978618941087941
2023-12-13,Combined Risk Parity,0.021095281965669115
2023-12-14,Combined Risk Parity,0.010317323011682748
2023-12-15,Combined Risk Parity,-0.007249729540579558
2023-12-18,Combined Risk Parity,-9.470450360093649e-05
2023-12-19,Combined Risk Parity,0.005414011378059547
2023-12-20,Combined Risk Parity,-0.011057426270941535
2023-12-21,Combined Risk Parity,0.009260148687159851
2023-12-22,Combined Risk Parity,0.0045761606642911005
2023-12-26,Combined Risk Parity,0.0027782487596998444
2023-12-27,Combined Risk Parity,0.006070466977884233
2023-12-28,Combined Risk Parity,0.0005848586533444635
2023-12-29,Combined Risk Parity,-0.003650462783100275
2021-01-04,Combined Min-CVaR,-0.0005152561605268398
2021-01-05,Combined Min-CVaR,0.002664085375064403
2021-01-06,Combined Min-CVaR,0.007482704347709493
2021-01-07,Combined Min-CVaR,0.008210340492516151
2021-01-08,Combined Min-CVaR,-0.0022886434278429012
2021-01-11,Combined Min-CVaR,-0.005448361273179292
2021-01-12,Combined Min-CVaR,-0.007219963894766184
2021-01-13,Combined Min-CVaR,0.0014189177683741454
2021-01-14,Combined Min-CVaR,0.0027998474935293865
2021-01-15,Combined Min-CVaR,0.0007654342341618615
2021-01-19,Combined Min-CVaR,0.012138226911831956
2021-01-20,Combined Min-CVaR,0.014078198706409747
2021-01-21,Combined Min-CVaR,-0.009108746839456006
2021-01-22,Combined Min-CVaR,-0.0002718386370528258
2021-01-25,Combined Min-CVaR,0.004520140272832585
2021-01-26,Combined Min-CVaR,-0.002463112670010568
2021-01-27,Combined Min-CVaR,-0.016842147917679216
2021-01-28,Combined Min-CVaR,0.006226557319315913
2021-01-29,Combined Min-CVaR,-0.003360373642869093
2021-02-01,Combined Min-CVaR,0.0010312961556579255
2021-02-02,Combined Min-CVaR,0.00620755393010001
2021-02-03,Combined Min-CVaR,-0.007298580835413235
2021-02-04,Combined Min-CVaR,-0.0017227393174333383
2021-02-05,Combined Min-CVaR,0.019298865995127902
2021-02-08,Combined Min-CVaR,0.007710433511224396
2021-02-09,Combined Min-CVaR,-0.0017968454403725338
2021-02-10,Combined Min-CVaR,-0.0034947857026860784
2021-02-11,Combined Min-CVaR,0.0024248990825980503
2021-02-12,Combined Min-CVaR,0.005240392431039212
2021-02-16,Combined Min-CVaR,-0.010761852303443379
2021-02-17,Combined Min-CVaR,0.004316193443224413
2021-02-18,Combined Min-CVaR,-0.0034520353924171435
2021-02-19,Combined Min-CVaR,-0.007084088746073904
2021-02-22,Combined Min-CVaR,-0.005656984831010976
2021-02-23,Combined Min-CVaR,-0.012341974928212509
2021-02-24,Combined Min-CVaR,0.0016997729411359981
2021-02-25,Combined Min-CVaR,-0.01046276808305698
2021-02-26,Combined Min-CVaR,-0.01538105428314933
2021-03-01,Combined Min-CVaR,0.01263898933530207
2021-03-02,Combined Min-CVaR,0.0040151540658958235
2021-03-03,Combined Min-CVaR,-0.01265508221349453
2021-03-04,Combined Min-CVaR,-0.007860566366203216
2021-03-05,Combined Min-CVaR,0.012498564454805617
2021-03-08,Combined Min-CVaR,-0.007639664414381308
2021-03-09,Combined Min-CVaR,0.009554486675902175
2021-03-10,Combined Min-CVaR,0.0032470948865902984
2021-03-11,Combined Min-CVaR,0.004458330598456214
2021-03-12,Combined Min-CVaR,0.0011818934758264317
2021-03-15,Combined Min-CVaR,0.012691527985814067
2021-03-16,Combined Min-CVaR,0.007601646502492204
2021-03-17,Combined Min-CVaR,-0.0014882000032210851
2021-03-18,Combined Min-CVaR,-0.005275506140352935
2021-03-19,Combined Min-CVaR,0.005220078726240302
2021-03-22,Combined Min-CVaR,0.006251297803805764
2021-03-23,Combined Min-CVaR,-0.0027960190904384096
2021-03-24,Combined Min-CVaR,-0.007170819110498399
2021-03-25,Combined Min-CVaR,0.0017744767306489121
2021-03-26,Combined Min-CVaR,0.023762635062726026
2021-03-29,Combined Min-CVaR,0.010344966068736028
2021-03-30,Combined Min-CVaR,-0.009989470815348591
2021-03-31,Combined Min-CVaR,0.01148743995616388
2021-04-01,Combined Min-CVaR,0.008169268470315665
2021-04-05,Combined Min-CVaR,0.01217737216815653
2021-04-06,Combined Min-CVaR,-0.004093224068437058
2021-04-07,Combined Min-CVaR,-0.005480765293029221
2021-04-08,Combined Min-CVaR,0.002214105629307003
2021-04-09,Combined Min-CVaR,0.002653056061535387
2021-04-12,Combined Min-CVaR,0.0013967689694124794
2021-04-13,Combined Min-CVaR,0.008858242598110494
2021-04-14,Combined Min-CVaR,-0.00470349009707916
2021-04-15,Combined Min-CVaR,0.017349484315535027
2021-04-16,Combined Min-CVaR,0.0017889375039374384
2021-04-19,Combined Min-CVaR,-0.005467541675487482
2021-04-20,Combined Min-CVaR,0.00796502038735556
2021-04-21,Combined Min-CVaR,0.0025073281479115043
2021-04-22,Combined Min-CVaR,-0.008970449498058844
2021-04-23,Combined Min-CVaR,0.0020788923634374387
2021-04-26,Combined Min-CVaR,-0.00013981536159010026
2021-04-27,Combined Min-CVaR,0.00046232989538483055
2021-04-28,Combined Min-CVaR,-0.003936275255094837
2021-04-29,Combined Min-CVaR,-0.0009713048103356596
2021-04-30,Combined Min-CVaR,0.0015559456915088402
2021-05-03,Combined Min-CVaR,0.013802614269156941
2021-05-04,Combined Min-CVaR,-0.0076259934521742834
2021-05-05,Combined Min-CVaR,0.0125443362492901
2021-05-06,Combined Min-CVaR,0.009048297165425084
2021-05-07,Combined Min-CVaR,0.00303060174146542
2021-05-10,Combined Min-CVaR,0.00019528949301975498
2021-05-11,Combined Min-CVaR,-0.003920933022270154
2021-05-12,Combined Min-CVaR,-0.01631717749098443
2021-05-13,Combined Min-CVaR,0.013278240612005453
2021-05-14,Combined Min-CVaR,0.006345110457411429
2021-05-17,Combined Min-CVaR,0.0053511550659255365
2021-05-18,Combined Min-CVaR,0.0008974852791515811
2021-05-19,Combined Min-CVaR,-0.0044045381400926766
2021-05-20,Combined Min-CVaR,0.0128598790553112
2021-05-21,Combined Min-CVaR,-0.008655253819741887
2021-05-24,Combined Min-CVaR,0.00729661323067061
2021-05-25,Combined Min-CVaR,-0.006758008507907011
2021-05-26,Combined Min-CVaR,0.0035936485715218304
2021-05-27,Combined Min-CVaR,-0.005809122107480254
2021-05-28,Combined Min-CVaR,0.00011811574206443196
2021-06-01,Combined Min-CVaR,-0.004709372742256316
2021-06-02,Combined Min-CVaR,-0.0024975448050347576
2021-06-03,Combined Min-CVaR,0.0044113265435698126
2021-06-04,Combined Min-CVaR,0.006956518091081837
2021-06-07,Combined Min-CVaR,-0.004211375713159521
2021-06-08,Combined Min-CVaR,-0.006109899334077439
2021-06-09,Combined Min-CVaR,0.0035270611671313758
2021-06-10,Combined Min-CVaR,0.008403014661467288
2021-06-11,Combined Min-CVaR,-0.001693225226662816
2021-06-14,Combined Min-CVaR,-0.00012733950312123052
2021-06-15,Combined Min-CVaR,-0.007066560632866889
2021-06-16,Combined Min-CVaR,-0.013123544458213236
2021-06-17,Combined Min-CVaR,-0.004712602924547097
2021-06-18,Combined Min-CVaR,-0.011259629723290202
2021-06-21,Combined Min-CVaR,0.00512215682950774
2021-06-22,Combined Min-CVaR,-0.0019614556478165673
2021-06-23,Combined Min-CVaR,-0.00503936175658591
2021-06-24,Combined Min-CVaR,0.011202006629761788
2021-06-25,Combined Min-CVaR,0.0030269108574464505
2021-06-28,Combined Min-CVaR,0.004976838635248994
2021-06-29,Combined Min-CVaR,0.0008217336159111673
2021-06-30,Combined Min-CVaR,0.007065465685690152
2021-07-01,Combined Min-CVaR,0.00043192752715507754
2021-07-02,Combined Min-CVaR,0.004757338400586308
2021-07-06,Combined Min-CVaR,-0.0031512435940839224
2021-07-07,Combined Min-CVaR,0.0029934360712186173
2021-07-08,Combined Min-CVaR,-0.009558513853967849
2021-07-09,Combined Min-CVaR,0.006323515862986231
2021-07-12,Combined Min-CVaR,-0.0005273689481266359
2021-07-13,Combined Min-CVaR,0.0006703751390147292
2021-07-14,Combined Min-CVaR,0.003622734027950726
2021-07-15,Combined Min-CVaR,-0.0012860929237544143
2021-07-16,Combined Min-CVaR,-0.002142324276179763
2021-07-19,Combined Min-CVaR,-0.012084399412511715
2021-07-20,Combined Min-CVaR,0.002624454538066332
2021-07-21,Combined Min-CVaR,-0.0002395537584556123
2021-07-22,Combined Min-CVaR,0.0027931014182225058
2021-07-23,Combined Min-CVaR,0.00914339084671413
2021-07-26,Combined Min-CVaR,0.001324459413351202
2021-07-27,Combined Min-CVaR,-0.004624802198683435
2021-07-28,Combined Min-CVaR,0.003942241447188747
2021-07-29,Combined Min-CVaR,-0.0012775404862809647
2021-07-30,Combined Min-CVaR,-0.0018607372635820584
2021-08-02,Combined Min-CVaR,-0.0021019465917187516
2021-08-03,Combined Min-CVaR,-0.0031416513774780866
2021-08-04,Combined Min-CVaR,-0.007371302783445792
2021-08-05,Combined Min-CVaR,0.0016110532495043888
2021-08-06,Combined Min-CVaR,-0.0023131196218968454
2021-08-09,Combined Min-CVaR,0.0015380964457802682
2021-08-10,Combined Min-CVaR,0.004501372922944494
2021-08-11,Combined Min-CVaR,0.008134463487640157
2021-08-12,Combined Min-CVaR,0.0052271039642056314
2021-08-13,Combined Min-CVaR,0.004759154725475516
2021-08-16,Combined Min-CVaR,0.007819990264101368
2021-08-17,Combined Min-CVaR,0.004423773451152444
2021-08-18,Combined Min-CVaR,-0.01260893443767339
2021-08-19,Combined Min-CVaR,0.0036291467987466727
2021-08-20,Combined Min-CVaR,0.004005361045678606
2021-08-23,Combined Min-CVaR,0.003059430525028968
2021-08-24,Combined Min-CVaR,-0.005462714514637554
2021-08-25,Combined Min-CVaR,-0.003954570057998083
2021-08-26,Combined Min-CVaR,-0.004606532354538069
2021-08-27,Combined Min-CVaR,0.003358714142805093
2021-08-30,Combined Min-CVaR,0.0026950845441640987
2021-08-31,Combined Min-CVaR,0.0061286042813267945
2021-09-01,Combined Min-CVaR,-0.0037672168117201727
2021-09-02,Combined Min-CVaR,0.006234217547214012
2021-09-03,Combined Min-CVaR,-1.3230403124743365e-05
2021-09-07,Combined Min-CVaR,-0.021597069702231082
2021-09-08,Combined Min-CVaR,0.006981062344098788
2021-09-09,Combined Min-CVaR,-0.014306090411319937
2021-09-10,Combined Min-CVaR,-0.0032006016112441915
2021-09-13,Combined Min-CVaR,-0.003573080803047952
2021-09-14,Combined Min-CVaR,-0.0013952785510937796
2021-09-15,Combined Min-CVaR,0.0032456991783419696
2021-09-16,Combined Min-CVaR,-0.007871448332075865
2021-09-17,Combined Min-CVaR,-0.00940564665317202
2021-09-20,Combined Min-CVaR,-0.013582080839698266
2021-09-21,Combined Min-CVaR,-0.00377525685869449
2021-09-22,Combined Min-CVaR,0.0006895100262911489
2021-09-23,Combined Min-CVaR,0.004521931160191224
2021-09-24,Combined Min-CVaR,-0.001892630890936436
2021-09-27,Combined Min-CVaR,-0.0031034115295334253
2021-09-28,Combined Min-CVaR,-0.0022258478579451502
2021-09-29,Combined Min-CVaR,0.011115574942441597
2021-09-30,Combined Min-CVaR,-0.003952658296666442
2021-10-01,Combined Min-CVaR,0.0112845364055801
2021-10-04,Combined Min-CVaR,-0.0016386020742609293
2021-10-05,Combined Min-CVaR,0.003653575742778844
2021-10-06,Combined Min-CVaR,0.0015492476656766407
2021-10-07,Combined Min-CVaR,0.011030367690170812
2021-10-08,Combined Min-CVaR,0.0007658479942223764
2021-10-11,Combined Min-CVaR,-0.006415609450283062
2021-10-12,Combined Min-CVaR,-0.002083480090992141
2021-10-13,Combined Min-CVaR,0.003606157702044802
2021-10-14,Combined Min-CVaR,0.010235600751716672
2021-10-15,Combined Min-CVaR,-0.00017815200647899735
2021-10-18,Combined Min-CVaR,-0.005436629204151725
2021-10-19,Combined Min-CVaR,0.010495199023285568
2021-10-20,Combined Min-CVaR,0.009635584698428179
2021-10-21,Combined Min-CVaR,0.008104275496745571
2021-10-22,Combined Min-CVaR,0.003646464159930926
2021-10-25,Combined Min-CVaR,0.005117521372179263
2021-10-26,Combined Min-CVaR,0.00421672799035234
2021-10-27,Combined Min-CVaR,-0.013178599889659538
2021-10-28,Combined Min-CVaR,0.012431191903782732
2021-10-29,Combined Min-CVaR,0.0026453289621206143
2021-11-01,Combined Min-CVaR,0.003605302599393291
2021-11-02,Combined Min-CVaR,0.005974024924775382
2021-11-03,Combined Min-CVaR,0.0032126733755387716
2021-11-04,Combined Min-CVaR,0.004517063296709087
2021-11-05,Combined Min-CVaR,-0.01645528938778478
2021-11-08,Combined Min-CVaR,-0.0021808858204709278
2021-11-09,Combined Min-CVaR,0.003242045691991975
2021-11-10,Combined Min-CVaR,0.0036535652945151875
2021-11-11,Combined Min-CVaR,0.0037927624231093734
2021-11-12,Combined Min-CVaR,0.0034465664246038285
2021-11-15,Combined Min-CVaR,-0.007241681102211927
2021-11-16,Combined Min-CVaR,-0.005396224765172667
2021-11-17,Combined Min-CVaR,-0.003036563679964316
2021-11-18,Combined Min-CVaR,-0.004770693633634434
2021-11-19,Combined Min-CVaR,-0.007698011744493823
2021-11-22,Combined Min-CVaR,-0.00262356611098847
2021-11-23,Combined Min-CVaR,0.007110373940143391
2021-11-24,Combined Min-CVaR,-0.003930523403511342
2021-11-26,Combined Min-CVaR,-0.009164500794070128
2021-11-29,Combined Min-CVaR,-0.004753061475497751
2021-11-30,Combined Min-CVaR,-0.017962829293850086
2021-12-01,Combined Min-CVaR,-0.011355059103379856
2021-12-02,Combined Min-CVaR,0.007254536070770555
2021-12-03,Combined Min-CVaR,0.01128250871982513
2021-12-06,Combined Min-CVaR,0.00971160613623465
2021-12-07,Combined Min-CVaR,0.002010335498572721
2021-12-08,Combined Min-CVaR,0.0038776372529481136
2021-12-09,Combined Min-CVaR,-0.0009492317960458838
2021-12-10,Combined Min-CVaR,0.005565787342382987
2021-12-13,Combined Min-CVaR,0.00622791571084639
2021-12-14,Combined Min-CVaR,0.002681153998968155
2021-12-15,Combined Min-CVaR,0.013189215237648842
2021-12-16,Combined Min-CVaR,0.011478289553174297
2021-12-17,Combined Min-CVaR,-0.00906514953943626
2021-12-20,Combined Min-CVaR,0.004314588324626572
2021-12-21,Combined Min-CVaR,0.0003117421248221032
2021-12-22,Combined Min-CVaR,0.0036272237550592805
2021-12-23,Combined Min-CVaR,0.003864792305809893
2021-12-27,Combined Min-CVaR,0.009207698605362004
2021-12-28,Combined Min-CVaR,0.0033777971831488846
2021-12-29,Combined Min-CVaR,0.0035500163295508367
2021-12-30,Combined Min-CVaR,0.0023019690418419683
2021-12-31,Combined Min-CVaR,-0.0038629220436417954
2022-01-03,Combined Min-CVaR,-0.0002303613688699501
2022-01-04,Combined Min-CVaR,0.0012389699770566738
2022-01-05,Combined Min-CVaR,-0.0039506514799365474
2022-01-06,Combined Min-CVaR,-0.010450694774613925
2022-01-07,Combined Min-CVaR,0.005336860840465384
2022-01-10,Combined Min-CVaR,-0.012427153230928297
2022-01-11,Combined Min-CVaR,0.006135742714000218
2022-01-12,Combined Min-CVaR,0.007662512555401497
2022-01-13,Combined Min-CVaR,-0.002992082894224676
2022-01-14,Combined Min-CVaR,-0.002905655935342968
2022-01-18,Combined Min-CVaR,-0.001229898168812822
2022-01-19,Combined Min-CVaR,0.007994081114426335
2022-01-20,Combined Min-CVaR,-0.00986258912972961
2022-01-21,Combined Min-CVaR,-0.002619634720383298
2022-01-24,Combined Min-CVaR,-0.004763383186116245
2022-01-25,Combined Min-CVaR,-0.007015131400488686
2022-01-26,Combined Min-CVaR,-0.011012021103797526
2022-01-27,Combined Min-CVaR,0.002556805952045487
2022-01-28,Combined Min-CVaR,0.008284552480696077
2022-01-31,Combined Min-CVaR,0.009134213695547868
2022-02-01,Combined Min-CVaR,0.00026009459872028797
2022-02-02,Combined Min-CVaR,0.01055524992129077
2022-02-03,Combined Min-CVaR,-0.007231348057332504
2022-02-04,Combined Min-CVaR,-0.0027456726337320653
2022-02-07,Combined Min-CVaR,0.0009096627479320618
2022-02-08,Combined Min-CVaR,-0.0021355863352047464
2022-02-09,Combined Min-CVaR,0.003141053441034058
2022-02-10,Combined Min-CVaR,-0.014252188563493425
2022-02-11,Combined Min-CVaR,-0.0018016685249755322
2022-02-14,Combined Min-CVaR,-0.007243076900962188
2022-02-15,Combined Min-CVaR,0.004214799672738554
2022-02-16,Combined Min-CVaR,-0.00288113964791745
2022-02-17,Combined Min-CVaR,-0.006912336029817175
2022-02-18,Combined Min-CVaR,-0.0055380190882929345
2022-02-22,Combined Min-CVaR,-0.0045926454462256044
2022-02-23,Combined Min-CVaR,-0.000468149161127217
2022-02-24,Combined Min-CVaR,-0.001806528366621484
2022-02-25,Combined Min-CVaR,0.023902677534694283
2022-02-28,Combined Min-CVaR,-0.008576380153255866
2022-03-01,Combined Min-CVaR,-0.0043465561281729025
2022-03-02,Combined Min-CVaR,0.012022343074921286
2022-03-03,Combined Min-CVaR,0.007399792246080994
2022-03-04,Combined Min-CVaR,0.005649752742998565
2022-03-07,Combined Min-CVaR,-0.00875115918161288
2022-03-08,Combined Min-CVaR,-0.01346468450749085
2022-03-09,Combined Min-CVaR,0.009295912454044937
2022-03-10,Combined Min-CVaR,-0.001010588344936527
2022-03-11,Combined Min-CVaR,-0.009444186902635283
2022-03-14,Combined Min-CVaR,-0.00927184612914074
2022-03-15,Combined Min-CVaR,0.009856773234627036
2022-03-16,Combined Min-CVaR,0.008756093049639613
2022-03-17,Combined Min-CVaR,0.01159575843572439
2022-03-18,Combined Min-CVaR,0.00479262061658115
2022-03-21,Combined Min-CVaR,0.001307620465451053
2022-03-22,Combined Min-CVaR,0.006154098927204945
2022-03-23,Combined Min-CVaR,-0.007808341338771625
2022-03-24,Combined Min-CVaR,0.006203813898301351
2022-03-25,Combined Min-CVaR,0.009182415745264596
2022-03-28,Combined Min-CVaR,0.006579157443327692
2022-03-29,Combined Min-CVaR,0.013845255435959521
2022-03-30,Combined Min-CVaR,0.0005343879734350317
2022-03-31,Combined Min-CVaR,-0.010282923132183402
2022-04-01,Combined Min-CVaR,0.0058931421061524355
2022-04-04,Combined Min-CVaR,0.0026557662923413247
2022-04-05,Combined Min-CVaR,-0.005265323664118895
2022-04-06,Combined Min-CVaR,0.009402499183500928
2022-04-07,Combined Min-CVaR,0.0023285106281444156
2022-04-08,Combined Min-CVaR,0.0026724293179730594
2022-04-11,Combined Min-CVaR,-0.011720923104912575
2022-04-12,Combined Min-CVaR,-0.0035769400872233802
2022-04-13,Combined Min-CVaR,0.0023638463828543773
2022-04-14,Combined Min-CVaR,0.0038608004571141032
2022-04-18,Combined Min-CVaR,-0.0074838599518302264
2022-04-19,Combined Min-CVaR,0.011564137659808606
2022-04-20,Combined Min-CVaR,0.0022354282197293014
2022-04-21,Combined Min-CVaR,-0.006548608320267022
2022-04-22,Combined Min-CVaR,-0.01258729583515478
2022-04-25,Combined Min-CVaR,-0.0021025172209572242
2022-04-26,Combined Min-CVaR,-0.02196753204059941
2022-04-27,Combined Min-CVaR,-0.004520437598102011
2022-04-28,Combined Min-CVaR,0.018897328569156706
2022-04-29,Combined Min-CVaR,-0.03195334781604554
2022-05-02,Combined Min-CVaR,0.001775993114765239
2022-05-03,Combined Min-CVaR,0.0017236474835094205
2022-05-04,Combined Min-CVaR,0.024678086367800407
2022-05-05,Combined Min-CVaR,-0.01827354385712888
2022-05-06,Combined Min-CVaR,-0.01013308764638656
2022-05-09,Combined Min-CVaR,-0.01628783352825893
2022-05-10,Combined Min-CVaR,-0.008631993115709885
2022-05-11,Combined Min-CVaR,0.0029748474523745147
2022-05-12,Combined Min-CVaR,0.009209025222550652
2022-05-13,Combined Min-CVaR,0.00914293934928127
2022-05-16,Combined Min-CVaR,0.0057300170301253115
2022-05-17,Combined Min-CVaR,0.006147179786818365
2022-05-18,Combined Min-CVaR,-0.019440888434664946
2022-05-19,Combined Min-CVaR,-0.004588076483517763
2022-05-20,Combined Min-CVaR,-0.0005587858548315909
2022-05-23,Combined Min-CVaR,0.012262435811995917
2022-05-24,Combined Min-CVaR,0.010087628180593788
2022-05-25,Combined Min-CVaR,0.004471579730283551
2022-05-26,Combined Min-CVaR,0.0037066308797502577
2022-05-27,Combined Min-CVaR,0.010605193303146913
2022-05-31,Combined Min-CVaR,-0.006909429122663763
2022-06-01,Combined Min-CVaR,-0.006984480626169017
2022-06-02,Combined Min-CVaR,0.008035394939983995
2022-06-03,Combined Min-CVaR,-0.007122795581518965
2022-06-06,Combined Min-CVaR,-0.0033388826481549516
2022-06-07,Combined Min-CVaR,0.009122863988858103
2022-06-08,Combined Min-CVaR,-0.010590732395426626
2022-06-09,Combined Min-CVaR,-0.01895262647017705
2022-06-10,Combined Min-CVaR,-0.0122947893887692
2022-06-13,Combined Min-CVaR,-0.02928504060830408
2022-06-14,Combined Min-CVaR,-0.011876731486926268
2022-06-15,Combined Min-CVaR,0.007280964863952749
2022-06-16,Combined Min-CVaR,-0.008194866837976898
2022-06-17,Combined Min-CVaR,-0.0011020328667749203
2022-06-21,Combined Min-CVaR,0.022671569226859006
2022-06-22,Combined Min-CVaR,0.005266379912026119
2022-06-23,Combined Min-CVaR,0.012661209359520144
2022-06-24,Combined Min-CVaR,0.017282843971819648
2022-06-27,Combined Min-CVaR,-0.005805068531306636
2022-06-28,Combined Min-CVaR,-0.014848690140503102
2022-06-29,Combined Min-CVaR,0.00230872880819876
2022-06-30,Combined Min-CVaR,-0.00873094610536328
2022-07-01,Combined Min-CVaR,0.012375923936229348
2022-07-05,Combined Min-CVaR,0.0011752381000336826
2022-07-06,Combined Min-CVaR,0.0006517338197096238
2022-07-07,Combined Min-CVaR,0.0016490289778037111
2022-07-08,Combined Min-CVaR,-0.002558565772165169
2022-07-11,Combined Min-CVaR,-0.0011315510387086393
2022-07-12,Combined Min-CVaR,-0.004861633923231332
2022-07-13,Combined Min-CVaR,-0.0034611324085834557
2022-07-14,Combined Min-CVaR,-0.0007704827668116461
2022-07-15,Combined Min-CVaR,0.01240831353823053
2022-07-18,Combined Min-CVaR,-0.013294505399189447
2022-07-19,Combined Min-CVaR,0.01370362141758272
2022-07-20,Combined Min-CVaR,-0.005002943609968061
2022-07-21,Combined Min-CVaR,0.0049639880571737665
2022-07-22,Combined Min-CVaR,-0.0020108897595045973
2022-07-25,Combined Min-CVaR,-0.003266227673250163
2022-07-26,Combined Min-CVaR,0.0015665141788687503
2022-07-27,Combined Min-CVaR,0.00032906423692890575
2022-07-28,Combined Min-CVaR,0.0053455102455471516
2022-07-29,Combined Min-CVaR,-0.00166160523291831
2022-08-01,Combined Min-CVaR,-0.0072856748692575225
2022-08-02,Combined Min-CVaR,-0.006097347869578716
2022-08-03,Combined Min-CVaR,0.011439473953087587
2022-08-04,Combined Min-CVaR,-0.0034710026935967993
2022-08-05,Combined Min-CVaR,-0.0035209738478974954
2022-08-08,Combined Min-CVaR,0.0044612450170103315
2022-08-09,Combined Min-CVaR,-0.0013668894814605915
2022-08-10,Combined Min-CVaR,0.011695050157431334
2022-08-11,Combined Min-CVaR,-0.003704899695298639
2022-08-12,Combined Min-CVaR,0.016146669701664444
2022-08-15,Combined Min-CVaR,0.009838019546233964
2022-08-16,Combined Min-CVaR,0.014105667781250476
2022-08-17,Combined Min-CVaR,-0.008902518440230867
2022-08-18,Combined Min-CVaR,-0.005341807244189108
2022-08-19,Combined Min-CVaR,-0.004782860449637838
2022-08-22,Combined Min-CVaR,-0.015191577891186631
2022-08-23,Combined Min-CVaR,-0.006885579983111353
2022-08-24,Combined Min-CVaR,-0.0019009737571397405
2022-08-25,Combined Min-CVaR,0.009277104667511913
2022-08-26,Combined Min-CVaR,-0.022302466036215114
2022-08-29,Combined Min-CVaR,-0.009048492073776431
2022-08-30,Combined Min-CVaR,-0.006597203475213424
2022-08-31,Combined Min-CVaR,-0.004141223222298391
2022-09-01,Combined Min-CVaR,0.012865467443331988
2022-09-02,Combined Min-CVaR,-0.014653680550742034
2022-09-06,Combined Min-CVaR,-0.003763351767606207
2022-09-07,Combined Min-CVaR,0.017254348694048786
2022-09-08,Combined Min-CVaR,0.002183241810476186
2022-09-09,Combined Min-CVaR,0.013665026907112347
2022-09-12,Combined Min-CVaR,0.012152437427345994
2022-09-13,Combined Min-CVaR,-0.02798695236821005
2022-09-14,Combined Min-CVaR,0.000653736403246178
2022-09-15,Combined Min-CVaR,-0.007706464354448875
2022-09-16,Combined Min-CVaR,-0.0014729499321120476
2022-09-19,Combined Min-CVaR,0.0018901382644664134
2022-09-20,Combined Min-CVaR,-0.013970180621128082
2022-09-21,Combined Min-CVaR,-0.01509767124028611
2022-09-22,Combined Min-CVaR,0.0003745487795564599
2022-09-23,Combined Min-CVaR,-0.01410074927536692
2022-09-26,Combined Min-CVaR,-0.0083064957461124
2022-09-27,Combined Min-CVaR,-0.003413819917450175
2022-09-28,Combined Min-CVaR,0.020357651921911045
2022-09-29,Combined Min-CVaR,-0.018864099195580145
2022-09-30,Combined Min-CVaR,-0.016008719941319433
2022-10-03,Combined Min-CVaR,0.025678928820999362
2022-10-04,Combined Min-CVaR,0.02294500025587501
2022-10-05,Combined Min-CVaR,-0.004023545278129443
2022-10-06,Combined Min-CVaR,-0.008737841891857136
2022-10-07,Combined Min-CVaR,-0.015801186932791603
2022-10-10,Combined Min-CVaR,0.0031509797747941793
2022-10-11,Combined Min-CVaR,0.006769194351075061
2022-10-12,Combined Min-CVaR,-0.006354569905000763
2022-10-13,Combined Min-CVaR,0.022934243549370063
2022-10-14,Combined Min-CVaR,-0.008871702904629377
2022-10-17,Combined Min-CVaR,0.011446029982185028
2022-10-18,Combined Min-CVaR,0.014292816597299845
2022-10-19,Combined Min-CVaR,-0.009582156692199282
2022-10-20,Combined Min-CVaR,0.002296046536783563
2022-10-21,Combined Min-CVaR,0.020782601831462712
2022-10-24,Combined Min-CVaR,0.011607762887628348
2022-10-25,Combined Min-CVaR,0.008565180451337662
2022-10-26,Combined Min-CVaR,0.010153068615018027
2022-10-27,Combined Min-CVaR,-0.0009958688743370934
2022-10-28,Combined Min-CVaR,0.023676424075050904
2022-10-31,Combined Min-CVaR,-0.011854087132570457
2022-11-01,Combined Min-CVaR,-0.00219248087279582
2022-11-02,Combined Min-CVaR,-0.015108892830939961
2022-11-03,Combined Min-CVaR,-0.006779508509823347
2022-11-04,Combined Min-CVaR,0.00977192378444763
2022-11-07,Combined Min-CVaR,0.007501119334107714
2022-11-08,Combined Min-CVaR,-0.0029972756869803864
2022-11-09,Combined Min-CVaR,-0.008000698071685857
2022-11-10,Combined Min-CVaR,0.02950220787981638
2022-11-11,Combined Min-CVaR,-0.000351031030293149
2022-11-14,Combined Min-CVaR,-0.005859918053767888
2022-11-15,Combined Min-CVaR,0.007113511568533894
2022-11-16,Combined Min-CVaR,-0.0005892188065201823
2022-11-17,Combined Min-CVaR,6.713802181809291e-05
2022-11-18,Combined Min-CVaR,0.008570258828035042
2022-11-21,Combined Min-CVaR,0.0036397836674055286
2022-11-22,Combined Min-CVaR,0.011725316628654725
2022-11-23,Combined Min-CVaR,0.004698549643640321
2022-11-25,Combined Min-CVaR,0.0018617048263718944
2022-11-28,Combined Min-CVaR,-0.011442080143996645
2022-11-29,Combined Min-CVaR,0.002922711066534126
2022-11-30,Combined Min-CVaR,0.018761222511549408
2022-12-01,Combined Min-CVaR,0.002091378261197582
2022-12-02,Combined Min-CVaR,0.0049868249655659605
2022-12-05,Combined Min-CVaR,-0.011258243819799296
2022-12-06,Combined Min-CVaR,-0.008414038001734795
2022-12-07,Combined Min-CVaR,0.0031721293564535447
2022-12-08,Combined Min-CVaR,0.006158272958484103
2022-12-09,Combined Min-CVaR,-0.011277422297990869
2022-12-12,Combined Min-CVaR,0.009030048861564412
2022-12-13,Combined Min-CVaR,0.0041730167057392135
2022-12-14,Combined Min-CVaR,-0.002061970002361759
2022-12-15,Combined Min-CVaR,-0.020456655443788885
2022-12-16,Combined Min-CVaR,-0.007852026829080202
2022-12-19,Combined Min-CVaR,-0.005790459636293532
2022-12-20,Combined Min-CVaR,-0.001568161700207039
2022-12-21,Combined Min-CVaR,0.011571196058184272
2022-12-22,Combined Min-CVaR,-0.004511121214271891
2022-12-23,Combined Min-CVaR,0.0013895048357550786
2022-12-27,Combined Min-CVaR,0.0010237700356792213
2022-12-28,Combined Min-CVaR,-0.010174757024781121
2022-12-29,Combined Min-CVaR,0.010274031888000912
2022-12-30,Combined Min-CVaR,0.0003142862690226505
2023-01-03,Combined Min-CVaR,0.004508825423692711
2023-01-04,Combined Min-CVaR,0.014467680739851656
2023-01-05,Combined Min-CVaR,-0.004338887444666522
2023-01-06,Combined Min-CVaR,0.01664639451133081
2023-01-09,Combined Min-CVaR,-0.010565418233919897
2023-01-10,Combined Min-CVaR,0.005085751208422019
2023-01-11,Combined Min-CVaR,0.004404383649068661
2023-01-12,Combined Min-CVaR,-0.0046877988584853834
2023-01-13,Combined Min-CVaR,0.0016352425011670287
2023-01-17,Combined Min-CVaR,-0.010148914701251227
2023-01-18,Combined Min-CVaR,-0.018490934170143074
2023-01-19,Combined Min-CVaR,-0.00555101743120833
2023-01-20,Combined Min-CVaR,0.011951387703027614
2023-01-23,Combined Min-CVaR,0.00800577705716925
2023-01-24,Combined Min-CVaR,-0.005845508961502774
2023-01-25,Combined Min-CVaR,0.0009455694572800396
2023-01-26,Combined Min-CVaR,-0.00045429927635815925
2023-01-27,Combined Min-CVaR,0.0016811804069313257
2023-01-30,Combined Min-CVaR,-0.0052453410453478545
2023-01-31,Combined Min-CVaR,0.010384945027174753
2023-02-01,Combined Min-CVaR,-0.009555698631305993
2023-02-02,Combined Min-CVaR,-0.002613599976501478
2023-02-03,Combined Min-CVaR,-0.01226205850668773
2023-02-06,Combined Min-CVaR,-0.0061601198497144806
2023-02-07,Combined Min-CVaR,0.010063384560072603
2023-02-08,Combined Min-CVaR,-0.00906310464975306
2023-02-09,Combined Min-CVaR,-0.002013743651435817
2023-02-10,Combined Min-CVaR,0.010781002813963884
2023-02-13,Combined Min-CVaR,0.00939231177921447
2023-02-14,Combined Min-CVaR,-0.007425014718781415
2023-02-15,Combined Min-CVaR,0.002842389535787612
2023-02-16,Combined Min-CVaR,-0.013288256692042484
2023-02-17,Combined Min-CVaR,0.010603965971823209
2023-02-21,Combined Min-CVaR,-0.006444839907259597
2023-02-22,Combined Min-CVaR,-0.00799776583521391
2023-02-23,Combined Min-CVaR,-0.001281021341318446
2023-02-24,Combined Min-CVaR,-0.007432956077457373
2023-02-27,Combined Min-CVaR,0.0020814070033779728
2023-02-28,Combined Min-CVaR,-0.004782919938668793
2023-03-01,Combined Min-CVaR,-0.0020344571102556257
2023-03-02,Combined Min-CVaR,0.010305490540021207
2023-03-03,Combined Min-CVaR,0.009361637013576552
2023-03-06,Combined Min-CVaR,0.0011263684909821907
2023-03-07,Combined Min-CVaR,-0.010367106095066136
2023-03-08,Combined Min-CVaR,-0.006261603562786525
2023-03-09,Combined Min-CVaR,-0.014070684152049004
2023-03-10,Combined Min-CVaR,-0.005837151255938165
2023-03-13,Combined Min-CVaR,0.007602068405294121
2023-03-14,Combined Min-CVaR,0.008926281699428731
2023-03-15,Combined Min-CVaR,0.004268249593209765
2023-03-16,Combined Min-CVaR,0.0070112356189954966
2023-03-17,Combined Min-CVaR,-0.007789397891119631
2023-03-20,Combined Min-CVaR,0.011398752714061329
2023-03-21,Combined Min-CVaR,-0.0014951134583812264
2023-03-22,Combined Min-CVaR,-0.018697798989918767
2023-03-23,Combined Min-CVaR,0.008268454573547822
2023-03-24,Combined Min-CVaR,0.014111086357379076
2023-03-27,Combined Min-CVaR,0.002136925607237107
2023-03-28,Combined Min-CVaR,-0.0020010085880008653
2023-03-29,Combined Min-CVaR,0.008059004650506704
2023-03-30,Combined Min-CVaR,0.0037767311062492327
2023-03-31,Combined Min-CVaR,0.013718047967776587
2023-04-03,Combined Min-CVaR,0.0065494880184484554
2023-04-04,Combined Min-CVaR,0.003859401491083518
2023-04-05,Combined Min-CVaR,0.011789188987974335
2023-04-06,Combined Min-CVaR,-0.0004962720517366149
2023-04-10,Combined Min-CVaR,0.0005491979540156939
2023-04-11,Combined Min-CVaR,0.0009860678360662524
2023-04-12,Combined Min-CVaR,-0.0003867284252151595
2023-04-13,Combined Min-CVaR,0.009403837324997654
2023-04-14,Combined Min-CVaR,-0.007271262627597948
2023-04-17,Combined Min-CVaR,0.0034201690630400756
2023-04-18,Combined Min-CVaR,-0.0019409245632193719
2023-04-19,Combined Min-CVaR,0.00033147424452716426
2023-04-20,Combined Min-CVaR,-0.00559534011088835
2023-04-21,Combined Min-CVaR,0.00670817395570553
2023-04-24,Combined Min-CVaR,0.003453844011328004
2023-04-25,Combined Min-CVaR,-0.0027905851878417967
2023-04-26,Combined Min-CVaR,-0.02140596637530881
2023-04-27,Combined Min-CVaR,0.0035852292913013764
2023-04-28,Combined Min-CVaR,0.0017545299705580652
2023-05-01,Combined Min-CVaR,6.498508183908438e-06
2023-05-02,Combined Min-CVaR,-0.010664705533201015
2023-05-03,Combined Min-CVaR,-0.006456799231435471
2023-05-04,Combined Min-CVaR,-0.002891369800061187
2023-05-05,Combined Min-CVaR,0.012113987858677951
2023-05-08,Combined Min-CVaR,-0.0009018015440902757
2023-05-09,Combined Min-CVaR,-0.00375572355085862
2023-05-10,Combined Min-CVaR,-0.0010390830161267066
2023-05-11,Combined Min-CVaR,-0.002371464954254307
2023-05-12,Combined Min-CVaR,1.522619974893833e-05
2023-05-15,Combined Min-CVaR,-0.0028897794988060237
2023-05-16,Combined Min-CVaR,-0.013782610298428248
2023-05-17,Combined Min-CVaR,0.0014268653254513475
2023-05-18,Combined Min-CVaR,0.010076630483578635
2023-05-19,Combined Min-CVaR,-0.00077753470622935
2023-05-22,Combined Min-CVaR,-0.0005898349900866533
2023-05-23,Combined Min-CVaR,-0.006806904976369295
2023-05-24,Combined Min-CVaR,-0.0075793835677427784
2023-05-25,Combined Min-CVaR,-0.011841731418419967
2023-05-26,Combined Min-CVaR,0.0024435551555611217
2023-05-30,Combined Min-CVaR,-0.004928927056472983
2023-05-31,Combined Min-CVaR,0.0024181395030580307
2023-06-01,Combined Min-CVaR,-0.0017718702213830539
2023-06-02,Combined Min-CVaR,0.0163876916452317
2023-06-05,Combined Min-CVaR,-0.004252741437763714
2023-06-06,Combined Min-CVaR,-0.006383749115513615
2023-06-07,Combined Min-CVaR,0.004359271157152113
2023-06-08,Combined Min-CVaR,0.007594008808357059
2023-06-09,Combined Min-CVaR,-0.0030038391743287315
2023-06-12,Combined Min-CVaR,0.0023441535301281916
2023-06-13,Combined Min-CVaR,0.005640404470232068
2023-06-14,Combined Min-CVaR,-0.0004912905868682216
2023-06-15,Combined Min-CVaR,0.010218229781679819
2023-06-16,Combined Min-CVaR,0.002972602639944602
2023-06-20,Combined Min-CVaR,-0.008121226519045194
2023-06-21,Combined Min-CVaR,-0.001260789469626389
2023-06-22,Combined Min-CVaR,0.0032345190748742495
2023-06-23,Combined Min-CVaR,-0.003499857578715889
2023-06-26,Combined Min-CVaR,0.0019217451308710326
2023-06-27,Combined Min-CVaR,0.0016409417331642254
2023-06-28,Combined Min-CVaR,-0.0036741923731291566
2023-06-29,Combined Min-CVaR,0.0036005053426627657
2023-06-30,Combined Min-CVaR,0.010096824930310359
2023-07-03,Combined Min-CVaR,0.004371641200482381
2023-07-05,Combined Min-CVaR,-0.003904354424692505
2023-07-06,Combined Min-CVaR,-0.009402798143744607
2023-07-07,Combined Min-CVaR,-0.0103299440443761
2023-07-10,Combined Min-CVaR,0.005274191359568182
2023-07-11,Combined Min-CVaR,0.01696106195655138
2023-07-12,Combined Min-CVaR,-0.00021665166310354277
2023-07-13,Combined Min-CVaR,0.0016638887286363822
2023-07-14,Combined Min-CVaR,0.001325403869822573
2023-07-17,Combined Min-CVaR,-0.007041969233560522
2023-07-18,Combined Min-CVaR,0.003188491514446287
2023-07-19,Combined Min-CVaR,0.0065097157457799345
2023-07-20,Combined Min-CVaR,0.007821462418296937
2023-07-21,Combined Min-CVaR,0.006165527207449368
2023-07-24,Combined Min-CVaR,-0.002263701862107533
2023-07-25,Combined Min-CVaR,0.0024516779720959204
2023-07-26,Combined Min-CVaR,0.002290642164372623
2023-07-27,Combined Min-CVaR,-0.006812097451778873
2023-07-28,Combined Min-CVaR,0.0037260196836121735
2023-07-31,Combined Min-CVaR,-0.0022123460719803527
2023-08-01,Combined Min-CVaR,-0.008350466442132528
2023-08-02,Combined Min-CVaR,-0.011509683093596883
2023-08-03,Combined Min-CVaR,-0.0060465728119728935
2023-08-04,Combined Min-CVaR,-0.0043582722697599685
2023-08-07,Combined Min-CVaR,0.010026737310911055
2023-08-08,Combined Min-CVaR,-0.0026370568545148448
2023-08-09,Combined Min-CVaR,0.0012582153641894276
2023-08-10,Combined Min-CVaR,-0.0007509517746886035
2023-08-11,Combined Min-CVaR,0.00639644253948387
2023-08-14,Combined Min-CVaR,-0.0015594272579719398
2023-08-15,Combined Min-CVaR,-0.008980091399768738
2023-08-16,Combined Min-CVaR,-0.003697389252935207
2023-08-17,Combined Min-CVaR,-0.00959043597954113
2023-08-18,Combined Min-CVaR,0.00015810067517976864
2023-08-21,Combined Min-CVaR,0.0007071261635296193
2023-08-22,Combined Min-CVaR,-0.0016692999899624126
2023-08-23,Combined Min-CVaR,0.011296644571116465
2023-08-24,Combined Min-CVaR,-0.010614677771667913
2023-08-25,Combined Min-CVaR,0.003721672244316744
2023-08-28,Combined Min-CVaR,0.006327396129077073
2023-08-29,Combined Min-CVaR,0.010767157767972704
2023-08-30,Combined Min-CVaR,-4.544217444924024e-05
2023-08-31,Combined Min-CVaR,-0.003510592450320931
2023-09-01,Combined Min-CVaR,-2.2942870099425315e-05
2023-09-05,Combined Min-CVaR,-0.010907727175570451
2023-09-06,Combined Min-CVaR,-0.0037760674581611368
2023-09-07,Combined Min-CVaR,0.007436332867972282
2023-09-08,Combined Min-CVaR,0.00594477611324194
2023-09-11,Combined Min-CVaR,0.0070324972194485465
2023-09-12,Combined Min-CVaR,-0.0041946002416103955
2023-09-13,Combined Min-CVaR,-0.0014033171670673646
2023-09-14,Combined Min-CVaR,0.012020353293099752
2023-09-15,Combined Min-CVaR,-0.008305089178403635
2023-09-18,Combined Min-CVaR,-0.001916529502416928
2023-09-19,Combined Min-CVaR,0.0009549875703518439
2023-09-20,Combined Min-CVaR,4.118294945796132e-05
2023-09-21,Combined Min-CVaR,-0.013493475001521394
2023-09-22,Combined Min-CVaR,-0.0007328310647677898
2023-09-25,Combined Min-CVaR,-0.0008590245931224935
2023-09-26,Combined Min-CVaR,-0.006799565823186995
2023-09-27,Combined Min-CVaR,-0.005881294254979211
2023-09-28,Combined Min-CVaR,0.002457589655933377
2023-09-29,Combined Min-CVaR,-0.004040358236276737
2023-10-02,Combined Min-CVaR,-0.013861502096814252
2023-10-03,Combined Min-CVaR,-0.007540090884334393
2023-10-04,Combined Min-CVaR,0.007032168766556112
2023-10-05,Combined Min-CVaR,-0.00025639793526405674
2023-10-06,Combined Min-CVaR,0.0060227759280781935
2023-10-09,Combined Min-CVaR,0.0088846899949386
2023-10-10,Combined Min-CVaR,0.01004916566665603
2023-10-11,Combined Min-CVaR,0.005922601229154657
2023-10-12,Combined Min-CVaR,-0.006039648262363219
2023-10-13,Combined Min-CVaR,0.002489896941229618
2023-10-16,Combined Min-CVaR,0.008209596212369684
2023-10-17,Combined Min-CVaR,0.004150617819801519
2023-10-18,Combined Min-CVaR,-0.013276572355136513
2023-10-19,Combined Min-CVaR,-0.009989758203453485
2023-10-20,Combined Min-CVaR,-0.003977528074663672
2023-10-23,Combined Min-CVaR,-0.004899587034386605
2023-10-24,Combined Min-CVaR,0.011475417915533664
2023-10-25,Combined Min-CVaR,-0.010184839516581775
2023-10-26,Combined Min-CVaR,-0.004413301105520832
2023-10-27,Combined Min-CVaR,-0.013260178183167793
2023-10-30,Combined Min-CVaR,0.007821192723586258
2023-10-31,Combined Min-CVaR,0.00419563521692197
2023-11-01,Combined Min-CVaR,0.006277756897474862
2023-11-02,Combined Min-CVaR,0.016884422431860516
2023-11-03,Combined Min-CVaR,0.008789836303350071
2023-11-06,Combined Min-CVaR,-0.004855227599303199
2023-11-07,Combined Min-CVaR,5.0948091692065244e-05
2023-11-08,Combined Min-CVaR,-0.0013257147925357167
2023-11-09,Combined Min-CVaR,-0.011868434169607657
2023-11-10,Combined Min-CVaR,0.005799128956996918
2023-11-13,Combined Min-CVaR,7.566253541013766e-05
2023-11-14,Combined Min-CVaR,0.015903394891974818
2023-11-15,Combined Min-CVaR,0.004667439611332425
2023-11-16,Combined Min-CVaR,-0.0067859248958340316
2023-11-17,Combined Min-CVaR,-0.0005716693773345252
2023-11-20,Combined Min-CVaR,0.004731724821447211
2023-11-21,Combined Min-CVaR,-0.0007386283823723207
2023-11-22,Combined Min-CVaR,0.0015631028883743452
2023-11-24,Combined Min-CVaR,0.0028446580816855515
2023-11-27,Combined Min-CVaR,0.0015983724978018332
2023-11-28,Combined Min-CVaR,0.003154019416960101
2023-11-29,Combined Min-CVaR,0.0024711715141360908
2023-11-30,Combined Min-CVaR,0.008818513587086829
2023-12-01,Combined Min-CVaR,0.008900160571827541
2023-12-04,Combined Min-CVaR,0.005628892182756223
2023-12-05,Combined Min-CVaR,0.001198871005449817
2023-12-06,Combined Min-CVaR,0.0014007967100119027
2023-12-07,Combined Min-CVaR,-0.0029402947075797266
2023-12-08,Combined Min-CVaR,0.0011122667291161782
2023-12-11,Combined Min-CVaR,0.0038523878982992007
2023-12-12,Combined Min-CVaR,0.0037226518459908447
2023-12-13,Combined Min-CVaR,0.02374890868572585
2023-12-14,Combined Min-CVaR,0.003568337747234158
2023-12-15,Combined Min-CVaR,-0.0077015940573165785
2023-12-18,Combined Min-CVaR,-0.0020914370653783154
2023-12-19,Combined Min-CVaR,0.0051183061988493575
2023-12-20,Combined Min-CVaR,-0.013600047007759714
2023-12-21,Combined Min-CVaR,0.008848760799727066
2023-12-22,Combined Min-CVaR,0.008626233005748548
2023-12-26,Combined Min-CVaR,0.002354355441650328
2023-12-27,Combined Min-CVaR,0.0032516807991947554
2023-12-28,Combined Min-CVaR,0.0037564556170090694
2023-12-29,Combined Min-CVaR,-0.0013111982306926427
2021-01-04,Equity-Only Max-Sharpe,-0.00576873717008328
2021-01-05,Equity-Only Max-Sharpe,0.0072724397234214064
2021-01-06,Equity-Only Max-Sharpe,-0.006632078226623194
2021-01-07,Equity-Only Max-Sharpe,0.01917834174444228
2021-01-08,Equity-Only Max-Sharpe,-1.1657110914368388e-05
2021-01-11,Equity-Only Max-Sharpe,0.0038209367543354717
2021-01-12,Equity-Only Max-Sharpe,-0.007694925823556114
2021-01-13,Equity-Only Max-Sharpe,-0.002056262686666651
2021-01-14,Equity-Only Max-Sharpe,-0.003979303320297922
2021-01-15,Equity-Only Max-Sharpe,-0.012344005996637812
2021-01-19,Equity-Only Max-Sharpe,0.008395743431634012
2021-01-20,Equity-Only Max-Sharpe,0.01833074150388135
2021-01-21,Equity-Only Max-Sharpe,-0.00027216769891059023
2021-01-22,Equity-Only Max-Sharpe,-0.0048503102926088955
2021-01-25,Equity-Only Max-Sharpe,0.0011486205961386796
2021-01-26,Equity-Only Max-Sharpe,-0.007230618382910598
2021-01-27,Equity-Only Max-Sharpe,-0.039670060302970364
2021-01-28,Equity-Only Max-Sharpe,0.01263678402627378
2021-01-29,Equity-Only Max-Sharpe,-0.008740656859992415
2021-02-01,Equity-Only Max-Sharpe,0.01182110891296799
2021-02-02,Equity-Only Max-Sharpe,0.01995670264423026
2021-02-03,Equity-Only Max-Sharpe,-0.014376291815912956
2021-02-04,Equity-Only Max-Sharpe,-0.009011430880988719
2021-02-05,Equity-Only Max-Sharpe,0.009549149690891628
2021-02-08,Equity-Only Max-Sharpe,0.01646845647589345
2021-02-09,Equity-Only Max-Sharpe,-0.006793344889862621
2021-02-10,Equity-Only Max-Sharpe,0.0021629585869151918
2021-02-11,Equity-Only Max-Sharpe,0.0024754986507106594
2021-02-12,Equity-Only Max-Sharpe,0.002786144911177747
2021-02-16,Equity-Only Max-Sharpe,-0.004779501630098581
2021-02-17,Equity-Only Max-Sharpe,-0.006642138570610296
2021-02-18,Equity-Only Max-Sharpe,0.00015703212117219433
2021-02-19,Equity-Only Max-Sharpe,-0.002561976147856177
2021-02-22,Equity-Only Max-Sharpe,-0.014338279474191447
2021-02-23,Equity-Only Max-Sharpe,-0.007465461756096126
2021-02-24,Equity-Only Max-Sharpe,0.006762808055784641
2021-02-25,Equity-Only Max-Sharpe,-0.019776717312892052
2021-02-26,Equity-Only Max-Sharpe,-0.004711996200629388
2021-03-01,Equity-Only Max-Sharpe,0.019255358383818175
2021-03-02,Equity-Only Max-Sharpe,-0.004726289194672537
2021-03-03,Equity-Only Max-Sharpe,-0.026589946602951515
2021-03-04,Equity-Only Max-Sharpe,-0.018174709441269095
2021-03-05,Equity-Only Max-Sharpe,0.014918251597896066
2021-03-08,Equity-Only Max-Sharpe,-0.015690594297938336
2021-03-09,Equity-Only Max-Sharpe,0.015849297766646855
2021-03-10,Equity-Only Max-Sharpe,0.00742239673629645
2021-03-11,Equity-Only Max-Sharpe,0.010957334344991061
2021-03-12,Equity-Only Max-Sharpe,0.006841361745829653
2021-03-15,Equity-Only Max-Sharpe,0.005320800860158644
2021-03-16,Equity-Only Max-Sharpe,0.002261625920022463
2021-03-17,Equity-Only Max-Sharpe,-0.0022589119354513975
2021-03-18,Equity-Only Max-Sharpe,-0.012516307577095903
2021-03-19,Equity-Only Max-Sharpe,-0.0014459323031909758
2021-03-22,Equity-Only Max-Sharpe,0.007488077772308139
2021-03-23,Equity-Only Max-Sharpe,-0.013380678350416557
2021-03-24,Equity-Only Max-Sharpe,-0.010286134763059604
2021-03-25,Equity-Only Max-Sharpe,0.005280741206236778
2021-03-26,Equity-Only Max-Sharpe,0.01731363986966149
2021-03-29,Equity-Only Max-Sharpe,0.001967473739676797
2021-03-30,Equity-Only Max-Sharpe,-0.0012990770776367625
2021-03-31,Equity-Only Max-Sharpe,0.004893687006816411
2021-04-01,Equity-Only Max-Sharpe,0.012824454757586631
2021-04-05,Equity-Only Max-Sharpe,0.0063116801847005275
2021-04-06,Equity-Only Max-Sharpe,-0.0001655878838542144
2021-04-07,Equity-Only Max-Sharpe,-0.0008358602217766525
2021-04-08,Equity-Only Max-Sharpe,0.0030138446874861027
2021-04-09,Equity-Only Max-Sharpe,0.0036796576367636186
2021-04-12,Equity-Only Max-Sharpe,0.007654102090807192
2021-04-13,Equity-Only Max-Sharpe,0.006903526511714657
2021-04-14,Equity-Only Max-Sharpe,-0.005164487555424305
2021-04-15,Equity-Only Max-Sharpe,0.017726776185207953
2021-04-16,Equity-Only Max-Sharpe,-0.0032151447264398988
2021-04-19,Equity-Only Max-Sharpe,-0.004099826218538832
2021-04-20,Equity-Only Max-Sharpe,-0.0072676271391716365
2021-04-21,Equity-Only Max-Sharpe,0.010585695069639845
2021-04-22,Equity-Only Max-Sharpe,-0.009060100137428088
2021-04-23,Equity-Only Max-Sharpe,0.009927690759269994
2021-04-26,Equity-Only Max-Sharpe,0.000663949083862339
2021-04-27,Equity-Only Max-Sharpe,0.007033917332801244
2021-04-28,Equity-Only Max-Sharpe,0.0027322310059661728
2021-04-29,Equity-Only Max-Sharpe,0.005095292692101932
2021-04-30,Equity-Only Max-Sharpe,-0.005918199199590865
2021-05-03,Equity-Only Max-Sharpe,0.00432040440742631
2021-05-04,Equity-Only Max-Sharpe,-0.003648110513460151
2021-05-05,Equity-Only Max-Sharpe,0.012910629476381934
2021-05-06,Equity-Only Max-Sharpe,0.012893067972200639
2021-05-07,Equity-Only Max-Sharpe,0.010671499635660602
2021-05-10,Equity-Only Max-Sharpe,-0.0031898417292332733
2021-05-11,Equity-Only Max-Sharpe,-0.003847924164738679
2021-05-12,Equity-Only Max-Sharpe,-0.01923399103230842
2021-05-13,Equity-Only Max-Sharpe,0.014123873024307624
2021-05-14,Equity-Only Max-Sharpe,0.0159760958633744
2021-05-17,Equity-Only Max-Sharpe,0.009307104927822484
2021-05-18,Equity-Only Max-Sharpe,-0.011159838461527195
2021-05-19,Equity-Only Max-Sharpe,-0.00012309733939875906
2021-05-20,Equity-Only Max-Sharpe,0.009625986763729295
2021-05-21,Equity-Only Max-Sharpe,0.0029233366929584323
2021-05-24,Equity-Only Max-Sharpe,0.01068444722936187
2021-05-25,Equity-Only Max-Sharpe,-0.0076985732991781755
2021-05-26,Equity-Only Max-Sharpe,0.005669125873608734
2021-05-27,Equity-Only Max-Sharpe,5.6033389090840205e-05
2021-05-28,Equity-Only Max-Sharpe,0.008872564022652314
2021-06-01,Equity-Only Max-Sharpe,0.00710464103981132
2021-06-02,Equity-Only Max-Sharpe,-0.004816425570399191
2021-06-03,Equity-Only Max-Sharpe,0.0037391580152132185
2021-06-04,Equity-Only Max-Sharpe,0.011189125855697006
2021-06-07,Equity-Only Max-Sharpe,-0.0019138048127713579
2021-06-08,Equity-Only Max-Sharpe,-0.0011529866075651732
2021-06-09,Equity-Only Max-Sharpe,-0.007465530299383289
2021-06-10,Equity-Only Max-Sharpe,-0.0009257001011139037
2021-06-11,Equity-Only Max-Sharpe,-0.0010444521610857784
2021-06-14,Equity-Only Max-Sharpe,-0.005551788509529325
2021-06-15,Equity-Only Max-Sharpe,-0.006878719287760727
2021-06-16,Equity-Only Max-Sharpe,-0.009283667161167151
2021-06-17,Equity-Only Max-Sharpe,-0.013009504925234009
2021-06-18,Equity-Only Max-Sharpe,-0.00994942823915721
2021-06-21,Equity-Only Max-Sharpe,0.015369711014544018
2021-06-22,Equity-Only Max-Sharpe,0.0023866881333387256
2021-06-23,Equity-Only Max-Sharpe,-0.0013634706002075268
2021-06-24,Equity-Only Max-Sharpe,0.009037273917503029
2021-06-25,Equity-Only Max-Sharpe,-0.002114654331746732
2021-06-28,Equity-Only Max-Sharpe,0.004963145464550596
2021-06-29,Equity-Only Max-Sharpe,0.003063772995732817
2021-06-30,Equity-Only Max-Sharpe,0.0034335302222867495
2021-07-01,Equity-Only Max-Sharpe,0.003855541488105233
2021-07-02,Equity-Only Max-Sharpe,0.0044542273734034426
2021-07-06,Equity-Only Max-Sharpe,-0.0008509479344722577
2021-07-07,Equity-Only Max-Sharpe,0.002908129017280508
2021-07-08,Equity-Only Max-Sharpe,-0.011448916087476186
2021-07-09,Equity-Only Max-Sharpe,0.011818148880966314
2021-07-12,Equity-Only Max-Sharpe,0.006646806222500355
2021-07-13,Equity-Only Max-Sharpe,-0.004086195075804823
2021-07-14,Equity-Only Max-Sharpe,-0.001688896157273464
2021-07-15,Equity-Only Max-Sharpe,-0.00514466675446457
2021-07-16,Equity-Only Max-Sharpe,-0.011635912951545046
2021-07-19,Equity-Only Max-Sharpe,-0.009916674663045287
2021-07-20,Equity-Only Max-Sharpe,0.008022109451107066
2021-07-21,Equity-Only Max-Sharpe,0.010377831361758714
2021-07-22,Equity-Only Max-Sharpe,0.002726459380591133
2021-07-23,Equity-Only Max-Sharpe,0.0015500180024381372
2021-07-26,Equity-Only Max-Sharpe,0.0020040167989703547
2021-07-27,Equity-Only Max-Sharpe,-0.006870058573833774
2021-07-28,Equity-Only Max-Sharpe,0.004966980350325631
2021-07-29,Equity-Only Max-Sharpe,0.006950805194584652
2021-07-30,Equity-Only Max-Sharpe,-0.003105647565173749
2021-08-02,Equity-Only Max-Sharpe,-0.0007896147866360715
2021-08-03,Equity-Only Max-Sharpe,0.006308420731792225
2021-08-04,Equity-Only Max-Sharpe,-0.0013524356173132232
2021-08-05,Equity-Only Max-Sharpe,-0.002371260089621832
2021-08-06,Equity-Only Max-Sharpe,-0.0012568472160533965
2021-08-09,Equity-Only Max-Sharpe,0.0012644251397483097
2021-08-10,Equity-Only Max-Sharpe,0.005317379877029852
2021-08-11,Equity-Only Max-Sharpe,0.00899065691854306
2021-08-12,Equity-Only Max-Sharpe,0.005325888813940813
2021-08-13,Equity-Only Max-Sharpe,0.006378543518428804
2021-08-16,Equity-Only Max-Sharpe,-0.0026249449372640495
2021-08-17,Equity-Only Max-Sharpe,-0.0056561694119454525
2021-08-18,Equity-Only Max-Sharpe,-0.014259056889107675
2021-08-19,Equity-Only Max-Sharpe,0.0021517159172131763
2021-08-20,Equity-Only Max-Sharpe,0.00982565184177531
2021-08-23,Equity-Only Max-Sharpe,0.015145079105220196
2021-08-24,Equity-Only Max-Sharpe,0.0002792740787959892
2021-08-25,Equity-Only Max-Sharpe,-0.002316256244691157
2021-08-26,Equity-Only Max-Sharpe,-0.006252271652932452
2021-08-27,Equity-Only Max-Sharpe,0.012367576787962378
2021-08-30,Equity-Only Max-Sharpe,0.0015872823419165463
2021-08-31,Equity-Only Max-Sharpe,-0.002818466347545863
2021-09-01,Equity-Only Max-Sharpe,-0.002650824746072459
2021-09-02,Equity-Only Max-Sharpe,0.0014295434938270141
2021-09-03,Equity-Only Max-Sharpe,0.0006131624065519267
2021-09-07,Equity-Only Max-Sharpe,-0.007219653629704019
2021-09-08,Equity-Only Max-Sharpe,-0.006130868748076171
2021-09-09,Equity-Only Max-Sharpe,-0.007975139721783294
2021-09-10,Equity-Only Max-Sharpe,0.002433831604430031
2021-09-13,Equity-Only Max-Sharpe,-0.0071640272860388505
2021-09-14,Equity-Only Max-Sharpe,-0.008257257738599347
2021-09-15,Equity-Only Max-Sharpe,0.008314365556464913
2021-09-16,Equity-Only Max-Sharpe,-0.0016414809275211199
2021-09-17,Equity-Only Max-Sharpe,-0.015895811531781868
2021-09-20,Equity-Only Max-Sharpe,-0.02283571377516665
2021-09-21,Equity-Only Max-Sharpe,0.00039014399346449743
2021-09-22,Equity-Only Max-Sharpe,0.004230659979422751
2021-09-23,Equity-Only Max-Sharpe,0.011895789119200074
2021-09-24,Equity-Only Max-Sharpe,-0.005056942036096778
2021-09-27,Equity-Only Max-Sharpe,-0.007295599133786162
2021-09-28,Equity-Only Max-Sharpe,-0.019266224875954936
2021-09-29,Equity-Only Max-Sharpe,-0.004698070789305031
2021-09-30,Equity-Only Max-Sharpe,-0.007415262254886809
2021-10-01,Equity-Only Max-Sharpe,0.0005196644008777145
2021-10-04,Equity-Only Max-Sharpe,-0.012462515971956493
2021-10-05,Equity-Only Max-Sharpe,0.010965683046583897
2021-10-06,Equity-Only Max-Sharpe,0.0023812260921161578
2021-10-07,Equity-Only Max-Sharpe,0.007355712771848178
2021-10-08,Equity-Only Max-Sharpe,-0.002516917709046395
2021-10-11,Equity-Only Max-Sharpe,-0.010562356853653716
2021-10-12,Equity-Only Max-Sharpe,0.004363211760728755
2021-10-13,Equity-Only Max-Sharpe,0.009517738523547049
2021-10-14,Equity-Only Max-Sharpe,0.02213345595941628
2021-10-15,Equity-Only Max-Sharpe,0.002057501074951798
2021-10-18,Equity-Only Max-Sharpe,0.0036751263841382133
2021-10-19,Equity-Only Max-Sharpe,0.005373270188631605
2021-10-20,Equity-Only Max-Sharpe,0.007626966068632638
2021-10-21,Equity-Only Max-Sharpe,0.003523872957238438
2021-10-22,Equity-Only Max-Sharpe,0.008076906086931014
2021-10-25,Equity-Only Max-Sharpe,0.007723571118784729
2021-10-26,Equity-Only Max-Sharpe,0.019564537395631715
2021-10-27,Equity-Only Max-Sharpe,-0.0102326268121508
2021-10-28,Equity-Only Max-Sharpe,0.006581616341016347
2021-10-29,Equity-Only Max-Sharpe,0.0032564902154130584
2021-11-01,Equity-Only Max-Sharpe,0.0022227697049311155
2021-11-02,Equity-Only Max-Sharpe,0.007792872814496042
2021-11-03,Equity-Only Max-Sharpe,0.004412730138938159
2021-11-04,Equity-Only Max-Sharpe,0.015808694310843578
2021-11-05,Equity-Only Max-Sharpe,-0.00835268112357285
2021-11-08,Equity-Only Max-Sharpe,0.017212677482151193
2021-11-09,Equity-Only Max-Sharpe,-0.000852409314459566
2021-11-10,Equity-Only Max-Sharpe,-0.010428931636409856
2021-11-11,Equity-Only Max-Sharpe,0.012808002215309328
2021-11-12,Equity-Only Max-Sharpe,0.005145652050436476
2021-11-15,Equity-Only Max-Sharpe,-0.0027634200064693476
2021-11-16,Equity-Only Max-Sharpe,0.006412097769944696
2021-11-17,Equity-Only Max-Sharpe,-0.012559596698539323
2021-11-18,Equity-Only Max-Sharpe,0.009845954196624335
2021-11-19,Equity-Only Max-Sharpe,0.0015959430618910195
2021-11-22,Equity-Only Max-Sharpe,-0.0016799387354912323
2021-11-23,Equity-Only Max-Sharpe,0.003422637587715429
2021-11-24,Equity-Only Max-Sharpe,0.0053406182547059075
2021-11-26,Equity-Only Max-Sharpe,-0.01755463816137086
2021-11-29,Equity-Only Max-Sharpe,0.015731108388642945
2021-11-30,Equity-Only Max-Sharpe,-0.019983709504766314
2021-12-01,Equity-Only Max-Sharpe,-0.013486956100463247
2021-12-02,Equity-Only Max-Sharpe,0.019252471463074614
2021-12-03,Equity-Only Max-Sharpe,-0.002482029832861951
2021-12-06,Equity-Only Max-Sharpe,0.003748029517586324
2021-12-07,Equity-Only Max-Sharpe,0.02158135912931755
2021-12-08,Equity-Only Max-Sharpe,-0.0016355802055746439
2021-12-09,Equity-Only Max-Sharpe,-0.00815357179927698
2021-12-10,Equity-Only Max-Sharpe,0.0032271789691310166
2021-12-13,Equity-Only Max-Sharpe,-0.004546507888065428
2021-12-14,Equity-Only Max-Sharpe,-0.0017573147323036707
2021-12-15,Equity-Only Max-Sharpe,0.019781100866733826
2021-12-16,Equity-Only Max-Sharpe,0.00214132891322492
2021-12-17,Equity-Only Max-Sharpe,-0.011225559282999564
2021-12-20,Equity-Only Max-Sharpe,-0.008945925836524714
2021-12-21,Equity-Only Max-Sharpe,0.013601092751305988
2021-12-22,Equity-Only Max-Sharpe,0.009022979090587782
2021-12-23,Equity-Only Max-Sharpe,0.005751785430852703
2021-12-27,Equity-Only Max-Sharpe,0.021744719563142327
2021-12-28,Equity-Only Max-Sharpe,-0.002849769767432653
2021-12-29,Equity-Only Max-Sharpe,-0.0006734339536070406
2021-12-30,Equity-Only Max-Sharpe,-0.0019433335668475173
2021-12-31,Equity-Only Max-Sharpe,-0.00036365291593042065
2022-01-03,Equity-Only Max-Sharpe,-0.006904179183637456
2022-01-04,Equity-Only Max-Sharpe,-0.004066564567455178
2022-01-05,Equity-Only Max-Sharpe,-0.01161702243131816
2022-01-06,Equity-Only Max-Sharpe,-0.00550354233130995
2022-01-07,Equity-Only Max-Sharpe,-0.010512454611453902
2022-01-10,Equity-Only Max-Sharpe,-0.0026450215937988985
2022-01-11,Equity-Only Max-Sharpe,0.007246637363118988
2022-01-12,Equity-Only Max-Sharpe,0.0021001935342179422
2022-01-13,Equity-Only Max-Sharpe,-0.015084747472467408
2022-01-14,Equity-Only Max-Sharpe,-0.007215965691534052
2022-01-18,Equity-Only Max-Sharpe,-0.014177855965653184
2022-01-19,Equity-Only Max-Sharpe,9.531378141447054e-05
2022-01-20,Equity-Only Max-Sharpe,-0.011338736974310162
2022-01-21,Equity-Only Max-Sharpe,-0.011908521890449698
2022-01-24,Equity-Only Max-Sharpe,-0.0005545628672447595
2022-01-25,Equity-Only Max-Sharpe,-0.011146723574993689
2022-01-26,Equity-Only Max-Sharpe,-0.007583813665268591
2022-01-27,Equity-Only Max-Sharpe,-0.010058347408675741
2022-01-28,Equity-Only Max-Sharpe,0.023458914980076576
2022-01-31,Equity-Only Max-Sharpe,0.019998133237750713
2022-02-01,Equity-Only Max-Sharpe,0.013718535118781888
2022-02-02,Equity-Only Max-Sharpe,0.02016974963733119
2022-02-03,Equity-Only Max-Sharpe,-0.009745549527062847
2022-02-04,Equity-Only Max-Sharpe,-0.004522343882359664
2022-02-07,Equity-Only Max-Sharpe,0.00589326513545854
2022-02-08,Equity-Only Max-Sharpe,0.004507439648701523
2022-02-09,Equity-Only Max-Sharpe,0.01685457985708076
2022-02-10,Equity-Only Max-Sharpe,-0.024549648869763505
2022-02-11,Equity-Only Max-Sharpe,-0.013346076760315878
2022-02-14,Equity-Only Max-Sharpe,-0.0026282102260396867
2022-02-15,Equity-Only Max-Sharpe,0.012727926541983393
2022-02-16,Equity-Only Max-Sharpe,-0.0013451934407881397
2022-02-17,Equity-Only Max-Sharpe,-0.016427773480840794
2022-02-18,Equity-Only Max-Sharpe,-0.007294426010523495
2022-02-22,Equity-Only Max-Sharpe,-0.00520276112450593
2022-02-23,Equity-Only Max-Sharpe,-0.006075216929551453
2022-02-24,Equity-Only Max-Sharpe,0.005397345546093067
2022-02-25,Equity-Only Max-Sharpe,0.027547774252939024
2022-02-28,Equity-Only Max-Sharpe,-0.009462040457218365
2022-03-01,Equity-Only Max-Sharpe,-0.007933799423099831
2022-03-02,Equity-Only Max-Sharpe,0.0188855678636276
2022-03-03,Equity-Only Max-Sharpe,0.003795740521056544
2022-03-04,Equity-Only Max-Sharpe,0.010705442790545486
2022-03-07,Equity-Only Max-Sharpe,-0.013574792307911178
2022-03-08,Equity-Only Max-Sharpe,-0.010898198935363118
2022-03-09,Equity-Only Max-Sharpe,0.018129045113036847
2022-03-10,Equity-Only Max-Sharpe,0.0064826441917935265
2022-03-11,Equity-Only Max-Sharpe,-0.008554471037293098
2022-03-14,Equity-Only Max-Sharpe,-0.010818189803273265
2022-03-15,Equity-Only Max-Sharpe,0.01663758089907988
2022-03-16,Equity-Only Max-Sharpe,0.015544022183163057
2022-03-17,Equity-Only Max-Sharpe,0.015991179554446858
2022-03-18,Equity-Only Max-Sharpe,0.009557114827641237
2022-03-21,Equity-Only Max-Sharpe,0.008152943194330606
2022-03-22,Equity-Only Max-Sharpe,7.243049651984017e-05
2022-03-23,Equity-Only Max-Sharpe,-0.004045106753805495
2022-03-24,Equity-Only Max-Sharpe,0.013915716008831793
2022-03-25,Equity-Only Max-Sharpe,0.006712715293177927
2022-03-28,Equity-Only Max-Sharpe,0.005191639896500944
2022-03-29,Equity-Only Max-Sharpe,0.009545730436696171
2022-03-30,Equity-Only Max-Sharpe,-0.0012364748641161883
2022-03-31,Equity-Only Max-Sharpe,-0.012837424714089801
2022-04-01,Equity-Only Max-Sharpe,0.006559920647679287
2022-04-04,Equity-Only Max-Sharpe,-0.0018060832081860936
2022-04-05,Equity-Only Max-Sharpe,-0.007701220901153532
2022-04-06,Equity-Only Max-Sharpe,0.0064443882981659855
2022-04-07,Equity-Only Max-Sharpe,0.006632044088760096
2022-04-08,Equity-Only Max-Sharpe,0.0006434331517283075
2022-04-11,Equity-Only Max-Sharpe,-0.019483335957912976
2022-04-12,Equity-Only Max-Sharpe,0.0030094791342130025
2022-04-13,Equity-Only Max-Sharpe,0.008246377759661952
2022-04-14,Equity-Only Max-Sharpe,-0.0019147924322891275
2022-04-18,Equity-Only Max-Sharpe,0.003344273922743808
2022-04-19,Equity-Only Max-Sharpe,0.004309788286147196
2022-04-20,Equity-Only Max-Sharpe,0.001915215251222121
2022-04-21,Equity-Only Max-Sharpe,-0.020288159051510095
2022-04-22,Equity-Only Max-Sharpe,-0.027027085353230604
2022-04-25,Equity-Only Max-Sharpe,-0.004167183810419727
2022-04-26,Equity-Only Max-Sharpe,-0.015681063310078253
2022-04-27,Equity-Only Max-Sharpe,0.0030526680055337355
2022-04-28,Equity-Only Max-Sharpe,0.021532381500094733
2022-04-29,Equity-Only Max-Sharpe,-0.045177773318661935
2022-05-02,Equity-Only Max-Sharpe,-0.0015141962289043852
2022-05-03,Equity-Only Max-Sharpe,0.003300737818678124
2022-05-04,Equity-Only Max-Sharpe,0.019938808364348894
2022-05-05,Equity-Only Max-Sharpe,-0.027019950057363094
2022-05-06,Equity-Only Max-Sharpe,-0.007582336640276441
2022-05-09,Equity-Only Max-Sharpe,-0.042186217094149464
2022-05-10,Equity-Only Max-Sharpe,-0.005324728055424314
2022-05-11,Equity-Only Max-Sharpe,-0.008396716124145498
2022-05-12,Equity-Only Max-Sharpe,-0.0053228069776516595
2022-05-13,Equity-Only Max-Sharpe,0.018666173155161617
2022-05-16,Equity-Only Max-Sharpe,-0.001151748692862021
2022-05-17,Equity-Only Max-Sharpe,-0.0003838809920038459
2022-05-18,Equity-Only Max-Sharpe,-0.03714235937749521
2022-05-19,Equity-Only Max-Sharpe,0.0026719697846561883
2022-05-20,Equity-Only Max-Sharpe,-0.0021891766570865303
2022-05-23,Equity-Only Max-Sharpe,0.017107437272350152
2022-05-24,Equity-Only Max-Sharpe,0.0016728496800945598
2022-05-25,Equity-Only Max-Sharpe,0.013667444498283873
2022-05-26,Equity-Only Max-Sharpe,0.0160765107757918
2022-05-27,Equity-Only Max-Sharpe,0.021712583854775192
2022-05-31,Equity-Only Max-Sharpe,-0.014158032459125051
2022-06-01,Equity-Only Max-Sharpe,-0.007784327187638905
2022-06-02,Equity-Only Max-Sharpe,0.01573866823911863
2022-06-03,Equity-Only Max-Sharpe,-0.006610822025909504
2022-06-06,Equity-Only Max-Sharpe,0.0004259873653755222
2022-06-07,Equity-Only Max-Sharpe,0.0119484030653337
2022-06-08,Equity-Only Max-Sharpe,-0.018296108641836062
2022-06-09,Equity-Only Max-Sharpe,-0.02858754885689887
2022-06-10,Equity-Only Max-Sharpe,-0.016805319605580373
2022-06-13,Equity-Only Max-Sharpe,-0.04193825063571681
2022-06-14,Equity-Only Max-Sharpe,-0.0074609790700782865
2022-06-15,Equity-Only Max-Sharpe,0.004219965946160658
2022-06-16,Equity-Only Max-Sharpe,-0.018384872298166363
2022-06-17,Equity-Only Max-Sharpe,-0.006345978687894778
2022-06-21,Equity-Only Max-Sharpe,0.021145143518266997
2022-06-22,Equity-Only Max-Sharpe,-0.004277881537565903
2022-06-23,Equity-Only Max-Sharpe,0.0027794337322129925
2022-06-24,Equity-Only Max-Sharpe,0.023757960476511356
2022-06-27,Equity-Only Max-Sharpe,-0.0024285965488506306
2022-06-28,Equity-Only Max-Sharpe,-0.007009151197127783
2022-06-29,Equity-Only Max-Sharpe,-0.00581007048949374
2022-06-30,Equity-Only Max-Sharpe,-0.007801594986467725
2022-07-01,Equity-Only Max-Sharpe,0.014573137351719341
2022-07-05,Equity-Only Max-Sharpe,-0.007533898187652635
2022-07-06,Equity-Only Max-Sharpe,0.0027338970920657377
2022-07-07,Equity-Only Max-Sharpe,0.01023276104171871
2022-07-08,Equity-Only Max-Sharpe,-0.003984789790093857
2022-07-11,Equity-Only Max-Sharpe,-0.006401958103574895
2022-07-12,Equity-Only Max-Sharpe,-0.010355942279564198
2022-07-13,Equity-Only Max-Sharpe,-0.0005098754782687544
2022-07-14,Equity-Only Max-Sharpe,-0.005265792696202816
2022-07-15,Equity-Only Max-Sharpe,0.01591962402794736
2022-07-18,Equity-Only Max-Sharpe,-0.004121081067333727
2022-07-19,Equity-Only Max-Sharpe,0.019926576021017127
2022-07-20,Equity-Only Max-Sharpe,-0.003196465865503707
2022-07-21,Equity-Only Max-Sharpe,0.002500619133285125
2022-07-22,Equity-Only Max-Sharpe,-0.007128868560700052
2022-07-25,Equity-Only Max-Sharpe,-0.0016427110128082543
2022-07-26,Equity-Only Max-Sharpe,-0.002823136575778311
2022-07-27,Equity-Only Max-Sharpe,0.014920119794047275
2022-07-28,Equity-Only Max-Sharpe,0.013824451101749582
2022-07-29,Equity-Only Max-Sharpe,0.010527914500126846
2022-08-01,Equity-Only Max-Sharpe,-0.0033697417416643175
2022-08-02,Equity-Only Max-Sharpe,-0.005694936080547183
2022-08-03,Equity-Only Max-Sharpe,0.0016689460037414019
2022-08-04,Equity-Only Max-Sharpe,-0.0006236124220127476
2022-08-05,Equity-Only Max-Sharpe,0.002845819053900367
2022-08-08,Equity-Only Max-Sharpe,-0.0024033233893943993
2022-08-09,Equity-Only Max-Sharpe,0.00772614081457977
2022-08-10,Equity-Only Max-Sharpe,0.014188413605019035
2022-08-11,Equity-Only Max-Sharpe,0.003713819031072747
2022-08-12,Equity-Only Max-Sharpe,0.014488350191329203
2022-08-15,Equity-Only Max-Sharpe,0.0012623242470751219
2022-08-16,Equity-Only Max-Sharpe,9.459477548674506e-07
2022-08-17,Equity-Only Max-Sharpe,-0.007858970026483803
2022-08-18,Equity-Only Max-Sharpe,0.009423207786009063
2022-08-19,Equity-Only Max-Sharpe,0.0010556594667342
2022-08-22,Equity-Only Max-Sharpe,-0.017387061616843096
2022-08-23,Equity-Only Max-Sharpe,0.004580512861325794
2022-08-24,Equity-Only Max-Sharpe,0.002555929682937764
2022-08-25,Equity-Only Max-Sharpe,0.0141893991191091
2022-08-26,Equity-Only Max-Sharpe,-0.02839041915955691
2022-08-29,Equity-Only Max-Sharpe,-0.002300564139797087
2022-08-30,Equity-Only Max-Sharpe,-0.016853354720740718
2022-08-31,Equity-Only Max-Sharpe,-0.010329713171870581
2022-09-01,Equity-Only Max-Sharpe,-0.003150105441492761
2022-09-02,Equity-Only Max-Sharpe,-0.0071689347187502885
2022-09-06,Equity-Only Max-Sharpe,0.0028119059306444577
2022-09-07,Equity-Only Max-Sharpe,0.01296836528010814
2022-09-08,Equity-Only Max-Sharpe,0.0026603081429735277
2022-09-09,Equity-Only Max-Sharpe,0.009435474127613329
2022-09-12,Equity-Only Max-Sharpe,0.005371384581682357
2022-09-13,Equity-Only Max-Sharpe,-0.031844072585631954
2022-09-14,Equity-Only Max-Sharpe,-0.003266336261280101
2022-09-15,Equity-Only Max-Sharpe,-0.018863532291241592
2022-09-16,Equity-Only Max-Sharpe,-0.007856317402097749
2022-09-19,Equity-Only Max-Sharpe,0.008393318816581223
2022-09-20,Equity-Only Max-Sharpe,-0.01632100797478655
2022-09-21,Equity-Only Max-Sharpe,-0.016171052588585103
2022-09-22,Equity-Only Max-Sharpe,-0.009156640059800086
2022-09-23,Equity-Only Max-Sharpe,-0.020769933563939094
2022-09-26,Equity-Only Max-Sharpe,-0.016874356322636973
2022-09-27,Equity-Only Max-Sharpe,-0.0002020290056991142
2022-09-28,Equity-Only Max-Sharpe,0.02117630101196386
2022-09-29,Equity-Only Max-Sharpe,-0.01789621906242056
2022-09-30,Equity-Only Max-Sharpe,-0.013200350522564724
2022-10-03,Equity-Only Max-Sharpe,0.03035290032410736
2022-10-04,Equity-Only Max-Sharpe,0.030991699199775416
2022-10-05,Equity-Only Max-Sharpe,-0.004835205857848075
2022-10-06,Equity-Only Max-Sharpe,-0.011172594968916658
2022-10-07,Equity-Only Max-Sharpe,-0.020638538389016393
2022-10-10,Equity-Only Max-Sharpe,-0.005158293456042328
2022-10-11,Equity-Only Max-Sharpe,-0.0036437936021465034
2022-10-12,Equity-Only Max-Sharpe,-0.010862713330803686
2022-10-13,Equity-Only Max-Sharpe,0.02884564042337838
2022-10-14,Equity-Only Max-Sharpe,-0.02434787360228237
2022-10-17,Equity-Only Max-Sharpe,0.020471668982848627
2022-10-18,Equity-Only Max-Sharpe,0.013781744428311152
2022-10-19,Equity-Only Max-Sharpe,-0.007582021585965505
2022-10-20,Equity-Only Max-Sharpe,-0.00447532325264182
2022-10-21,Equity-Only Max-Sharpe,0.02646758986604223
2022-10-24,Equity-Only Max-Sharpe,0.0075590666756250886
2022-10-25,Equity-Only Max-Sharpe,0.01241492260090447
2022-10-26,Equity-Only Max-Sharpe,0.005409892390753877
2022-10-27,Equity-Only Max-Sharpe,-0.0028588337686225053
2022-10-28,Equity-Only Max-Sharpe,0.0189424563508621
2022-10-31,Equity-Only Max-Sharpe,-0.006555290468111125
2022-11-01,Equity-Only Max-Sharpe,0.007494273866369264
2022-11-02,Equity-Only Max-Sharpe,-0.02433731495722337
2022-11-03,Equity-Only Max-Sharpe,0.0030746252005431516
2022-11-04,Equity-Only Max-Sharpe,0.011027239261062657
2022-11-07,Equity-Only Max-Sharpe,0.014114894879275332
2022-11-08,Equity-Only Max-Sharpe,0.010929715949977771
2022-11-09,Equity-Only Max-Sharpe,-0.027028639819901595
2022-11-10,Equity-Only Max-Sharpe,0.03521233243166854
2022-11-11,Equity-Only Max-Sharpe,0.002210838023444981
2022-11-14,Equity-Only Max-Sharpe,0.0018876159043635524
2022-11-15,Equity-Only Max-Sharpe,0.005802433950103606
2022-11-16,Equity-Only Max-Sharpe,-0.011392947737867976
2022-11-17,Equity-Only Max-Sharpe,0.005400884699459617
2022-11-18,Equity-Only Max-Sharpe,0.00417776402750998
2022-11-21,Equity-Only Max-Sharpe,0.005918743547972354
2022-11-22,Equity-Only Max-Sharpe,0.018156218363029247
2022-11-23,Equity-Only Max-Sharpe,-0.008201106127287864
2022-11-25,Equity-Only Max-Sharpe,0.0006333708009698559
2022-11-28,Equity-Only Max-Sharpe,-0.013946913875795133
2022-11-29,Equity-Only Max-Sharpe,0.0031558089835079343
2022-11-30,Equity-Only Max-Sharpe,0.017650774446131987
2022-12-01,Equity-Only Max-Sharpe,-0.0019205574662285352
2022-12-02,Equity-Only Max-Sharpe,0.003625411262514912
2022-12-05,Equity-Only Max-Sharpe,-0.014131920979710916
2022-12-06,Equity-Only Max-Sharpe,-0.012250828252267552
2022-12-07,Equity-Only Max-Sharpe,-0.000987324139672393
2022-12-08,Equity-Only Max-Sharpe,0.002626024154564026
2022-12-09,Equity-Only Max-Sharpe,-0.016305380171766026
2022-12-12,Equity-Only Max-Sharpe,0.011889726725643816
2022-12-13,Equity-Only Max-Sharpe,0.004464004199072531
2022-12-14,Equity-Only Max-Sharpe,-0.0024235078931309547
2022-12-15,Equity-Only Max-Sharpe,-0.023384508076319168
2022-12-16,Equity-Only Max-Sharpe,-0.0066471574217331075
2022-12-19,Equity-Only Max-Sharpe,-0.004092746803183467
2022-12-20,Equity-Only Max-Sharpe,-0.0015458887698283437
2022-12-21,Equity-Only Max-Sharpe,0.015721357067118493
2022-12-22,Equity-Only Max-Sharpe,-0.01036940691028835
2022-12-23,Equity-Only Max-Sharpe,0.006901480433193344
2022-12-27,Equity-Only Max-Sharpe,0.00022917817547229744
2022-12-28,Equity-Only Max-Sharpe,-0.014205057292752468
2022-12-29,Equity-Only Max-Sharpe,0.005658161898910109
2022-12-30,Equity-Only Max-Sharpe,0.0005277301540627245
2023-01-03,Equity-Only Max-Sharpe,-0.0070473393795563374
2023-01-04,Equity-Only Max-Sharpe,0.010210811170443944
2023-01-05,Equity-Only Max-Sharpe,0.006248126924088097
2023-01-06,Equity-Only Max-Sharpe,0.023190313647137632
2023-01-09,Equity-Only Max-Sharpe,-0.011862837231918697
2023-01-10,Equity-Only Max-Sharpe,0.012355723818180567
2023-01-11,Equity-Only Max-Sharpe,0.0021199273552857775
2023-01-12,Equity-Only Max-Sharpe,0.0036238029853066936
2023-01-13,Equity-Only Max-Sharpe,0.004521342533362088
2023-01-17,Equity-Only Max-Sharpe,-0.001705544968586068
2023-01-18,Equity-Only Max-Sharpe,-0.0148340943345491
2023-01-19,Equity-Only Max-Sharpe,-0.0031219761801078256
2023-01-20,Equity-Only Max-Sharpe,0.00786151284054
2023-01-23,Equity-Only Max-Sharpe,2.0120141108532293e-05
2023-01-24,Equity-Only Max-Sharpe,-0.004310986051356917
2023-01-25,Equity-Only Max-Sharpe,-0.004570665112389118
2023-01-26,Equity-Only Max-Sharpe,0.014834832942116995
2023-01-27,Equity-Only Max-Sharpe,-0.006930397628291937
2023-01-30,Equity-Only Max-Sharpe,-0.008948034242886538
2023-01-31,Equity-Only Max-Sharpe,0.011250846702989972
2023-02-01,Equity-Only Max-Sharpe,-0.0018375139987340146
2023-02-02,Equity-Only Max-Sharpe,-0.012491227089260617
2023-02-03,Equity-Only Max-Sharpe,-0.005670065401236846
2023-02-06,Equity-Only Max-Sharpe,-0.004354985260834253
2023-02-07,Equity-Only Max-Sharpe,0.011545403437823426
2023-02-08,Equity-Only Max-Sharpe,-0.0024041001540290033
2023-02-09,Equity-Only Max-Sharpe,-0.003357205500909945
2023-02-10,Equity-Only Max-Sharpe,0.010767035455159963
2023-02-13,Equity-Only Max-Sharpe,0.008503999134350782
2023-02-14,Equity-Only Max-Sharpe,0.007908384050358885
2023-02-15,Equity-Only Max-Sharpe,-0.010319013568057563
2023-02-16,Equity-Only Max-Sharpe,-0.0123460978836875
2023-02-17,Equity-Only Max-Sharpe,-0.0024480246146951078
2023-02-21,Equity-Only Max-Sharpe,-0.010817748556163919
2023-02-22,Equity-Only Max-Sharpe,-0.007683432484302361
2023-02-23,Equity-Only Max-Sharpe,0.015724104853367803
2023-02-24,Equity-Only Max-Sharpe,-0.005352773421288646
2023-02-27,Equity-Only Max-Sharpe,0.0028354178623179634
2023-02-28,Equity-Only Max-Sharpe,-0.005633801364375865
2023-03-01,Equity-Only Max-Sharpe,0.002382098810488022
2023-03-02,Equity-Only Max-Sharpe,0.009781870441394062
2023-03-03,Equity-Only Max-Sharpe,0.012441196699803345
2023-03-06,Equity-Only Max-Sharpe,0.00394784594734277
2023-03-07,Equity-Only Max-Sharpe,-0.013420705187320987
2023-03-08,Equity-Only Max-Sharpe,-3.371836669971461e-05
2023-03-09,Equity-Only Max-Sharpe,-0.019672383462449764
2023-03-10,Equity-Only Max-Sharpe,-0.015448205621872291
2023-03-13,Equity-Only Max-Sharpe,-0.004189804459763585
2023-03-14,Equity-Only Max-Sharpe,0.0164426392716317
2023-03-15,Equity-Only Max-Sharpe,-0.0207556958749512
2023-03-16,Equity-Only Max-Sharpe,0.011690111387526904
2023-03-17,Equity-Only Max-Sharpe,-0.011617330891514892
2023-03-20,Equity-Only Max-Sharpe,0.016840613812436393
2023-03-21,Equity-Only Max-Sharpe,0.01187324238476271
2023-03-22,Equity-Only Max-Sharpe,-0.016608089358762963
2023-03-23,Equity-Only Max-Sharpe,-0.000470981895046969
2023-03-24,Equity-Only Max-Sharpe,0.0020072542455381874
2023-03-27,Equity-Only Max-Sharpe,0.007438709887184378
2023-03-28,Equity-Only Max-Sharpe,0.003342774892303602
2023-03-29,Equity-Only Max-Sharpe,0.009750446567453497
2023-03-30,Equity-Only Max-Sharpe,0.006354281535225545
2023-03-31,Equity-Only Max-Sharpe,0.01166083173847605
2023-04-03,Equity-Only Max-Sharpe,0.01683979144280435
2023-04-04,Equity-Only Max-Sharpe,-0.01484096182615476
2023-04-05,Equity-Only Max-Sharpe,0.00660975438616793
2023-04-06,Equity-Only Max-Sharpe,5.283270764026718e-05
2023-04-10,Equity-Only Max-Sharpe,0.00399030820682154
2023-04-11,Equity-Only Max-Sharpe,0.0014881167823872473
2023-04-12,Equity-Only Max-Sharpe,-0.00298753197167971
2023-04-13,Equity-Only Max-Sharpe,0.0036810760117393392
2023-04-14,Equity-Only Max-Sharpe,-0.004417251209358085
2023-04-17,Equity-Only Max-Sharpe,0.0004315280160513057
2023-04-18,Equity-Only Max-Sharpe,0.0051900486936763135
2023-04-19,Equity-Only Max-Sharpe,-0.002303972523713314
2023-04-20,Equity-Only Max-Sharpe,-0.0003288939970319954
2023-04-21,Equity-Only Max-Sharpe,0.002945526423444457
2023-04-24,Equity-Only Max-Sharpe,0.005860265720475255
2023-04-25,Equity-Only Max-Sharpe,-0.017782641382119182
2023-04-26,Equity-Only Max-Sharpe,-0.011660577161184457
2023-04-27,Equity-Only Max-Sharpe,0.0037737096183428184
2023-04-28,Equity-Only Max-Sharpe,0.0016646402492311485
2023-05-01,Equity-Only Max-Sharpe,0.0028086205326408467
2023-05-02,Equity-Only Max-Sharpe,-0.014753149266432427
2023-05-03,Equity-Only Max-Sharpe,-0.010061988997919036
2023-05-04,Equity-Only Max-Sharpe,-0.007371205910726446
2023-05-05,Equity-Only Max-Sharpe,0.01684103305079951
2023-05-08,Equity-Only Max-Sharpe,-0.0016210256563478401
2023-05-09,Equity-Only Max-Sharpe,-0.005132199457173499
2023-05-10,Equity-Only Max-Sharpe,-0.004473419674889263
2023-05-11,Equity-Only Max-Sharpe,-0.002375864604943723
2023-05-12,Equity-Only Max-Sharpe,0.000552927714742633
2023-05-15,Equity-Only Max-Sharpe,0.0018313291126624159
2023-05-16,Equity-Only Max-Sharpe,-0.012310648871661672
2023-05-17,Equity-Only Max-Sharpe,0.005880890441256335
2023-05-18,Equity-Only Max-Sharpe,0.001972055425413781
2023-05-19,Equity-Only Max-Sharpe,0.0015308568429838894
2023-05-22,Equity-Only Max-Sharpe,-0.001268971720405905
2023-05-23,Equity-Only Max-Sharpe,-0.004558586957350534
2023-05-24,Equity-Only Max-Sharpe,-0.0068697015317005705
2023-05-25,Equity-Only Max-Sharpe,0.014413336046333795
2023-05-26,Equity-Only Max-Sharpe,0.0014789032862465622
2023-05-30,Equity-Only Max-Sharpe,-0.0031338483153636795
2023-05-31,Equity-Only Max-Sharpe,-0.005529873562299593
2023-06-01,Equity-Only Max-Sharpe,0.005824448189673727
2023-06-02,Equity-Only Max-Sharpe,0.01148170876215902
2023-06-05,Equity-Only Max-Sharpe,-0.0003692224995103634
2023-06-06,Equity-Only Max-Sharpe,-0.007612658395863838
2023-06-07,Equity-Only Max-Sharpe,0.0032822812618292325
2023-06-08,Equity-Only Max-Sharpe,0.01182911383572031
2023-06-09,Equity-Only Max-Sharpe,0.0002596119961373589
2023-06-12,Equity-Only Max-Sharpe,0.001727767128555395
2023-06-13,Equity-Only Max-Sharpe,0.008246253002431
2023-06-14,Equity-Only Max-Sharpe,-0.0010167271381514012
2023-06-15,Equity-Only Max-Sharpe,0.006829386087710004
2023-06-16,Equity-Only Max-Sharpe,-0.00023303294572385425
2023-06-20,Equity-Only Max-Sharpe,-0.0058058054416605135
2023-06-21,Equity-Only Max-Sharpe,0.004307345211203313
2023-06-22,Equity-Only Max-Sharpe,0.0025874460664133394
2023-06-23,Equity-Only Max-Sharpe,-0.006477679187771132
2023-06-26,Equity-Only Max-Sharpe,0.0015133082445371502
2023-06-27,Equity-Only Max-Sharpe,0.004835541770351655
2023-06-28,Equity-Only Max-Sharpe,-0.0024640403904883624
2023-06-29,Equity-Only Max-Sharpe,0.0036088790309206577
2023-06-30,Equity-Only Max-Sharpe,0.01397933403417433
2023-07-03,Equity-Only Max-Sharpe,0.0029663426764754463
2023-07-05,Equity-Only Max-Sharpe,-0.0009171757465491959
2023-07-06,Equity-Only Max-Sharpe,-0.010570907909663946
2023-07-07,Equity-Only Max-Sharpe,-0.00418737953534618
2023-07-10,Equity-Only Max-Sharpe,0.00307485513286351
2023-07-11,Equity-Only Max-Sharpe,0.011837763377691015
2023-07-12,Equity-Only Max-Sharpe,0.006822797609428167
2023-07-13,Equity-Only Max-Sharpe,0.003778611273486515
2023-07-14,Equity-Only Max-Sharpe,-0.004035074857782877
2023-07-17,Equity-Only Max-Sharpe,-0.0025801490466874203
2023-07-18,Equity-Only Max-Sharpe,0.006626942309516886
2023-07-19,Equity-Only Max-Sharpe,-0.0014685721807618474
2023-07-20,Equity-Only Max-Sharpe,0.007778240267842566
2023-07-21,Equity-Only Max-Sharpe,0.004562187541813992
2023-07-24,Equity-Only Max-Sharpe,0.004240541354732126
2023-07-25,Equity-Only Max-Sharpe,0.005975815948459953
2023-07-26,Equity-Only Max-Sharpe,-0.003780229913803555
2023-07-27,Equity-Only Max-Sharpe,-0.0018082858509344529
2023-07-28,Equity-Only Max-Sharpe,0.003849322918935848
2023-07-31,Equity-Only Max-Sharpe,0.0008788404065526449
2023-08-01,Equity-Only Max-Sharpe,-0.006147912692158301
2023-08-02,Equity-Only Max-Sharpe,-0.012939051848466238
2023-08-03,Equity-Only Max-Sharpe,0.000549829359176746
2023-08-04,Equity-Only Max-Sharpe,-0.005146830795033448
2023-08-07,Equity-Only Max-Sharpe,0.013410313042296031
2023-08-08,Equity-Only Max-Sharpe,-0.0016669373405202794
2023-08-09,Equity-Only Max-Sharpe,-0.001755103168277611
2023-08-10,Equity-Only Max-Sharpe,-0.0030525510409555746
2023-08-11,Equity-Only Max-Sharpe,0.004463909163128019
2023-08-14,Equity-Only Max-Sharpe,0.009555939311748
2023-08-15,Equity-Only Max-Sharpe,-0.008523322910161382
2023-08-16,Equity-Only Max-Sharpe,-0.006102612947371272
2023-08-17,Equity-Only Max-Sharpe,-0.00603317744311755
2023-08-18,Equity-Only Max-Sharpe,0.0030603301020165766
2023-08-21,Equity-Only Max-Sharpe,0.007078449243229831
2023-08-22,Equity-Only Max-Sharpe,-0.008075468052758748
2023-08-23,Equity-Only Max-Sharpe,0.0064867309137240136
2023-08-24,Equity-Only Max-Sharpe,-0.009288554197745727
2023-08-25,Equity-Only Max-Sharpe,0.002731817550541512
2023-08-28,Equity-Only Max-Sharpe,0.00589607439751956
2023-08-29,Equity-Only Max-Sharpe,0.01328043280406144
2023-08-30,Equity-Only Max-Sharpe,0.002869588913220501
2023-08-31,Equity-Only Max-Sharpe,-0.0035240728269639995
2023-09-01,Equity-Only Max-Sharpe,0.004885917194823132
2023-09-05,Equity-Only Max-Sharpe,-0.006968567069316558
2023-09-06,Equity-Only Max-Sharpe,-0.008394033510154083
2023-09-07,Equity-Only Max-Sharpe,0.005599487961719763
2023-09-08,Equity-Only Max-Sharpe,0.0024698869211004894
2023-09-11,Equity-Only Max-Sharpe,-0.0028978585819612653
2023-09-12,Equity-Only Max-Sharpe,0.006671899739045325
2023-09-13,Equity-Only Max-Sharpe,0.0014784680691949856
2023-09-14,Equity-Only Max-Sharpe,0.014137474452351376
2023-09-15,Equity-Only Max-Sharpe,-0.016243728396454472
2023-09-18,Equity-Only Max-Sharpe,0.00026795566916873134
2023-09-19,Equity-Only Max-Sharpe,0.0001871718894370304
2023-09-20,Equity-Only Max-Sharpe,-0.0073933312070718245
2023-09-21,Equity-Only Max-Sharpe,-0.016507674584515478
2023-09-22,Equity-Only Max-Sharpe,0.0011187931347885107
2023-09-25,Equity-Only Max-Sharpe,0.006184740540111302
2023-09-26,Equity-Only Max-Sharpe,-0.007179704328265653
2023-09-27,Equity-Only Max-Sharpe,0.00681411227979046
2023-09-28,Equity-Only Max-Sharpe,0.002202613331826495
2023-09-29,Equity-Only Max-Sharpe,-0.00953121945282891
2023-10-02,Equity-Only Max-Sharpe,-0.009483320326668725
2023-10-03,Equity-Only Max-Sharpe,-0.005339380893824866
2023-10-04,Equity-Only Max-Sharpe,-0.0004722170751271862
2023-10-05,Equity-Only Max-Sharpe,-0.0017733345204318997
2023-10-06,Equity-Only Max-Sharpe,0.008061620993147528
2023-10-09,Equity-Only Max-Sharpe,0.011746595455181029
2023-10-10,Equity-Only Max-Sharpe,0.0029058204262441606
2023-10-11,Equity-Only Max-Sharpe,0.003716363368722214
2023-10-12,Equity-Only Max-Sharpe,-0.006335344167880361
2023-10-13,Equity-Only Max-Sharpe,0.0037464136216126148
2023-10-16,Equity-Only Max-Sharpe,0.008668152578340419
2023-10-17,Equity-Only Max-Sharpe,-0.0028537295045989964
2023-10-18,Equity-Only Max-Sharpe,-0.010206776949393152
2023-10-19,Equity-Only Max-Sharpe,-0.009227905422466931
2023-10-20,Equity-Only Max-Sharpe,-0.008469972365939313
2023-10-23,Equity-Only Max-Sharpe,-0.002794729748960954
2023-10-24,Equity-Only Max-Sharpe,0.010977366342694155
2023-10-25,Equity-Only Max-Sharpe,-0.006279618027744611
2023-10-26,Equity-Only Max-Sharpe,0.000334036275639403
2023-10-27,Equity-Only Max-Sharpe,-0.015231815864009336
2023-10-30,Equity-Only Max-Sharpe,0.0070668940837365695
2023-10-31,Equity-Only Max-Sharpe,-0.0012150469108333738
2023-11-01,Equity-Only Max-Sharpe,0.00855806813824763
2023-11-02,Equity-Only Max-Sharpe,0.018547207023557423
2023-11-03,Equity-Only Max-Sharpe,0.0020769092935795713
2023-11-06,Equity-Only Max-Sharpe,-0.002387554258940502
2023-11-07,Equity-Only Max-Sharpe,-0.006577568986457392
2023-11-08,Equity-Only Max-Sharpe,-0.0007504609607809406
2023-11-09,Equity-Only Max-Sharpe,-0.010095863622498761
2023-11-10,Equity-Only Max-Sharpe,0.00887708214898348
2023-11-13,Equity-Only Max-Sharpe,0.0019213730260557805
2023-11-14,Equity-Only Max-Sharpe,0.00547676099494015
2023-11-15,Equity-Only Max-Sharpe,-0.0018954164742894864
2023-11-16,Equity-Only Max-Sharpe,-0.009644326195897468
2023-11-17,Equity-Only Max-Sharpe,0.005574550104506103
2023-11-20,Equity-Only Max-Sharpe,0.005010039619479987
2023-11-21,Equity-Only Max-Sharpe,-0.0023322713247192904
2023-11-22,Equity-Only Max-Sharpe,-0.003941087850332844
2023-11-24,Equity-Only Max-Sharpe,-0.0005390885099408669
2023-11-27,Equity-Only Max-Sharpe,0.002898582262365808
2023-11-28,Equity-Only Max-Sharpe,-0.001714123382541853
2023-11-29,Equity-Only Max-Sharpe,0.0025573838640757652
2023-11-30,Equity-Only Max-Sharpe,0.007576778814915778
2023-12-01,Equity-Only Max-Sharpe,0.003251280181725564
2023-12-04,Equity-Only Max-Sharpe,-0.004241255112422747
2023-12-05,Equity-Only Max-Sharpe,0.001479927759886699
2023-12-06,Equity-Only Max-Sharpe,-0.0057676226806802604
2023-12-07,Equity-Only Max-Sharpe,0.0032515012384155425
2023-12-08,Equity-Only Max-Sharpe,0.0023953968654527097
2023-12-11,Equity-Only Max-Sharpe,0.006145070172253767
2023-12-12,Equity-Only Max-Sharpe,0.0002773478776022804
2023-12-13,Equity-Only Max-Sharpe,0.015501191651212522
2023-12-14,Equity-Only Max-Sharpe,0.0033824562485985964
2023-12-15,Equity-Only Max-Sharpe,-0.0012993830896592061
2023-12-18,Equity-Only Max-Sharpe,0.007307626189198607
2023-12-19,Equity-Only Max-Sharpe,0.005617870434197642
2023-12-20,Equity-Only Max-Sharpe,-0.012523559424563412
2023-12-21,Equity-Only Max-Sharpe,0.006477009071182677
2023-12-22,Equity-Only Max-Sharpe,0.006875005035421513
2023-12-26,Equity-Only Max-Sharpe,0.004224833777961621
2023-12-27,Equity-Only Max-Sharpe,0.0018104301738136356
2023-12-28,Equity-Only Max-Sharpe,-0.0015633831531867534
2023-12-29,Equity-Only Max-Sharpe,-0.000488630553167534
2021-01-04,Equity-Only Min-Variance,-0.003932169659299407
2021-01-05,Equity-Only Min-Variance,0.0015696458000739929
2021-01-06,Equity-Only Min-Variance,0.004324159728100118
2021-01-07,Equity-Only Min-Variance,0.008240799858325177
2021-01-08,Equity-Only Min-Variance,-0.0007825229175189648
2021-01-11,Equity-Only Min-Variance,-0.001232949280744045
2021-01-12,Equity-Only Min-Variance,-0.004565271239010879
2021-01-13,Equity-Only Min-Variance,-0.0023823576621240686
2021-01-14,Equity-Only Min-Variance,0.0026966971770539623
2021-01-15,Equity-Only Min-Variance,-0.00026594990220329875
2021-01-19,Equity-Only Min-Variance,0.008155140707556758
2021-01-20,Equity-Only Min-Variance,0.014524815040006831
2021-01-21,Equity-Only Min-Variance,-0.008380542460313523
2021-01-22,Equity-Only Min-Variance,-0.0014762583601333299
2021-01-25,Equity-Only Min-Variance,0.003475302711555952
2021-01-26,Equity-Only Min-Variance,-0.0016959774902374186
2021-01-27,Equity-Only Min-Variance,-0.017332108509323256
2021-01-28,Equity-Only Min-Variance,0.0015853104954886453
2021-01-29,Equity-Only Min-Variance,-0.00818006633621936
2021-02-01,Equity-Only Min-Variance,0.00361209475864451
2021-02-02,Equity-Only Min-Variance,0.007470490679935257
2021-02-03,Equity-Only Min-Variance,-0.006164973987364053
2021-02-04,Equity-Only Min-Variance,0.0016562575490043762
2021-02-05,Equity-Only Min-Variance,0.012859419818283525
2021-02-08,Equity-Only Min-Variance,0.002378833904139456
2021-02-09,Equity-Only Min-Variance,-0.002431405893091501
2021-02-10,Equity-Only Min-Variance,-0.004968301080033205
2021-02-11,Equity-Only Min-Variance,-0.0035637641415768874
2021-02-12,Equity-Only Min-Variance,0.00336850403931964
2021-02-16,Equity-Only Min-Variance,-0.00981068824642171
2021-02-17,Equity-Only Min-Variance,0.007621542749639896
2021-02-18,Equity-Only Min-Variance,-0.0019344019448302022
2021-02-19,Equity-Only Min-Variance,-0.009593296715172
2021-02-22,Equity-Only Min-Variance,-0.0015162648171276488
2021-02-23,Equity-Only Min-Variance,-0.003998051106670255
2021-02-24,Equity-Only Min-Variance,-0.0005993603506950027
2021-02-25,Equity-Only Min-Variance,-0.008908043182082518
2021-02-26,Equity-Only Min-Variance,-0.019088019890334117
2021-03-01,Equity-Only Min-Variance,0.009540273060118686
2021-03-02,Equity-Only Min-Variance,0.005160794193103973
2021-03-03,Equity-Only Min-Variance,-0.009764422165975669
2021-03-04,Equity-Only Min-Variance,-0.004199420365513016
2021-03-05,Equity-Only Min-Variance,0.015013312754719815
2021-03-08,Equity-Only Min-Variance,-0.0008294329717929362
2021-03-09,Equity-Only Min-Variance,0.005053066682025419
2021-03-10,Equity-Only Min-Variance,0.0072165815026342854
2021-03-11,Equity-Only Min-Variance,-0.0009389740123972696
2021-03-12,Equity-Only Min-Variance,0.004835622195327693
2021-03-15,Equity-Only Min-Variance,0.014354410977450775
2021-03-16,Equity-Only Min-Variance,0.005820907882569712
2021-03-17,Equity-Only Min-Variance,-0.0066320774459316546
2021-03-18,Equity-Only Min-Variance,-0.0051422156124435485
2021-03-19,Equity-Only Min-Variance,-0.0028068978893660986
2021-03-22,Equity-Only Min-Variance,0.008526562917956067
2021-03-23,Equity-Only Min-Variance,0.0004412826525424375
2021-03-24,Equity-Only Min-Variance,-0.005231042488415628
2021-03-25,Equity-Only Min-Variance,0.0010306518551069636
2021-03-26,Equity-Only Min-Variance,0.01616033339082072
2021-03-29,Equity-Only Min-Variance,0.010777492267635786
2021-03-30,Equity-Only Min-Variance,-0.008155881571041709
2021-03-31,Equity-Only Min-Variance,-0.0010134739587109626
2021-04-01,Equity-Only Min-Variance,0.010788949791565274
2021-04-05,Equity-Only Min-Variance,0.008624985223986562
2021-04-06,Equity-Only Min-Variance,-0.0001320900815488609
2021-04-07,Equity-Only Min-Variance,-0.001549753411068619
2021-04-08,Equity-Only Min-Variance,-0.0018337260107299368
2021-04-09,Equity-Only Min-Variance,0.003788077068961508
2021-04-12,Equity-Only Min-Variance,0.00013339304263090108
2021-04-13,Equity-Only Min-Variance,0.0034220203303815654
2021-04-14,Equity-Only Min-Variance,-0.0022003854787271387
2021-04-15,Equity-Only Min-Variance,0.009476670073175944
2021-04-16,Equity-Only Min-Variance,0.003974165647929053
2021-04-19,Equity-Only Min-Variance,-0.0011755444104852425
2021-04-20,Equity-Only Min-Variance,0.006343359646738651
2021-04-21,Equity-Only Min-Variance,0.005442388277487383
2021-04-22,Equity-Only Min-Variance,-0.0014908419250207602
2021-04-23,Equity-Only Min-Variance,0.002008411276478051
2021-04-26,Equity-Only Min-Variance,-0.005313257829447037
2021-04-27,Equity-Only Min-Variance,-0.005444269408916482
2021-04-28,Equity-Only Min-Variance,0.000231888319870839
2021-04-29,Equity-Only Min-Variance,0.0018459391141236001
2021-04-30,Equity-Only Min-Variance,-0.0008244294142643685
2021-05-03,Equity-Only Min-Variance,0.010326605479757917
2021-05-04,Equity-Only Min-Variance,-0.003329569089038836
2021-05-05,Equity-Only Min-Variance,0.004377745085784959
2021-05-06,Equity-Only Min-Variance,0.007514669358186376
2021-05-07,Equity-Only Min-Variance,0.002228238868201033
2021-05-10,Equity-Only Min-Variance,0.004843556464913471
2021-05-11,Equity-Only Min-Variance,-0.008410945866975602
2021-05-12,Equity-Only Min-Variance,-0.01173843517882473
2021-05-13,Equity-Only Min-Variance,0.012028893177777326
2021-05-14,Equity-Only Min-Variance,0.0032957044864528606
2021-05-17,Equity-Only Min-Variance,0.0022427953078659225
2021-05-18,Equity-Only Min-Variance,-0.005456692043444786
2021-05-19,Equity-Only Min-Variance,0.002110566465758657
2021-05-20,Equity-Only Min-Variance,0.011084473729387546
2021-05-21,Equity-Only Min-Variance,-0.0031277914860940404
2021-05-24,Equity-Only Min-Variance,1.3624666240756356e-05
2021-05-25,Equity-Only Min-Variance,-0.006019607096313097
2021-05-26,Equity-Only Min-Variance,0.0010584094796512328
2021-05-27,Equity-Only Min-Variance,-0.003288231989560651
2021-05-28,Equity-Only Min-Variance,0.001451327296170588
2021-06-01,Equity-Only Min-Variance,-0.0036265005496597456
2021-06-02,Equity-Only Min-Variance,-0.0009949028564995703
2021-06-03,Equity-Only Min-Variance,0.002591219930340986
2021-06-04,Equity-Only Min-Variance,0.008094287888537362
2021-06-07,Equity-Only Min-Variance,-0.002929816663202283
2021-06-08,Equity-Only Min-Variance,-0.0050029554853032385
2021-06-09,Equity-Only Min-Variance,0.00466699700187606
2021-06-10,Equity-Only Min-Variance,0.008507288067855502
2021-06-11,Equity-Only Min-Variance,0.00039726195383437204
2021-06-14,Equity-Only Min-Variance,-0.0001237653677325385
2021-06-15,Equity-Only Min-Variance,-0.005904151822088063
2021-06-16,Equity-Only Min-Variance,-0.010532304599547456
2021-06-17,Equity-Only Min-Variance,-0.004579249345583315
2021-06-18,Equity-Only Min-Variance,-0.009439753212270618
2021-06-21,Equity-Only Min-Variance,0.010829598193877459
2021-06-22,Equity-Only Min-Variance,-0.0014108592883493643
2021-06-23,Equity-Only Min-Variance,-0.0070186096605784985
2021-06-24,Equity-Only Min-Variance,0.005200898415800591
2021-06-25,Equity-Only Min-Variance,0.00576619027548355
2021-06-28,Equity-Only Min-Variance,0.003767993974591592
2021-06-29,Equity-Only Min-Variance,-0.001839818002837648
2021-06-30,Equity-Only Min-Variance,0.00662339761892608
2021-07-01,Equity-Only Min-Variance,0.00205292807899778
2021-07-02,Equity-Only Min-Variance,0.00450196332163043
2021-07-06,Equity-Only Min-Variance,-0.0036290884261241533
2021-07-07,Equity-Only Min-Variance,0.002705211997252566
2021-07-08,Equity-Only Min-Variance,-0.006981349222562754
2021-07-09,Equity-Only Min-Variance,0.007205701564699825
2021-07-12,Equity-Only Min-Variance,0.0015768391974098747
2021-07-13,Equity-Only Min-Variance,-0.00010357878484795204
2021-07-14,Equity-Only Min-Variance,0.0035727944652410555
2021-07-15,Equity-Only Min-Variance,0.0009242413952611145
2021-07-16,Equity-Only Min-Variance,-0.0017695680516020974
2021-07-19,Equity-Only Min-Variance,-0.01298509975481203
2021-07-20,Equity-Only Min-Variance,0.005303820121359751
2021-07-21,Equity-Only Min-Variance,-0.0019960099948714903
2021-07-22,Equity-Only Min-Variance,0.0019044280499212105
2021-07-23,Equity-Only Min-Variance,0.009229509782115735
2021-07-26,Equity-Only Min-Variance,0.0014519636011674395
2021-07-27,Equity-Only Min-Variance,-0.0028068442772105806
2021-07-28,Equity-Only Min-Variance,0.0022246578669395988
2021-07-29,Equity-Only Min-Variance,-0.0010001011791733801
2021-07-30,Equity-Only Min-Variance,-0.004455490785694555
2021-08-02,Equity-Only Min-Variance,-0.0026358795124097425
2021-08-03,Equity-Only Min-Variance,-0.0006582303491687235
2021-08-04,Equity-Only Min-Variance,-0.009449412084369588
2021-08-05,Equity-Only Min-Variance,0.0014209368163514507
2021-08-06,Equity-Only Min-Variance,-0.003223991504139258
2021-08-09,Equity-Only Min-Variance,0.0002401260654113454
2021-08-10,Equity-Only Min-Variance,0.00569988821230671
2021-08-11,Equity-Only Min-Variance,0.004913288839285511
2021-08-12,Equity-Only Min-Variance,0.004131953392873129
2021-08-13,Equity-Only Min-Variance,0.003304977066947664
2021-08-16,Equity-Only Min-Variance,0.008248034229961437
2021-08-17,Equity-Only Min-Variance,0.0043619445805860605
2021-08-18,Equity-Only Min-Variance,-0.012200963177006717
2021-08-19,Equity-Only Min-Variance,0.0012734079482852566
2021-08-20,Equity-Only Min-Variance,0.003278853184668841
2021-08-23,Equity-Only Min-Variance,0.0017853247180434375
2021-08-24,Equity-Only Min-Variance,-0.004109372023207322
2021-08-25,Equity-Only Min-Variance,-0.003763908835979363
2021-08-26,Equity-Only Min-Variance,-0.00472261087890991
2021-08-27,Equity-Only Min-Variance,0.0019067939885683994
2021-08-30,Equity-Only Min-Variance,0.004229359086815425
2021-08-31,Equity-Only Min-Variance,0.004964373255860705
2021-09-01,Equity-Only Min-Variance,-0.005646608473395706
2021-09-02,Equity-Only Min-Variance,0.0051980849826602955
2021-09-03,Equity-Only Min-Variance,-0.0004208287872604819
2021-09-07,Equity-Only Min-Variance,-0.015455577290321005
2021-09-08,Equity-Only Min-Variance,0.004789449377328151
2021-09-09,Equity-Only Min-Variance,-0.012935626293599052
2021-09-10,Equity-Only Min-Variance,-0.0029744285628912344
2021-09-13,Equity-Only Min-Variance,-0.00024281848530687336
2021-09-14,Equity-Only Min-Variance,-0.005307041515864331
2021-09-15,Equity-Only Min-Variance,0.0008297306166813935
2021-09-16,Equity-Only Min-Variance,-0.006398005484125323
2021-09-17,Equity-Only Min-Variance,-0.007893413919163237
2021-09-20,Equity-Only Min-Variance,-0.010552984869415308
2021-09-21,Equity-Only Min-Variance,-0.004789016375071423
2021-09-22,Equity-Only Min-Variance,-0.0014081433709633058
2021-09-23,Equity-Only Min-Variance,0.00460129269906731
2021-09-24,Equity-Only Min-Variance,-2.6137201923462946e-05
2021-09-27,Equity-Only Min-Variance,-0.0012567530500122571
2021-09-28,Equity-Only Min-Variance,-0.0020300363979407843
2021-09-29,Equity-Only Min-Variance,0.010434239441565794
2021-09-30,Equity-Only Min-Variance,-0.006325920994495008
2021-10-01,Equity-Only Min-Variance,0.010718878943813941
2021-10-04,Equity-Only Min-Variance,-0.0003979604371903973
2021-10-05,Equity-Only Min-Variance,0.0012780093677739388
2021-10-06,Equity-Only Min-Variance,-0.0014704048138530104
2021-10-07,Equity-Only Min-Variance,0.010897611189085724
2021-10-08,Equity-Only Min-Variance,-0.0008424206673499136
2021-10-11,Equity-Only Min-Variance,-0.006892112627151688
2021-10-12,Equity-Only Min-Variance,-0.0025234466827967752
2021-10-13,Equity-Only Min-Variance,0.003382997537811059
2021-10-14,Equity-Only Min-Variance,0.010181196227397354
2021-10-15,Equity-Only Min-Variance,-0.0022082052696282355
2021-10-18,Equity-Only Min-Variance,-0.006418410410804291
2021-10-19,Equity-Only Min-Variance,0.010293673475066932
2021-10-20,Equity-Only Min-Variance,0.009529387104229667
2021-10-21,Equity-Only Min-Variance,0.0045875282109895735
2021-10-22,Equity-Only Min-Variance,0.003054222287537739
2021-10-25,Equity-Only Min-Variance,0.0048993205639704706
2021-10-26,Equity-Only Min-Variance,0.0011961347145468182
2021-10-27,Equity-Only Min-Variance,-0.009484293194345848
2021-10-28,Equity-Only Min-Variance,0.01141204872638538
2021-10-29,Equity-Only Min-Variance,-0.0007097475809189346
2021-11-01,Equity-Only Min-Variance,0.003636584543752534
2021-11-02,Equity-Only Min-Variance,0.0033939769881327084
2021-11-03,Equity-Only Min-Variance,0.003381870496876352
2021-11-04,Equity-Only Min-Variance,0.002362855253317542
2021-11-05,Equity-Only Min-Variance,-0.006526799005124119
2021-11-08,Equity-Only Min-Variance,-0.005824665626617737
2021-11-09,Equity-Only Min-Variance,0.0026320178852404057
2021-11-10,Equity-Only Min-Variance,0.004540975494738477
2021-11-11,Equity-Only Min-Variance,0.002188036421659571
2021-11-12,Equity-Only Min-Variance,0.001321262267283223
2021-11-15,Equity-Only Min-Variance,-0.0053432640530294
2021-11-16,Equity-Only Min-Variance,-0.0060007713799044935
2021-11-17,Equity-Only Min-Variance,-0.0016726527000570188
2021-11-18,Equity-Only Min-Variance,-0.0034411786014037367
2021-11-19,Equity-Only Min-Variance,-0.007638705511490926
2021-11-22,Equity-Only Min-Variance,-0.0003538681161807033
2021-11-23,Equity-Only Min-Variance,0.006007101273602917
2021-11-24,Equity-Only Min-Variance,-0.0037156289868725836
2021-11-26,Equity-Only Min-Variance,-0.011607305177677859
2021-11-29,Equity-Only Min-Variance,-0.0012761842762836922
2021-11-30,Equity-Only Min-Variance,-0.020157106799879376
2021-12-01,Equity-Only Min-Variance,-0.013003721651979341
2021-12-02,Equity-Only Min-Variance,0.01186752230385575
2021-12-03,Equity-Only Min-Variance,0.010946514221660111
2021-12-06,Equity-Only Min-Variance,0.011374617050401485
2021-12-07,Equity-Only Min-Variance,0.0024722000093104464
2021-12-08,Equity-Only Min-Variance,0.0023674803313424257
2021-12-09,Equity-Only Min-Variance,-3.867370189039555e-05
2021-12-10,Equity-Only Min-Variance,0.007588600782194508
2021-12-13,Equity-Only Min-Variance,0.008280008255499125
2021-12-14,Equity-Only Min-Variance,-0.0006315752349098685
2021-12-15,Equity-Only Min-Variance,0.009747880693662805
2021-12-16,Equity-Only Min-Variance,0.013482035339901069
2021-12-17,Equity-Only Min-Variance,-0.009787056710842415
2021-12-20,Equity-Only Min-Variance,0.0017872586700751407
2021-12-21,Equity-Only Min-Variance,0.0022351574762889182
2021-12-22,Equity-Only Min-Variance,0.005765489846889129
2021-12-23,Equity-Only Min-Variance,0.0028399407575505943
2021-12-27,Equity-Only Min-Variance,0.008908189142491446
2021-12-28,Equity-Only Min-Variance,0.004585230001741062
2021-12-29,Equity-Only Min-Variance,0.00366016420550008
2021-12-30,Equity-Only Min-Variance,0.002190548804017449
2021-12-31,Equity-Only Min-Variance,-0.0013746884627613238
2022-01-03,Equity-Only Min-Variance,-0.00211037978317036
2022-01-04,Equity-Only Min-Variance,-0.0012569131530290015
2022-01-05,Equity-Only Min-Variance,-0.003050964089524849
2022-01-06,Equity-Only Min-Variance,-0.00728954633167503
2022-01-07,Equity-Only Min-Variance,0.001965018330153453
2022-01-10,Equity-Only Min-Variance,-0.004561328325669047
2022-01-11,Equity-Only Min-Variance,0.004870059367558067
2022-01-12,Equity-Only Min-Variance,0.004907718510961643
2022-01-13,Equity-Only Min-Variance,-0.004178036101646887
2022-01-14,Equity-Only Min-Variance,-0.0033094928280878047
2022-01-18,Equity-Only Min-Variance,-0.003678309926328561
2022-01-19,Equity-Only Min-Variance,0.004137980608205233
2022-01-20,Equity-Only Min-Variance,-0.011956815946520129
2022-01-21,Equity-Only Min-Variance,-0.006132816333885707
2022-01-24,Equity-Only Min-Variance,-0.0019886896825254802
2022-01-25,Equity-Only Min-Variance,-0.005793597106010491
2022-01-26,Equity-Only Min-Variance,-0.014055126444674534
2022-01-27,Equity-Only Min-Variance,0.0003861075599021547
2022-01-28,Equity-Only Min-Variance,0.01343411071250846
2022-01-31,Equity-Only Min-Variance,0.009479644676411283
2022-02-01,Equity-Only Min-Variance,-0.0032793978322735854
2022-02-02,Equity-Only Min-Variance,0.009517617488113406
2022-02-03,Equity-Only Min-Variance,-0.006976059412823608
2022-02-04,Equity-Only Min-Variance,-0.007345967913464128
2022-02-07,Equity-Only Min-Variance,0.0018962373455187333
2022-02-08,Equity-Only Min-Variance,-0.001093563729349339
2022-02-09,Equity-Only Min-Variance,0.004103356310104384
2022-02-10,Equity-Only Min-Variance,-0.016349346731004764
2022-02-11,Equity-Only Min-Variance,-0.002097010586461381
2022-02-14,Equity-Only Min-Variance,-0.005559423385185827
2022-02-15,Equity-Only Min-Variance,0.003091096338383386
2022-02-16,Equity-Only Min-Variance,8.532752570550051e-05
2022-02-17,Equity-Only Min-Variance,-0.004138032254192405
2022-02-18,Equity-Only Min-Variance,-0.00473887027913305
2022-02-22,Equity-Only Min-Variance,-0.006674802226590353
2022-02-23,Equity-Only Min-Variance,-0.0012823124327772386
2022-02-24,Equity-Only Min-Variance,-0.0018098826470603101
2022-02-25,Equity-Only Min-Variance,0.023773036018608914
2022-02-28,Equity-Only Min-Variance,-0.0061200912805798105
2022-03-01,Equity-Only Min-Variance,-0.0034137856452443422
2022-03-02,Equity-Only Min-Variance,0.013673618177693024
2022-03-03,Equity-Only Min-Variance,0.00810325288049911
2022-03-04,Equity-Only Min-Variance,0.007234381693747355
2022-03-07,Equity-Only Min-Variance,-0.008235682776688425
2022-03-08,Equity-Only Min-Variance,-0.01632586489756531
2022-03-09,Equity-Only Min-Variance,0.006721798036736667
2022-03-10,Equity-Only Min-Variance,0.0003318285188885509
2022-03-11,Equity-Only Min-Variance,-0.00620252161752583
2022-03-14,Equity-Only Min-Variance,-0.006453609963251505
2022-03-15,Equity-Only Min-Variance,0.01149981284467709
2022-03-16,Equity-Only Min-Variance,0.005780141743758465
2022-03-17,Equity-Only Min-Variance,0.01137126555571484
2022-03-18,Equity-Only Min-Variance,0.0037637864064777407
2022-03-21,Equity-Only Min-Variance,0.003376112119785805
2022-03-22,Equity-Only Min-Variance,0.005277727393245488
2022-03-23,Equity-Only Min-Variance,-0.006620606537105993
2022-03-24,Equity-Only Min-Variance,0.006033106162117556
2022-03-25,Equity-Only Min-Variance,0.007036975858600234
2022-03-28,Equity-Only Min-Variance,0.005995702545488757
2022-03-29,Equity-Only Min-Variance,0.012162512222626971
2022-03-30,Equity-Only Min-Variance,0.0021843331591524934
2022-03-31,Equity-Only Min-Variance,-0.008602823672227568
2022-04-01,Equity-Only Min-Variance,0.008583196589234515
2022-04-04,Equity-Only Min-Variance,0.001869894409032426
2022-04-05,Equity-Only Min-Variance,-0.005627494881842218
2022-04-06,Equity-Only Min-Variance,0.011205307581921377
2022-04-07,Equity-Only Min-Variance,0.004392174229655721
2022-04-08,Equity-Only Min-Variance,0.005651110166043676
2022-04-11,Equity-Only Min-Variance,-0.013223583385786459
2022-04-12,Equity-Only Min-Variance,0.0012582476419592528
2022-04-13,Equity-Only Min-Variance,0.00393041617220492
2022-04-14,Equity-Only Min-Variance,0.0038078948847072654
2022-04-18,Equity-Only Min-Variance,-0.005249127693343516
2022-04-19,Equity-Only Min-Variance,0.006020102632155373
2022-04-20,Equity-Only Min-Variance,0.0026340781723817644
2022-04-21,Equity-Only Min-Variance,-0.00969186269616103
2022-04-22,Equity-Only Min-Variance,-0.017065291857895272
2022-04-25,Equity-Only Min-Variance,-0.00014324734637009677
2022-04-26,Equity-Only Min-Variance,-0.01631261361309914
2022-04-27,Equity-Only Min-Variance,-0.0008240008993756483
2022-04-28,Equity-Only Min-Variance,0.014547768757228671
2022-04-29,Equity-Only Min-Variance,-0.03098750109586299
2022-05-02,Equity-Only Min-Variance,0.0017093177962780952
2022-05-03,Equity-Only Min-Variance,0.003079073682564725
2022-05-04,Equity-Only Min-Variance,0.023945445122465738
2022-05-05,Equity-Only Min-Variance,-0.014564974301131142
2022-05-06,Equity-Only Min-Variance,-0.0064547608752067
2022-05-09,Equity-Only Min-Variance,-0.014278211342041436
2022-05-10,Equity-Only Min-Variance,-0.008682749265546028
2022-05-11,Equity-Only Min-Variance,0.008594296687246558
2022-05-12,Equity-Only Min-Variance,0.005464970152614178
2022-05-13,Equity-Only Min-Variance,0.008821861741465563
2022-05-16,Equity-Only Min-Variance,0.006558806683494029
2022-05-17,Equity-Only Min-Variance,-0.00017424935105988127
2022-05-18,Equity-Only Min-Variance,-0.022987490086664432
2022-05-19,Equity-Only Min-Variance,-0.003962642552298144
2022-05-20,Equity-Only Min-Variance,0.002262952589702027
2022-05-23,Equity-Only Min-Variance,0.01644454139764792
2022-05-24,Equity-Only Min-Variance,0.010583581328214442
2022-05-25,Equity-Only Min-Variance,0.005059921790113972
2022-05-26,Equity-Only Min-Variance,0.005137068234734497
2022-05-27,Equity-Only Min-Variance,0.00985263449586642
2022-05-31,Equity-Only Min-Variance,-0.009283498241183907
2022-06-01,Equity-Only Min-Variance,-0.004844908131106024
2022-06-02,Equity-Only Min-Variance,0.005976491125725934
2022-06-03,Equity-Only Min-Variance,-0.004687163936339498
2022-06-06,Equity-Only Min-Variance,-0.003980988459017731
2022-06-07,Equity-Only Min-Variance,0.0072708974128757485
2022-06-08,Equity-Only Min-Variance,-0.009440947347905595
2022-06-09,Equity-Only Min-Variance,-0.022429264908403936
2022-06-10,Equity-Only Min-Variance,-0.008086214506674804
2022-06-13,Equity-Only Min-Variance,-0.031482819479054625
2022-06-14,Equity-Only Min-Variance,-0.013091054919084858
2022-06-15,Equity-Only Min-Variance,0.003489428051671288
2022-06-16,Equity-Only Min-Variance,-0.006663151687007152
2022-06-17,Equity-Only Min-Variance,-0.002771069363611722
2022-06-21,Equity-Only Min-Variance,0.02226188784063194
2022-06-22,Equity-Only Min-Variance,0.003980961494867744
2022-06-23,Equity-Only Min-Variance,0.012546337764248244
2022-06-24,Equity-Only Min-Variance,0.014935384813346261
2022-06-27,Equity-Only Min-Variance,-0.0016641170700368321
2022-06-28,Equity-Only Min-Variance,-0.00967370464819814
2022-06-29,Equity-Only Min-Variance,0.0011404617016458347
2022-06-30,Equity-Only Min-Variance,-0.008493227025276126
2022-07-01,Equity-Only Min-Variance,0.014568646869382626
2022-07-05,Equity-Only Min-Variance,-0.004818090865306772
2022-07-06,Equity-Only Min-Variance,0.001101283498611114
2022-07-07,Equity-Only Min-Variance,0.0030925100848717977
2022-07-08,Equity-Only Min-Variance,-0.002607230122710679
2022-07-11,Equity-Only Min-Variance,-0.00032054765103215485
2022-07-12,Equity-Only Min-Variance,-0.0051417352079848365
2022-07-13,Equity-Only Min-Variance,-0.001940844731151836
2022-07-14,Equity-Only Min-Variance,-0.004774919417603497
2022-07-15,Equity-Only Min-Variance,0.011448546025041483
2022-07-18,Equity-Only Min-Variance,-0.012839228898688408
2022-07-19,Equity-Only Min-Variance,0.012704158713396464
2022-07-20,Equity-Only Min-Variance,-0.007509157266067884
2022-07-21,Equity-Only Min-Variance,0.004369945955727812
2022-07-22,Equity-Only Min-Variance,-0.00010537138959576249
2022-07-25,Equity-Only Min-Variance,-0.006490675567414518
2022-07-26,Equity-Only Min-Variance,0.0024850431415501576
2022-07-27,Equity-Only Min-Variance,0.004995175966500899
2022-07-28,Equity-Only Min-Variance,0.004341866253852014
2022-07-29,Equity-Only Min-Variance,-0.0011811271266103855
2022-08-01,Equity-Only Min-Variance,-0.004869578573655961
2022-08-02,Equity-Only Min-Variance,-0.006807112157979566
2022-08-03,Equity-Only Min-Variance,0.01182885207243338
2022-08-04,Equity-Only Min-Variance,-0.004219608330713356
2022-08-05,Equity-Only Min-Variance,-0.003366095267986401
2022-08-08,Equity-Only Min-Variance,0.00436704216824284
2022-08-09,Equity-Only Min-Variance,0.0023818260006915424
2022-08-10,Equity-Only Min-Variance,0.009740202873996729
2022-08-11,Equity-Only Min-Variance,-0.0020961654597899163
2022-08-12,Equity-Only Min-Variance,0.014247885272303973
2022-08-15,Equity-Only Min-Variance,0.006887777605800503
2022-08-16,Equity-Only Min-Variance,0.010641416189875446
2022-08-17,Equity-Only Min-Variance,-0.006995558931893139
2022-08-18,Equity-Only Min-Variance,-0.002392391719807262
2022-08-19,Equity-Only Min-Variance,-0.003298954628417777
2022-08-22,Equity-Only Min-Variance,-0.014040811144645133
2022-08-23,Equity-Only Min-Variance,-0.004645384863732804
2022-08-24,Equity-Only Min-Variance,-0.0009336934874304067
2022-08-25,Equity-Only Min-Variance,0.006888379618132075
2022-08-26,Equity-Only Min-Variance,-0.022514979512688185
2022-08-29,Equity-Only Min-Variance,-0.006255291654823948
2022-08-30,Equity-Only Min-Variance,-0.008977566365169606
2022-08-31,Equity-Only Min-Variance,-0.0035136259227552913
2022-09-01,Equity-Only Min-Variance,0.012787387126101665
2022-09-02,Equity-Only Min-Variance,-0.010255035759970782
2022-09-06,Equity-Only Min-Variance,-0.00318908696214431
2022-09-07,Equity-Only Min-Variance,0.014775252949169999
2022-09-08,Equity-Only Min-Variance,0.0016932619501033178
2022-09-09,Equity-Only Min-Variance,0.009810437749301735
2022-09-12,Equity-Only Min-Variance,0.008839494715508189
2022-09-13,Equity-Only Min-Variance,-0.029158571556566315
2022-09-14,Equity-Only Min-Variance,0.005525216323423737
2022-09-15,Equity-Only Min-Variance,-0.00985049943712407
2022-09-16,Equity-Only Min-Variance,0.0014469434432263662
2022-09-19,Equity-Only Min-Variance,0.0024662862538076076
2022-09-20,Equity-Only Min-Variance,-0.01265950948903347
2022-09-21,Equity-Only Min-Variance,-0.012678423045379729
2022-09-22,Equity-Only Min-Variance,0.004437619016488241
2022-09-23,Equity-Only Min-Variance,-0.016315805523067023
2022-09-26,Equity-Only Min-Variance,-0.010868577314272578
2022-09-27,Equity-Only Min-Variance,-0.0055476171804720465
2022-09-28,Equity-Only Min-Variance,0.020960953346117993
2022-09-29,Equity-Only Min-Variance,-0.015451063703105696
2022-09-30,Equity-Only Min-Variance,-0.01671861176784538
2022-10-03,Equity-Only Min-Variance,0.0265089535530867
2022-10-04,Equity-Only Min-Variance,0.020276095851358457
2022-10-05,Equity-Only Min-Variance,-0.004489348355810283
2022-10-06,Equity-Only Min-Variance,-0.00974656727828998
2022-10-07,Equity-Only Min-Variance,-0.0145247985431354
2022-10-10,Equity-Only Min-Variance,0.0014648018381772203
2022-10-11,Equity-Only Min-Variance,0.012205079985026596
2022-10-12,Equity-Only Min-Variance,-0.004238963098756576
2022-10-13,Equity-Only Min-Variance,0.018307770864298814
2022-10-14,Equity-Only Min-Variance,-0.011891955766810125
2022-10-17,Equity-Only Min-Variance,0.013471100903992343
2022-10-18,Equity-Only Min-Variance,0.011362417375932014
2022-10-19,Equity-Only Min-Variance,-0.008506544656138041
2022-10-20,Equity-Only Min-Variance,-0.001308530858168385
2022-10-21,Equity-Only Min-Variance,0.020190956049274816
2022-10-24,Equity-Only Min-Variance,0.018254094769076856
2022-10-25,Equity-Only Min-Variance,0.009126028771087424
2022-10-26,Equity-Only Min-Variance,0.011762146876043381
2022-10-27,Equity-Only Min-Variance,0.0012036333385472351
2022-10-28,Equity-Only Min-Variance,0.019753002307766457
2022-10-31,Equity-Only Min-Variance,-0.006715223294176733
2022-11-01,Equity-Only Min-Variance,-0.00038730088641631517
2022-11-02,Equity-Only Min-Variance,-0.012852472105969407
2022-11-03,Equity-Only Min-Variance,-0.005776385727587688
2022-11-04,Equity-Only Min-Variance,0.015236632007072665
2022-11-07,Equity-Only Min-Variance,0.011044359639382124
2022-11-08,Equity-Only Min-Variance,0.007481491279888524
2022-11-09,Equity-Only Min-Variance,-0.01220185763212595
2022-11-10,Equity-Only Min-Variance,0.02705717658716291
2022-11-11,Equity-Only Min-Variance,-0.001041476772089366
2022-11-14,Equity-Only Min-Variance,-0.004299359194819433
2022-11-15,Equity-Only Min-Variance,0.007615102235275751
2022-11-16,Equity-Only Min-Variance,-0.0024847163512361306
2022-11-17,Equity-Only Min-Variance,0.0021025389906125964
2022-11-18,Equity-Only Min-Variance,0.009340381419599064
2022-11-21,Equity-Only Min-Variance,0.0038844797584623803
2022-11-22,Equity-Only Min-Variance,0.009892784623092642
2022-11-23,Equity-Only Min-Variance,0.00025731027306161365
2022-11-25,Equity-Only Min-Variance,0.0005271250182803565
2022-11-28,Equity-Only Min-Variance,-0.012217719354748949
2022-11-29,Equity-Only Min-Variance,0.004394225222082352
2022-11-30,Equity-Only Min-Variance,0.018757616410198467
2022-12-01,Equity-Only Min-Variance,0.002481919770912562
2022-12-02,Equity-Only Min-Variance,0.0026282260947322854
2022-12-05,Equity-Only Min-Variance,-0.00955794782483559
2022-12-06,Equity-Only Min-Variance,-0.006467471958706906
2022-12-07,Equity-Only Min-Variance,0.0020341654364263813
2022-12-08,Equity-Only Min-Variance,0.004379116988785204
2022-12-09,Equity-Only Min-Variance,-0.011871106666881386
2022-12-12,Equity-Only Min-Variance,0.009198399487338846
2022-12-13,Equity-Only Min-Variance,0.002032540059899412
2022-12-14,Equity-Only Min-Variance,-0.0018426561295065503
2022-12-15,Equity-Only Min-Variance,-0.014276182305683791
2022-12-16,Equity-Only Min-Variance,-0.007725815182250473
2022-12-19,Equity-Only Min-Variance,-0.0029652458740405565
2022-12-20,Equity-Only Min-Variance,0.00033109686866943555
2022-12-21,Equity-Only Min-Variance,0.011956693940861443
2022-12-22,Equity-Only Min-Variance,-0.004658681647743858
2022-12-23,Equity-Only Min-Variance,0.005333246366120717
2022-12-27,Equity-Only Min-Variance,0.001782853817817569
2022-12-28,Equity-Only Min-Variance,-0.010204023167483714
2022-12-29,Equity-Only Min-Variance,0.008213467648889588
2022-12-30,Equity-Only Min-Variance,-0.0007283633848224508
2023-01-03,Equity-Only Min-Variance,0.0008272221680067546
2023-01-04,Equity-Only Min-Variance,0.009841102593069192
2023-01-05,Equity-Only Min-Variance,-0.001233134708014998
2023-01-06,Equity-Only Min-Variance,0.01527182016861988
2023-01-09,Equity-Only Min-Variance,-0.013236346787812795
2023-01-10,Equity-Only Min-Variance,0.0026545887991210157
2023-01-11,Equity-Only Min-Variance,0.0040416215744719115
2023-01-12,Equity-Only Min-Variance,-0.0036508438356152475
2023-01-13,Equity-Only Min-Variance,0.002104007555873232
2023-01-17,Equity-Only Min-Variance,-0.005925945361074287
2023-01-18,Equity-Only Min-Variance,-0.017708591369762924
2023-01-19,Equity-Only Min-Variance,-0.00317878929949188
2023-01-20,Equity-Only Min-Variance,0.009672874070032617
2023-01-23,Equity-Only Min-Variance,0.002335096086902272
2023-01-24,Equity-Only Min-Variance,0.0003135407175094197
2023-01-25,Equity-Only Min-Variance,0.0037838666993952838
2023-01-26,Equity-Only Min-Variance,0.0003419008048075739
2023-01-27,Equity-Only Min-Variance,-0.0027102836176132687
2023-01-30,Equity-Only Min-Variance,-0.002824581714243061
2023-01-31,Equity-Only Min-Variance,0.00876342336069121
2023-02-01,Equity-Only Min-Variance,-0.013410394158272198
2023-02-02,Equity-Only Min-Variance,-0.010643700459710328
2023-02-03,Equity-Only Min-Variance,-0.009413851699100013
2023-02-06,Equity-Only Min-Variance,-0.0019943892459731312
2023-02-07,Equity-Only Min-Variance,0.0057869518770474766
2023-02-08,Equity-Only Min-Variance,-0.008111444870288476
2023-02-09,Equity-Only Min-Variance,-0.001646774628486512
2023-02-10,Equity-Only Min-Variance,0.011233553997694379
2023-02-13,Equity-Only Min-Variance,0.009233473420275137
2023-02-14,Equity-Only Min-Variance,-0.007107992971039393
2023-02-15,Equity-Only Min-Variance,0.0011635303585111954
2023-02-16,Equity-Only Min-Variance,-0.010674598051096686
2023-02-17,Equity-Only Min-Variance,0.011056697696261344
2023-02-21,Equity-Only Min-Variance,-0.005951485740037516
2023-02-22,Equity-Only Min-Variance,-0.0037093954474726894
2023-02-23,Equity-Only Min-Variance,0.0002720371247599895
2023-02-24,Equity-Only Min-Variance,-0.005507447609858275
2023-02-27,Equity-Only Min-Variance,-0.0004615004693576067
2023-02-28,Equity-Only Min-Variance,-0.008498516957428995
2023-03-01,Equity-Only Min-Variance,-0.003955731288268821
2023-03-02,Equity-Only Min-Variance,0.008117661261657545
2023-03-03,Equity-Only Min-Variance,0.006070622176481848
2023-03-06,Equity-Only Min-Variance,0.005741353417196634
2023-03-07,Equity-Only Min-Variance,-0.010579673625059745
2023-03-08,Equity-Only Min-Variance,-0.004565930466147179
2023-03-09,Equity-Only Min-Variance,-0.012305837626950993
2023-03-10,Equity-Only Min-Variance,-0.004095545875414352
2023-03-13,Equity-Only Min-Variance,0.006853606101629558
2023-03-14,Equity-Only Min-Variance,0.008611138560097285
2023-03-15,Equity-Only Min-Variance,0.0022191618345870287
2023-03-16,Equity-Only Min-Variance,0.002115210332626354
2023-03-17,Equity-Only Min-Variance,-0.010322229323019908
2023-03-20,Equity-Only Min-Variance,0.012817706265706445
2023-03-21,Equity-Only Min-Variance,-0.0009500811638094167
2023-03-22,Equity-Only Min-Variance,-0.015296118221577521
2023-03-23,Equity-Only Min-Variance,0.004555603465638161
2023-03-24,Equity-Only Min-Variance,0.016765298110914515
2023-03-27,Equity-Only Min-Variance,0.004640613391335092
2023-03-28,Equity-Only Min-Variance,-0.00013820662972956633
2023-03-29,Equity-Only Min-Variance,0.007599203858486512
2023-03-30,Equity-Only Min-Variance,0.003959337802780102
2023-03-31,Equity-Only Min-Variance,0.007992608939378592
2023-04-03,Equity-Only Min-Variance,0.008129035261805466
2023-04-04,Equity-Only Min-Variance,0.004394946146108769
2023-04-05,Equity-Only Min-Variance,0.012698251690020534
2023-04-06,Equity-Only Min-Variance,0.00038463868107584023
2023-04-10,Equity-Only Min-Variance,-0.0008390705824082239
2023-04-11,Equity-Only Min-Variance,-0.0001262953935424422
2023-04-12,Equity-Only Min-Variance,0.0005762828556089691
2023-04-13,Equity-Only Min-Variance,0.007792552488557481
2023-04-14,Equity-Only Min-Variance,-0.004820018218012355
2023-04-17,Equity-Only Min-Variance,0.0013748152352468983
2023-04-18,Equity-Only Min-Variance,-0.0020113234316400065
2023-04-19,Equity-Only Min-Variance,0.0007344502111095933
2023-04-20,Equity-Only Min-Variance,-0.008077373624971133
2023-04-21,Equity-Only Min-Variance,0.005773867374234718
2023-04-24,Equity-Only Min-Variance,0.000704599051919619
2023-04-25,Equity-Only Min-Variance,-0.0025898079641492734
2023-04-26,Equity-Only Min-Variance,-0.017100026104081782
2023-04-27,Equity-Only Min-Variance,0.0020805667498260357
2023-04-28,Equity-Only Min-Variance,0.002467471083616565
2023-05-01,Equity-Only Min-Variance,0.0008233263561707302
2023-05-02,Equity-Only Min-Variance,-0.011454291390921804
2023-05-03,Equity-Only Min-Variance,-0.008407344513643751
2023-05-04,Equity-Only Min-Variance,-0.00031400438535797047
2023-05-05,Equity-Only Min-Variance,0.011571034743060522
2023-05-08,Equity-Only Min-Variance,-0.0004394660117797936
2023-05-09,Equity-Only Min-Variance,-0.0054105161100897
2023-05-10,Equity-Only Min-Variance,-0.0008303561586373198
2023-05-11,Equity-Only Min-Variance,-0.0018828539604700987
2023-05-12,Equity-Only Min-Variance,0.002114693978938394
2023-05-15,Equity-Only Min-Variance,-0.0019308295204482383
2023-05-16,Equity-Only Min-Variance,-0.015167206912526168
2023-05-17,Equity-Only Min-Variance,-0.0008902228576804835
2023-05-18,Equity-Only Min-Variance,-0.0015206129867730363
2023-05-19,Equity-Only Min-Variance,0.00019575187221555816
2023-05-22,Equity-Only Min-Variance,-0.0031380544613682547
2023-05-23,Equity-Only Min-Variance,-0.004623839915868034
2023-05-24,Equity-Only Min-Variance,-0.007206719428689173
2023-05-25,Equity-Only Min-Variance,-0.013055490548154974
2023-05-26,Equity-Only Min-Variance,0.0002178250080251172
2023-05-30,Equity-Only Min-Variance,-0.0034408208890286444
2023-05-31,Equity-Only Min-Variance,0.0072017141098693685
2023-06-01,Equity-Only Min-Variance,-0.0031733070993699075
2023-06-02,Equity-Only Min-Variance,0.00662214757528847
2023-06-05,Equity-Only Min-Variance,0.0026709503082921874
2023-06-06,Equity-Only Min-Variance,-0.006491985862347203
2023-06-07,Equity-Only Min-Variance,0.0018064470650998117
2023-06-08,Equity-Only Min-Variance,0.007952595688155656
2023-06-09,Equity-Only Min-Variance,9.607712832373426e-05
2023-06-12,Equity-Only Min-Variance,-0.0015779899885205442
2023-06-13,Equity-Only Min-Variance,0.0051430082775999805
2023-06-14,Equity-Only Min-Variance,-0.0016809092341915554
2023-06-15,Equity-Only Min-Variance,0.011613432312283001
2023-06-16,Equity-Only Min-Variance,0.0010831898817549655
2023-06-20,Equity-Only Min-Variance,-0.008352062635478448
2023-06-21,Equity-Only Min-Variance,-0.0015188418969766574
2023-06-22,Equity-Only Min-Variance,0.005200707146031593
2023-06-23,Equity-Only Min-Variance,-0.007061604902608901
2023-06-26,Equity-Only Min-Variance,0.004252308085436389
2023-06-27,Equity-Only Min-Variance,0.0028911568606612334
2023-06-28,Equity-Only Min-Variance,-0.002617324552047505
2023-06-29,Equity-Only Min-Variance,0.0013888027668508083
2023-06-30,Equity-Only Min-Variance,0.008303364579870518
2023-07-03,Equity-Only Min-Variance,0.0049219011219791406
2023-07-05,Equity-Only Min-Variance,0.001652037288981268
2023-07-06,Equity-Only Min-Variance,-0.008500738885781312
2023-07-07,Equity-Only Min-Variance,-0.01090534020431875
2023-07-10,Equity-Only Min-Variance,0.00334137847333067
2023-07-11,Equity-Only Min-Variance,0.010789401089311652
2023-07-12,Equity-Only Min-Variance,0.0003288477666789264
2023-07-13,Equity-Only Min-Variance,0.0020250931416684135
2023-07-14,Equity-Only Min-Variance,0.0008081989789393297
2023-07-17,Equity-Only Min-Variance,-0.004491095497988584
2023-07-18,Equity-Only Min-Variance,0.0029421312370532153
2023-07-19,Equity-Only Min-Variance,0.0054794801773906734
2023-07-20,Equity-Only Min-Variance,0.012993313705271674
2023-07-21,Equity-Only Min-Variance,0.0061586329557447965
2023-07-24,Equity-Only Min-Variance,0.0022079953493861467
2023-07-25,Equity-Only Min-Variance,-4.623714987038037e-06
2023-07-26,Equity-Only Min-Variance,0.0002618206906275092
2023-07-27,Equity-Only Min-Variance,-0.004254800314393363
2023-07-28,Equity-Only Min-Variance,0.0019455881562642587
2023-07-31,Equity-Only Min-Variance,-0.0035076789122692894
2023-08-01,Equity-Only Min-Variance,-0.006178427285823637
2023-08-02,Equity-Only Min-Variance,-0.010231509318196896
2023-08-03,Equity-Only Min-Variance,-0.006812631007730079
2023-08-04,Equity-Only Min-Variance,-0.0007149787139407156
2023-08-07,Equity-Only Min-Variance,0.014362628761733198
2023-08-08,Equity-Only Min-Variance,-0.0012734837747731026
2023-08-09,Equity-Only Min-Variance,0.001682013285738362
2023-08-10,Equity-Only Min-Variance,-1.2414632422796295e-06
2023-08-11,Equity-Only Min-Variance,0.005359432866630776
2023-08-14,Equity-Only Min-Variance,-5.998196839235396e-05
2023-08-15,Equity-Only Min-Variance,-0.0059723676904318915
2023-08-16,Equity-Only Min-Variance,-0.0033054400751047633
2023-08-17,Equity-Only Min-Variance,-0.006524619945604651
2023-08-18,Equity-Only Min-Variance,0.0020153370024849956
2023-08-21,Equity-Only Min-Variance,-0.0019034322498464203
2023-08-22,Equity-Only Min-Variance,-0.004942877837059486
2023-08-23,Equity-Only Min-Variance,0.009469990360180732
2023-08-24,Equity-Only Min-Variance,-0.010552647575061809
2023-08-25,Equity-Only Min-Variance,0.0026269020086215314
2023-08-28,Equity-Only Min-Variance,0.004274434067091329
2023-08-29,Equity-Only Min-Variance,0.007303163505820812
2023-08-30,Equity-Only Min-Variance,0.0012166429686139763
2023-08-31,Equity-Only Min-Variance,-0.004918997401793414
2023-09-01,Equity-Only Min-Variance,0.0025221362941498194
2023-09-05,Equity-Only Min-Variance,-0.009624496259664274
2023-09-06,Equity-Only Min-Variance,-0.00391140223977129
2023-09-07,Equity-Only Min-Variance,0.00834178765624526
2023-09-08,Equity-Only Min-Variance,0.004915530219362189
2023-09-11,Equity-Only Min-Variance,0.0029983150478833454
2023-09-12,Equity-Only Min-Variance,-0.0005262737603815703
2023-09-13,Equity-Only Min-Variance,0.0010894058712949254
2023-09-14,Equity-Only Min-Variance,0.008587423220236375
2023-09-15,Equity-Only Min-Variance,-0.007581349063374243
2023-09-18,Equity-Only Min-Variance,0.0022790659252571108
2023-09-19,Equity-Only Min-Variance,0.000655483513130922
2023-09-20,Equity-Only Min-Variance,0.0023268184631557278
2023-09-21,Equity-Only Min-Variance,-0.01369132353673412
2023-09-22,Equity-Only Min-Variance,-0.002879476971468689
2023-09-25,Equity-Only Min-Variance,8.330950959536064e-05
2023-09-26,Equity-Only Min-Variance,-0.0076472292628093005
2023-09-27,Equity-Only Min-Variance,-0.00568274391693535
2023-09-28,Equity-Only Min-Variance,0.002174702006369291
2023-09-29,Equity-Only Min-Variance,-0.005065662540287136
2023-10-02,Equity-Only Min-Variance,-0.008413762741349026
2023-10-03,Equity-Only Min-Variance,-0.007403443176962802
2023-10-04,Equity-Only Min-Variance,0.006723102735789893
2023-10-05,Equity-Only Min-Variance,-0.0022710252290803062
2023-10-06,Equity-Only Min-Variance,0.004458997948396309
2023-10-09,Equity-Only Min-Variance,0.007429527068905978
2023-10-10,Equity-Only Min-Variance,0.007408949813081881
2023-10-11,Equity-Only Min-Variance,0.002890070710335136
2023-10-12,Equity-Only Min-Variance,-0.0019877322437133107
2023-10-13,Equity-Only Min-Variance,0.0030172959034414095
2023-10-16,Equity-Only Min-Variance,0.005626928302269115
2023-10-17,Equity-Only Min-Variance,0.0040677158465194495
2023-10-18,Equity-Only Min-Variance,-0.007889038695596333
2023-10-19,Equity-Only Min-Variance,-0.007285643747344756
2023-10-20,Equity-Only Min-Variance,-0.001367469665595518
2023-10-23,Equity-Only Min-Variance,-0.007699506378730466
2023-10-24,Equity-Only Min-Variance,0.010668723049788265
2023-10-25,Equity-Only Min-Variance,-0.004311250076298857
2023-10-26,Equity-Only Min-Variance,-0.005129118747268712
2023-10-27,Equity-Only Min-Variance,-0.02052137224386149
2023-10-30,Equity-Only Min-Variance,0.0047167816505198495
2023-10-31,Equity-Only Min-Variance,0.004696434241312171
2023-11-01,Equity-Only Min-Variance,0.006453927680357959
2023-11-02,Equity-Only Min-Variance,0.017565735120261845
2023-11-03,Equity-Only Min-Variance,0.002711949985098032
2023-11-06,Equity-Only Min-Variance,-0.002320887098749813
2023-11-07,Equity-Only Min-Variance,-0.0009856564636110555
2023-11-08,Equity-Only Min-Variance,-0.0027996700865862397
2023-11-09,Equity-Only Min-Variance,-0.011391401941803176
2023-11-10,Equity-Only Min-Variance,0.005950077263941002
2023-11-13,Equity-Only Min-Variance,0.002634740503330887
2023-11-14,Equity-Only Min-Variance,0.010235452209441501
2023-11-15,Equity-Only Min-Variance,0.0026129260939977248
2023-11-16,Equity-Only Min-Variance,-0.005595567355853426
2023-11-17,Equity-Only Min-Variance,0.00018353564037408581
2023-11-20,Equity-Only Min-Variance,0.004201933886334491
2023-11-21,Equity-Only Min-Variance,0.0036853106514909938
2023-11-22,Equity-Only Min-Variance,0.00040746148842489376
2023-11-24,Equity-Only Min-Variance,0.0033534980721713894
2023-11-27,Equity-Only Min-Variance,0.00043972674121161084
2023-11-28,Equity-Only Min-Variance,0.0006578547889805803
2023-11-29,Equity-Only Min-Variance,0.0006419657854826167
2023-11-30,Equity-Only Min-Variance,0.009522236802003535
2023-12-01,Equity-Only Min-Variance,0.005076392192541002
2023-12-04,Equity-Only Min-Variance,0.001273162823541119
2023-12-05,Equity-Only Min-Variance,0.0009660923575769737
2023-12-06,Equity-Only Min-Variance,-0.0015781439975278058
2023-12-07,Equity-Only Min-Variance,-0.0008515570035690862
2023-12-08,Equity-Only Min-Variance,0.00041587030084192607
2023-12-11,Equity-Only Min-Variance,0.006412962320416382
2023-12-12,Equity-Only Min-Variance,0.0033267492214230326
2023-12-13,Equity-Only Min-Variance,0.015393728371467652
2023-12-14,Equity-Only Min-Variance,-0.0019724165590226405
2023-12-15,Equity-Only Min-Variance,-0.006239579631662202
2023-12-18,Equity-Only Min-Variance,0.003404669987793702
2023-12-19,Equity-Only Min-Variance,0.004013341825787711
2023-12-20,Equity-Only Min-Variance,-0.013242339178646053
2023-12-21,Equity-Only Min-Variance,0.007998782867585198
2023-12-22,Equity-Only Min-Variance,0.006682660398893302
2023-12-26,Equity-Only Min-Variance,0.0015690568729098383
2023-12-27,Equity-Only Min-Variance,0.002342051753288596
2023-12-28,Equity-Only Min-Variance,0.0016494658001705686
2023-12-29,Equity-Only Min-Variance,0.00028041495804647846
2021-01-04,Equity-Only Risk Parity,-0.012393601320480122
2021-01-05,Equity-Only Risk Parity,0.008590670275420757
2021-01-06,Equity-Only Risk Parity,0.009783975042157798
2021-01-07,Equity-Only Risk Parity,0.008918291127049132
2021-01-08,Equity-Only Risk Parity,0.003150702351236239
2021-01-11,Equity-Only Risk Parity,-0.0012236846439989822
2021-01-12,Equity-Only Risk Parity,-0.00094950011823558
2021-01-13,Equity-Only Risk Parity,0.0004612204168643545
2021-01-14,Equity-Only Risk Parity,0.0014365321607270386
2021-01-15,Equity-Only Risk Parity,-0.00678901929151008
2021-01-19,Equity-Only Risk Parity,0.006775394954696765
2021-01-20,Equity-Only Risk Parity,0.010193373231645876
2021-01-21,Equity-Only Risk Parity,-0.0059569592176397235
2021-01-22,Equity-Only Risk Parity,-0.0023471995191519483
2021-01-25,Equity-Only Risk Parity,0.003291580691841247
2021-01-26,Equity-Only Risk Parity,-0.0035071696056193542
2021-01-27,Equity-Only Risk Parity,-0.02523608035621517
2021-01-28,Equity-Only Risk Parity,0.00935638625840405
2021-01-29,Equity-Only Risk Parity,-0.012270218313437808
2021-02-01,Equity-Only Risk Parity,0.007833491310025054
2021-02-02,Equity-Only Risk Parity,0.015491477248954891
2021-02-03,Equity-Only Risk Parity,-0.0020391727662597524
2021-02-04,Equity-Only Risk Parity,0.007238469955693061
2021-02-05,Equity-Only Risk Parity,0.007812460722030845
2021-02-08,Equity-Only Risk Parity,0.009553197865763492
2021-02-09,Equity-Only Risk Parity,-0.00268346200675209
2021-02-10,Equity-Only Risk Parity,-1.594194737527155e-05
2021-02-11,Equity-Only Risk Parity,-0.0011683917531830098
2021-02-12,Equity-Only Risk Parity,0.0037541697481140385
2021-02-16,Equity-Only Risk Parity,-0.0031883782464605243
2021-02-17,Equity-Only Risk Parity,0.0027505504373240065
2021-02-18,Equity-Only Risk Parity,-0.004197254110974309
2021-02-19,Equity-Only Risk Parity,-0.0022369149659350494
2021-02-22,Equity-Only Risk Parity,-0.000321686887507808
2021-02-23,Equity-Only Risk Parity,-0.0009236051185060234
2021-02-24,Equity-Only Risk Parity,0.009025112338851997
2021-02-25,Equity-Only Risk Parity,-0.015862363167806964
2021-02-26,Equity-Only Risk Parity,-0.013351685140369118
2021-03-01,Equity-Only Risk Parity,0.01775561824229635
2021-03-02,Equity-Only Risk Parity,-0.0016803551815988854
2021-03-03,Equity-Only Risk Parity,-0.009885306677580419
2021-03-04,Equity-Only Risk Parity,-0.008279014987654156
2021-03-05,Equity-Only Risk Parity,0.016951116004712604
2021-03-08,Equity-Only Risk Parity,0.0006333552156477427
2021-03-09,Equity-Only Risk Parity,0.008601855240129597
2021-03-10,Equity-Only Risk Parity,0.00807858219466262
2021-03-11,Equity-Only Risk Parity,0.004698918107066001
2021-03-12,Equity-Only Risk Parity,0.006381346198384244
2021-03-15,Equity-Only Risk Parity,0.008037923082205292
2021-03-16,Equity-Only Risk Parity,0.002559389844393284
2021-03-17,Equity-Only Risk Parity,-0.0002999656344037778
2021-03-18,Equity-Only Risk Parity,-0.011123187259936364
2021-03-19,Equity-Only Risk Parity,-0.00409698577894402
2021-03-22,Equity-Only Risk Parity,0.007329891823796241
2021-03-23,Equity-Only Risk Parity,-0.005145590608053421
2021-03-24,Equity-Only Risk Parity,-0.004650887632544946
2021-03-25,Equity-Only Risk Parity,0.005936007951234579
2021-03-26,Equity-Only Risk Parity,0.019272273357166747
2021-03-29,Equity-Only Risk Parity,0.003628054863751873
2021-03-30,Equity-Only Risk Parity,-0.0051889227868676755
2021-03-31,Equity-Only Risk Parity,-0.0003107843558931644
2021-04-01,Equity-Only Risk Parity,0.011419941374595212
2021-04-05,Equity-Only Risk Parity,0.007540808841457606
2021-04-06,Equity-Only Risk Parity,0.0006031907080462209
2021-04-07,Equity-Only Risk Parity,-0.001326307745925754
2021-04-08,Equity-Only Risk Parity,-0.0012504823970985487
2021-04-09,Equity-Only Risk Parity,0.0027030307198455876
2021-04-12,Equity-Only Risk Parity,0.00010731570121207698
2021-04-13,Equity-Only Risk Parity,0.0027013274478475927
2021-04-14,Equity-Only Risk Parity,0.0009184668558663181
2021-04-15,Equity-Only Risk Parity,0.010929070685075567
2021-04-16,Equity-Only Risk Parity,0.0036466287159743873
2021-04-19,Equity-Only Risk Parity,-0.0035740623446443207
2021-04-20,Equity-Only Risk Parity,-0.004491787528402501
2021-04-21,Equity-Only Risk Parity,0.008708673224730673
2021-04-22,Equity-Only Risk Parity,-0.008003031913170606
2021-04-23,Equity-Only Risk Parity,0.00719285167316318
2021-04-26,Equity-Only Risk Parity,-0.0007641485311238308
2021-04-27,Equity-Only Risk Parity,3.7758184144041744e-05
2021-04-28,Equity-Only Risk Parity,-0.0008928940008244349
2021-04-29,Equity-Only Risk Parity,0.007916736692262852
2021-04-30,Equity-Only Risk Parity,-0.004679530672583535
2021-05-03,Equity-Only Risk Parity,0.006996316622655559
2021-05-04,Equity-Only Risk Parity,-0.0032248156783631545
2021-05-05,Equity-Only Risk Parity,0.004287995595081228
2021-05-06,Equity-Only Risk Parity,0.008098008758045932
2021-05-07,Equity-Only Risk Parity,0.00809621141372369
2021-05-10,Equity-Only Risk Parity,-0.002416722960901739
2021-05-11,Equity-Only Risk Parity,-0.007774450402705867
2021-05-12,Equity-Only Risk Parity,-0.016036445415497144
2021-05-13,Equity-Only Risk Parity,0.009876098519434584
2021-05-14,Equity-Only Risk Parity,0.011380549083538742
2021-05-17,Equity-Only Risk Parity,0.001822059539680454
2021-05-18,Equity-Only Risk Parity,-0.006963993105163982
2021-05-19,Equity-Only Risk Parity,-0.0033501678622593818
2021-05-20,Equity-Only Risk Parity,0.009508262374659281
2021-05-21,Equity-Only Risk Parity,0.000874009976649287
2021-05-24,Equity-Only Risk Parity,0.004884093498032167
2021-05-25,Equity-Only Risk Parity,-0.005011262069447275
2021-05-26,Equity-Only Risk Parity,0.002902244372071026
2021-05-27,Equity-Only Risk Parity,0.0007867773341061387
2021-05-28,Equity-Only Risk Parity,0.0029668979333536127
2021-06-01,Equity-Only Risk Parity,0.001880624886765373
2021-06-02,Equity-Only Risk Parity,0.0027220368295358503
2021-06-03,Equity-Only Risk Parity,0.0016995333030535035
2021-06-04,Equity-Only Risk Parity,0.006936780493694663
2021-06-07,Equity-Only Risk Parity,-0.0015889612700669704
2021-06-08,Equity-Only Risk Parity,-0.003617670434648954
2021-06-09,Equity-Only Risk Parity,-0.0008262122428422927
2021-06-10,Equity-Only Risk Parity,0.005212501052451679
2021-06-11,Equity-Only Risk Parity,-0.0004582520998094059
2021-06-14,Equity-Only Risk Parity,-0.0006293982499433781
2021-06-15,Equity-Only Risk Parity,-0.003003960465473666
2021-06-16,Equity-Only Risk Parity,-0.009044069051421712
2021-06-17,Equity-Only Risk Parity,-0.005998130667315653
2021-06-18,Equity-Only Risk Parity,-0.013844316361012866
2021-06-21,Equity-Only Risk Parity,0.014963503128139693
2021-06-22,Equity-Only Risk Parity,0.0007305615165817466
2021-06-23,Equity-Only Risk Parity,-0.004717000758448256
2021-06-24,Equity-Only Risk Parity,0.0068333497193616075
2021-06-25,Equity-Only Risk Parity,0.007884845808531177
2021-06-28,Equity-Only Risk Parity,0.0005911775175065983
2021-06-29,Equity-Only Risk Parity,-0.0006013525909960564
2021-06-30,Equity-Only Risk Parity,0.004020481341810132
2021-07-01,Equity-Only Risk Parity,0.00535160962354524
2021-07-02,Equity-Only Risk Parity,0.004353602875864162
2021-07-06,Equity-Only Risk Parity,-0.005976123824357627
2021-07-07,Equity-Only Risk Parity,0.0012879252857858424
2021-07-08,Equity-Only Risk Parity,-0.006791040791045037
2021-07-09,Equity-Only Risk Parity,0.010189997898333903
2021-07-12,Equity-Only Risk Parity,0.0037288088725687995
2021-07-13,Equity-Only Risk Parity,-0.0034267275658911183
2021-07-14,Equity-Only Risk Parity,0.0005754420692898293
2021-07-15,Equity-Only Risk Parity,-0.00022232173866945155
2021-07-16,Equity-Only Risk Parity,-0.006306875610215524
2021-07-19,Equity-Only Risk Parity,-0.01503742036069905
2021-07-20,Equity-Only Risk Parity,0.009136094043843477
2021-07-21,Equity-Only Risk Parity,0.006313107548909494
2021-07-22,Equity-Only Risk Parity,-0.0006064673141019147
2021-07-23,Equity-Only Risk Parity,0.006621049239078389
2021-07-26,Equity-Only Risk Parity,0.003660950488099549
2021-07-27,Equity-Only Risk Parity,-0.001436570824897574
2021-07-28,Equity-Only Risk Parity,0.0017667746374039118
2021-07-29,Equity-Only Risk Parity,0.004676212770055892
2021-07-30,Equity-Only Risk Parity,-0.0043403637450271145
2021-08-02,Equity-Only Risk Parity,-0.002076223876523705
2021-08-03,Equity-Only Risk Parity,0.004699434818696288
2021-08-04,Equity-Only Risk Parity,-0.007507055578441243
2021-08-05,Equity-Only Risk Parity,0.004065324914787711
2021-08-06,Equity-Only Risk Parity,0.0012915971268348482
2021-08-09,Equity-Only Risk Parity,-0.001837977942693431
2021-08-10,Equity-Only Risk Parity,0.004471074585955146
2021-08-11,Equity-Only Risk Parity,0.0074729578942987936
2021-08-12,Equity-Only Risk Parity,0.002355724209620586
2021-08-13,Equity-Only Risk Parity,0.0026059886333064898
2021-08-16,Equity-Only Risk Parity,0.0014471288841726249
2021-08-17,Equity-Only Risk Parity,-0.002470512276981444
2021-08-18,Equity-Only Risk Parity,-0.012472780888555808
2021-08-19,Equity-Only Risk Parity,-0.0017811833343746382
2021-08-20,Equity-Only Risk Parity,0.005243060348891373
2021-08-23,Equity-Only Risk Parity,0.006999436656526634
2021-08-24,Equity-Only Risk Parity,-0.0003664874613748273
2021-08-25,Equity-Only Risk Parity,-0.0011542832554496537
2021-08-26,Equity-Only Risk Parity,-0.006095143619277281
2021-08-27,Equity-Only Risk Parity,0.008455595768599375
2021-08-30,Equity-Only Risk Parity,0.0009669101801697596
2021-08-31,Equity-Only Risk Parity,0.0010322381193032238
2021-09-01,Equity-Only Risk Parity,-0.0007308348383451269
2021-09-02,Equity-Only Risk Parity,0.005729623472491832
2021-09-03,Equity-Only Risk Parity,-0.0024169104186220628
2021-09-07,Equity-Only Risk Parity,-0.01115532043678534
2021-09-08,Equity-Only Risk Parity,0.00043113557655796047
2021-09-09,Equity-Only Risk Parity,-0.008120212300656316
2021-09-10,Equity-Only Risk Parity,-0.003922358407510848
2021-09-13,Equity-Only Risk Parity,0.0028286585521050795
2021-09-14,Equity-Only Risk Parity,-0.008178474478487845
2021-09-15,Equity-Only Risk Parity,0.005882929823128948
2021-09-16,Equity-Only Risk Parity,-0.004754585141760848
2021-09-17,Equity-Only Risk Parity,-0.010795208437335838
2021-09-20,Equity-Only Risk Parity,-0.014676957179789597
2021-09-21,Equity-Only Risk Parity,-0.0023281079498758514
2021-09-22,Equity-Only Risk Parity,0.005443385579846242
2021-09-23,Equity-Only Risk Parity,0.008386956872062912
2021-09-24,Equity-Only Risk Parity,-0.002687976963018799
2021-09-27,Equity-Only Risk Parity,-0.00047105098866480403
2021-09-28,Equity-Only Risk Parity,-0.01016250400619855
2021-09-29,Equity-Only Risk Parity,0.005529641530624096
2021-09-30,Equity-Only Risk Parity,-0.008771774275616815
2021-10-01,Equity-Only Risk Parity,0.010540098986523218
2021-10-04,Equity-Only Risk Parity,-0.002481553096172049
2021-10-05,Equity-Only Risk Parity,0.004377552921774439
2021-10-06,Equity-Only Risk Parity,0.002094085948128854
2021-10-07,Equity-Only Risk Parity,0.007689388204130747
2021-10-08,Equity-Only Risk Parity,-0.002002106568813287
2021-10-11,Equity-Only Risk Parity,-0.008906335073929916
2021-10-12,Equity-Only Risk Parity,-0.00027764767111904316
2021-10-13,Equity-Only Risk Parity,0.003943366959081865
2021-10-14,Equity-Only Risk Parity,0.012681997393636802
2021-10-15,Equity-Only Risk Parity,0.002959601259521681
2021-10-18,Equity-Only Risk Parity,-0.0013341425050009629
2021-10-19,Equity-Only Risk Parity,0.010639192562263994
2021-10-20,Equity-Only Risk Parity,0.009580121172123592
2021-10-21,Equity-Only Risk Parity,0.0028000891654493577
2021-10-22,Equity-Only Risk Parity,0.0015129453634369111
2021-10-25,Equity-Only Risk Parity,0.0048583249631813825
2021-10-26,Equity-Only Risk Parity,0.004693160557824091
2021-10-27,Equity-Only Risk Parity,-0.013553147683230144
2021-10-28,Equity-Only Risk Parity,0.0077573141445432345
2021-10-29,Equity-Only Risk Parity,-0.0027405271785470205
2021-11-01,Equity-Only Risk Parity,0.0059494770944182335
2021-11-02,Equity-Only Risk Parity,0.004583324975565588
2021-11-03,Equity-Only Risk Parity,0.0051259967511084375
2021-11-04,Equity-Only Risk Parity,0.004372249418825134
2021-11-05,Equity-Only Risk Parity,0.0011638706942259083
2021-11-08,Equity-Only Risk Parity,0.0015540812510912217
2021-11-09,Equity-Only Risk Parity,0.0003575941252576831
2021-11-10,Equity-Only Risk Parity,-0.003907587956282208
2021-11-11,Equity-Only Risk Parity,0.0008170763657443583
2021-11-12,Equity-Only Risk Parity,0.0021589345779503733
2021-11-15,Equity-Only Risk Parity,-0.0018791454445582427
2021-11-16,Equity-Only Risk Parity,-0.0007957841294425701
2021-11-17,Equity-Only Risk Parity,-0.004918566048911208
2021-11-18,Equity-Only Risk Parity,-0.0019526524740446083
2021-11-19,Equity-Only Risk Parity,-0.0064798608644740015
2021-11-22,Equity-Only Risk Parity,-1.6791791307550243e-06
2021-11-23,Equity-Only Risk Parity,0.00641953512438823
2021-11-24,Equity-Only Risk Parity,0.0010840208145957504
2021-11-26,Equity-Only Risk Parity,-0.018249378863914065
2021-11-29,Equity-Only Risk Parity,0.006376987826524768
2021-11-30,Equity-Only Risk Parity,-0.022052635485513408
2021-12-01,Equity-Only Risk Parity,-0.012346863826229949
2021-12-02,Equity-Only Risk Parity,0.019013137606991228
2021-12-03,Equity-Only Risk Parity,0.0018461403775019759
2021-12-06,Equity-Only Risk Parity,0.012935383240742266
2021-12-07,Equity-Only Risk Parity,0.012145646553778897
2021-12-08,Equity-Only Risk Parity,0.00010762374410853753
2021-12-09,Equity-Only Risk Parity,-0.005759534670872685
2021-12-10,Equity-Only Risk Parity,0.005848960045727817
2021-12-13,Equity-Only Risk Parity,-0.001188870956345186
2021-12-14,Equity-Only Risk Parity,-0.0022034295580347038
2021-12-15,Equity-Only Risk Parity,0.009851567708645568
2021-12-16,Equity-Only Risk Parity,0.006428599927205686
2021-12-17,Equity-Only Risk Parity,-0.01121596624340182
2021-12-20,Equity-Only Risk Parity,-0.005339605429019248
2021-12-21,Equity-Only Risk Parity,0.01053164851953249
2021-12-22,Equity-Only Risk Parity,0.005757181334031967
2021-12-23,Equity-Only Risk Parity,0.004321939761347111
2021-12-27,Equity-Only Risk Parity,0.011857675218858613
2021-12-28,Equity-Only Risk Parity,0.0024065214898033307
2021-12-29,Equity-Only Risk Parity,0.0014544395545197373
2021-12-30,Equity-Only Risk Parity,-0.0005046883201515592
2021-12-31,Equity-Only Risk Parity,-0.0012163221748905239
2022-01-03,Equity-Only Risk Parity,0.0037679206483203736
2022-01-04,Equity-Only Risk Parity,0.004283965592627626
2022-01-05,Equity-Only Risk Parity,-0.008861836475584065
2022-01-06,Equity-Only Risk Parity,-0.002080772334246809
2022-01-07,Equity-Only Risk Parity,0.0013079234392055668
2022-01-10,Equity-Only Risk Parity,-0.00666671997690756
2022-01-11,Equity-Only Risk Parity,0.007448559841861254
2022-01-12,Equity-Only Risk Parity,0.0032623214366304712
2022-01-13,Equity-Only Risk Parity,-0.0046826443712336355
2022-01-14,Equity-Only Risk Parity,-0.0004426738107784639
2022-01-18,Equity-Only Risk Parity,-0.009486285371282488
2022-01-19,Equity-Only Risk Parity,-0.0032308193148215623
2022-01-20,Equity-Only Risk Parity,-0.010896445332006054
2022-01-21,Equity-Only Risk Parity,-0.009802676117861052
2022-01-24,Equity-Only Risk Parity,0.0011989344767401018
2022-01-25,Equity-Only Risk Parity,-0.005767789387661846
2022-01-26,Equity-Only Risk Parity,-0.01057775418224898
2022-01-27,Equity-Only Risk Parity,-0.002953882746521561
2022-01-28,Equity-Only Risk Parity,0.017261648365808277
2022-01-31,Equity-Only Risk Parity,0.013310247999826911
2022-02-01,Equity-Only Risk Parity,0.006612761849918752
2022-02-02,Equity-Only Risk Parity,0.010206347361245729
2022-02-03,Equity-Only Risk Parity,-0.008374266544373551
2022-02-04,Equity-Only Risk Parity,-0.002798317316482537
2022-02-07,Equity-Only Risk Parity,0.0014697680332036835
2022-02-08,Equity-Only Risk Parity,0.003508135646275322
2022-02-09,Equity-Only Risk Parity,0.010122484841131138
2022-02-10,Equity-Only Risk Parity,-0.018015919099617472
2022-02-11,Equity-Only Risk Parity,-0.008094537972119795
2022-02-14,Equity-Only Risk Parity,-0.006002662779285834
2022-02-15,Equity-Only Risk Parity,0.007812235364131189
2022-02-16,Equity-Only Risk Parity,-0.0006912146220203563
2022-02-17,Equity-Only Risk Parity,-0.01189343834929927
2022-02-18,Equity-Only Risk Parity,-0.007295957025900493
2022-02-22,Equity-Only Risk Parity,-0.0055296921052922264
2022-02-23,Equity-Only Risk Parity,-0.009761309139803574
2022-02-24,Equity-Only Risk Parity,0.0049597277311696905
2022-02-25,Equity-Only Risk Parity,0.02528162185660983
2022-02-28,Equity-Only Risk Parity,-0.004529668271288427
2022-03-01,Equity-Only Risk Parity,-0.010172355011072174
2022-03-02,Equity-Only Risk Parity,0.017418603189794782
2022-03-03,Equity-Only Risk Parity,0.0024206271726489883
2022-03-04,Equity-Only Risk Parity,0.004536719276925833
2022-03-07,Equity-Only Risk Parity,-0.013016246372572014
2022-03-08,Equity-Only Risk Parity,-0.007769399242811317
2022-03-09,Equity-Only Risk Parity,0.011449643881119033
2022-03-10,Equity-Only Risk Parity,-0.00011402391345233058
2022-03-11,Equity-Only Risk Parity,-0.007616165491074215
2022-03-14,Equity-Only Risk Parity,-0.008282329990183659
2022-03-15,Equity-Only Risk Parity,0.00924242728761785
2022-03-16,Equity-Only Risk Parity,0.012437285051950527
2022-03-17,Equity-Only Risk Parity,0.013552668949002412
2022-03-18,Equity-Only Risk Parity,0.0038974682508507094
2022-03-21,Equity-Only Risk Parity,0.0029873516875174675
2022-03-22,Equity-Only Risk Parity,0.0050679091922516415
2022-03-23,Equity-Only Risk Parity,-0.008466033174099228
2022-03-24,Equity-Only Risk Parity,0.008961634470915789
2022-03-25,Equity-Only Risk Parity,0.009128436805266042
2022-03-28,Equity-Only Risk Parity,0.0028146168688898705
2022-03-29,Equity-Only Risk Parity,0.012279842736714907
2022-03-30,Equity-Only Risk Parity,-0.0019779722357859096
2022-03-31,Equity-Only Risk Parity,-0.012327942049229757
2022-04-01,Equity-Only Risk Parity,0.008117015308725582
2022-04-04,Equity-Only Risk Parity,0.001287333111894938
2022-04-05,Equity-Only Risk Parity,-0.00749244421331232
2022-04-06,Equity-Only Risk Parity,0.003566576682964031
2022-04-07,Equity-Only Risk Parity,0.0022450250664340183
2022-04-08,Equity-Only Risk Parity,0.004137121064398674
2022-04-11,Equity-Only Risk Parity,-0.011467157487735039
2022-04-12,Equity-Only Risk Parity,-0.00043500018740220346
2022-04-13,Equity-Only Risk Parity,0.007637851336013156
2022-04-14,Equity-Only Risk Parity,-0.0006853747510186147
2022-04-18,Equity-Only Risk Parity,-0.0012654969130822616
2022-04-19,Equity-Only Risk Parity,0.010408712898592534
2022-04-20,Equity-Only Risk Parity,0.0027187973379648915
2022-04-21,Equity-Only Risk Parity,-0.01167176903121956
2022-04-22,Equity-Only Risk Parity,-0.021246935210223566
2022-04-25,Equity-Only Risk Parity,-0.0029116561782070198
2022-04-26,Equity-Only Risk Parity,-0.01794923251347133
2022-04-27,Equity-Only Risk Parity,0.0004314496656371142
2022-04-28,Equity-Only Risk Parity,0.015772041712458926
2022-04-29,Equity-Only Risk Parity,-0.03353314467518257
2022-05-02,Equity-Only Risk Parity,0.0015444876139909932
2022-05-03,Equity-Only Risk Parity,0.005268095584992468
2022-05-04,Equity-Only Risk Parity,0.02806833723428642
2022-05-05,Equity-Only Risk Parity,-0.02138449730944344
2022-05-06,Equity-Only Risk Parity,-0.0035572630488050205
2022-05-09,Equity-Only Risk Parity,-0.029232194522105397
2022-05-10,Equity-Only Risk Parity,-0.0061582794104064545
2022-05-11,Equity-Only Risk Parity,-0.0003931346925815322
2022-05-12,Equity-Only Risk Parity,0.0032722448328708132
2022-05-13,Equity-Only Risk Parity,0.017789810470121348
2022-05-16,Equity-Only Risk Parity,0.0029196826929231787
2022-05-17,Equity-Only Risk Parity,0.013987343612610677
2022-05-18,Equity-Only Risk Parity,-0.02516356374089961
2022-05-19,Equity-Only Risk Parity,-0.0018900941857487384
2022-05-20,Equity-Only Risk Parity,0.0026263800337516636
2022-05-23,Equity-Only Risk Parity,0.017489108910758635
2022-05-24,Equity-Only Risk Parity,0.0047550198004994125
2022-05-25,Equity-Only Risk Parity,0.0071159283162279974
2022-05-26,Equity-Only Risk Parity,0.010810856069506857
2022-05-27,Equity-Only Risk Parity,0.016867172672387153
2022-05-31,Equity-Only Risk Parity,-0.008187445953825763
2022-06-01,Equity-Only Risk Parity,-0.00514587954431496
2022-06-02,Equity-Only Risk Parity,0.011814725712284653
2022-06-03,Equity-Only Risk Parity,-0.007259639475598105
2022-06-06,Equity-Only Risk Parity,-0.0010155139175706959
2022-06-07,Equity-Only Risk Parity,0.009256233355497787
2022-06-08,Equity-Only Risk Parity,-0.012167990744297315
2022-06-09,Equity-Only Risk Parity,-0.022338915010931645
2022-06-10,Equity-Only Risk Parity,-0.020500896742880772
2022-06-13,Equity-Only Risk Parity,-0.03713404880554511
2022-06-14,Equity-Only Risk Parity,-0.009359987945149074
2022-06-15,Equity-Only Risk Parity,0.008421408160215006
2022-06-16,Equity-Only Risk Parity,-0.02271632443135345
2022-06-17,Equity-Only Risk Parity,-0.003825918619092116
2022-06-21,Equity-Only Risk Parity,0.021788967845317572
2022-06-22,Equity-Only Risk Parity,-0.0002753094566468945
2022-06-23,Equity-Only Risk Parity,0.006080055883697231
2022-06-24,Equity-Only Risk Parity,0.02412478816797463
2022-06-27,Equity-Only Risk Parity,-0.002221166411264869
2022-06-28,Equity-Only Risk Parity,-0.009291850940258473
2022-06-29,Equity-Only Risk Parity,-0.0026447296890089447
2022-06-30,Equity-Only Risk Parity,-0.006491891594592731
2022-07-01,Equity-Only Risk Parity,0.01306083146514625
2022-07-05,Equity-Only Risk Parity,-0.007174425023889245
2022-07-06,Equity-Only Risk Parity,0.00038025341171039916
2022-07-07,Equity-Only Risk Parity,0.009834647676011703
2022-07-08,Equity-Only Risk Parity,-0.0029598674783120824
2022-07-11,Equity-Only Risk Parity,-0.004810541508884842
2022-07-12,Equity-Only Risk Parity,-0.004417618428537336
2022-07-13,Equity-Only Risk Parity,-0.0036880634476747862
2022-07-14,Equity-Only Risk Parity,-0.004340266276201573
2022-07-15,Equity-Only Risk Parity,0.016445982399361753
2022-07-18,Equity-Only Risk Parity,-0.006241479543051607
2022-07-19,Equity-Only Risk Parity,0.022440440733145866
2022-07-20,Equity-Only Risk Parity,-0.0014047735236435985
2022-07-21,Equity-Only Risk Parity,0.003881584775381474
2022-07-22,Equity-Only Risk Parity,-0.0025548922787936115
2022-07-25,Equity-Only Risk Parity,0.0018672439738953092
2022-07-26,Equity-Only Risk Parity,-0.0029487690225638557
2022-07-27,Equity-Only Risk Parity,0.008551442742281486
2022-07-28,Equity-Only Risk Parity,0.009856377686279783
2022-07-29,Equity-Only Risk Parity,0.006987278208632183
2022-08-01,Equity-Only Risk Parity,-0.002612757347110834
2022-08-02,Equity-Only Risk Parity,-0.009137245132049986
2022-08-03,Equity-Only Risk Parity,0.006992441331323809
2022-08-04,Equity-Only Risk Parity,-0.0021858645649560117
2022-08-05,Equity-Only Risk Parity,0.0002811351884139954
2022-08-08,Equity-Only Risk Parity,0.0011493186703027216
2022-08-09,Equity-Only Risk Parity,0.0011403844674363166
2022-08-10,Equity-Only Risk Parity,0.014062037014643277
2022-08-11,Equity-Only Risk Parity,0.0035906582095618553
2022-08-12,Equity-Only Risk Parity,0.01457712805903649
2022-08-15,Equity-Only Risk Parity,0.005241110963197881
2022-08-16,Equity-Only Risk Parity,0.004427036468662115
2022-08-17,Equity-Only Risk Parity,-0.007252363968949526
2022-08-18,Equity-Only Risk Parity,0.0020273509871813625
2022-08-19,Equity-Only Risk Parity,-0.0067385746014572605
2022-08-22,Equity-Only Risk Parity,-0.017284084323229976
2022-08-23,Equity-Only Risk Parity,-0.0003743170266620392
2022-08-24,Equity-Only Risk Parity,0.001507845416581878
2022-08-25,Equity-Only Risk Parity,0.011483893810411022
2022-08-26,Equity-Only Risk Parity,-0.025274609073219937
2022-08-29,Equity-Only Risk Parity,-0.0036671095206253167
2022-08-30,Equity-Only Risk Parity,-0.012068394188724622
2022-08-31,Equity-Only Risk Parity,-0.006440127785897589
2022-09-01,Equity-Only Risk Parity,0.00394068995416934
2022-09-02,Equity-Only Risk Parity,-0.009889918258789772
2022-09-06,Equity-Only Risk Parity,-0.00331967333514889
2022-09-07,Equity-Only Risk Parity,0.016389514505585002
2022-09-08,Equity-Only Risk Parity,0.004132921623967144
2022-09-09,Equity-Only Risk Parity,0.01279045064717612
2022-09-12,Equity-Only Risk Parity,0.008509384929383487
2022-09-13,Equity-Only Risk Parity,-0.036547324752846236
2022-09-14,Equity-Only Risk Parity,0.003699618183940089
2022-09-15,Equity-Only Risk Parity,-0.014921859511935746
2022-09-16,Equity-Only Risk Parity,-0.004615956817804716
2022-09-19,Equity-Only Risk Parity,0.005355634644039906
2022-09-20,Equity-Only Risk Parity,-0.015048803540774858
2022-09-21,Equity-Only Risk Parity,-0.016277793588554107
2022-09-22,Equity-Only Risk Parity,-0.005513120806688882
2022-09-23,Equity-Only Risk Parity,-0.01992268232954846
2022-09-26,Equity-Only Risk Parity,-0.01514571308355829
2022-09-27,Equity-Only Risk Parity,-0.005236952290136673
2022-09-28,Equity-Only Risk Parity,0.020546878576680437
2022-09-29,Equity-Only Risk Parity,-0.019608505102963424
2022-09-30,Equity-Only Risk Parity,-0.01526316619057512
2022-10-03,Equity-Only Risk Parity,0.030340074956464992
2022-10-04,Equity-Only Risk Parity,0.02673063444361165
2022-10-05,Equity-Only Risk Parity,-0.004922424238320102
2022-10-06,Equity-Only Risk Parity,-0.013049659654564269
2022-10-07,Equity-Only Risk Parity,-0.02108208238633158
2022-10-10,Equity-Only Risk Parity,-0.0033945503350703457
2022-10-11,Equity-Only Risk Parity,-0.0005838322141999425
2022-10-12,Equity-Only Risk Parity,-0.007175108575547854
2022-10-13,Equity-Only Risk Parity,0.027912616091642445
2022-10-14,Equity-Only Risk Parity,-0.016200899427177486
2022-10-17,Equity-Only Risk Parity,0.018752635093981902
2022-10-18,Equity-Only Risk Parity,0.01224031882955879
2022-10-19,Equity-Only Risk Parity,-0.009295236866306612
2022-10-20,Equity-Only Risk Parity,-0.0045609996909676265
2022-10-21,Equity-Only Risk Parity,0.022251158888344943
2022-10-24,Equity-Only Risk Parity,0.009708210332829589
2022-10-25,Equity-Only Risk Parity,0.015097468817636933
2022-10-26,Equity-Only Risk Parity,0.007017032938987204
2022-10-27,Equity-Only Risk Parity,-3.252320072319063e-05
2022-10-28,Equity-Only Risk Parity,0.023584863342720905
2022-10-31,Equity-Only Risk Parity,-0.007105352864775904
2022-11-01,Equity-Only Risk Parity,0.0015934661628369269
2022-11-02,Equity-Only Risk Parity,-0.016700469738049666
2022-11-03,Equity-Only Risk Parity,-0.0034170556043254434
2022-11-04,Equity-Only Risk Parity,0.016605575596607754
2022-11-07,Equity-Only Risk Parity,0.0068050912887538334
2022-11-08,Equity-Only Risk Parity,0.00739538345450011
2022-11-09,Equity-Only Risk Parity,-0.01879232338218583
2022-11-10,Equity-Only Risk Parity,0.044140225702124385
2022-11-11,Equity-Only Risk Parity,0.0076615903526713585
2022-11-14,Equity-Only Risk Parity,-0.008557282906670731
2022-11-15,Equity-Only Risk Parity,0.00893771804449485
2022-11-16,Equity-Only Risk Parity,-0.007474146322490811
2022-11-17,Equity-Only Risk Parity,-0.00198735151085609
2022-11-18,Equity-Only Risk Parity,0.006464638694277568
2022-11-21,Equity-Only Risk Parity,0.0019675783719210935
2022-11-22,Equity-Only Risk Parity,0.013312915619650917
2022-11-23,Equity-Only Risk Parity,0.0029162364369523675
2022-11-25,Equity-Only Risk Parity,0.0014273031266604616
2022-11-28,Equity-Only Risk Parity,-0.0167734674973894
2022-11-29,Equity-Only Risk Parity,0.003876219733099392
2022-11-30,Equity-Only Risk Parity,0.02210132944438259
2022-12-01,Equity-Only Risk Parity,0.00015599805208299446
2022-12-02,Equity-Only Risk Parity,0.0017865408463329112
2022-12-05,Equity-Only Risk Parity,-0.015640099031995005
2022-12-06,Equity-Only Risk Parity,-0.010368150289908706
2022-12-07,Equity-Only Risk Parity,-0.0001508095406147722
2022-12-08,Equity-Only Risk Parity,0.0058570109693394535
2022-12-09,Equity-Only Risk Parity,-0.010538091332833207
2022-12-12,Equity-Only Risk Parity,0.015199914080981055
2022-12-13,Equity-Only Risk Parity,0.007354500878853136
2022-12-14,Equity-Only Risk Parity,-0.006981885419045274
2022-12-15,Equity-Only Risk Parity,-0.019658219007493385
2022-12-16,Equity-Only Risk Parity,-0.008984833417535637
2022-12-19,Equity-Only Risk Parity,-0.0055504508469342885
2022-12-20,Equity-Only Risk Parity,0.0026363839736777174
2022-12-21,Equity-Only Risk Parity,0.015903110170973664
2022-12-22,Equity-Only Risk Parity,-0.008990519739602236
2022-12-23,Equity-Only Risk Parity,0.0073232216681759655
2022-12-27,Equity-Only Risk Parity,0.0016080250303869028
2022-12-28,Equity-Only Risk Parity,-0.01218091138438316
2022-12-29,Equity-Only Risk Parity,0.011791854237891908
2022-12-30,Equity-Only Risk Parity,-0.002001857819724164
2023-01-03,Equity-Only Risk Parity,0.002796090341091572
2023-01-04,Equity-Only Risk Parity,0.016401751678743377
2023-01-05,Equity-Only Risk Parity,-0.005468259845369312
2023-01-06,Equity-Only Risk Parity,0.021701289113741203
2023-01-09,Equity-Only Risk Parity,-0.0033306367022649507
2023-01-10,Equity-Only Risk Parity,0.006538780866248232
2023-01-11,Equity-Only Risk Parity,0.008308003709087209
2023-01-12,Equity-Only Risk Parity,0.004361867848119955
2023-01-13,Equity-Only Risk Parity,0.0031149557843590326
2023-01-17,Equity-Only Risk Parity,-0.00525068206213746
2023-01-18,Equity-Only Risk Parity,-0.016778470604546077
2023-01-19,Equity-Only Risk Parity,-0.006002915283908011
2023-01-20,Equity-Only Risk Parity,0.012962956876614085
2023-01-23,Equity-Only Risk Parity,0.008050764197202976
2023-01-24,Equity-Only Risk Parity,-0.0025842768206176753
2023-01-25,Equity-Only Risk Parity,0.001821726650760337
2023-01-26,Equity-Only Risk Parity,0.005964455457206228
2023-01-27,Equity-Only Risk Parity,-0.0017769656344713114
2023-01-30,Equity-Only Risk Parity,-0.00799924294772932
2023-01-31,Equity-Only Risk Parity,0.011228567746646694
2023-02-01,Equity-Only Risk Parity,0.0020917612339318176
2023-02-02,Equity-Only Risk Parity,-0.0025802322947611556
2023-02-03,Equity-Only Risk Parity,-0.011872921213863167
2023-02-06,Equity-Only Risk Parity,-0.0032142946279559367
2023-02-07,Equity-Only Risk Parity,0.00916756010745708
2023-02-08,Equity-Only Risk Parity,-0.009201247514900118
2023-02-09,Equity-Only Risk Parity,-0.0085043528458692
2023-02-10,Equity-Only Risk Parity,0.009651437226213436
2023-02-13,Equity-Only Risk Parity,0.008230882407029329
2023-02-14,Equity-Only Risk Parity,-0.00296835079241303
2023-02-15,Equity-Only Risk Parity,0.000275346034522956
2023-02-16,Equity-Only Risk Parity,-0.012647468863962045
2023-02-17,Equity-Only Risk Parity,0.0008922318468086137
2023-02-21,Equity-Only Risk Parity,-0.015053227641554116
2023-02-22,Equity-Only Risk Parity,-0.005591674900199593
2023-02-23,Equity-Only Risk Parity,0.0030593846631037664
2023-02-24,Equity-Only Risk Parity,-0.008372496592652899
2023-02-27,Equity-Only Risk Parity,0.0011061126437319287
2023-02-28,Equity-Only Risk Parity,-0.005524205384958819
2023-03-01,Equity-Only Risk Parity,-0.0015756098076839004
2023-03-02,Equity-Only Risk Parity,0.01058991395561795
2023-03-03,Equity-Only Risk Parity,0.01194628569152487
2023-03-06,Equity-Only Risk Parity,0.00011887543502562257
2023-03-07,Equity-Only Risk Parity,-0.01655737799589284
2023-03-08,Equity-Only Risk Parity,0.0007828018729591061
2023-03-09,Equity-Only Risk Parity,-0.01620321347635559
2023-03-10,Equity-Only Risk Parity,-0.011303641455586499
2023-03-13,Equity-Only Risk Parity,-0.0014869683221910104
2023-03-14,Equity-Only Risk Parity,0.012725672263995007
2023-03-15,Equity-Only Risk Parity,-0.007009682916315511
2023-03-16,Equity-Only Risk Parity,0.010477952536450275
2023-03-17,Equity-Only Risk Parity,-0.01266622979043336
2023-03-20,Equity-Only Risk Parity,0.012060387282249087
2023-03-21,Equity-Only Risk Parity,0.006034472901436298
2023-03-22,Equity-Only Risk Parity,-0.019292214950453655
2023-03-23,Equity-Only Risk Parity,0.0011476896552092245
2023-03-24,Equity-Only Risk Parity,0.009801674627807191
2023-03-27,Equity-Only Risk Parity,0.004764799386991522
2023-03-28,Equity-Only Risk Parity,0.0015475174637126087
2023-03-29,Equity-Only Risk Parity,0.013649056972347444
2023-03-30,Equity-Only Risk Parity,0.0043114875235217755
2023-03-31,Equity-Only Risk Parity,0.011693152938645198
2023-04-03,Equity-Only Risk Parity,0.007557032751745947
2023-04-04,Equity-Only Risk Parity,-0.0033037375269222955
2023-04-05,Equity-Only Risk Parity,0.0069198982244061125
2023-04-06,Equity-Only Risk Parity,0.00023693764610731305
2023-04-10,Equity-Only Risk Parity,0.002033832037607152
2023-04-11,Equity-Only Risk Parity,0.002247034400420827
2023-04-12,Equity-Only Risk Parity,-0.0013380318486913099
2023-04-13,Equity-Only Risk Parity,0.007336853579489844
2023-04-14,Equity-Only Risk Parity,-0.005950226894387376
2023-04-17,Equity-Only Risk Parity,0.004459271557093695
2023-04-18,Equity-Only Risk Parity,-0.0005125936982647355
2023-04-19,Equity-Only Risk Parity,0.002185418235111465
2023-04-20,Equity-Only Risk Parity,-0.006898168876587901
2023-04-21,Equity-Only Risk Parity,0.0007899297841207312
2023-04-24,Equity-Only Risk Parity,0.001866143649276896
2023-04-25,Equity-Only Risk Parity,-0.01157778440712549
2023-04-26,Equity-Only Risk Parity,-0.014222598131793702
2023-04-27,Equity-Only Risk Parity,0.012388357576184207
2023-04-28,Equity-Only Risk Parity,0.007194092876607131
2023-05-01,Equity-Only Risk Parity,-0.002699242528025359
2023-05-02,Equity-Only Risk Parity,-0.015360547256279186
2023-05-03,Equity-Only Risk Parity,-0.010719958706152468
2023-05-04,Equity-Only Risk Parity,-0.0038974820559465923
2023-05-05,Equity-Only Risk Parity,0.015388063886031113
2023-05-08,Equity-Only Risk Parity,-0.001076161497560252
2023-05-09,Equity-Only Risk Parity,-0.004116851371426067
2023-05-10,Equity-Only Risk Parity,-0.001425758716490796
2023-05-11,Equity-Only Risk Parity,-0.007751288180301381
2023-05-12,Equity-Only Risk Parity,-0.00014174208588055263
2023-05-15,Equity-Only Risk Parity,0.0024650450677293633
2023-05-16,Equity-Only Risk Parity,-0.01641825392788921
2023-05-17,Equity-Only Risk Parity,0.008985193480635135
2023-05-18,Equity-Only Risk Parity,0.003522076400742222
2023-05-19,Equity-Only Risk Parity,-0.001479063113854711
2023-05-22,Equity-Only Risk Parity,-0.00034655550586771547
2023-05-23,Equity-Only Risk Parity,-0.006847926419851072
2023-05-24,Equity-Only Risk Parity,-0.00880538773897078
2023-05-25,Equity-Only Risk Parity,-0.005457552337219765
2023-05-26,Equity-Only Risk Parity,0.005785979720632471
2023-05-30,Equity-Only Risk Parity,-0.002826532760441301
2023-05-31,Equity-Only Risk Parity,-0.001586627570628398
2023-06-01,Equity-Only Risk Parity,0.0029254759227853363
2023-06-02,Equity-Only Risk Parity,0.01751318735022865
2023-06-05,Equity-Only Risk Parity,-0.003963015187659923
2023-06-06,Equity-Only Risk Parity,0.0013663722908862843
2023-06-07,Equity-Only Risk Parity,0.007710284721432497
2023-06-08,Equity-Only Risk Parity,0.00481455847486807
2023-06-09,Equity-Only Risk Parity,-0.0027342791783938666
2023-06-12,Equity-Only Risk Parity,0.003220680397007577
2023-06-13,Equity-Only Risk Parity,0.006173222714900216
2023-06-14,Equity-Only Risk Parity,-0.0005586449241089966
2023-06-15,Equity-Only Risk Parity,0.010579290532062207
2023-06-16,Equity-Only Risk Parity,0.0012487361400881649
2023-06-20,Equity-Only Risk Parity,-0.011532983670260084
2023-06-21,Equity-Only Risk Parity,-0.0017567588500827108
2023-06-22,Equity-Only Risk Parity,-0.0032606015818548197
2023-06-23,Equity-Only Risk Parity,-0.0073166239615205415
2023-06-26,Equity-Only Risk Parity,0.006206194565606156
2023-06-27,Equity-Only Risk Parity,0.005064178430196156
2023-06-28,Equity-Only Risk Parity,-0.002329551609648684
2023-06-29,Equity-Only Risk Parity,0.005542856082624746
2023-06-30,Equity-Only Risk Parity,0.008526156779066795
2023-07-03,Equity-Only Risk Parity,0.005327713476545976
2023-07-05,Equity-Only Risk Parity,-0.0024849738913097813
2023-07-06,Equity-Only Risk Parity,-0.011634986865410103
2023-07-07,Equity-Only Risk Parity,-0.0022804604164165395
2023-07-10,Equity-Only Risk Parity,0.004298341021238098
2023-07-11,Equity-Only Risk Parity,0.012838702038693294
2023-07-12,Equity-Only Risk Parity,0.006788515800324184
2023-07-13,Equity-Only Risk Parity,0.004327791609756543
2023-07-14,Equity-Only Risk Parity,-0.004862213357496357
2023-07-17,Equity-Only Risk Parity,-0.005100980886501332
2023-07-18,Equity-Only Risk Parity,0.004682991209050062
2023-07-19,Equity-Only Risk Parity,0.006358640370544731
2023-07-20,Equity-Only Risk Parity,0.005038938701775688
2023-07-21,Equity-Only Risk Parity,0.005852149616555646
2023-07-24,Equity-Only Risk Parity,0.00401513067443482
2023-07-25,Equity-Only Risk Parity,0.002012866313603203
2023-07-26,Equity-Only Risk Parity,0.0019188399008680634
2023-07-27,Equity-Only Risk Parity,-0.005031664986032799
2023-07-28,Equity-Only Risk Parity,0.0033356263666361923
2023-07-31,Equity-Only Risk Parity,0.002412971037465854
2023-08-01,Equity-Only Risk Parity,-0.004903682455901548
2023-08-02,Equity-Only Risk Parity,-0.01143969580581855
2023-08-03,Equity-Only Risk Parity,-0.005792731994670352
2023-08-04,Equity-Only Risk Parity,-0.0023639755905453808
2023-08-07,Equity-Only Risk Parity,0.008927022612705176
2023-08-08,Equity-Only Risk Parity,-0.0024606814297173443
2023-08-09,Equity-Only Risk Parity,-0.00048691177370445654
2023-08-10,Equity-Only Risk Parity,0.000850982258715645
2023-08-11,Equity-Only Risk Parity,0.002977133190353199
2023-08-14,Equity-Only Risk Parity,0.00060334551220884
2023-08-15,Equity-Only Risk Parity,-0.011689755376671874
2023-08-16,Equity-Only Risk Parity,-0.006851264454811833
2023-08-17,Equity-Only Risk Parity,-0.004787349596332785
2023-08-18,Equity-Only Risk Parity,0.0016549507010747589
2023-08-21,Equity-Only Risk Parity,-0.001388556504852278
2023-08-22,Equity-Only Risk Parity,-0.004590228280816865
2023-08-23,Equity-Only Risk Parity,0.007403127336637091
2023-08-24,Equity-Only Risk Parity,-0.011058539591736114
2023-08-25,Equity-Only Risk Parity,0.004670990259519616
2023-08-28,Equity-Only Risk Parity,0.0069050858457936634
2023-08-29,Equity-Only Risk Parity,0.010907143144726617
2023-08-30,Equity-Only Risk Parity,0.0014065252558987937
2023-08-31,Equity-Only Risk Parity,-0.00419253313757121
2023-09-01,Equity-Only Risk Parity,0.003069850817118792
2023-09-05,Equity-Only Risk Parity,-0.009775299126444176
2023-09-06,Equity-Only Risk Parity,-0.004018673174528165
2023-09-07,Equity-Only Risk Parity,0.0023098573425293606
2023-09-08,Equity-Only Risk Parity,0.003838292006352913
2023-09-11,Equity-Only Risk Parity,0.0033326212123601217
2023-09-12,Equity-Only Risk Parity,0.0017524397253604997
2023-09-13,Equity-Only Risk Parity,-1.359240500124466e-05
2023-09-14,Equity-Only Risk Parity,0.012359740629818006
2023-09-15,Equity-Only Risk Parity,-0.009245566866061346
2023-09-18,Equity-Only Risk Parity,3.412509147568974e-05
2023-09-19,Equity-Only Risk Parity,-0.0032913273092485444
2023-09-20,Equity-Only Risk Parity,-0.0031220153037227302
2023-09-21,Equity-Only Risk Parity,-0.01699236997574715
2023-09-22,Equity-Only Risk Parity,-0.0032170614925338846
2023-09-25,Equity-Only Risk Parity,0.0013651134405374091
2023-09-26,Equity-Only Risk Parity,-0.011331516692397967
2023-09-27,Equity-Only Risk Parity,-0.0032460970711836526
2023-09-28,Equity-Only Risk Parity,0.002651246703807616
2023-09-29,Equity-Only Risk Parity,-0.0022854335494180704
2023-10-02,Equity-Only Risk Parity,-0.0146433339887981
2023-10-03,Equity-Only Risk Parity,-0.00795125876600319
2023-10-04,Equity-Only Risk Parity,0.0021579961512000582
2023-10-05,Equity-Only Risk Parity,-0.002485193823444856
2023-10-06,Equity-Only Risk Parity,0.009505199906951414
2023-10-09,Equity-Only Risk Parity,0.008682673277150572
2023-10-10,Equity-Only Risk Parity,0.008091627008478902
2023-10-11,Equity-Only Risk Parity,0.0035649918485051997
2023-10-12,Equity-Only Risk Parity,-0.007950308326532325
2023-10-13,Equity-Only Risk Parity,0.0022647365150007407
2023-10-16,Equity-Only Risk Parity,0.0094398992380656
2023-10-17,Equity-Only Risk Parity,0.0028228584761427165
2023-10-18,Equity-Only Risk Parity,-0.012672473130029798
2023-10-19,Equity-Only Risk Parity,-0.00913559356462179
2023-10-20,Equity-Only Risk Parity,-0.007186286461434498
2023-10-23,Equity-Only Risk Parity,-0.006528441328967084
2023-10-24,Equity-Only Risk Parity,0.011008221903480706
2023-10-25,Equity-Only Risk Parity,-0.009870253517853898
2023-10-26,Equity-Only Risk Parity,-0.0016986971925757079
2023-10-27,Equity-Only Risk Parity,-0.012129108235243848
2023-10-30,Equity-Only Risk Parity,0.009278507444122827
2023-10-31,Equity-Only Risk Parity,0.005213867841713465
2023-11-01,Equity-Only Risk Parity,0.004904252947193845
2023-11-02,Equity-Only Risk Parity,0.023463728552943333
2023-11-03,Equity-Only Risk Parity,0.010667589181009107
2023-11-06,Equity-Only Risk Parity,-0.003976247900771165
2023-11-07,Equity-Only Risk Parity,-0.003498540263575919
2023-11-08,Equity-Only Risk Parity,-0.0016989406493001578
2023-11-09,Equity-Only Risk Parity,-0.009896196105054402
2023-11-10,Equity-Only Risk Parity,0.009189397397916669
2023-11-13,Equity-Only Risk Parity,-0.0006043097675050067
2023-11-14,Equity-Only Risk Parity,0.021510254319633472
2023-11-15,Equity-Only Risk Parity,0.004661185122652235
2023-11-16,Equity-Only Risk Parity,-0.0005937119979790698
2023-11-17,Equity-Only Risk Parity,0.0024418203625695516
2023-11-20,Equity-Only Risk Parity,0.004233463486805939
2023-11-21,Equity-Only Risk Parity,-0.0012766153411908454
2023-11-22,Equity-Only Risk Parity,0.0014687864054761406
2023-11-24,Equity-Only Risk Parity,0.0025980160039122758
2023-11-27,Equity-Only Risk Parity,0.0003612891997768704
2023-11-28,Equity-Only Risk Parity,0.0018351708220149922
2023-11-29,Equity-Only Risk Parity,0.0036852591878911312
2023-11-30,Equity-Only Risk Parity,0.007227243846782912
2023-12-01,Equity-Only Risk Parity,0.008711405104380357
2023-12-04,Equity-Only Risk Parity,-0.0007932706910494074
2023-12-05,Equity-Only Risk Parity,-0.003937025446741913
2023-12-06,Equity-Only Risk Parity,-0.0003557087901868432
2023-12-07,Equity-Only Risk Parity,0.0028829836988538133
2023-12-08,Equity-Only Risk Parity,0.0023382464396097744
2023-12-11,Equity-Only Risk Parity,0.006571786552459321
2023-12-12,Equity-Only Risk Parity,0.0009806912215830454
2023-12-13,Equity-Only Risk Parity,0.02019891897081179
2023-12-14,Equity-Only Risk Parity,0.01063599855486312
2023-12-15,Equity-Only Risk Parity,-0.003918478197939811
2023-12-18,Equity-Only Risk Parity,-0.00034134740165374627
2023-12-19,Equity-Only Risk Parity,0.007235403758875222
2023-12-20,Equity-Only Risk Parity,-0.014123440264289822
2023-12-21,Equity-Only Risk Parity,0.007665253246683972
2023-12-22,Equity-Only Risk Parity,0.0032494990131243014
2023-12-26,Equity-Only Risk Parity,0.005293754214057677
2023-12-27,Equity-Only Risk Parity,0.0016730602797751935
2023-12-28,Equity-Only Risk Parity,0.0014717881653204
2023-12-29,Equity-Only Risk Parity,-0.0022808414258200654
2021-01-04,Equity-Only Min-CVaR,-0.003368692552502637
2021-01-05,Equity-Only Min-CVaR,0.003471813348520801
2021-01-06,Equity-Only Min-CVaR,0.0055049477153316945
2021-01-07,Equity-Only Min-CVaR,0.0072245168790594115
2021-01-08,Equity-Only Min-CVaR,-0.0016236470868441879
2021-01-11,Equity-Only Min-CVaR,-0.002966361610261447
2021-01-12,Equity-Only Min-CVaR,-0.007132251905066162
2021-01-13,Equity-Only Min-CVaR,-0.0005776934044547859
2021-01-14,Equity-Only Min-CVaR,0.0021864993199222347
2021-01-15,Equity-Only Min-CVaR,0.0017891546993953236
2021-01-19,Equity-Only Min-CVaR,0.011374162680508377
2021-01-20,Equity-Only Min-CVaR,0.015152191303295929
2021-01-21,Equity-Only Min-CVaR,-0.006514577213442884
2021-01-22,Equity-Only Min-CVaR,-0.0007957373995395356
2021-01-25,Equity-Only Min-CVaR,0.006004824989127044
2021-01-26,Equity-Only Min-CVaR,-0.0016472371976211332
2021-01-27,Equity-Only Min-CVaR,-0.013809574470056481
2021-01-28,Equity-Only Min-CVaR,0.004807802822764509
2021-01-29,Equity-Only Min-CVaR,-0.00563659851088243
2021-02-01,Equity-Only Min-CVaR,0.0009196710784234274
2021-02-02,Equity-Only Min-CVaR,0.0056296439739231315
2021-02-03,Equity-Only Min-CVaR,-0.01071791917073382
2021-02-04,Equity-Only Min-CVaR,-0.0003884304042301532
2021-02-05,Equity-Only Min-CVaR,0.01639295531550395
2021-02-08,Equity-Only Min-CVaR,0.005701985818743026
2021-02-09,Equity-Only Min-CVaR,-0.002874319612385738
2021-02-10,Equity-Only Min-CVaR,-0.003689470444917329
2021-02-11,Equity-Only Min-CVaR,-0.004365657606196081
2021-02-12,Equity-Only Min-CVaR,0.005498467931990744
2021-02-16,Equity-Only Min-CVaR,-0.011318240060492268
2021-02-17,Equity-Only Min-CVaR,0.004336062960996965
2021-02-18,Equity-Only Min-CVaR,-0.004527118825034702
2021-02-19,Equity-Only Min-CVaR,-0.009220846438281164
2021-02-22,Equity-Only Min-CVaR,-0.0028335347150082093
2021-02-23,Equity-Only Min-CVaR,-0.006812078553555909
2021-02-24,Equity-Only Min-CVaR,-0.0016999943138526305
2021-02-25,Equity-Only Min-CVaR,-0.0098492722634313
2021-02-26,Equity-Only Min-CVaR,-0.018226720765648838
2021-03-01,Equity-Only Min-CVaR,0.011186081517752204
2021-03-02,Equity-Only Min-CVaR,0.005801414864853542
2021-03-03,Equity-Only Min-CVaR,-0.011968482742462042
2021-03-04,Equity-Only Min-CVaR,-0.007395470520105026
2021-03-05,Equity-Only Min-CVaR,0.014272849520302605
2021-03-08,Equity-Only Min-CVaR,-0.007965313316809927
2021-03-09,Equity-Only Min-CVaR,0.00880489106267433
2021-03-10,Equity-Only Min-CVaR,0.004439081046182299
2021-03-11,Equity-Only Min-CVaR,0.003907897862358356
2021-03-12,Equity-Only Min-CVaR,0.002736888389607284
2021-03-15,Equity-Only Min-CVaR,0.011153499129445198
2021-03-16,Equity-Only Min-CVaR,0.006217932759032942
2021-03-17,Equity-Only Min-CVaR,-0.0015726399220899652
2021-03-18,Equity-Only Min-CVaR,-0.004511724620673527
2021-03-19,Equity-Only Min-CVaR,0.0009188270985451052
2021-03-22,Equity-Only Min-CVaR,0.00768893625343319
2021-03-23,Equity-Only Min-CVaR,-0.0012363294621779227
2021-03-24,Equity-Only Min-CVaR,-0.005561158803490011
2021-03-25,Equity-Only Min-CVaR,0.0023562746466354676
2021-03-26,Equity-Only Min-CVaR,0.0187204286771687
2021-03-29,Equity-Only Min-CVaR,0.009973142653484054
2021-03-30,Equity-Only Min-CVaR,-0.009657561635804005
2021-03-31,Equity-Only Min-CVaR,-0.0015719968575533957
2021-04-01,Equity-Only Min-CVaR,0.010886351621776171
2021-04-05,Equity-Only Min-CVaR,0.01180563489585609
2021-04-06,Equity-Only Min-CVaR,6.387460170699814e-05
2021-04-07,Equity-Only Min-CVaR,-0.002333303174230043
2021-04-08,Equity-Only Min-CVaR,-0.0011632183870180209
2021-04-09,Equity-Only Min-CVaR,0.004611033188063718
2021-04-12,Equity-Only Min-CVaR,0.0003005357095130733
2021-04-13,Equity-Only Min-CVaR,0.005125532851353215
2021-04-14,Equity-Only Min-CVaR,-0.004248121046189105
2021-04-15,Equity-Only Min-CVaR,0.0124533616447602
2021-04-16,Equity-Only Min-CVaR,0.002163612880039227
2021-04-19,Equity-Only Min-CVaR,-0.0031053478296409927
2021-04-20,Equity-Only Min-CVaR,0.0061358208886405224
2021-04-21,Equity-Only Min-CVaR,0.0047037347038770844
2021-04-22,Equity-Only Min-CVaR,-0.0023864535948178688
2021-04-23,Equity-Only Min-CVaR,0.0018168806443212403
2021-04-26,Equity-Only Min-CVaR,-0.006273689821053099
2021-04-27,Equity-Only Min-CVaR,0.0028624721163090262
2021-04-28,Equity-Only Min-CVaR,0.0012864600339099956
2021-04-29,Equity-Only Min-CVaR,0.0021104443234099234
2021-04-30,Equity-Only Min-CVaR,-0.0018141747543413322
2021-05-03,Equity-Only Min-CVaR,0.012384824370192674
2021-05-04,Equity-Only Min-CVaR,-0.0034804340419957052
2021-05-05,Equity-Only Min-CVaR,0.006623397866330733
2021-05-06,Equity-Only Min-CVaR,0.007248684072623071
2021-05-07,Equity-Only Min-CVaR,0.00431230338426603
2021-05-10,Equity-Only Min-CVaR,0.0041844726834170285
2021-05-11,Equity-Only Min-CVaR,-0.0068043017217237255
2021-05-12,Equity-Only Min-CVaR,-0.012245061008247016
2021-05-13,Equity-Only Min-CVaR,0.012779791427837993
2021-05-14,Equity-Only Min-CVaR,0.0063695758049631835
2021-05-17,Equity-Only Min-CVaR,0.007620908049377274
2021-05-18,Equity-Only Min-CVaR,-0.002590012782655012
2021-05-19,Equity-Only Min-CVaR,0.0033185538757593315
2021-05-20,Equity-Only Min-CVaR,0.009635838294190045
2021-05-21,Equity-Only Min-CVaR,-0.0047105118486527936
2021-05-24,Equity-Only Min-CVaR,-9.110693291906563e-06
2021-05-25,Equity-Only Min-CVaR,-0.00722729173931369
2021-05-26,Equity-Only Min-CVaR,0.0005290878280769318
2021-05-27,Equity-Only Min-CVaR,-0.0044733793237152295
2021-05-28,Equity-Only Min-CVaR,0.003044344963126368
2021-06-01,Equity-Only Min-CVaR,-0.009009761539994221
2021-06-02,Equity-Only Min-CVaR,-0.0018880588812918593
2021-06-03,Equity-Only Min-CVaR,0.002991897155786826
2021-06-04,Equity-Only Min-CVaR,0.0076806473730398565
2021-06-07,Equity-Only Min-CVaR,-0.0013990953135379828
2021-06-08,Equity-Only Min-CVaR,-0.005521538114884393
2021-06-09,Equity-Only Min-CVaR,0.0015208910861205644
2021-06-10,Equity-Only Min-CVaR,0.01103586023562544
2021-06-11,Equity-Only Min-CVaR,-0.0008638427735879222
2021-06-14,Equity-Only Min-CVaR,-0.0020269372045552555
2021-06-15,Equity-Only Min-CVaR,-0.0063026003059636695
2021-06-16,Equity-Only Min-CVaR,-0.010617856434484551
2021-06-17,Equity-Only Min-CVaR,-0.00761346557803984
2021-06-18,Equity-Only Min-CVaR,-0.008473550069009166
2021-06-21,Equity-Only Min-CVaR,0.01261077718954884
2021-06-22,Equity-Only Min-CVaR,-0.0008217127922755579
2021-06-23,Equity-Only Min-CVaR,-0.006718704793593919
2021-06-24,Equity-Only Min-CVaR,0.006035123421966262
2021-06-25,Equity-Only Min-CVaR,0.00680412373176126
2021-06-28,Equity-Only Min-CVaR,0.0037830851003521184
2021-06-29,Equity-Only Min-CVaR,0.000902073654670001
2021-06-30,Equity-Only Min-CVaR,0.0061114325210216685
2021-07-01,Equity-Only Min-CVaR,0.003390118613870831
2021-07-02,Equity-Only Min-CVaR,0.004745809235163092
2021-07-06,Equity-Only Min-CVaR,-0.0030206310009535707
2021-07-07,Equity-Only Min-CVaR,0.0037443154289143357
2021-07-08,Equity-Only Min-CVaR,-0.007758184321125529
2021-07-09,Equity-Only Min-CVaR,0.006820555925282729
2021-07-12,Equity-Only Min-CVaR,-0.000660209159414173
2021-07-13,Equity-Only Min-CVaR,-0.00022294757902429014
2021-07-14,Equity-Only Min-CVaR,0.0025510976618291653
2021-07-15,Equity-Only Min-CVaR,-0.00013903442330545266
2021-07-16,Equity-Only Min-CVaR,-0.002401201121642587
2021-07-19,Equity-Only Min-CVaR,-0.009458635212589668
2021-07-20,Equity-Only Min-CVaR,0.004595075442416192
2021-07-21,Equity-Only Min-CVaR,-0.0015138076117101557
2021-07-22,Equity-Only Min-CVaR,0.0011639059809251994
2021-07-23,Equity-Only Min-CVaR,0.007725670093986384
2021-07-26,Equity-Only Min-CVaR,-0.0005964133697083544
2021-07-27,Equity-Only Min-CVaR,-0.006942098605191228
2021-07-28,Equity-Only Min-CVaR,0.0028805234974262845
2021-07-29,Equity-Only Min-CVaR,-0.0010155054889379638
2021-07-30,Equity-Only Min-CVaR,-0.002644408811099627
2021-08-02,Equity-Only Min-CVaR,-0.0030527540955829595
2021-08-03,Equity-Only Min-CVaR,3.291702400506566e-07
2021-08-04,Equity-Only Min-CVaR,-0.008867070826234353
2021-08-05,Equity-Only Min-CVaR,-0.0004591726369151998
2021-08-06,Equity-Only Min-CVaR,-0.0035632335295497806
2021-08-09,Equity-Only Min-CVaR,-6.407334528006582e-05
2021-08-10,Equity-Only Min-CVaR,0.003978651226316358
2021-08-11,Equity-Only Min-CVaR,0.005594406680820827
2021-08-12,Equity-Only Min-CVaR,0.00440382020584477
2021-08-13,Equity-Only Min-CVaR,0.0030831205411368874
2021-08-16,Equity-Only Min-CVaR,0.008960696729544861
2021-08-17,Equity-Only Min-CVaR,0.00593367448371382
2021-08-18,Equity-Only Min-CVaR,-0.013224576839355707
2021-08-19,Equity-Only Min-CVaR,0.002143807448878819
2021-08-20,Equity-Only Min-CVaR,0.0030956104059327357
2021-08-23,Equity-Only Min-CVaR,0.00364789243973254
2021-08-24,Equity-Only Min-CVaR,-0.0037871445975352605
2021-08-25,Equity-Only Min-CVaR,-0.005144112900738381
2021-08-26,Equity-Only Min-CVaR,-0.0034016122436471407
2021-08-27,Equity-Only Min-CVaR,0.0025535288184095548
2021-08-30,Equity-Only Min-CVaR,0.002930318302335442
2021-08-31,Equity-Only Min-CVaR,0.005384652254835016
2021-09-01,Equity-Only Min-CVaR,-0.005725589238664789
2021-09-02,Equity-Only Min-CVaR,0.004494835744469268
2021-09-03,Equity-Only Min-CVaR,-0.0001345613540528665
2021-09-07,Equity-Only Min-CVaR,-0.01722289255243975
2021-09-08,Equity-Only Min-CVaR,0.004165677950893904
2021-09-09,Equity-Only Min-CVaR,-0.01433030506808832
2021-09-10,Equity-Only Min-CVaR,-0.0025039549391279005
2021-09-13,Equity-Only Min-CVaR,-0.0016570326572498619
2021-09-14,Equity-Only Min-CVaR,-0.005073782071417399
2021-09-15,Equity-Only Min-CVaR,0.0009838743353518791
2021-09-16,Equity-Only Min-CVaR,-0.008030835789575957
2021-09-17,Equity-Only Min-CVaR,-0.007285246090376768
2021-09-20,Equity-Only Min-CVaR,-0.011015684275085976
2021-09-21,Equity-Only Min-CVaR,-0.003335396051678985
2021-09-22,Equity-Only Min-CVaR,-0.0027106617838525086
2021-09-23,Equity-Only Min-CVaR,0.00439683309452627
2021-09-24,Equity-Only Min-CVaR,0.00030044990490614833
2021-09-27,Equity-Only Min-CVaR,-0.0016622136672048214
2021-09-28,Equity-Only Min-CVaR,-0.00047100147555293777
2021-09-29,Equity-Only Min-CVaR,0.010501563964786603
2021-09-30,Equity-Only Min-CVaR,-0.0037630821515667254
2021-10-01,Equity-Only Min-CVaR,0.009758977073278618
2021-10-04,Equity-Only Min-CVaR,-0.0006894085382507099
2021-10-05,Equity-Only Min-CVaR,0.003100444373118505
2021-10-06,Equity-Only Min-CVaR,0.0006511097420866066
2021-10-07,Equity-Only Min-CVaR,0.01160028036158655
2021-10-08,Equity-Only Min-CVaR,0.00029511264444390486
2021-10-11,Equity-Only Min-CVaR,-0.0063470032447575766
2021-10-12,Equity-Only Min-CVaR,-0.0016684283009708542
2021-10-13,Equity-Only Min-CVaR,0.0033552583342920956
2021-10-14,Equity-Only Min-CVaR,0.009358506341938818
2021-10-15,Equity-Only Min-CVaR,-0.0010780451735661338
2021-10-18,Equity-Only Min-CVaR,-0.005306945546353464
2021-10-19,Equity-Only Min-CVaR,0.01040701304309166
2021-10-20,Equity-Only Min-CVaR,0.009642860071333626
2021-10-21,Equity-Only Min-CVaR,0.008460909855540408
2021-10-22,Equity-Only Min-CVaR,0.0031999742414577743
2021-10-25,Equity-Only Min-CVaR,0.005076331795323937
2021-10-26,Equity-Only Min-CVaR,0.0017089557832167617
2021-10-27,Equity-Only Min-CVaR,-0.011032023516487726
2021-10-28,Equity-Only Min-CVaR,0.011208099030194919
2021-10-29,Equity-Only Min-CVaR,0.0021908811386754956
2021-11-01,Equity-Only Min-CVaR,0.004334316066035823
2021-11-02,Equity-Only Min-CVaR,0.005217760715700292
2021-11-03,Equity-Only Min-CVaR,0.003107812887572067
2021-11-04,Equity-Only Min-CVaR,0.005095807974483151
2021-11-05,Equity-Only Min-CVaR,-0.01607831274444627
2021-11-08,Equity-Only Min-CVaR,-0.003692903304606712
2021-11-09,Equity-Only Min-CVaR,0.0027499226264206308
2021-11-10,Equity-Only Min-CVaR,0.004530605113722758
2021-11-11,Equity-Only Min-CVaR,0.003031322583039247
2021-11-12,Equity-Only Min-CVaR,0.003587741643730765
2021-11-15,Equity-Only Min-CVaR,-0.007865118098144098
2021-11-16,Equity-Only Min-CVaR,-0.0037473309742385554
2021-11-17,Equity-Only Min-CVaR,-0.0027014520846744485
2021-11-18,Equity-Only Min-CVaR,-0.0033459893096211635
2021-11-19,Equity-Only Min-CVaR,-0.008311206756396634
2021-11-22,Equity-Only Min-CVaR,-0.002319001654714409
2021-11-23,Equity-Only Min-CVaR,0.006920723749355516
2021-11-24,Equity-Only Min-CVaR,-0.0034710379900180404
2021-11-26,Equity-Only Min-CVaR,-0.008479151307112565
2021-11-29,Equity-Only Min-CVaR,-0.004587294615061159
2021-11-30,Equity-Only Min-CVaR,-0.017875073040758607
2021-12-01,Equity-Only Min-CVaR,-0.011432157131794053
2021-12-02,Equity-Only Min-CVaR,0.006865872344180441
2021-12-03,Equity-Only Min-CVaR,0.011965111047245285
2021-12-06,Equity-Only Min-CVaR,0.009550058188480016
2021-12-07,Equity-Only Min-CVaR,0.001573451724455264
2021-12-08,Equity-Only Min-CVaR,0.0036447768123263275
2021-12-09,Equity-Only Min-CVaR,-0.0008323031397552009
2021-12-10,Equity-Only Min-CVaR,0.005553874177954595
2021-12-13,Equity-Only Min-CVaR,0.007077119535102157
2021-12-14,Equity-Only Min-CVaR,0.0023286321656516527
2021-12-15,Equity-Only Min-CVaR,0.012788280642782719
2021-12-16,Equity-Only Min-CVaR,0.012225031847492566
2021-12-17,Equity-Only Min-CVaR,-0.008285631362226905
2021-12-20,Equity-Only Min-CVaR,0.004317661373777704
2021-12-21,Equity-Only Min-CVaR,0.00014251907941844564
2021-12-22,Equity-Only Min-CVaR,0.0038968252375566727
2021-12-23,Equity-Only Min-CVaR,0.003295551588437664
2021-12-27,Equity-Only Min-CVaR,0.00931018022480887
2021-12-28,Equity-Only Min-CVaR,0.0037352317583799802
2021-12-29,Equity-Only Min-CVaR,0.0038348146220637284
2021-12-30,Equity-Only Min-CVaR,0.0021686816201761413
2021-12-31,Equity-Only Min-CVaR,-0.003567713921674008
2022-01-03,Equity-Only Min-CVaR,-0.0003781203688255439
2022-01-04,Equity-Only Min-CVaR,0.0011114616062406755
2022-01-05,Equity-Only Min-CVaR,-0.004025144483619162
2022-01-06,Equity-Only Min-CVaR,-0.010740843767166606
2022-01-07,Equity-Only Min-CVaR,0.0050762844243475765
2022-01-10,Equity-Only Min-CVaR,-0.012903363630409897
2022-01-11,Equity-Only Min-CVaR,0.005984346199399011
2022-01-12,Equity-Only Min-CVaR,0.0074806657944206925
2022-01-13,Equity-Only Min-CVaR,-0.003283128770824422
2022-01-14,Equity-Only Min-CVaR,-0.003136576305142756
2022-01-18,Equity-Only Min-CVaR,-0.0012682650135933907
2022-01-19,Equity-Only Min-CVaR,0.0077767327337786
2022-01-20,Equity-Only Min-CVaR,-0.009876604602782637
2022-01-21,Equity-Only Min-CVaR,-0.0018710969585643453
2022-01-24,Equity-Only Min-CVaR,-0.004367196943324591
2022-01-25,Equity-Only Min-CVaR,-0.007161701586828923
2022-01-26,Equity-Only Min-CVaR,-0.01103664907636964
2022-01-27,Equity-Only Min-CVaR,0.002977264186145078
2022-01-28,Equity-Only Min-CVaR,0.008104397839938562
2022-01-31,Equity-Only Min-CVaR,0.009298972205703495
2022-02-01,Equity-Only Min-CVaR,-0.0016213092084786385
2022-02-02,Equity-Only Min-CVaR,0.010556716363931315
2022-02-03,Equity-Only Min-CVaR,-0.007231912968421477
2022-02-04,Equity-Only Min-CVaR,-0.0027454532377544907
2022-02-07,Equity-Only Min-CVaR,0.0009089749031906934
2022-02-08,Equity-Only Min-CVaR,-0.0021364005508615613
2022-02-09,Equity-Only Min-CVaR,0.0031414883848990883
2022-02-10,Equity-Only Min-CVaR,-0.014251618064294577
2022-02-11,Equity-Only Min-CVaR,-0.0018012254877831277
2022-02-14,Equity-Only Min-CVaR,-0.007242836449891412
2022-02-15,Equity-Only Min-CVaR,0.004215035236967325
2022-02-16,Equity-Only Min-CVaR,-0.002880421808242825
2022-02-17,Equity-Only Min-CVaR,-0.0069124273634005836
2022-02-18,Equity-Only Min-CVaR,-0.0055384140063463394
2022-02-22,Equity-Only Min-CVaR,-0.0045949158464672025
2022-02-23,Equity-Only Min-CVaR,-0.00046738394094562733
2022-02-24,Equity-Only Min-CVaR,-0.0018065022359120874
2022-02-25,Equity-Only Min-CVaR,0.023902654174026566
2022-02-28,Equity-Only Min-CVaR,-0.008577400900864784
2022-03-01,Equity-Only Min-CVaR,-0.004347443423297204
2022-03-02,Equity-Only Min-CVaR,0.012022492759858547
2022-03-03,Equity-Only Min-CVaR,0.007398998331156505
2022-03-04,Equity-Only Min-CVaR,0.005704506540187974
2022-03-07,Equity-Only Min-CVaR,-0.00871686005189473
2022-03-08,Equity-Only Min-CVaR,-0.013484058415605415
2022-03-09,Equity-Only Min-CVaR,0.009309314012798072
2022-03-10,Equity-Only Min-CVaR,-0.0009857667499888457
2022-03-11,Equity-Only Min-CVaR,-0.009462364861622573
2022-03-14,Equity-Only Min-CVaR,-0.009328593847945165
2022-03-15,Equity-Only Min-CVaR,0.009864106015373965
2022-03-16,Equity-Only Min-CVaR,0.008750464385047143
2022-03-17,Equity-Only Min-CVaR,0.01159669680214478
2022-03-18,Equity-Only Min-CVaR,0.004826525201278643
2022-03-21,Equity-Only Min-CVaR,0.001327841538128822
2022-03-22,Equity-Only Min-CVaR,0.006160916454233223
2022-03-23,Equity-Only Min-CVaR,-0.007757625234054743
2022-03-24,Equity-Only Min-CVaR,0.006169164118539083
2022-03-25,Equity-Only Min-CVaR,0.00918313365744755
2022-03-28,Equity-Only Min-CVaR,0.0065533857905247656
2022-03-29,Equity-Only Min-CVaR,0.01384739733108202
2022-03-30,Equity-Only Min-CVaR,0.0005319679730556745
2022-03-31,Equity-Only Min-CVaR,-0.010266787583851206
2022-04-01,Equity-Only Min-CVaR,0.005924770179202054
2022-04-04,Equity-Only Min-CVaR,0.002771814595718483
2022-04-05,Equity-Only Min-CVaR,-0.005223460259911849
2022-04-06,Equity-Only Min-CVaR,0.00940821887562125
2022-04-07,Equity-Only Min-CVaR,0.0023425721271398375
2022-04-08,Equity-Only Min-CVaR,0.0027185919488525653
2022-04-11,Equity-Only Min-CVaR,-0.011684548362981849
2022-04-12,Equity-Only Min-CVaR,-0.0035988541584009836
2022-04-13,Equity-Only Min-CVaR,0.0023844338786893414
2022-04-14,Equity-Only Min-CVaR,0.0039943849792612035
2022-04-18,Equity-Only Min-CVaR,-0.007557898550523869
2022-04-19,Equity-Only Min-CVaR,0.011592465369764625
2022-04-20,Equity-Only Min-CVaR,0.0021931612244821632
2022-04-21,Equity-Only Min-CVaR,-0.006663053029622334
2022-04-22,Equity-Only Min-CVaR,-0.012524678144858813
2022-04-25,Equity-Only Min-CVaR,-0.0021175154742728536
2022-04-26,Equity-Only Min-CVaR,-0.022006615106419172
2022-04-27,Equity-Only Min-CVaR,-0.004602159352594745
2022-04-28,Equity-Only Min-CVaR,0.019014032563011696
2022-04-29,Equity-Only Min-CVaR,-0.03180072192341379
2022-05-02,Equity-Only Min-CVaR,0.0019392605337115384
2022-05-03,Equity-Only Min-CVaR,0.0016548888417083
2022-05-04,Equity-Only Min-CVaR,0.022370329922652234
2022-05-05,Equity-Only Min-CVaR,-0.017275534755772867
2022-05-06,Equity-Only Min-CVaR,-0.01236747357752261
2022-05-09,Equity-Only Min-CVaR,-0.014024993214160219
2022-05-10,Equity-Only Min-CVaR,-0.009298290786461114
2022-05-11,Equity-Only Min-CVaR,0.003772708192395405
2022-05-12,Equity-Only Min-CVaR,0.010038601995226187
2022-05-13,Equity-Only Min-CVaR,0.008273307761178555
2022-05-16,Equity-Only Min-CVaR,0.006194150932395117
2022-05-17,Equity-Only Min-CVaR,0.005813688432229501
2022-05-18,Equity-Only Min-CVaR,-0.019417067443568987
2022-05-19,Equity-Only Min-CVaR,-0.005110658918453908
2022-05-20,Equity-Only Min-CVaR,2.31484750436668e-05
2022-05-23,Equity-Only Min-CVaR,0.012498513390106287
2022-05-24,Equity-Only Min-CVaR,0.009338759154183404
2022-05-25,Equity-Only Min-CVaR,0.003926013341541764
2022-05-26,Equity-Only Min-CVaR,0.00435718245001014
2022-05-27,Equity-Only Min-CVaR,0.011031295208611305
2022-05-31,Equity-Only Min-CVaR,-0.006835446216418085
2022-06-01,Equity-Only Min-CVaR,-0.006897744820597303
2022-06-02,Equity-Only Min-CVaR,0.008268531036672494
2022-06-03,Equity-Only Min-CVaR,-0.0071227955815189575
2022-06-06,Equity-Only Min-CVaR,-0.0033388826481549603
2022-06-07,Equity-Only Min-CVaR,0.00912286398885811
2022-06-08,Equity-Only Min-CVaR,-0.010590732395426634
2022-06-09,Equity-Only Min-CVaR,-0.01895262647017705
2022-06-10,Equity-Only Min-CVaR,-0.012294789388769194
2022-06-13,Equity-Only Min-CVaR,-0.029285040608304076
2022-06-14,Equity-Only Min-CVaR,-0.011876731486926246
2022-06-15,Equity-Only Min-CVaR,0.007280964863952746
2022-06-16,Equity-Only Min-CVaR,-0.008194866837976886
2022-06-17,Equity-Only Min-CVaR,-0.001102032866774929
2022-06-21,Equity-Only Min-CVaR,0.022671569226858992
2022-06-22,Equity-Only Min-CVaR,0.005266379912026109
2022-06-23,Equity-Only Min-CVaR,0.012661209359520146
2022-06-24,Equity-Only Min-CVaR,0.017282843971819624
2022-06-27,Equity-Only Min-CVaR,-0.005805068531306646
2022-06-28,Equity-Only Min-CVaR,-0.014848690140503091
2022-06-29,Equity-Only Min-CVaR,0.002308728808198739
2022-06-30,Equity-Only Min-CVaR,-0.008730946105363274
2022-07-01,Equity-Only Min-CVaR,0.012375923936229348
2022-07-05,Equity-Only Min-CVaR,0.0011752381000336974
2022-07-06,Equity-Only Min-CVaR,0.0006517338197096251
2022-07-07,Equity-Only Min-CVaR,0.00164902897780371
2022-07-08,Equity-Only Min-CVaR,-0.0025585657721651674
2022-07-11,Equity-Only Min-CVaR,-0.0011315510387086402
2022-07-12,Equity-Only Min-CVaR,-0.004861633923231335
2022-07-13,Equity-Only Min-CVaR,-0.0034611324085834535
2022-07-14,Equity-Only Min-CVaR,-0.0007704827668116403
2022-07-15,Equity-Only Min-CVaR,0.01240831353823053
2022-07-18,Equity-Only Min-CVaR,-0.01329450539918945
2022-07-19,Equity-Only Min-CVaR,0.013703621417582723
2022-07-20,Equity-Only Min-CVaR,-0.0050029436099680545
2022-07-21,Equity-Only Min-CVaR,0.004963988057173773
2022-07-22,Equity-Only Min-CVaR,-0.0020108897595045925
2022-07-25,Equity-Only Min-CVaR,-0.0032662276732501484
2022-07-26,Equity-Only Min-CVaR,0.0015665141788687503
2022-07-27,Equity-Only Min-CVaR,0.00032906423692890505
2022-07-28,Equity-Only Min-CVaR,0.005345510245547157
2022-07-29,Equity-Only Min-CVaR,-0.001661605232918309
2022-08-01,Equity-Only Min-CVaR,-0.007285674869257525
2022-08-02,Equity-Only Min-CVaR,-0.006097347869578716
2022-08-03,Equity-Only Min-CVaR,0.011439473953087597
2022-08-04,Equity-Only Min-CVaR,-0.003471002693596801
2022-08-05,Equity-Only Min-CVaR,-0.0035209738478974946
2022-08-08,Equity-Only Min-CVaR,0.004461245017010293
2022-08-09,Equity-Only Min-CVaR,-0.0013668894814606077
2022-08-10,Equity-Only Min-CVaR,0.011695050157431323
2022-08-11,Equity-Only Min-CVaR,-0.0037048996952986383
2022-08-12,Equity-Only Min-CVaR,0.016146669701664444
2022-08-15,Equity-Only Min-CVaR,0.009838019546233954
2022-08-16,Equity-Only Min-CVaR,0.01410566778125049
2022-08-17,Equity-Only Min-CVaR,-0.008902518440230895
2022-08-18,Equity-Only Min-CVaR,-0.005341807244189104
2022-08-19,Equity-Only Min-CVaR,-0.004782860449637854
2022-08-22,Equity-Only Min-CVaR,-0.015191577891186622
2022-08-23,Equity-Only Min-CVaR,-0.006885579983111328
2022-08-24,Equity-Only Min-CVaR,-0.0019009737571397418
2022-08-25,Equity-Only Min-CVaR,0.0092771046675119
2022-08-26,Equity-Only Min-CVaR,-0.022302466036215142
2022-08-29,Equity-Only Min-CVaR,-0.009048492073776442
2022-08-30,Equity-Only Min-CVaR,-0.006597203475213391
2022-08-31,Equity-Only Min-CVaR,-0.004141223222298415
2022-09-01,Equity-Only Min-CVaR,0.012865467443331939
2022-09-02,Equity-Only Min-CVaR,-0.014653680550741963
2022-09-06,Equity-Only Min-CVaR,-0.003763351767606065
2022-09-07,Equity-Only Min-CVaR,0.01725434869404875
2022-09-08,Equity-Only Min-CVaR,0.0021832418104763083
2022-09-09,Equity-Only Min-CVaR,0.013665026907112222
2022-09-12,Equity-Only Min-CVaR,0.012152437427345963
2022-09-13,Equity-Only Min-CVaR,-0.027986952368209896
2022-09-14,Equity-Only Min-CVaR,0.0006537364032462064
2022-09-15,Equity-Only Min-CVaR,-0.007706464354448834
2022-09-16,Equity-Only Min-CVaR,-0.0014729499321121543
2022-09-19,Equity-Only Min-CVaR,0.0018901382644664056
2022-09-20,Equity-Only Min-CVaR,-0.013970180621128016
2022-09-21,Equity-Only Min-CVaR,-0.015097671240286034
2022-09-22,Equity-Only Min-CVaR,0.0003745487795564313
2022-09-23,Equity-Only Min-CVaR,-0.014100749275366774
2022-09-26,Equity-Only Min-CVaR,-0.008306495746112308
2022-09-27,Equity-Only Min-CVaR,-0.003413819917450194
2022-09-28,Equity-Only Min-CVaR,0.020357651921910913
2022-09-29,Equity-Only Min-CVaR,-0.01886409919558002
2022-09-30,Equity-Only Min-CVaR,-0.016008719941319412
2022-10-03,Equity-Only Min-CVaR,0.025678928820999203
2022-10-04,Equity-Only Min-CVaR,0.022945000255875182
2022-10-05,Equity-Only Min-CVaR,-0.004023545278129438
2022-10-06,Equity-Only Min-CVaR,-0.008737841891857175
2022-10-07,Equity-Only Min-CVaR,-0.01580118693279167
2022-10-10,Equity-Only Min-CVaR,0.0031509797747941532
2022-10-11,Equity-Only Min-CVaR,0.006769194351075078
2022-10-12,Equity-Only Min-CVaR,-0.006354569905000823
2022-10-13,Equity-Only Min-CVaR,0.022934243549370216
2022-10-14,Equity-Only Min-CVaR,-0.008871702904629426
2022-10-17,Equity-Only Min-CVaR,0.011446029982185066
2022-10-18,Equity-Only Min-CVaR,0.014292816597299897
2022-10-19,Equity-Only Min-CVaR,-0.00958215669219961
2022-10-20,Equity-Only Min-CVaR,0.0022960465367832575
2022-10-21,Equity-Only Min-CVaR,0.020782601831462758
2022-10-24,Equity-Only Min-CVaR,0.011607762887628471
2022-10-25,Equity-Only Min-CVaR,0.008565180451337626
2022-10-26,Equity-Only Min-CVaR,0.010153068615018097
2022-10-27,Equity-Only Min-CVaR,-0.0009958688743371446
2022-10-28,Equity-Only Min-CVaR,0.023676424075050995
2022-10-31,Equity-Only Min-CVaR,-0.011854087132570487
2022-11-01,Equity-Only Min-CVaR,-0.002192480872795824
2022-11-02,Equity-Only Min-CVaR,-0.01510889283094074
2022-11-03,Equity-Only Min-CVaR,-0.006779508509824221
2022-11-04,Equity-Only Min-CVaR,0.009771923784448435
2022-11-07,Equity-Only Min-CVaR,0.007501119334107799
2022-11-08,Equity-Only Min-CVaR,-0.0029972756869789037
2022-11-09,Equity-Only Min-CVaR,-0.008000698071685899
2022-11-10,Equity-Only Min-CVaR,0.029502207879816243
2022-11-11,Equity-Only Min-CVaR,-0.00035103103029342697
2022-11-14,Equity-Only Min-CVaR,-0.005859918053767797
2022-11-15,Equity-Only Min-CVaR,0.007113511568533163
2022-11-16,Equity-Only Min-CVaR,-0.000589218806520065
2022-11-17,Equity-Only Min-CVaR,6.713802181829577e-05
2022-11-18,Equity-Only Min-CVaR,0.008570258828034718
2022-11-21,Equity-Only Min-CVaR,0.003639783667405399
2022-11-22,Equity-Only Min-CVaR,0.011725316628654552
2022-11-23,Equity-Only Min-CVaR,0.0046985496436396474
2022-11-25,Equity-Only Min-CVaR,0.00186170482637183
2022-11-28,Equity-Only Min-CVaR,-0.011442080143997061
2022-11-29,Equity-Only Min-CVaR,0.0029227110665347254
2022-11-30,Equity-Only Min-CVaR,0.01876122251154947
2022-12-01,Equity-Only Min-CVaR,0.0020913782611975506
2022-12-02,Equity-Only Min-CVaR,0.004986824965565954
2022-12-05,Equity-Only Min-CVaR,-0.011258243819799344
2022-12-06,Equity-Only Min-CVaR,-0.008414038001734814
2022-12-07,Equity-Only Min-CVaR,0.003172129356453565
2022-12-08,Equity-Only Min-CVaR,0.006158272958484104
2022-12-09,Equity-Only Min-CVaR,-0.01127742229799087
2022-12-12,Equity-Only Min-CVaR,0.009030048861564409
2022-12-13,Equity-Only Min-CVaR,0.004173016705739231
2022-12-14,Equity-Only Min-CVaR,-0.002061970002361767
2022-12-15,Equity-Only Min-CVaR,-0.020456655443788937
2022-12-16,Equity-Only Min-CVaR,-0.007852026829080181
2022-12-19,Equity-Only Min-CVaR,-0.005790459636293554
2022-12-20,Equity-Only Min-CVaR,-0.0015681617002070054
2022-12-21,Equity-Only Min-CVaR,0.01157119605818428
2022-12-22,Equity-Only Min-CVaR,-0.004511121214271902
2022-12-23,Equity-Only Min-CVaR,0.0013895048357550714
2022-12-27,Equity-Only Min-CVaR,0.0010237700356792397
2022-12-28,Equity-Only Min-CVaR,-0.010174757024781156
2022-12-29,Equity-Only Min-CVaR,0.01027403188800094
2022-12-30,Equity-Only Min-CVaR,0.00031428626902265094
2023-01-03,Equity-Only Min-CVaR,0.00450882542369276
2023-01-04,Equity-Only Min-CVaR,0.014467680739851661
2023-01-05,Equity-Only Min-CVaR,-0.004338887444666517
2023-01-06,Equity-Only Min-CVaR,0.016646394511330806
2023-01-09,Equity-Only Min-CVaR,-0.010565418233919906
2023-01-10,Equity-Only Min-CVaR,0.005085751208422027
2023-01-11,Equity-Only Min-CVaR,0.004404383649068649
2023-01-12,Equity-Only Min-CVaR,-0.004687798858485386
2023-01-13,Equity-Only Min-CVaR,0.0016352425011670418
2023-01-17,Equity-Only Min-CVaR,-0.01014891470125123
2023-01-18,Equity-Only Min-CVaR,-0.018490934170143074
2023-01-19,Equity-Only Min-CVaR,-0.005551017431208327
2023-01-20,Equity-Only Min-CVaR,0.011951387703027616
2023-01-23,Equity-Only Min-CVaR,0.00800577705716925
2023-01-24,Equity-Only Min-CVaR,-0.005845508961502782
2023-01-25,Equity-Only Min-CVaR,0.0009455694572800299
2023-01-26,Equity-Only Min-CVaR,-0.00045429927635816554
2023-01-27,Equity-Only Min-CVaR,0.0016811804069313163
2023-01-30,Equity-Only Min-CVaR,-0.005245341045347853
2023-01-31,Equity-Only Min-CVaR,0.010384945027174741
2023-02-01,Equity-Only Min-CVaR,-0.009555698631305985
2023-02-02,Equity-Only Min-CVaR,-0.002613599976501493
2023-02-03,Equity-Only Min-CVaR,-0.012262058506683517
2023-02-06,Equity-Only Min-CVaR,-0.006160119849713596
2023-02-07,Equity-Only Min-CVaR,0.010063384560070575
2023-02-08,Equity-Only Min-CVaR,-0.009063104649751233
2023-02-09,Equity-Only Min-CVaR,-0.002013743651437095
2023-02-10,Equity-Only Min-CVaR,0.0107810028139617
2023-02-13,Equity-Only Min-CVaR,0.009392311779214634
2023-02-14,Equity-Only Min-CVaR,-0.007425014718781469
2023-02-15,Equity-Only Min-CVaR,0.0028423895357871723
2023-02-16,Equity-Only Min-CVaR,-0.013288256692042439
2023-02-17,Equity-Only Min-CVaR,0.010603965971819335
2023-02-21,Equity-Only Min-CVaR,-0.0064448399072585955
2023-02-22,Equity-Only Min-CVaR,-0.007997765835219496
2023-02-23,Equity-Only Min-CVaR,-0.0012810213413165712
2023-02-24,Equity-Only Min-CVaR,-0.007432956077457337
2023-02-27,Equity-Only Min-CVaR,0.0020814070033802817
2023-02-28,Equity-Only Min-CVaR,-0.004782919938661356
2023-03-01,Equity-Only Min-CVaR,-0.00203445711025839
2023-03-02,Equity-Only Min-CVaR,0.01030549054002626
2023-03-03,Equity-Only Min-CVaR,0.009361637013578158
2023-03-06,Equity-Only Min-CVaR,0.0011263684909822661
2023-03-07,Equity-Only Min-CVaR,-0.010367106095066157
2023-03-08,Equity-Only Min-CVaR,-0.006261603562786525
2023-03-09,Equity-Only Min-CVaR,-0.014070684152048998
2023-03-10,Equity-Only Min-CVaR,-0.005837151255938163
2023-03-13,Equity-Only Min-CVaR,0.007602068405294225
2023-03-14,Equity-Only Min-CVaR,0.008926281699428707
2023-03-15,Equity-Only Min-CVaR,0.0042682495932098545
2023-03-16,Equity-Only Min-CVaR,0.007011235618995443
2023-03-17,Equity-Only Min-CVaR,-0.007789397891119635
2023-03-20,Equity-Only Min-CVaR,0.01139875271406137
2023-03-21,Equity-Only Min-CVaR,-0.0014951134583813261
2023-03-22,Equity-Only Min-CVaR,-0.01869779898991878
2023-03-23,Equity-Only Min-CVaR,0.008268454573547827
2023-03-24,Equity-Only Min-CVaR,0.01411108635737917
2023-03-27,Equity-Only Min-CVaR,0.002136925607237054
2023-03-28,Equity-Only Min-CVaR,-0.002001008588000842
2023-03-29,Equity-Only Min-CVaR,0.008059004650506687
2023-03-30,Equity-Only Min-CVaR,0.0037767311062492453
2023-03-31,Equity-Only Min-CVaR,0.01371804796777655
2023-04-03,Equity-Only Min-CVaR,0.006549488018448471
2023-04-04,Equity-Only Min-CVaR,0.0038594014910835793
2023-04-05,Equity-Only Min-CVaR,0.011789188987989745
2023-04-06,Equity-Only Min-CVaR,-0.0004962720517451313
2023-04-10,Equity-Only Min-CVaR,0.0005491979540015958
2023-04-11,Equity-Only Min-CVaR,0.0009860678360351846
2023-04-12,Equity-Only Min-CVaR,-0.00038672842520613807
2023-04-13,Equity-Only Min-CVaR,0.009403837325065605
2023-04-14,Equity-Only Min-CVaR,-0.007271262627540752
2023-04-17,Equity-Only Min-CVaR,0.003420169063028796
2023-04-18,Equity-Only Min-CVaR,-0.0019409245632143492
2023-04-19,Equity-Only Min-CVaR,0.00033147424463134535
2023-04-20,Equity-Only Min-CVaR,-0.005595340110778907
2023-04-21,Equity-Only Min-CVaR,0.006708173955679951
2023-04-24,Equity-Only Min-CVaR,0.0034538440113716685
2023-04-25,Equity-Only Min-CVaR,-0.0027905851877977087
2023-04-26,Equity-Only Min-CVaR,-0.021405966375302697
2023-04-27,Equity-Only Min-CVaR,0.0035852292911659565
2023-04-28,Equity-Only Min-CVaR,0.0017545299705587656
2023-05-01,Equity-Only Min-CVaR,6.498508227510767e-06
2023-05-02,Equity-Only Min-CVaR,-0.010664705533142652
2023-05-03,Equity-Only Min-CVaR,-0.006456799231409214
2023-05-04,Equity-Only Min-CVaR,-0.0028913698001055794
2023-05-05,Equity-Only Min-CVaR,0.012113987858677963
2023-05-08,Equity-Only Min-CVaR,-0.0009018015440902722
2023-05-09,Equity-Only Min-CVaR,-0.0037557235508586233
2023-05-10,Equity-Only Min-CVaR,-0.001039083016126705
2023-05-11,Equity-Only Min-CVaR,-0.002371464954254305
2023-05-12,Equity-Only Min-CVaR,1.5226199748938872e-05
2023-05-15,Equity-Only Min-CVaR,-0.0028897794988060246
2023-05-16,Equity-Only Min-CVaR,-0.013782610298428248
2023-05-17,Equity-Only Min-CVaR,0.0014268653254513432
2023-05-18,Equity-Only Min-CVaR,0.010076630483578684
2023-05-19,Equity-Only Min-CVaR,-0.0007775347062293533
2023-05-22,Equity-Only Min-CVaR,-0.0005898349900866527
2023-05-23,Equity-Only Min-CVaR,-0.006806904976369298
2023-05-24,Equity-Only Min-CVaR,-0.007579383567742784
2023-05-25,Equity-Only Min-CVaR,-0.01184173141841996
2023-05-26,Equity-Only Min-CVaR,0.0024435551555611226
2023-05-30,Equity-Only Min-CVaR,-0.004928927056472988
2023-05-31,Equity-Only Min-CVaR,0.00241813950305803
2023-06-01,Equity-Only Min-CVaR,-0.0017718702213830593
2023-06-02,Equity-Only Min-CVaR,0.016387691645231718
2023-06-05,Equity-Only Min-CVaR,-0.0042527414377637185
2023-06-06,Equity-Only Min-CVaR,-0.006383749115513534
2023-06-07,Equity-Only Min-CVaR,0.004359271157152259
2023-06-08,Equity-Only Min-CVaR,0.007594008808357038
2023-06-09,Equity-Only Min-CVaR,-0.0030038391743286564
2023-06-12,Equity-Only Min-CVaR,0.00234415353012823
2023-06-13,Equity-Only Min-CVaR,0.0056404044702318655
2023-06-14,Equity-Only Min-CVaR,-0.0004912905868682055
2023-06-15,Equity-Only Min-CVaR,0.010218229781679685
2023-06-16,Equity-Only Min-CVaR,0.002972602639944636
2023-06-20,Equity-Only Min-CVaR,-0.00812122651904526
2023-06-21,Equity-Only Min-CVaR,-0.001260789469626412
2023-06-22,Equity-Only Min-CVaR,0.0032345190748741892
2023-06-23,Equity-Only Min-CVaR,-0.003499857578715844
2023-06-26,Equity-Only Min-CVaR,0.001921745130871183
2023-06-27,Equity-Only Min-CVaR,0.0016409417331643078
2023-06-28,Equity-Only Min-CVaR,-0.0036741923731291237
2023-06-29,Equity-Only Min-CVaR,0.0036005053426628277
2023-06-30,Equity-Only Min-CVaR,0.010096824930310354
2023-07-03,Equity-Only Min-CVaR,0.0043716412004822765
2023-07-05,Equity-Only Min-CVaR,-0.0039043544246925455
2023-07-06,Equity-Only Min-CVaR,-0.009402798143744583
2023-07-07,Equity-Only Min-CVaR,-0.010329944044376177
2023-07-10,Equity-Only Min-CVaR,0.005274191359568211
2023-07-11,Equity-Only Min-CVaR,0.01696106195655133
2023-07-12,Equity-Only Min-CVaR,-0.00021665166310353578
2023-07-13,Equity-Only Min-CVaR,0.0016638887286363928
2023-07-14,Equity-Only Min-CVaR,0.0013254038698226037
2023-07-17,Equity-Only Min-CVaR,-0.007041969233560504
2023-07-18,Equity-Only Min-CVaR,0.0031884915144462294
2023-07-19,Equity-Only Min-CVaR,0.006509715745779901
2023-07-20,Equity-Only Min-CVaR,0.007821462418296964
2023-07-21,Equity-Only Min-CVaR,0.00616552720744939
2023-07-24,Equity-Only Min-CVaR,-0.0022637018621075337
2023-07-25,Equity-Only Min-CVaR,0.002451677972095888
2023-07-26,Equity-Only Min-CVaR,0.0022906421643726165
2023-07-27,Equity-Only Min-CVaR,-0.006812097451778925
2023-07-28,Equity-Only Min-CVaR,0.0037260196836121414
2023-07-31,Equity-Only Min-CVaR,-0.0022123460719803813
2023-08-01,Equity-Only Min-CVaR,-0.00835046644213249
2023-08-02,Equity-Only Min-CVaR,-0.011509683093596845
2023-08-03,Equity-Only Min-CVaR,-0.006046572811972881
2023-08-04,Equity-Only Min-CVaR,-0.004358272269759966
2023-08-07,Equity-Only Min-CVaR,0.010026737310911037
2023-08-08,Equity-Only Min-CVaR,-0.002637056854514882
2023-08-09,Equity-Only Min-CVaR,0.0012582153641894351
2023-08-10,Equity-Only Min-CVaR,-0.000750951774688587
2023-08-11,Equity-Only Min-CVaR,0.006396442539483859
2023-08-14,Equity-Only Min-CVaR,-0.0015594272579719628
2023-08-15,Equity-Only Min-CVaR,-0.008980091399768752
2023-08-16,Equity-Only Min-CVaR,-0.0036973892529352176
2023-08-17,Equity-Only Min-CVaR,-0.009590435979541113
2023-08-18,Equity-Only Min-CVaR,0.00015810067517973915
2023-08-21,Equity-Only Min-CVaR,0.0007071261635296125
2023-08-22,Equity-Only Min-CVaR,-0.0016692999899624375
2023-08-23,Equity-Only Min-CVaR,0.011296644571116472
2023-08-24,Equity-Only Min-CVaR,-0.01061467777166793
2023-08-25,Equity-Only Min-CVaR,0.003721672244316779
2023-08-28,Equity-Only Min-CVaR,0.006327396129077129
2023-08-29,Equity-Only Min-CVaR,0.01076715776797268
2023-08-30,Equity-Only Min-CVaR,-4.544217444924008e-05
2023-08-31,Equity-Only Min-CVaR,-0.003510592450320921
2023-09-01,Equity-Only Min-CVaR,-2.2942870099405474e-05
2023-09-05,Equity-Only Min-CVaR,-0.01090772717557044
2023-09-06,Equity-Only Min-CVaR,-0.003776067458171531
2023-09-07,Equity-Only Min-CVaR,0.007436332867950038
2023-09-08,Equity-Only Min-CVaR,0.005944776113240904
2023-09-11,Equity-Only Min-CVaR,0.007032497219438135
2023-09-12,Equity-Only Min-CVaR,-0.00419460024162985
2023-09-13,Equity-Only Min-CVaR,-0.0014033171670866902
2023-09-14,Equity-Only Min-CVaR,0.012020353293094962
2023-09-15,Equity-Only Min-CVaR,-0.008305089178427337
2023-09-18,Equity-Only Min-CVaR,-0.0019165295024179026
2023-09-19,Equity-Only Min-CVaR,0.0009549875703276445
2023-09-20,Equity-Only Min-CVaR,4.1182949428758336e-05
2023-09-21,Equity-Only Min-CVaR,-0.013493475001514793
2023-09-22,Equity-Only Min-CVaR,-0.0007328310647755097
2023-09-25,Equity-Only Min-CVaR,-0.0008590245931156315
2023-09-26,Equity-Only Min-CVaR,-0.0067995658232238255
2023-09-27,Equity-Only Min-CVaR,-0.0058812942549757614
2023-09-28,Equity-Only Min-CVaR,0.0024575896559379893
2023-09-29,Equity-Only Min-CVaR,-0.004040358236262536
2023-10-02,Equity-Only Min-CVaR,-0.013861502096833702
2023-10-03,Equity-Only Min-CVaR,-0.007540090884326674
2023-10-04,Equity-Only Min-CVaR,0.007032168766541915
2023-10-05,Equity-Only Min-CVaR,-0.0002563979352640456
2023-10-06,Equity-Only Min-CVaR,0.006022775928078188
2023-10-09,Equity-Only Min-CVaR,0.008884689994938598
2023-10-10,Equity-Only Min-CVaR,0.010049165666656003
2023-10-11,Equity-Only Min-CVaR,0.00592260122915469
2023-10-12,Equity-Only Min-CVaR,-0.006039648262363174
2023-10-13,Equity-Only Min-CVaR,0.0024898969412296117
2023-10-16,Equity-Only Min-CVaR,0.008209596212369684
2023-10-17,Equity-Only Min-CVaR,0.004150617819801521
2023-10-18,Equity-Only Min-CVaR,-0.013276572355136455
2023-10-19,Equity-Only Min-CVaR,-0.009989758203453438
2023-10-20,Equity-Only Min-CVaR,-0.003977528074663668
2023-10-23,Equity-Only Min-CVaR,-0.004899587034386627
2023-10-24,Equity-Only Min-CVaR,0.01147541791553365
2023-10-25,Equity-Only Min-CVaR,-0.010184839516581737
2023-10-26,Equity-Only Min-CVaR,-0.004413301105520761
2023-10-27,Equity-Only Min-CVaR,-0.01326017818316782
2023-10-30,Equity-Only Min-CVaR,0.007821192723586286
2023-10-31,Equity-Only Min-CVaR,0.004195635216921917
2023-11-01,Equity-Only Min-CVaR,0.006277756897474906
2023-11-02,Equity-Only Min-CVaR,0.01688442243186049
2023-11-03,Equity-Only Min-CVaR,0.008789836303350056
2023-11-06,Equity-Only Min-CVaR,-0.0048552275993032565
2023-11-07,Equity-Only Min-CVaR,5.0948091692043485e-05
2023-11-08,Equity-Only Min-CVaR,-0.0013257147925357336
2023-11-09,Equity-Only Min-CVaR,-0.011868434169607704
2023-11-10,Equity-Only Min-CVaR,0.005799128956996901
2023-11-13,Equity-Only Min-CVaR,7.566253541021995e-05
2023-11-14,Equity-Only Min-CVaR,0.01590339489197481
2023-11-15,Equity-Only Min-CVaR,0.004667439611332405
2023-11-16,Equity-Only Min-CVaR,-0.006785924895834079
2023-11-17,Equity-Only Min-CVaR,-0.0005716693773345773
2023-11-20,Equity-Only Min-CVaR,0.004731724821447189
2023-11-21,Equity-Only Min-CVaR,-0.0007386283823723357
2023-11-22,Equity-Only Min-CVaR,0.0015631028883743227
2023-11-24,Equity-Only Min-CVaR,0.002844658081685529
2023-11-27,Equity-Only Min-CVaR,0.001598372497801893
2023-11-28,Equity-Only Min-CVaR,0.003154019416960122
2023-11-29,Equity-Only Min-CVaR,0.002471171514136088
2023-11-30,Equity-Only Min-CVaR,0.008818513587086851
2023-12-01,Equity-Only Min-CVaR,0.008900160571827544
2023-12-04,Equity-Only Min-CVaR,0.005628892182756265
2023-12-05,Equity-Only Min-CVaR,0.0011988710054458619
2023-12-06,Equity-Only Min-CVaR,0.0014007967100139087
2023-12-07,Equity-Only Min-CVaR,-0.002940294707580871
2023-12-08,Equity-Only Min-CVaR,0.0011122667291167268
2023-12-11,Equity-Only Min-CVaR,0.0038523878983000633
2023-12-12,Equity-Only Min-CVaR,0.0037226518459911547
2023-12-13,Equity-Only Min-CVaR,0.023748908685727987
2023-12-14,Equity-Only Min-CVaR,0.003568337747235078
2023-12-15,Equity-Only Min-CVaR,-0.007701594057316924
2023-12-18,Equity-Only Min-CVaR,-0.0020914370653788102
2023-12-19,Equity-Only Min-CVaR,0.005118306198849016
2023-12-20,Equity-Only Min-CVaR,-0.013600047007761042
2023-12-21,Equity-Only Min-CVaR,0.008848760799727413
2023-12-22,Equity-Only Min-CVaR,0.00862623300574868
2023-12-26,Equity-Only Min-CVaR,0.0023543554416510385
2023-12-27,Equity-Only Min-CVaR,0.0032516807991948846
2023-12-28,Equity-Only Min-CVaR,0.0037564556170087285
2023-12-29,Equity-Only Min-CVaR,-0.0013111982306929799
2020-09-10,Crypto-Only Max-Sharpe,0.021659980727927644
2020-09-11,Crypto-Only Max-Sharpe,0.012265264429333036
2020-09-12,Crypto-Only Max-Sharpe,0.00515957502190937
2020-09-13,Crypto-Only Max-Sharpe,-0.045867897166196735
2020-09-14,Crypto-Only Max-Sharpe,0.016156695466417827
2020-09-15,Crypto-Only Max-Sharpe,-0.04065019886292531
2020-09-16,Crypto-Only Max-Sharpe,-0.011502100471467078
2020-09-17,Crypto-Only Max-Sharpe,0.03823993069912127
2020-09-18,Crypto-Only Max-Sharpe,-0.006256815086191794
2020-09-19,Crypto-Only Max-Sharpe,-0.0065252530766395055
2020-09-20,Crypto-Only Max-Sharpe,-0.027212162807379328
2020-09-21,Crypto-Only Max-Sharpe,-0.08046850015581561
2020-09-22,Crypto-Only Max-Sharpe,0.010013800011691946
2020-09-23,Crypto-Only Max-Sharpe,-0.04605617331387443
2020-09-24,Crypto-Only Max-Sharpe,0.06633752463695369
2020-09-25,Crypto-Only Max-Sharpe,0.06161690971538086
2020-09-26,Crypto-Only Max-Sharpe,-0.0004992972997463554
2020-09-27,Crypto-Only Max-Sharpe,0.009224634728600429
2020-09-28,Crypto-Only Max-Sharpe,-0.005946882526243625
2020-09-29,Crypto-Only Max-Sharpe,0.006910844810005513
2020-09-30,Crypto-Only Max-Sharpe,-0.0016272235735312573
2020-10-01,Crypto-Only Max-Sharpe,-0.02085197426686461
2020-10-02,Crypto-Only Max-Sharpe,-0.015400322380673686
2020-10-03,Crypto-Only Max-Sharpe,0.012182158454452696
2020-10-04,Crypto-Only Max-Sharpe,0.00832895165348644
2020-10-05,Crypto-Only Max-Sharpe,0.007757686135326459
2020-10-06,Crypto-Only Max-Sharpe,-0.033954787392148716
2020-10-07,Crypto-Only Max-Sharpe,0.0039158511841033165
2020-10-08,Crypto-Only Max-Sharpe,0.020505048224149117
2020-10-09,Crypto-Only Max-Sharpe,0.0343588056964777
2020-10-10,Crypto-Only Max-Sharpe,0.01792189808643474
2020-10-11,Crypto-Only Max-Sharpe,0.009277896443118053
2020-10-12,Crypto-Only Max-Sharpe,0.026161593782098425
2020-10-13,Crypto-Only Max-Sharpe,-0.012417612719723744
2020-10-14,Crypto-Only Max-Sharpe,-0.004247791482488744
2020-10-15,Crypto-Only Max-Sharpe,-0.004159465579117478
2020-10-16,Crypto-Only Max-Sharpe,-0.02473041756618389
2020-10-17,Crypto-Only Max-Sharpe,0.0075564873037748375
2020-10-18,Crypto-Only Max-Sharpe,0.013969697096441247
2020-10-19,Crypto-Only Max-Sharpe,0.00904765235207189
2020-10-20,Crypto-Only Max-Sharpe,-0.01615825540317454
2020-10-21,Crypto-Only Max-Sharpe,0.050470772601505856
2020-10-22,Crypto-Only Max-Sharpe,0.029944902586912972
2020-10-23,Crypto-Only Max-Sharpe,-0.01202138458893756
2020-10-24,Crypto-Only Max-Sharpe,0.008489830051709356
2020-10-25,Crypto-Only Max-Sharpe,-0.010635485160022187
2020-10-26,Crypto-Only Max-Sharpe,-0.016301818897476828
2020-10-27,Crypto-Only Max-Sharpe,0.018745450287791253
2020-10-28,Crypto-Only Max-Sharpe,-0.02740365125681764
2020-10-29,Crypto-Only Max-Sharpe,-0.010578078490371987
2020-10-30,Crypto-Only Max-Sharpe,-0.013568691064004414
2020-10-31,Crypto-Only Max-Sharpe,0.00744889046731379
2020-11-01,Crypto-Only Max-Sharpe,0.019093935295770012
2020-11-02,Crypto-Only Max-Sharpe,-0.03949620212943414
2020-11-03,Crypto-Only Max-Sharpe,0.013547360148195426
2020-11-04,Crypto-Only Max-Sharpe,0.015581911048692203
2020-11-05,Crypto-Only Max-Sharpe,0.045809757155194954
2020-11-06,Crypto-Only Max-Sharpe,0.06661177919546318
2020-11-07,Crypto-Only Max-Sharpe,-0.05099526149031644
2020-11-08,Crypto-Only Max-Sharpe,0.038606097703787395
2020-11-09,Crypto-Only Max-Sharpe,-0.016068598408252383
2020-11-10,Crypto-Only Max-Sharpe,0.004175382520569824
2020-11-11,Crypto-Only Max-Sharpe,0.01635360397864103
2020-11-12,Crypto-Only Max-Sharpe,0.003581768046803213
2020-11-13,Crypto-Only Max-Sharpe,0.01719697682368886
2020-11-14,Crypto-Only Max-Sharpe,-0.01876144858158102
2020-11-15,Crypto-Only Max-Sharpe,-0.015444843094243273
2020-11-16,Crypto-Only Max-Sharpe,0.029455186732720285
2020-11-17,Crypto-Only Max-Sharpe,0.047139376789073074
2020-11-18,Crypto-Only Max-Sharpe,-0.0026123211416683714
2020-11-19,Crypto-Only Max-Sharpe,-0.014230096539079466
2020-11-20,Crypto-Only Max-Sharpe,0.06558210690391983
2020-11-21,Crypto-Only Max-Sharpe,0.09037109071283456
2020-11-22,Crypto-Only Max-Sharpe,0.00908536110608613
2020-11-23,Crypto-Only Max-Sharpe,0.06522070063161794
2020-11-24,Crypto-Only Max-Sharpe,0.06012636845463004
2020-11-25,Crypto-Only Max-Sharpe,-0.04882542860510977
2020-11-26,Crypto-Only Max-Sharpe,-0.09943711526799542
2020-11-27,Crypto-Only Max-Sharpe,0.006039279616190661
2020-11-28,Crypto-Only Max-Sharpe,0.0694470703610408
2020-11-29,Crypto-Only Max-Sharpe,0.028477544524447368
2020-11-30,Crypto-Only Max-Sharpe,0.05696269890425934
2020-12-01,Crypto-Only Max-Sharpe,-0.060100767092529844
2020-12-02,Crypto-Only Max-Sharpe,0.02141462091948581
2020-12-03,Crypto-Only Max-Sharpe,0.02105784644681046
2020-12-04,Crypto-Only Max-Sharpe,-0.07568001464515367
2020-12-05,Crypto-Only Max-Sharpe,0.04833670415004146
2020-12-06,Crypto-Only Max-Sharpe,0.007707364275518444
2020-12-07,Crypto-Only Max-Sharpe,-0.02108962902600825
2020-12-08,Crypto-Only Max-Sharpe,-0.07013356120307426
2020-12-09,Crypto-Only Max-Sharpe,0.04376304341327608
2020-12-10,Crypto-Only Max-Sharpe,-0.0306592101559299
2020-12-11,Crypto-Only Max-Sharpe,-0.02244128937901577
2020-12-12,Crypto-Only Max-Sharpe,0.03942818160279428
2020-12-13,Crypto-Only Max-Sharpe,0.04507679422929243
2020-12-14,Crypto-Only Max-Sharpe,0.0024131826817175486
2020-12-15,Crypto-Only Max-Sharpe,-0.003949313655465098
2020-12-16,Crypto-Only Max-Sharpe,0.09249592183806275
2020-12-17,Crypto-Only Max-Sharpe,0.008647042193217781
2020-12-18,Crypto-Only Max-Sharpe,0.011773817598554304
2020-12-19,Crypto-Only Max-Sharpe,0.007794214766688234
2020-12-20,Crypto-Only Max-Sharpe,-0.01970922833423843
2020-12-21,Crypto-Only Max-Sharpe,-0.04761802526153819
2020-12-22,Crypto-Only Max-Sharpe,0.02161052893834344
2020-12-23,Crypto-Only Max-Sharpe,-0.1023177045109547
2020-12-24,Crypto-Only Max-Sharpe,0.07998337121173539
2020-12-25,Crypto-Only Max-Sharpe,0.03586330725294303
2020-12-26,Crypto-Only Max-Sharpe,0.01836385216474273
2020-12-27,Crypto-Only Max-Sharpe,0.015800210636884474
2020-12-28,Crypto-Only Max-Sharpe,0.06607805419401941
2020-12-29,Crypto-Only Max-Sharpe,0.013782342571516046
2020-12-30,Crypto-Only Max-Sharpe,0.004416310385750821
2020-12-31,Crypto-Only Max-Sharpe,-0.01087297838890806
2021-01-01,Crypto-Only Max-Sharpe,-0.00513991540533728
2021-01-02,Crypto-Only Max-Sharpe,0.04776662101768117
2021-01-03,Crypto-Only Max-Sharpe,0.13516436849737165
2021-01-04,Crypto-Only Max-Sharpe,0.04602691162258482
2021-01-05,Crypto-Only Max-Sharpe,0.0646606088081208
2021-01-06,Crypto-Only Max-Sharpe,0.15582065377540827
2021-01-07,Crypto-Only Max-Sharpe,-0.002469265712766274
2021-01-08,Crypto-Only Max-Sharpe,0.011410704896071315
2021-01-09,Crypto-Only Max-Sharpe,0.049744579613090666
2021-01-10,Crypto-Only Max-Sharpe,-0.04624822373659085
2021-01-11,Crypto-Only Max-Sharpe,-0.10898235883989696
2021-01-12,Crypto-Only Max-Sharpe,-0.01597937540448878
2021-01-13,Crypto-Only Max-Sharpe,0.08793788943863845
2021-01-14,Crypto-Only Max-Sharpe,0.030169325791251894
2021-01-15,Crypto-Only Max-Sharpe,-0.03656848883999965
2021-01-16,Crypto-Only Max-Sharpe,0.05259260163890525
2021-01-17,Crypto-Only Max-Sharpe,0.016061867359093044
2021-01-18,Crypto-Only Max-Sharpe,0.018234348693889152
2021-01-19,Crypto-Only Max-Sharpe,0.014359364738151798
2021-01-20,Crypto-Only Max-Sharpe,-0.0018000161575334865
2021-01-21,Crypto-Only Max-Sharpe,-0.15023403258184598
2021-01-22,Crypto-Only Max-Sharpe,0.08551968680551464
2021-01-23,Crypto-Only Max-Sharpe,-0.007656514310128156
2021-01-24,Crypto-Only Max-Sharpe,0.046897292028396424
2021-01-25,Crypto-Only Max-Sharpe,-0.023582804390287843
2021-01-26,Crypto-Only Max-Sharpe,0.006485656939072276
2021-01-27,Crypto-Only Max-Sharpe,-0.07207491723887227
2021-01-28,Crypto-Only Max-Sharpe,0.08483821458471792
2021-01-29,Crypto-Only Max-Sharpe,0.038740047196435465
2021-01-30,Crypto-Only Max-Sharpe,0.0038977518769718464
2021-01-31,Crypto-Only Max-Sharpe,-0.03695970904666889
2021-02-01,Crypto-Only Max-Sharpe,0.06414438747479811
2021-02-02,Crypto-Only Max-Sharpe,0.0634530656677825
2021-02-03,Crypto-Only Max-Sharpe,0.05922637367752735
2021-02-04,Crypto-Only Max-Sharpe,-0.022047177362105697
2021-02-05,Crypto-Only Max-Sharpe,0.10494239076991499
2021-02-06,Crypto-Only Max-Sharpe,0.037032719504642805
2021-02-07,Crypto-Only Max-Sharpe,0.007889522055245624
2021-02-08,Crypto-Only Max-Sharpe,0.1045865765544445
2021-02-09,Crypto-Only Max-Sharpe,0.04356818204964094
2021-02-10,Crypto-Only Max-Sharpe,0.07063963415235115
2021-02-11,Crypto-Only Max-Sharpe,0.0771054270796534
2021-02-12,Crypto-Only Max-Sharpe,0.002312967012779133
2021-02-13,Crypto-Only Max-Sharpe,0.007398258222858202
2021-02-14,Crypto-Only Max-Sharpe,-0.025607788651188804
2021-02-15,Crypto-Only Max-Sharpe,-0.02466514133896149
2021-02-16,Crypto-Only Max-Sharpe,0.015466095718623805
2021-02-17,Crypto-Only Max-Sharpe,0.032570177055303906
2021-02-18,Crypto-Only Max-Sharpe,0.026613198659038585
2021-02-19,Crypto-Only Max-Sharpe,0.05296702787504442
2021-02-20,Crypto-Only Max-Sharpe,0.03588932046006442
2021-02-21,Crypto-Only Max-Sharpe,0.009857144776621056
2021-02-22,Crypto-Only Max-Sharpe,-0.05485905395161961
2021-02-23,Crypto-Only Max-Sharpe,-0.1313712828407119
2021-02-24,Crypto-Only Max-Sharpe,0.05615810122984445
2021-02-25,Crypto-Only Max-Sharpe,-0.044835789981136354
2021-02-26,Crypto-Only Max-Sharpe,0.028784227635155854
2021-02-27,Crypto-Only Max-Sharpe,0.027823418861845
2021-02-28,Crypto-Only Max-Sharpe,-0.02439726599851111
2021-03-01,Crypto-Only Max-Sharpe,0.06147777907672426
2021-03-02,Crypto-Only Max-Sharpe,-0.03568302152754411
2021-03-03,Crypto-Only Max-Sharpe,0.03360005986797411
2021-03-04,Crypto-Only Max-Sharpe,-0.02600556361645319
2021-03-05,Crypto-Only Max-Sharpe,0.006218335125347146
2021-03-06,Crypto-Only Max-Sharpe,0.012215003189357717
2021-03-07,Crypto-Only Max-Sharpe,0.028894980451748084
2021-03-08,Crypto-Only Max-Sharpe,0.02251525875057521
2021-03-09,Crypto-Only Max-Sharpe,0.03783041742390216
2021-03-10,Crypto-Only Max-Sharpe,-0.025084754015105435
2021-03-11,Crypto-Only Max-Sharpe,0.00846766815397643
2021-03-12,Crypto-Only Max-Sharpe,-0.03466409959525221
2021-03-13,Crypto-Only Max-Sharpe,0.0670663357743459
2021-03-14,Crypto-Only Max-Sharpe,-0.035094192274834006
2021-03-15,Crypto-Only Max-Sharpe,-0.03187902154014454
2021-03-16,Crypto-Only Max-Sharpe,0.06454660203317247
2021-03-17,Crypto-Only Max-Sharpe,0.049422679154386195
2021-03-18,Crypto-Only Max-Sharpe,-0.04103750936260324
2021-03-19,Crypto-Only Max-Sharpe,0.03739016250406071
2021-03-20,Crypto-Only Max-Sharpe,-0.009575116752396183
2021-03-21,Crypto-Only Max-Sharpe,-0.005208128275031813
2021-03-22,Crypto-Only Max-Sharpe,-0.05438182603501528
2021-03-23,Crypto-Only Max-Sharpe,-0.0007429419376871658
2021-03-24,Crypto-Only Max-Sharpe,-0.045629516679420334
2021-03-25,Crypto-Only Max-Sharpe,-8.960525914212771e-05
2021-03-26,Crypto-Only Max-Sharpe,0.0941538472963572
2021-03-27,Crypto-Only Max-Sharpe,-0.005486268100784621
2021-03-28,Crypto-Only Max-Sharpe,-0.0009735212942997354
2021-03-29,Crypto-Only Max-Sharpe,0.03582196088606443
2021-03-30,Crypto-Only Max-Sharpe,0.014941730987920808
2021-03-31,Crypto-Only Max-Sharpe,0.07796360710598352
2021-04-01,Crypto-Only Max-Sharpe,-0.002550347864907752
2021-04-02,Crypto-Only Max-Sharpe,0.04061223056333341
2021-04-03,Crypto-Only Max-Sharpe,-0.011610032808811921
2021-04-04,Crypto-Only Max-Sharpe,0.06888437170639544
2021-04-05,Crypto-Only Max-Sharpe,0.03145446254823618
2021-04-06,Crypto-Only Max-Sharpe,-0.003378919416348332
2021-04-07,Crypto-Only Max-Sharpe,-0.07040127073732322
2021-04-08,Crypto-Only Max-Sharpe,0.06495570873377243
2021-04-09,Crypto-Only Max-Sharpe,-0.01799728798876732
2021-04-10,Crypto-Only Max-Sharpe,0.056718132531606166
2021-04-11,Crypto-Only Max-Sharpe,0.008278925695747105
2021-04-12,Crypto-Only Max-Sharpe,0.020963355712379304
2021-04-13,Crypto-Only Max-Sharpe,0.09087339394435151
2021-04-14,Crypto-Only Max-Sharpe,0.01615924540619933
2021-04-15,Crypto-Only Max-Sharpe,0.04166017786512175
2021-04-16,Crypto-Only Max-Sharpe,-0.036372463221900575
2021-04-17,Crypto-Only Max-Sharpe,-0.023331821321006335
2021-04-18,Crypto-Only Max-Sharpe,-0.0732455293517953
2021-04-19,Crypto-Only Max-Sharpe,-0.04553495742036263
2021-04-20,Crypto-Only Max-Sharpe,0.04366787349589952
2021-04-21,Crypto-Only Max-Sharpe,-0.03679589279139376
2021-04-22,Crypto-Only Max-Sharpe,-0.043958238868189975
2021-04-23,Crypto-Only Max-Sharpe,-0.007027228995893923
2021-04-24,Crypto-Only Max-Sharpe,-0.05048475634791806
2021-04-25,Crypto-Only Max-Sharpe,0.00040221809074248403
2021-04-26,Crypto-Only Max-Sharpe,0.1324710673315596
2021-04-27,Crypto-Only Max-Sharpe,0.04686186537680191
2021-04-28,Crypto-Only Max-Sharpe,0.0059900229037162175
2021-04-29,Crypto-Only Max-Sharpe,-0.012097589757796214
2021-04-30,Crypto-Only Max-Sharpe,0.049461995402829514
2021-05-01,Crypto-Only Max-Sharpe,0.043563686333137924
2021-05-02,Crypto-Only Max-Sharpe,-0.013003471382391886
2021-05-03,Crypto-Only Max-Sharpe,0.07174802557187192
2021-05-04,Crypto-Only Max-Sharpe,-0.018256249501287188
2021-05-05,Crypto-Only Max-Sharpe,0.1494006500184307
2021-05-06,Crypto-Only Max-Sharpe,0.0769088358200159
2021-05-07,Crypto-Only Max-Sharpe,-0.011204212295742089
2021-05-08,Crypto-Only Max-Sharpe,0.03409392799057797
2021-05-09,Crypto-Only Max-Sharpe,0.013196432255950146
2021-05-10,Crypto-Only Max-Sharpe,-0.05292360351606858
2021-05-11,Crypto-Only Max-Sharpe,0.053641561989958356
2021-05-12,Crypto-Only Max-Sharpe,-0.13603499645427197
2021-05-13,Crypto-Only Max-Sharpe,0.07193270953054247
2021-05-14,Crypto-Only Max-Sharpe,0.06056085572098856
2021-05-15,Crypto-Only Max-Sharpe,-0.033209325325586445
2021-05-16,Crypto-Only Max-Sharpe,0.007015795590080599
2021-05-17,Crypto-Only Max-Sharpe,-0.07636485337806194
2021-05-18,Crypto-Only Max-Sharpe,0.003704659258415047
2021-05-19,Crypto-Only Max-Sharpe,-0.24774969512272332
2021-05-20,Crypto-Only Max-Sharpe,0.15938142519668097
2021-05-21,Crypto-Only Max-Sharpe,-0.12404925234304284
2021-05-22,Crypto-Only Max-Sharpe,-0.04753256636916371
2021-05-23,Crypto-Only Max-Sharpe,-0.08940227460590625
2021-05-24,Crypto-Only Max-Sharpe,0.21803373044159868
2021-05-25,Crypto-Only Max-Sharpe,0.013114813450527951
2021-05-26,Crypto-Only Max-Sharpe,0.06773918563883735
2021-05-27,Crypto-Only Max-Sharpe,-0.054230079380470426
2021-05-28,Crypto-Only Max-Sharpe,-0.08563117927439243
2021-05-29,Crypto-Only Max-Sharpe,-0.05584002907291655
2021-05-30,Crypto-Only Max-Sharpe,0.06111372291396339
2021-05-31,Crypto-Only Max-Sharpe,0.09188167994255969
2021-06-01,Crypto-Only Max-Sharpe,-0.018725087162411197
2021-06-02,Crypto-Only Max-Sharpe,0.018011493802897075
2021-06-03,Crypto-Only Max-Sharpe,0.042486505884014696
2021-06-04,Crypto-Only Max-Sharpe,-0.06540619786884291
2021-06-05,Crypto-Only Max-Sharpe,-0.029703381401406763
2021-06-06,Crypto-Only Max-Sharpe,0.017515758497899207
2021-06-07,Crypto-Only Max-Sharpe,-0.06798542718531639
2021-06-08,Crypto-Only Max-Sharpe,-0.004824568989914073
2021-06-09,Crypto-Only Max-Sharpe,0.061565698481813196
2021-06-10,Crypto-Only Max-Sharpe,-0.04807347985486083
2021-06-11,Crypto-Only Max-Sharpe,-0.03188426805234913
2021-06-12,Crypto-Only Max-Sharpe,-0.003837872209473023
2021-06-13,Crypto-Only Max-Sharpe,0.06764056491860648
2021-06-14,Crypto-Only Max-Sharpe,0.014158667767152477
2021-06-15,Crypto-Only Max-Sharpe,0.01126796510692241
2021-06-16,Crypto-Only Max-Sharpe,-0.07190736577777086
2021-06-17,Crypto-Only Max-Sharpe,-0.00016019060431975716
2021-06-18,Crypto-Only Max-Sharpe,-0.055260710122474244
2021-06-19,Crypto-Only Max-Sharpe,-0.017841807271774826
2021-06-20,Crypto-Only Max-Sharpe,0.017453352845560023
2021-06-21,Crypto-Only Max-Sharpe,-0.16667913512993804
2021-06-22,Crypto-Only Max-Sharpe,-0.012575463763761063
2021-06-23,Crypto-Only Max-Sharpe,0.07261118623709509
2021-06-24,Crypto-Only Max-Sharpe,0.04198943850103339
2021-06-25,Crypto-Only Max-Sharpe,-0.08354870907290887
2021-06-26,Crypto-Only Max-Sharpe,0.011313165921933798
2021-06-27,Crypto-Only Max-Sharpe,0.06697669558649702
2021-06-28,Crypto-Only Max-Sharpe,0.014370236629848088
2021-06-29,Crypto-Only Max-Sharpe,0.07771586717103891
2021-06-30,Crypto-Only Max-Sharpe,0.01429403183456214
2021-07-01,Crypto-Only Max-Sharpe,-0.053112539669131924
2021-07-02,Crypto-Only Max-Sharpe,0.01800215504950116
2021-07-03,Crypto-Only Max-Sharpe,0.025990414154851565
2021-07-04,Crypto-Only Max-Sharpe,0.02393712678619339
2021-07-05,Crypto-Only Max-Sharpe,-0.04502147736220913
2021-07-06,Crypto-Only Max-Sharpe,0.025100236158136932
2021-07-07,Crypto-Only Max-Sharpe,-0.012983352550240272
2021-07-08,Crypto-Only Max-Sharpe,-0.055590540897659704
2021-07-09,Crypto-Only Max-Sharpe,0.016392084715438168
2021-07-10,Crypto-Only Max-Sharpe,-0.011982630002112854
2021-07-11,Crypto-Only Max-Sharpe,0.013012356973079571
2021-07-12,Crypto-Only Max-Sharpe,-0.03455628609919578
2021-07-13,Crypto-Only Max-Sharpe,-0.03444737889206692
2021-07-14,Crypto-Only Max-Sharpe,0.010223152424705057
2021-07-15,Crypto-Only Max-Sharpe,-0.0350339371001872
2021-07-16,Crypto-Only Max-Sharpe,-0.02592164156367366
2021-07-17,Crypto-Only Max-Sharpe,0.002771297841975415
2021-07-18,Crypto-Only Max-Sharpe,0.005400704130700923
2021-07-19,Crypto-Only Max-Sharpe,-0.040157737269629616
2021-07-20,Crypto-Only Max-Sharpe,-0.035406015607224325
2021-07-21,Crypto-Only Max-Sharpe,0.09463644121848327
2021-07-22,Crypto-Only Max-Sharpe,0.026581089991895734
2021-07-23,Crypto-Only Max-Sharpe,0.03686779979124005
2021-07-24,Crypto-Only Max-Sharpe,0.030284267039174494
2021-07-25,Crypto-Only Max-Sharpe,0.0017268186717027845
2021-07-26,Crypto-Only Max-Sharpe,0.025088980295097204
2021-07-27,Crypto-Only Max-Sharpe,0.028688299034321064
2021-07-28,Crypto-Only Max-Sharpe,0.005753742059095554
2021-07-29,Crypto-Only Max-Sharpe,0.01086206175249832
2021-07-30,Crypto-Only Max-Sharpe,0.03603634660142942
2021-07-31,Crypto-Only Max-Sharpe,0.009103286095254575
2021-08-01,Crypto-Only Max-Sharpe,-0.014408656770487008
2021-08-02,Crypto-Only Max-Sharpe,0.0008500232416459828
2021-08-03,Crypto-Only Max-Sharpe,-0.012667200314408829
2021-08-04,Crypto-Only Max-Sharpe,0.043992759813210845
2021-08-05,Crypto-Only Max-Sharpe,0.02087928349454216
2021-08-06,Crypto-Only Max-Sharpe,0.023433128145199725
2021-08-07,Crypto-Only Max-Sharpe,0.07446034557764417
2021-08-08,Crypto-Only Max-Sharpe,-0.03737545920273075
2021-08-09,Crypto-Only Max-Sharpe,0.04547675410665671
2021-08-10,Crypto-Only Max-Sharpe,0.02940921112188586
2021-08-11,Crypto-Only Max-Sharpe,0.03466771108020666
2021-08-12,Crypto-Only Max-Sharpe,-0.016441950188526087
2021-08-13,Crypto-Only Max-Sharpe,0.10448783569749333
2021-08-14,Crypto-Only Max-Sharpe,0.013785609712348983
2021-08-15,Crypto-Only Max-Sharpe,0.014367519275022965
2021-08-16,Crypto-Only Max-Sharpe,-0.04208611282159076
2021-08-17,Crypto-Only Max-Sharpe,-0.05739876325498409
2021-08-18,Crypto-Only Max-Sharpe,0.026902347247760833
2021-08-19,Crypto-Only Max-Sharpe,0.07539626492075867
2021-08-20,Crypto-Only Max-Sharpe,0.036154377231683424
2021-08-21,Crypto-Only Max-Sharpe,-0.017634681224834952
2021-08-22,Crypto-Only Max-Sharpe,0.03225132241608995
2021-08-23,Crypto-Only Max-Sharpe,0.029318994866379088
2021-08-24,Crypto-Only Max-Sharpe,-0.05551514300175329
2021-08-25,Crypto-Only Max-Sharpe,0.017000321153101915
2021-08-26,Crypto-Only Max-Sharpe,-0.053218548688355335
2021-08-27,Crypto-Only Max-Sharpe,0.08206966446511348
2021-08-28,Crypto-Only Max-Sharpe,-0.012991839120815273
2021-08-29,Crypto-Only Max-Sharpe,-0.003345596380769372
2021-08-30,Crypto-Only Max-Sharpe,-0.027976520201837617
2021-08-31,Crypto-Only Max-Sharpe,0.028944843041424362
2021-09-01,Crypto-Only Max-Sharpe,0.06291737915278074
2021-09-02,Crypto-Only Max-Sharpe,0.010190986441436093
2021-09-03,Crypto-Only Max-Sharpe,0.02025214989182161
2021-09-04,Crypto-Only Max-Sharpe,-0.01686212265154431
2021-09-05,Crypto-Only Max-Sharpe,0.034814133643422056
2021-09-06,Crypto-Only Max-Sharpe,-0.002069064437869496
2021-09-07,Crypto-Only Max-Sharpe,-0.1369051829383405
2021-09-08,Crypto-Only Max-Sharpe,0.0034797957885002416
2021-09-09,Crypto-Only Max-Sharpe,0.0021871801462914455
2021-09-10,Crypto-Only Max-Sharpe,-0.046293257006983196
2021-09-11,Crypto-Only Max-Sharpe,0.039010144323282474
2021-09-12,Crypto-Only Max-Sharpe,0.027841188895533518
2021-09-13,Crypto-Only Max-Sharpe,-0.045157925516262215
2021-09-14,Crypto-Only Max-Sharpe,0.03685710108811404
2021-09-15,Crypto-Only Max-Sharpe,0.03816749356353813
2021-09-16,Crypto-Only Max-Sharpe,-0.020111122157083654
2021-09-17,Crypto-Only Max-Sharpe,-0.034312887888673885
2021-09-18,Crypto-Only Max-Sharpe,0.012703154748768283
2021-09-19,Crypto-Only Max-Sharpe,-0.029089796117718426
2021-09-20,Crypto-Only Max-Sharpe,-0.10416741667989178
2021-09-21,Crypto-Only Max-Sharpe,-0.05117958970260196
2021-09-22,Crypto-Only Max-Sharpe,0.11039673671641177
2021-09-23,Crypto-Only Max-Sharpe,0.022574712008249766
2021-09-24,Crypto-Only Max-Sharpe,-0.052142171902326534
2021-09-25,Crypto-Only Max-Sharpe,-0.0019478080803543621
2021-09-26,Crypto-Only Max-Sharpe,0.00040261529368658226
2021-09-27,Crypto-Only Max-Sharpe,-0.03166272161455458
2021-09-28,Crypto-Only Max-Sharpe,-0.034805401868393045
2021-09-29,Crypto-Only Max-Sharpe,0.016958619127114195
2021-09-30,Crypto-Only Max-Sharpe,0.040951732343774534
2021-10-01,Crypto-Only Max-Sharpe,0.08804030102341748
2021-10-02,Crypto-Only Max-Sharpe,0.007289384761886286
2021-10-03,Crypto-Only Max-Sharpe,0.006719256991645816
2021-10-04,Crypto-Only Max-Sharpe,-0.009881044663531747
2021-10-05,Crypto-Only Max-Sharpe,0.035580881168598796
2021-10-06,Crypto-Only Max-Sharpe,0.024228976278724765
2021-10-07,Crypto-Only Max-Sharpe,-0.001298530384313832
2021-10-08,Crypto-Only Max-Sharpe,-0.005124297231947856
2021-10-09,Crypto-Only Max-Sharpe,0.019916900439216477
2021-10-10,Crypto-Only Max-Sharpe,-0.03122384564854727
2021-10-11,Crypto-Only Max-Sharpe,0.021026189532695104
2021-10-12,Crypto-Only Max-Sharpe,-0.02165852367617871
2021-10-13,Crypto-Only Max-Sharpe,0.02938197269484151
2021-10-14,Crypto-Only Max-Sharpe,0.01184553102066702
2021-10-15,Crypto-Only Max-Sharpe,0.028329498586750105
2021-10-16,Crypto-Only Max-Sharpe,-0.003705643150870204
2021-10-17,Crypto-Only Max-Sharpe,-0.0027646657710769006
2021-10-18,Crypto-Only Max-Sharpe,-0.009911900722383887
2021-10-19,Crypto-Only Max-Sharpe,0.017747566902768568
2021-10-20,Crypto-Only Max-Sharpe,0.04347926828200843
2021-10-21,Crypto-Only Max-Sharpe,-0.03170562181110115
2021-10-22,Crypto-Only Max-Sharpe,-0.010863743396225301
2021-10-23,Crypto-Only Max-Sharpe,0.0217002100873511
2021-10-24,Crypto-Only Max-Sharpe,-0.015813223742766322
2021-10-25,Crypto-Only Max-Sharpe,0.02307180901569056
2021-10-26,Crypto-Only Max-Sharpe,-0.02056523334050237
2021-10-27,Crypto-Only Max-Sharpe,-0.07242779986680528
2021-10-28,Crypto-Only Max-Sharpe,0.05600182636380102
2021-10-29,Crypto-Only Max-Sharpe,0.02665188546806501
2021-10-30,Crypto-Only Max-Sharpe,-0.014238828415700348
2021-10-31,Crypto-Only Max-Sharpe,0.002430979904070588
2021-11-01,Crypto-Only Max-Sharpe,-0.0039183833527971345
2021-11-02,Crypto-Only Max-Sharpe,0.03740757104565655
2021-11-03,Crypto-Only Max-Sharpe,0.012126465533265421
2021-11-04,Crypto-Only Max-Sharpe,-0.026995534844763837
2021-11-05,Crypto-Only Max-Sharpe,-0.006255541074446045
2021-11-06,Crypto-Only Max-Sharpe,0.004326643426133052
2021-11-07,Crypto-Only Max-Sharpe,0.019155014519465084
2021-11-08,Crypto-Only Max-Sharpe,0.05147041979287441
2021-11-09,Crypto-Only Max-Sharpe,0.02847351398460468
2021-11-10,Crypto-Only Max-Sharpe,-0.04809543671181923
2021-11-11,Crypto-Only Max-Sharpe,0.006061626362030837
2021-11-12,Crypto-Only Max-Sharpe,-0.01659696382963448
2021-11-13,Crypto-Only Max-Sharpe,0.006504608672265217
2021-11-14,Crypto-Only Max-Sharpe,0.003571178233631357
2021-11-15,Crypto-Only Max-Sharpe,-0.01238306858501033
2021-11-16,Crypto-Only Max-Sharpe,-0.07125031799923522
2021-11-17,Crypto-Only Max-Sharpe,0.007263756880594448
2021-11-18,Crypto-Only Max-Sharpe,-0.05960351033433839
2021-11-19,Crypto-Only Max-Sharpe,0.0470528689417922
2021-11-20,Crypto-Only Max-Sharpe,0.021637271842883075
2021-11-21,Crypto-Only Max-Sharpe,-0.02304440022224786
2021-11-22,Crypto-Only Max-Sharpe,-0.0390671321366942
2021-11-23,Crypto-Only Max-Sharpe,0.02115878326475018
2021-11-24,Crypto-Only Max-Sharpe,-0.02620972410447475
2021-11-25,Crypto-Only Max-Sharpe,-0.0012426541983959756
2021-11-26,Crypto-Only Max-Sharpe,-0.059560850412712855
2021-11-27,Crypto-Only Max-Sharpe,0.014991319098467858
2021-11-28,Crypto-Only Max-Sharpe,0.033625981794438334
2021-11-29,Crypto-Only Max-Sharpe,0.01671731183358468
2021-11-30,Crypto-Only Max-Sharpe,0.0007300384161936253
2021-12-01,Crypto-Only Max-Sharpe,-0.004556237402400617
2021-12-02,Crypto-Only Max-Sharpe,0.019290033292978712
2021-12-03,Crypto-Only Max-Sharpe,-0.062280116168685146
2021-12-04,Crypto-Only Max-Sharpe,-0.07438285720845189
2021-12-05,Crypto-Only Max-Sharpe,-0.007418285548870073
2021-12-06,Crypto-Only Max-Sharpe,0.0316215242993629
2021-12-07,Crypto-Only Max-Sharpe,-0.007131455181164111
2021-12-08,Crypto-Only Max-Sharpe,0.01762995560049501
2021-12-09,Crypto-Only Max-Sharpe,-0.06886213377029562
2021-12-10,Crypto-Only Max-Sharpe,-0.036715552866735696
2021-12-11,Crypto-Only Max-Sharpe,0.06270424142004408
2021-12-12,Crypto-Only Max-Sharpe,0.005088071786933785
2021-12-13,Crypto-Only Max-Sharpe,-0.08185185152207158
2021-12-14,Crypto-Only Max-Sharpe,-0.001126543529422105
2021-12-15,Crypto-Only Max-Sharpe,0.058383694191498435
2021-12-16,Crypto-Only Max-Sharpe,-0.02994824763692013
2021-12-17,Crypto-Only Max-Sharpe,-0.028777650245255543
2021-12-18,Crypto-Only Max-Sharpe,0.01672872738195606
2021-12-19,Crypto-Only Max-Sharpe,-0.004970975582646758
2021-12-20,Crypto-Only Max-Sharpe,-0.003950424871112829
2021-12-21,Crypto-Only Max-Sharpe,0.030434601224328183
2021-12-22,Crypto-Only Max-Sharpe,0.006687958484326791
2021-12-23,Crypto-Only Max-Sharpe,0.058659311825025054
2021-12-24,Crypto-Only Max-Sharpe,-0.020840066178647067
2021-12-25,Crypto-Only Max-Sharpe,0.015035440693170287
2021-12-26,Crypto-Only Max-Sharpe,0.000573484266563632
2021-12-27,Crypto-Only Max-Sharpe,0.005538639096612822
2021-12-28,Crypto-Only Max-Sharpe,-0.06232193172765507
2021-12-29,Crypto-Only Max-Sharpe,-0.03439992252767272
2021-12-30,Crypto-Only Max-Sharpe,0.019560599526437673
2021-12-31,Crypto-Only Max-Sharpe,-0.02190212472141656
2022-01-01,Crypto-Only Max-Sharpe,0.030896002753151332
2022-01-02,Crypto-Only Max-Sharpe,0.0065515287823926785
2022-01-03,Crypto-Only Max-Sharpe,-0.02254924610063091
2022-01-04,Crypto-Only Max-Sharpe,-0.006273718576367549
2022-01-05,Crypto-Only Max-Sharpe,-0.05855743269992325
2022-01-06,Crypto-Only Max-Sharpe,-0.004521763628614822
2022-01-07,Crypto-Only Max-Sharpe,-0.04915835162300929
2022-01-08,Crypto-Only Max-Sharpe,-0.019157678214385836
2022-01-09,Crypto-Only Max-Sharpe,0.006545027967820894
2022-01-10,Crypto-Only Max-Sharpe,-0.02629412976389131
2022-01-11,Crypto-Only Max-Sharpe,0.03894301725314904
2022-01-12,Crypto-Only Max-Sharpe,0.056056723249377285
2022-01-13,Crypto-Only Max-Sharpe,-0.03807209915776583
2022-01-14,Crypto-Only Max-Sharpe,0.027541720563893465
2022-01-15,Crypto-Only Max-Sharpe,0.006531837396200089
2022-01-16,Crypto-Only Max-Sharpe,0.02189210176456289
2022-01-17,Crypto-Only Max-Sharpe,0.014111474595775652
2022-01-18,Crypto-Only Max-Sharpe,-0.02002960374422307
2022-01-19,Crypto-Only Max-Sharpe,-0.035067336375789675
2022-01-20,Crypto-Only Max-Sharpe,-0.04260705275508471
2022-01-21,Crypto-Only Max-Sharpe,-0.1172575162902621
2022-01-22,Crypto-Only Max-Sharpe,-0.053618003798664084
2022-01-23,Crypto-Only Max-Sharpe,0.04318422823559324
2022-01-24,Crypto-Only Max-Sharpe,-0.028358268453938698
2022-01-25,Crypto-Only Max-Sharpe,-0.001061243248324361
2022-01-26,Crypto-Only Max-Sharpe,0.011601504592312828
2022-01-27,Crypto-Only Max-Sharpe,-0.011431591787255224
2022-01-28,Crypto-Only Max-Sharpe,0.02633240509508889
2022-01-29,Crypto-Only Max-Sharpe,0.015022571732750742
2022-01-30,Crypto-Only Max-Sharpe,-0.010709294028769719
2022-01-31,Crypto-Only Max-Sharpe,0.020257753485899387
2022-02-01,Crypto-Only Max-Sharpe,0.02720729080017449
2022-02-02,Crypto-Only Max-Sharpe,-0.040305287001628415
2022-02-03,Crypto-Only Max-Sharpe,0.017708363198965165
2022-02-04,Crypto-Only Max-Sharpe,0.09412760770556829
2022-02-05,Crypto-Only Max-Sharpe,0.00011512119658343414
2022-02-06,Crypto-Only Max-Sharpe,0.018215171858391485
2022-02-07,Crypto-Only Max-Sharpe,0.04420243554043748
2022-02-08,Crypto-Only Max-Sharpe,-0.006404395971389255
2022-02-09,Crypto-Only Max-Sharpe,0.023549663749630613
2022-02-10,Crypto-Only Max-Sharpe,-0.02535439457848862
2022-02-11,Crypto-Only Max-Sharpe,-0.04918255397479745
2022-02-12,Crypto-Only Max-Sharpe,-0.01187400635362951
2022-02-13,Crypto-Only Max-Sharpe,-0.0004972419892699718
2022-02-14,Crypto-Only Max-Sharpe,0.0024524493100038887
2022-02-15,Crypto-Only Max-Sharpe,0.05953906734198369
2022-02-16,Crypto-Only Max-Sharpe,-0.018032203555811296
2022-02-17,Crypto-Only Max-Sharpe,-0.0741404898426945
2022-02-18,Crypto-Only Max-Sharpe,-0.017956894689614374
2022-02-19,Crypto-Only Max-Sharpe,-0.0021088050193569983
2022-02-20,Crypto-Only Max-Sharpe,-0.0487945110869495
2022-02-21,Crypto-Only Max-Sharpe,-0.05180833444964952
2022-02-22,Crypto-Only Max-Sharpe,0.03861480183297495
2022-02-23,Crypto-Only Max-Sharpe,-0.019863934873753226
2022-02-24,Crypto-Only Max-Sharpe,0.0034602822283327254
2022-02-25,Crypto-Only Max-Sharpe,0.04187566056782272
2022-02-26,Crypto-Only Max-Sharpe,0.0028896548219875078
2022-02-27,Crypto-Only Max-Sharpe,-0.04230363730979503
2022-02-28,Crypto-Only Max-Sharpe,0.11621206597342115
2022-03-01,Crypto-Only Max-Sharpe,0.01352259047119238
2022-03-02,Crypto-Only Max-Sharpe,-0.015504035455157328
2022-03-03,Crypto-Only Max-Sharpe,-0.026227923755502258
2022-03-04,Crypto-Only Max-Sharpe,-0.07208614851910723
2022-03-05,Crypto-Only Max-Sharpe,0.01794342776002839
2022-03-06,Crypto-Only Max-Sharpe,-0.03802953824198302
2022-03-07,Crypto-Only Max-Sharpe,-0.018888782161407613
2022-03-08,Crypto-Only Max-Sharpe,0.019391104475279565
2022-03-09,Crypto-Only Max-Sharpe,0.0600066123679723
2022-03-10,Crypto-Only Max-Sharpe,-0.04503109838888903
2022-03-11,Crypto-Only Max-Sharpe,-0.01265914736313915
2022-03-12,Crypto-Only Max-Sharpe,-0.00034297370698299894
2022-03-13,Crypto-Only Max-Sharpe,-0.015799180478732675
2022-03-14,Crypto-Only Max-Sharpe,0.025903643890782237
2022-03-15,Crypto-Only Max-Sharpe,0.0007091751242830945
2022-03-16,Crypto-Only Max-Sharpe,0.0442879350755306
2022-03-17,Crypto-Only Max-Sharpe,0.0007821363356635006
2022-03-18,Crypto-Only Max-Sharpe,0.02736226194209477
2022-03-19,Crypto-Only Max-Sharpe,0.04008712649668049
2022-03-20,Crypto-Only Max-Sharpe,-0.0057588803063722
2022-03-21,Crypto-Only Max-Sharpe,0.015440044913342457
2022-03-22,Crypto-Only Max-Sharpe,0.056108748411481404
2022-03-23,Crypto-Only Max-Sharpe,0.04198359197575897
2022-03-24,Crypto-Only Max-Sharpe,0.028084262177798636
2022-03-25,Crypto-Only Max-Sharpe,-0.009168423251979549
2022-03-26,Crypto-Only Max-Sharpe,0.018083139238500016
2022-03-27,Crypto-Only Max-Sharpe,0.03976700635879486
2022-03-28,Crypto-Only Max-Sharpe,0.0002483345077762067
2022-03-29,Crypto-Only Max-Sharpe,0.016391167545633873
2022-03-30,Crypto-Only Max-Sharpe,0.0071593186666697945
2022-03-31,Crypto-Only Max-Sharpe,-0.026986402104562913
2022-04-01,Crypto-Only Max-Sharpe,0.02266858897158066
2022-04-02,Crypto-Only Max-Sharpe,-0.013578708860986369
2022-04-03,Crypto-Only Max-Sharpe,0.017565027833307996
2022-04-04,Crypto-Only Max-Sharpe,-0.0005239767800893315
2022-04-05,Crypto-Only Max-Sharpe,-0.031381373004073364
2022-04-06,Crypto-Only Max-Sharpe,-0.08973106402761524
2022-04-07,Crypto-Only Max-Sharpe,0.03902107307293916
2022-04-08,Crypto-Only Max-Sharpe,-0.03888480912326848
2022-04-09,Crypto-Only Max-Sharpe,0.022223056923780862
2022-04-10,Crypto-Only Max-Sharpe,-0.01915204539433117
2022-04-11,Crypto-Only Max-Sharpe,-0.08106690435745012
2022-04-12,Crypto-Only Max-Sharpe,0.026557264761354213
2022-04-13,Crypto-Only Max-Sharpe,0.02316770927982719
2022-04-14,Crypto-Only Max-Sharpe,-0.03330408039860001
2022-04-15,Crypto-Only Max-Sharpe,0.017250657921675495
2022-04-16,Crypto-Only Max-Sharpe,0.0046119690248294124
2022-04-17,Crypto-Only Max-Sharpe,-0.029504507892802477
2022-04-18,Crypto-Only Max-Sharpe,0.020029416694406124
2022-04-19,Crypto-Only Max-Sharpe,0.020600555385061104
2022-04-20,Crypto-Only Max-Sharpe,-0.014392577193986927
2022-04-21,Crypto-Only Max-Sharpe,0.011177703362106528
2022-04-22,Crypto-Only Max-Sharpe,-0.020003454404692818
2022-04-23,Crypto-Only Max-Sharpe,-0.007935721242529364
2022-04-24,Crypto-Only Max-Sharpe,-0.011300104428075363
2022-04-25,Crypto-Only Max-Sharpe,0.013832460582608834
2022-04-26,Crypto-Only Max-Sharpe,-0.06698513313783153
2022-04-27,Crypto-Only Max-Sharpe,0.022952538671634527
2022-04-28,Crypto-Only Max-Sharpe,0.009030550204236876
2022-04-29,Crypto-Only Max-Sharpe,-0.03353862964979572
2022-04-30,Crypto-Only Max-Sharpe,-0.03945995395853334
2022-05-01,Crypto-Only Max-Sharpe,0.06031363025336835
2022-05-02,Crypto-Only Max-Sharpe,-0.007621416331641635
2022-05-03,Crypto-Only Max-Sharpe,-0.0031366721767120114
2022-05-04,Crypto-Only Max-Sharpe,0.12213344803323267
2022-05-05,Crypto-Only Max-Sharpe,-0.09835424202770485
2022-05-06,Crypto-Only Max-Sharpe,0.025726612976352203
2022-05-07,Crypto-Only Max-Sharpe,-0.026352253145900673
2022-05-08,Crypto-Only Max-Sharpe,-0.01498825738877313
2022-05-09,Crypto-Only Max-Sharpe,-0.14036911691751267
2022-05-10,Crypto-Only Max-Sharpe,0.0383863336963553
2022-05-11,Crypto-Only Max-Sharpe,-0.11053970463701915
2022-05-12,Crypto-Only Max-Sharpe,-0.05629940730164047
2022-05-13,Crypto-Only Max-Sharpe,0.06494740349331499
2022-05-14,Crypto-Only Max-Sharpe,0.011474994102724378
2022-05-15,Crypto-Only Max-Sharpe,0.04748958008491528
2022-05-16,Crypto-Only Max-Sharpe,-0.05452334621261474
2022-05-17,Crypto-Only Max-Sharpe,0.03492597951314509
2022-05-18,Crypto-Only Max-Sharpe,-0.07154690209142339
2022-05-19,Crypto-Only Max-Sharpe,0.05009570342072463
2022-05-20,Crypto-Only Max-Sharpe,-0.031062141402007217
2022-05-21,Crypto-Only Max-Sharpe,0.018199736610551444
2022-05-22,Crypto-Only Max-Sharpe,0.03697060240049461
2022-05-23,Crypto-Only Max-Sharpe,-0.03671212449092191
2022-05-24,Crypto-Only Max-Sharpe,0.026425176096471437
2022-05-25,Crypto-Only Max-Sharpe,0.0033419067926603726
2022-05-26,Crypto-Only Max-Sharpe,-0.04488267438888383
2022-05-27,Crypto-Only Max-Sharpe,-0.033875476172980326
2022-05-28,Crypto-Only Max-Sharpe,0.013676834283441875
2022-05-29,Crypto-Only Max-Sharpe,0.020117074281551815
2022-05-30,Crypto-Only Max-Sharpe,0.09881955918268828
2022-05-31,Crypto-Only Max-Sharpe,0.019610095236928287
2022-06-01,Crypto-Only Max-Sharpe,-0.06232297865121399
2022-06-02,Crypto-Only Max-Sharpe,0.02477609662118761
2022-06-03,Crypto-Only Max-Sharpe,-0.03549309405442877
2022-06-04,Crypto-Only Max-Sharpe,0.005329774815621007
2022-06-05,Crypto-Only Max-Sharpe,0.004178864847265202
2022-06-06,Crypto-Only Max-Sharpe,0.03782086106809408
2022-06-07,Crypto-Only Max-Sharpe,-0.007091184014695847
2022-06-08,Crypto-Only Max-Sharpe,-0.0025145225421177404
2022-06-09,Crypto-Only Max-Sharpe,-0.003978113357564631
2022-06-10,Crypto-Only Max-Sharpe,-0.057149311108215264
2022-06-11,Crypto-Only Max-Sharpe,-0.050659975552250824
2022-06-12,Crypto-Only Max-Sharpe,-0.05361808303280085
2022-06-13,Crypto-Only Max-Sharpe,-0.13800102531258823
2022-06-14,Crypto-Only Max-Sharpe,-0.019312868792429272
2022-06-15,Crypto-Only Max-Sharpe,0.071071927185364
2022-06-16,Crypto-Only Max-Sharpe,-0.10288111560142557
2022-06-17,Crypto-Only Max-Sharpe,0.01822879791863467
2022-06-18,Crypto-Only Max-Sharpe,-0.04874166483785936
2022-06-19,Crypto-Only Max-Sharpe,0.07477666362683444
2022-06-20,Crypto-Only Max-Sharpe,0.007960406458603615
2022-06-21,Crypto-Only Max-Sharpe,0.007739401554573574
2022-06-22,Crypto-Only Max-Sharpe,-0.043952232357379384
2022-06-23,Crypto-Only Max-Sharpe,0.04719288107542973
2022-06-24,Crypto-Only Max-Sharpe,0.0514347117965311
2022-06-25,Crypto-Only Max-Sharpe,-0.00042047642348035314
2022-06-26,Crypto-Only Max-Sharpe,-0.019853522909248005
2022-06-27,Crypto-Only Max-Sharpe,0.0023957143162581665
2022-06-28,Crypto-Only Max-Sharpe,-0.035060020859978905
2022-06-29,Crypto-Only Max-Sharpe,-0.024299253161092237
2022-06-30,Crypto-Only Max-Sharpe,-0.010083361423477835
2022-07-01,Crypto-Only Max-Sharpe,-0.01276860049828069
2022-07-02,Crypto-Only Max-Sharpe,0.0061578392828665045
2022-07-03,Crypto-Only Max-Sharpe,0.007627997695826263
2022-07-04,Crypto-Only Max-Sharpe,0.03669497124552972
2022-07-05,Crypto-Only Max-Sharpe,-0.01357130060882619
2022-07-06,Crypto-Only Max-Sharpe,0.01533123705314417
2022-07-07,Crypto-Only Max-Sharpe,0.034060212417025705
2022-07-08,Crypto-Only Max-Sharpe,-0.009819081148355141
2022-07-09,Crypto-Only Max-Sharpe,0.008893152872088307
2022-07-10,Crypto-Only Max-Sharpe,-0.03771665039043652
2022-07-11,Crypto-Only Max-Sharpe,-0.055621272396599225
2022-07-12,Crypto-Only Max-Sharpe,-0.027583513658510875
2022-07-13,Crypto-Only Max-Sharpe,0.047402525811853835
2022-07-14,Crypto-Only Max-Sharpe,0.02653766726958795
2022-07-15,Crypto-Only Max-Sharpe,0.014008203321496358
2022-07-16,Crypto-Only Max-Sharpe,0.061007771434402856
2022-07-17,Crypto-Only Max-Sharpe,-0.001824002079039615
2022-07-18,Crypto-Only Max-Sharpe,0.12691128069987886
2022-07-19,Crypto-Only Max-Sharpe,0.010066771631870405
2022-07-20,Crypto-Only Max-Sharpe,-0.03806320385566728
2022-07-21,Crypto-Only Max-Sharpe,0.03260999984824006
2022-07-22,Crypto-Only Max-Sharpe,-0.02521796850746545
2022-07-23,Crypto-Only Max-Sharpe,0.0218846999504004
2022-07-24,Crypto-Only Max-Sharpe,0.007879785965668499
2022-07-25,Crypto-Only Max-Sharpe,-0.0726801044666881
2022-07-26,Crypto-Only Max-Sharpe,0.009122125572229228
2022-07-27,Crypto-Only Max-Sharpe,0.11690795114517502
2022-07-28,Crypto-Only Max-Sharpe,0.05496385168928313
2022-07-29,Crypto-Only Max-Sharpe,0.0037368889469062945
2022-07-30,Crypto-Only Max-Sharpe,-0.0060302188798983004
2022-07-31,Crypto-Only Max-Sharpe,-0.01744781328037049
2022-08-01,Crypto-Only Max-Sharpe,-0.008959207507983132
2022-08-02,Crypto-Only Max-Sharpe,-0.012143062750600696
2022-08-03,Crypto-Only Max-Sharpe,-0.004990677737007833
2022-08-04,Crypto-Only Max-Sharpe,-0.0011293919233507058
2022-08-05,Crypto-Only Max-Sharpe,0.04468223693506833
2022-08-06,Crypto-Only Max-Sharpe,-0.010000382827726952
2022-08-07,Crypto-Only Max-Sharpe,0.010783732728502611
2022-08-08,Crypto-Only Max-Sharpe,0.02326763356049141
2022-08-09,Crypto-Only Max-Sharpe,-0.03730391069086459
2022-08-10,Crypto-Only Max-Sharpe,0.0506781831708706
2022-08-11,Crypto-Only Max-Sharpe,0.009411476376756482
2022-08-12,Crypto-Only Max-Sharpe,0.018068045180044602
2022-08-13,Crypto-Only Max-Sharpe,0.009909934264838386
2022-08-14,Crypto-Only Max-Sharpe,-0.004248359051973998
2022-08-15,Crypto-Only Max-Sharpe,-0.01834331056458982
2022-08-16,Crypto-Only Max-Sharpe,-0.002701621262236513
2022-08-17,Crypto-Only Max-Sharpe,-0.0201466065482198
2022-08-18,Crypto-Only Max-Sharpe,-0.01881632295751238
2022-08-19,Crypto-Only Max-Sharpe,-0.1027365920643646
2022-08-20,Crypto-Only Max-Sharpe,0.0024481688395151554
2022-08-21,Crypto-Only Max-Sharpe,0.019635827396441416
2022-08-22,Crypto-Only Max-Sharpe,-0.002489652942426262
2022-08-23,Crypto-Only Max-Sharpe,0.013105031854032567
2022-08-24,Crypto-Only Max-Sharpe,-0.008406933908388895
2022-08-25,Crypto-Only Max-Sharpe,0.018230936369638163
2022-08-26,Crypto-Only Max-Sharpe,-0.07642475002163743
2022-08-27,Crypto-Only Max-Sharpe,0.01198029472513592
2022-08-28,Crypto-Only Max-Sharpe,-0.03733760248714507
2022-08-29,Crypto-Only Max-Sharpe,0.05387257573348453
2022-08-30,Crypto-Only Max-Sharpe,-0.006471791901511962
2022-08-31,Crypto-Only Max-Sharpe,-0.0008835545903961049
2022-09-01,Crypto-Only Max-Sharpe,0.013756745849917438
2022-09-02,Crypto-Only Max-Sharpe,-0.00770468669068995
2022-09-03,Crypto-Only Max-Sharpe,0.012982224602082476
2022-09-04,Crypto-Only Max-Sharpe,0.01868918041516862
2022-09-05,Crypto-Only Max-Sharpe,0.020401640900126927
2022-09-06,Crypto-Only Max-Sharpe,-0.05307950888532727
2022-09-07,Crypto-Only Max-Sharpe,0.03675749330697536
2022-09-08,Crypto-Only Max-Sharpe,-7.835326092165383e-05
2022-09-09,Crypto-Only Max-Sharpe,0.05170919658957342
2022-09-10,Crypto-Only Max-Sharpe,0.018724721308499656
2022-09-11,Crypto-Only Max-Sharpe,-0.008439674322869177
2022-09-12,Crypto-Only Max-Sharpe,-0.011804496524331468
2022-09-13,Crypto-Only Max-Sharpe,-0.06382889080436377
2022-09-14,Crypto-Only Max-Sharpe,0.02705587009230359
2022-09-15,Crypto-Only Max-Sharpe,-0.05043297142972204
2022-09-16,Crypto-Only Max-Sharpe,0.007224038960067699
2022-09-17,Crypto-Only Max-Sharpe,0.027318058427341935
2022-09-18,Crypto-Only Max-Sharpe,-0.07049803243106223
2022-09-19,Crypto-Only Max-Sharpe,0.023627642097512617
2022-09-20,Crypto-Only Max-Sharpe,-0.01179835622269848
2022-09-21,Crypto-Only Max-Sharpe,-0.027434387479618592
2022-09-22,Crypto-Only Max-Sharpe,0.06383751954732476
2022-09-23,Crypto-Only Max-Sharpe,0.00945830193686403
2022-09-24,Crypto-Only Max-Sharpe,-0.016146898233649155
2022-09-25,Crypto-Only Max-Sharpe,-0.008531046145992222
2022-09-26,Crypto-Only Max-Sharpe,0.0005277282565972851
2022-09-27,Crypto-Only Max-Sharpe,-0.011255698022887596
2022-09-28,Crypto-Only Max-Sharpe,-0.0018920439208772078
2022-09-29,Crypto-Only Max-Sharpe,0.018245601358234918
2022-09-30,Crypto-Only Max-Sharpe,-0.005641851912261042
2022-10-01,Crypto-Only Max-Sharpe,-0.008326315377884669
2022-10-02,Crypto-Only Max-Sharpe,-0.02127365933471371
2022-10-03,Crypto-Only Max-Sharpe,0.022163407858579284
2022-10-04,Crypto-Only Max-Sharpe,0.022637562300556194
2022-10-05,Crypto-Only Max-Sharpe,-0.002340935169224777
2022-10-06,Crypto-Only Max-Sharpe,0.0013931269160922064
2022-10-07,Crypto-Only Max-Sharpe,0.002407732193436984
2022-10-08,Crypto-Only Max-Sharpe,-0.006355789166601352
2022-10-09,Crypto-Only Max-Sharpe,0.010232424080268764
2022-10-10,Crypto-Only Max-Sharpe,-0.03425413405302355
2022-10-11,Crypto-Only Max-Sharpe,-0.021216093859791008
2022-10-12,Crypto-Only Max-Sharpe,-0.000959657619751599
2022-10-13,Crypto-Only Max-Sharpe,-0.01206868038335627
2022-10-14,Crypto-Only Max-Sharpe,0.010087645394432531
2022-10-15,Crypto-Only Max-Sharpe,-0.018246188396579474
2022-10-16,Crypto-Only Max-Sharpe,0.009987091109361688
2022-10-17,Crypto-Only Max-Sharpe,0.012083167858414581
2022-10-18,Crypto-Only Max-Sharpe,-0.01947831105856788
2022-10-19,Crypto-Only Max-Sharpe,-0.022207564124399837
2022-10-20,Crypto-Only Max-Sharpe,-0.008237391102184691
2022-10-21,Crypto-Only Max-Sharpe,0.013629900483630285
2022-10-22,Crypto-Only Max-Sharpe,0.00800542090860679
2022-10-23,Crypto-Only Max-Sharpe,0.019783378822661308
2022-10-24,Crypto-Only Max-Sharpe,-0.015856441885649795
2022-10-25,Crypto-Only Max-Sharpe,0.06353289545368886
2022-10-26,Crypto-Only Max-Sharpe,0.02756796786932153
2022-10-27,Crypto-Only Max-Sharpe,-0.023516927196226733
2022-10-28,Crypto-Only Max-Sharpe,0.024755543319525994
2022-10-29,Crypto-Only Max-Sharpe,0.02154851404889296
2022-10-30,Crypto-Only Max-Sharpe,-0.023027219952659963
2022-10-31,Crypto-Only Max-Sharpe,0.0008316837292315532
2022-11-01,Crypto-Only Max-Sharpe,-0.005348923606372776
2022-11-02,Crypto-Only Max-Sharpe,-0.031038465373484724
2022-11-03,Crypto-Only Max-Sharpe,0.007875139927123635
2022-11-04,Crypto-Only Max-Sharpe,0.07085741140990567
2022-11-05,Crypto-Only Max-Sharpe,-0.0047829971548710715
2022-11-06,Crypto-Only Max-Sharpe,-0.036972940704975255
2022-11-07,Crypto-Only Max-Sharpe,-0.002987556348011613
2022-11-08,Crypto-Only Max-Sharpe,-0.10181766205845738
2022-11-09,Crypto-Only Max-Sharpe,-0.14583245085420282
2022-11-10,Crypto-Only Max-Sharpe,0.15119250339371718
2022-11-11,Crypto-Only Max-Sharpe,-0.026720992634676546
2022-11-12,Crypto-Only Max-Sharpe,-0.03403528366095237
2022-11-13,Crypto-Only Max-Sharpe,-0.04503279940774357
2022-11-14,Crypto-Only Max-Sharpe,0.02223142124850812
2022-11-15,Crypto-Only Max-Sharpe,0.015307788725941442
2022-11-16,Crypto-Only Max-Sharpe,-0.020523146179711967
2022-11-17,Crypto-Only Max-Sharpe,-0.009097348130146883
2022-11-18,Crypto-Only Max-Sharpe,0.004930487718575236
2022-11-19,Crypto-Only Max-Sharpe,0.011756701796010271
2022-11-20,Crypto-Only Max-Sharpe,-0.05185774934303808
2022-11-21,Crypto-Only Max-Sharpe,-0.009895309629335321
2022-11-22,Crypto-Only Max-Sharpe,0.015413030015981665
2022-11-23,Crypto-Only Max-Sharpe,0.0327471969891345
2022-11-24,Crypto-Only Max-Sharpe,0.012695964683046035
2022-11-25,Crypto-Only Max-Sharpe,-0.0023073708924504924
2022-11-26,Crypto-Only Max-Sharpe,-0.004228608239577596
2022-11-27,Crypto-Only Max-Sharpe,0.0010824041286998558
2022-11-28,Crypto-Only Max-Sharpe,-0.01722382598054098
2022-11-29,Crypto-Only Max-Sharpe,0.017172078810088906
2022-11-30,Crypto-Only Max-Sharpe,0.03621771993605008
2022-12-01,Crypto-Only Max-Sharpe,-0.01610218098188785
2022-12-02,Crypto-Only Max-Sharpe,0.00987528835262845
2022-12-03,Crypto-Only Max-Sharpe,-0.019145968430188787
2022-12-04,Crypto-Only Max-Sharpe,0.011168810630533592
2022-12-05,Crypto-Only Max-Sharpe,-0.007679033918474473
2022-12-06,Crypto-Only Max-Sharpe,0.003117090982018415
2022-12-07,Crypto-Only Max-Sharpe,-0.023835800666420437
2022-12-08,Crypto-Only Max-Sharpe,0.026123179306344856
2022-12-09,Crypto-Only Max-Sharpe,-0.007084993396892413
2022-12-10,Crypto-Only Max-Sharpe,0.0010334188438345785
2022-12-11,Crypto-Only Max-Sharpe,-0.011491619164519677
2022-12-12,Crypto-Only Max-Sharpe,2.1271696761128618e-05
2022-12-13,Crypto-Only Max-Sharpe,0.023212883035876528
2022-12-14,Crypto-Only Max-Sharpe,-0.005332907442251357
2022-12-15,Crypto-Only Max-Sharpe,-0.020035110088399595
2022-12-16,Crypto-Only Max-Sharpe,-0.08441603355221881
2022-12-17,Crypto-Only Max-Sharpe,0.019079424658818185
2022-12-18,Crypto-Only Max-Sharpe,-0.008170945425187247
2022-12-19,Crypto-Only Max-Sharpe,-0.026876029791593477
2022-12-20,Crypto-Only Max-Sharpe,0.03257149389679888
2022-12-21,Crypto-Only Max-Sharpe,-0.005817506698047672
2022-12-22,Crypto-Only Max-Sharpe,0.008611445617708316
2022-12-23,Crypto-Only Max-Sharpe,-0.001754363357319055
2022-12-24,Crypto-Only Max-Sharpe,0.0013386895106494172
2022-12-25,Crypto-Only Max-Sharpe,-0.0038066967156811585
2022-12-26,Crypto-Only Max-Sharpe,0.014322706361174577
2022-12-27,Crypto-Only Max-Sharpe,-0.011428323122352308
2022-12-28,Crypto-Only Max-Sharpe,-0.025007714316943846
2022-12-29,Crypto-Only Max-Sharpe,-0.00774812528874356
2022-12-30,Crypto-Only Max-Sharpe,0.003202889566608957
2022-12-31,Crypto-Only Max-Sharpe,-0.0013669534861353078
2023-01-01,Crypto-Only Max-Sharpe,0.005290202688091099
2023-01-02,Crypto-Only Max-Sharpe,0.015281451755084297
2023-01-03,Crypto-Only Max-Sharpe,-0.0058551147038576265
2023-01-04,Crypto-Only Max-Sharpe,0.036281845480488455
2023-01-05,Crypto-Only Max-Sharpe,-0.013001481984664299
2023-01-06,Crypto-Only Max-Sharpe,0.01763915129592769
2023-01-07,Crypto-Only Max-Sharpe,-0.005942666353272738
2023-01-08,Crypto-Only Max-Sharpe,0.030930646193125223
2023-01-09,Crypto-Only Max-Sharpe,0.030747583573645307
2023-01-10,Crypto-Only Max-Sharpe,0.009137390778067595
2023-01-11,Crypto-Only Max-Sharpe,0.031098468893556337
2023-01-12,Crypto-Only Max-Sharpe,0.0151878680789087
2023-01-13,Crypto-Only Max-Sharpe,0.038100838231522646
2023-01-14,Crypto-Only Max-Sharpe,0.03693377859733038
2023-01-15,Crypto-Only Max-Sharpe,-0.004734947750425148
2023-01-16,Crypto-Only Max-Sharpe,0.0034175645239843478
2023-01-17,Crypto-Only Max-Sharpe,-0.006753851091180535
2023-01-18,Crypto-Only Max-Sharpe,-0.040757319221789066
2023-01-19,Crypto-Only Max-Sharpe,0.027782655175490938
2023-01-20,Crypto-Only Max-Sharpe,0.06262987288157504
2023-01-21,Crypto-Only Max-Sharpe,-0.011074737145620484
2023-01-22,Crypto-Only Max-Sharpe,0.005640980032234005
2023-01-23,Crypto-Only Max-Sharpe,0.01385514481360612
2023-01-24,Crypto-Only Max-Sharpe,-0.042304818865642704
2023-01-25,Crypto-Only Max-Sharpe,0.031754522074899705
2023-01-26,Crypto-Only Max-Sharpe,2.0849810164123156e-05
2023-01-27,Crypto-Only Max-Sharpe,0.013701039578252437
2023-01-28,Crypto-Only Max-Sharpe,-0.012618112112264289
2023-01-29,Crypto-Only Max-Sharpe,0.029696382870074825
2023-01-30,Crypto-Only Max-Sharpe,-0.04503818786875688
2023-01-31,Crypto-Only Max-Sharpe,0.02126803118870772
2023-02-01,Crypto-Only Max-Sharpe,0.02219963115975352
2023-02-02,Crypto-Only Max-Sharpe,0.0006224294888943259
2023-02-03,Crypto-Only Max-Sharpe,0.01157608235285553
2023-02-04,Crypto-Only Max-Sharpe,-0.002942712659491011
2023-02-05,Crypto-Only Max-Sharpe,-0.01607177961836258
2023-02-06,Crypto-Only Max-Sharpe,-0.016540257316867826
2023-02-07,Crypto-Only Max-Sharpe,0.037497377933787525
2023-02-08,Crypto-Only Max-Sharpe,-0.00638467304278327
2023-02-09,Crypto-Only Max-Sharpe,-0.06361210619879147
2023-02-10,Crypto-Only Max-Sharpe,-0.005270218050061827
2023-02-11,Crypto-Only Max-Sharpe,0.015494489968162349
2023-02-12,Crypto-Only Max-Sharpe,-0.011329147815141237
2023-02-13,Crypto-Only Max-Sharpe,0.0005556011138319159
2023-02-14,Crypto-Only Max-Sharpe,0.037580749354559906
2023-02-15,Crypto-Only Max-Sharpe,0.0707576274304749
2023-02-16,Crypto-Only Max-Sharpe,-0.0463774427607282
2023-02-17,Crypto-Only Max-Sharpe,0.040555748325708074
2023-02-18,Crypto-Only Max-Sharpe,0.0002902047228191607
2023-02-19,Crypto-Only Max-Sharpe,-0.00858324226440169
2023-02-20,Crypto-Only Max-Sharpe,0.01809678321121185
2023-02-21,Crypto-Only Max-Sharpe,-0.026386709301654036
2023-02-22,Crypto-Only Max-Sharpe,-0.004655602497904709
2023-02-23,Crypto-Only Max-Sharpe,-0.0055728919150664765
2023-02-24,Crypto-Only Max-Sharpe,-0.031789650967632074
2023-02-25,Crypto-Only Max-Sharpe,-0.004934317175248014
2023-02-26,Crypto-Only Max-Sharpe,0.019997945957501796
2023-02-27,Crypto-Only Max-Sharpe,-0.00408737947980614
2023-02-28,Crypto-Only Max-Sharpe,-0.017229728783551706
2023-03-01,Crypto-Only Max-Sharpe,0.022762036706037235
2023-03-02,Crypto-Only Max-Sharpe,-0.013945531211755022
2023-03-03,Crypto-Only Max-Sharpe,-0.028075959035161396
2023-03-04,Crypto-Only Max-Sharpe,-0.009828483346104061
2023-03-05,Crypto-Only Max-Sharpe,-0.0016978932555507327
2023-03-06,Crypto-Only Max-Sharpe,-0.002256953309195459
2023-03-07,Crypto-Only Max-Sharpe,-0.0014218184708854997
2023-03-08,Crypto-Only Max-Sharpe,-0.016554308024887505
2023-03-09,Crypto-Only Max-Sharpe,-0.060022127170399356
2023-03-10,Crypto-Only Max-Sharpe,-0.0010074580785704064
2023-03-11,Crypto-Only Max-Sharpe,0.008658723083327168
2023-03-12,Crypto-Only Max-Sharpe,0.06922238869774425
2023-03-13,Crypto-Only Max-Sharpe,0.036470184065542734
2023-03-14,Crypto-Only Max-Sharpe,0.005046813164479668
2023-03-15,Crypto-Only Max-Sharpe,-0.04019981966084373
2023-03-16,Crypto-Only Max-Sharpe,0.00794423194370483
2023-03-17,Crypto-Only Max-Sharpe,0.058096147712147994
2023-03-18,Crypto-Only Max-Sharpe,-0.022311691928254017
2023-03-19,Crypto-Only Max-Sharpe,0.021224948362718966
2023-03-20,Crypto-Only Max-Sharpe,-0.03402142220950702
2023-03-21,Crypto-Only Max-Sharpe,0.10020192997987287
2023-03-22,Crypto-Only Max-Sharpe,-0.06576099346953598
2023-03-23,Crypto-Only Max-Sharpe,0.052856385484669484
2023-03-24,Crypto-Only Max-Sharpe,-0.032762608538203807
2023-03-25,Crypto-Only Max-Sharpe,-0.00118897397662014
2023-03-26,Crypto-Only Max-Sharpe,0.012917195502176265
2023-03-27,Crypto-Only Max-Sharpe,-0.014790821487151063
2023-03-28,Crypto-Only Max-Sharpe,0.03776176763774325
2023-03-29,Crypto-Only Max-Sharpe,0.02299056368677705
2023-03-30,Crypto-Only Max-Sharpe,-0.0055052429640924765
2023-03-31,Crypto-Only Max-Sharpe,0.02561051305564359
2023-04-01,Crypto-Only Max-Sharpe,-0.008939634024944723
2023-04-02,Crypto-Only Max-Sharpe,-0.012314738185357471
2023-04-03,Crypto-Only Max-Sharpe,0.0022578465337719615
2023-04-04,Crypto-Only Max-Sharpe,0.013919619662280591
2023-04-05,Crypto-Only Max-Sharpe,0.00873083009854144
2023-04-06,Crypto-Only Max-Sharpe,-0.01299943784482196
2023-04-07,Crypto-Only Max-Sharpe,0.0008100701061470743
2023-04-08,Crypto-Only Max-Sharpe,-0.002864017926850189
2023-04-09,Crypto-Only Max-Sharpe,0.007494690964106844
2023-04-10,Crypto-Only Max-Sharpe,0.02158714032593371
2023-04-11,Crypto-Only Max-Sharpe,-0.00016980115549160985
2023-04-12,Crypto-Only Max-Sharpe,9.239382746753337e-05
2023-04-13,Crypto-Only Max-Sharpe,0.028834035786811176
2023-04-14,Crypto-Only Max-Sharpe,0.02490558141861823
2023-04-15,Crypto-Only Max-Sharpe,0.004332401532255368
2023-04-16,Crypto-Only Max-Sharpe,0.005221418920565628
2023-04-17,Crypto-Only Max-Sharpe,-0.02357865889435087
2023-04-18,Crypto-Only Max-Sharpe,0.020259877667010956
2023-04-19,Crypto-Only Max-Sharpe,-0.05655472910750597
2023-04-20,Crypto-Only Max-Sharpe,-0.01615366031255335
2023-04-21,Crypto-Only Max-Sharpe,-0.035873777788080895
2023-04-22,Crypto-Only Max-Sharpe,0.026815741502232274
2023-04-23,Crypto-Only Max-Sharpe,-0.00802826420858294
2023-04-24,Crypto-Only Max-Sharpe,-0.010028255485260628
2023-04-25,Crypto-Only Max-Sharpe,0.014645340562633868
2023-04-26,Crypto-Only Max-Sharpe,-0.0019341016141856265
2023-04-27,Crypto-Only Max-Sharpe,0.01817601712825484
2023-04-28,Crypto-Only Max-Sharpe,0.0016444281282577654
2023-04-29,Crypto-Only Max-Sharpe,0.005155234720815209
2023-04-30,Crypto-Only Max-Sharpe,-0.012722824767155971
2023-05-01,Crypto-Only Max-Sharpe,-0.01338808802602545
2023-05-02,Crypto-Only Max-Sharpe,0.012507694908213544
2023-05-03,Crypto-Only Max-Sharpe,0.00714064397200621
2023-05-04,Crypto-Only Max-Sharpe,-0.008724262691616665
2023-05-05,Crypto-Only Max-Sharpe,0.030185554983450567
2023-05-06,Crypto-Only Max-Sharpe,-0.029218769508822975
2023-05-07,Crypto-Only Max-Sharpe,-0.013344996604361458
2023-05-08,Crypto-Only Max-Sharpe,-0.02272405463670303
2023-05-09,Crypto-Only Max-Sharpe,0.002969825510314985
2023-05-10,Crypto-Only Max-Sharpe,0.005166953390378232
2023-05-11,Crypto-Only Max-Sharpe,-0.025752978688081834
2023-05-12,Crypto-Only Max-Sharpe,0.01633358324260225
2023-05-13,Crypto-Only Max-Sharpe,-0.006276300616288037
2023-05-14,Crypto-Only Max-Sharpe,0.005200843557990357
2023-05-15,Crypto-Only Max-Sharpe,0.004949309965180582
2023-05-16,Crypto-Only Max-Sharpe,0.005477082713210776
2023-05-17,Crypto-Only Max-Sharpe,0.010448203799753981
2023-05-18,Crypto-Only Max-Sharpe,-0.006949089579602085
2023-05-19,Crypto-Only Max-Sharpe,0.0021952993519054587
2023-05-20,Crypto-Only Max-Sharpe,0.007730131279248885
2023-05-21,Crypto-Only Max-Sharpe,-0.0030080828155580022
2023-05-22,Crypto-Only Max-Sharpe,0.019745928835552665
2023-05-23,Crypto-Only Max-Sharpe,0.01005047209549811
2023-05-24,Crypto-Only Max-Sharpe,-0.023843752353577725
2023-05-25,Crypto-Only Max-Sharpe,-0.003510114975408953
2023-05-26,Crypto-Only Max-Sharpe,0.008070671400816722
2023-05-27,Crypto-Only Max-Sharpe,0.010314082793544038
2023-05-28,Crypto-Only Max-Sharpe,0.02817661000643413
2023-05-29,Crypto-Only Max-Sharpe,-0.00690426062896202
2023-05-30,Crypto-Only Max-Sharpe,0.00805946412413838
2023-05-31,Crypto-Only Max-Sharpe,-0.011587702768037146
2023-06-01,Crypto-Only Max-Sharpe,-0.013692981847961803
2023-06-02,Crypto-Only Max-Sharpe,0.04856983313942907
2023-06-03,Crypto-Only Max-Sharpe,-0.007867834236079743
2023-06-04,Crypto-Only Max-Sharpe,0.0039640600923284445
2023-06-05,Crypto-Only Max-Sharpe,-0.05019822529055175
2023-06-06,Crypto-Only Max-Sharpe,0.02008814815823756
2023-06-07,Crypto-Only Max-Sharpe,-0.040903992959519124
2023-06-08,Crypto-Only Max-Sharpe,0.006656060013513303
2023-06-09,Crypto-Only Max-Sharpe,-0.03658665031429783
2023-06-10,Crypto-Only Max-Sharpe,-0.05479422854550656
2023-06-11,Crypto-Only Max-Sharpe,0.0026996754393716965
2023-06-12,Crypto-Only Max-Sharpe,0.00501946174359391
2023-06-13,Crypto-Only Max-Sharpe,0.001590118592259603
2023-06-14,Crypto-Only Max-Sharpe,-0.040613353534570074
2023-06-15,Crypto-Only Max-Sharpe,0.0016890870034694228
2023-06-16,Crypto-Only Max-Sharpe,0.006605573589760127
2023-06-17,Crypto-Only Max-Sharpe,0.011219686707896274
2023-06-18,Crypto-Only Max-Sharpe,-0.009245038619799539
2023-06-19,Crypto-Only Max-Sharpe,0.006652273306330633
2023-06-20,Crypto-Only Max-Sharpe,0.018969796753383845
2023-06-21,Crypto-Only Max-Sharpe,0.04274183779009673
2023-06-22,Crypto-Only Max-Sharpe,-0.003604227637058439
2023-06-23,Crypto-Only Max-Sharpe,0.020918934079666104
2023-06-24,Crypto-Only Max-Sharpe,-0.012375625958250775
2023-06-25,Crypto-Only Max-Sharpe,0.00687725397100516
2023-06-26,Crypto-Only Max-Sharpe,-0.01678398604766357
2023-06-27,Crypto-Only Max-Sharpe,0.015204473277693248
2023-06-28,Crypto-Only Max-Sharpe,-0.03805661517691799
2023-06-29,Crypto-Only Max-Sharpe,0.01914083811502347
2023-06-30,Crypto-Only Max-Sharpe,0.03763271174404752
2023-07-01,Crypto-Only Max-Sharpe,0.006055208779800231
2023-07-02,Crypto-Only Max-Sharpe,0.00012509482572734443
2023-07-03,Crypto-Only Max-Sharpe,0.011027972722510312
2023-07-04,Crypto-Only Max-Sharpe,-0.008795416528940777
2023-07-05,Crypto-Only Max-Sharpe,-0.01452538919313453
2023-07-06,Crypto-Only Max-Sharpe,-0.019451354536987403
2023-07-07,Crypto-Only Max-Sharpe,0.01566856015299523
2023-07-08,Crypto-Only Max-Sharpe,0.009436216781891795
2023-07-09,Crypto-Only Max-Sharpe,-0.014952870880704898
2023-07-10,Crypto-Only Max-Sharpe,0.009693117593596236
2023-07-11,Crypto-Only Max-Sharpe,0.0023952695565721215
2023-07-12,Crypto-Only Max-Sharpe,-0.005138382631867323
2023-07-13,Crypto-Only Max-Sharpe,0.22644553172708182
2023-07-14,Crypto-Only Max-Sharpe,-0.05890121057357566
2023-07-15,Crypto-Only Max-Sharpe,-0.0019666127706648717
2023-07-16,Crypto-Only Max-Sharpe,-0.005284885026258476
2023-07-17,Crypto-Only Max-Sharpe,-0.004810823815878626
2023-07-18,Crypto-Only Max-Sharpe,0.002368984159794871
2023-07-19,Crypto-Only Max-Sharpe,0.02562405867634425
2023-07-20,Crypto-Only Max-Sharpe,-0.009076118955655216
2023-07-21,Crypto-Only Max-Sharpe,-0.007447940223137585
2023-07-22,Crypto-Only Max-Sharpe,-0.005523578178138527
2023-07-23,Crypto-Only Max-Sharpe,0.009871315304957447
2023-07-24,Crypto-Only Max-Sharpe,-0.03147994326610737
2023-07-25,Crypto-Only Max-Sharpe,0.0027933971824287158
2023-07-26,Crypto-Only Max-Sharpe,0.00879589420422282
2023-07-27,Crypto-Only Max-Sharpe,-0.0009411976189286931
2023-07-28,Crypto-Only Max-Sharpe,0.013302567151017531
2023-07-29,Crypto-Only Max-Sharpe,-0.002027020210415703
2023-07-30,Crypto-Only Max-Sharpe,-0.009666038804912694
2023-07-31,Crypto-Only Max-Sharpe,-0.015191774102930839
2023-08-01,Crypto-Only Max-Sharpe,0.008999072511447066
2023-08-02,Crypto-Only Max-Sharpe,-0.024582895453576947
2023-08-03,Crypto-Only Max-Sharpe,-0.004398260919448574
2023-08-04,Crypto-Only Max-Sharpe,-0.002366999514576201
2023-08-05,Crypto-Only Max-Sharpe,0.003222345055680776
2023-08-06,Crypto-Only Max-Sharpe,-0.004458886398253793
2023-08-07,Crypto-Only Max-Sharpe,-0.0015793783568552
2023-08-08,Crypto-Only Max-Sharpe,0.015225884443259417
2023-08-09,Crypto-Only Max-Sharpe,0.0007079926257246127
2023-08-10,Crypto-Only Max-Sharpe,-0.0041817959088835096
2023-08-11,Crypto-Only Max-Sharpe,-0.0035841500218800094
2023-08-12,Crypto-Only Max-Sharpe,0.00032273440247107587
2023-08-13,Crypto-Only Max-Sharpe,-0.005989952569383373
2023-08-14,Crypto-Only Max-Sharpe,0.0033759159304732685
2023-08-15,Crypto-Only Max-Sharpe,-0.018156307732483435
2023-08-16,Crypto-Only Max-Sharpe,-0.019695096557407074
2023-08-17,Crypto-Only Max-Sharpe,-0.05800423390579752
2023-08-18,Crypto-Only Max-Sharpe,0.0013476170805417297
2023-08-19,Crypto-Only Max-Sharpe,0.009769423703909604
2023-08-20,Crypto-Only Max-Sharpe,0.011322830457880927
2023-08-21,Crypto-Only Max-Sharpe,-0.011479418530684194
2023-08-22,Crypto-Only Max-Sharpe,-0.010023180378940563
2023-08-23,Crypto-Only Max-Sharpe,0.02847077622896441
2023-08-24,Crypto-Only Max-Sharpe,-0.01071579957305853
2023-08-25,Crypto-Only Max-Sharpe,-0.004233958034058267
2023-08-26,Crypto-Only Max-Sharpe,-0.001149576153063738
2023-08-27,Crypto-Only Max-Sharpe,0.005378584118657118
2023-08-28,Crypto-Only Max-Sharpe,-0.0010471873453046262
2023-08-29,Crypto-Only Max-Sharpe,0.03559091196795451
2023-08-30,Crypto-Only Max-Sharpe,-0.020913359975722343
2023-08-31,Crypto-Only Max-Sharpe,-0.026557296131722252
2023-09-01,Crypto-Only Max-Sharpe,-0.006259164125258149
2023-09-02,Crypto-Only Max-Sharpe,0.006158819441913324
2023-09-03,Crypto-Only Max-Sharpe,5.091728697671568e-05
2023-09-04,Crypto-Only Max-Sharpe,-0.0007468205720702322
2023-09-05,Crypto-Only Max-Sharpe,0.0017051810618577685
2023-09-06,Crypto-Only Max-Sharpe,0.004660263395334301
2023-09-07,Crypto-Only Max-Sharpe,0.006528291728909775
2023-09-08,Crypto-Only Max-Sharpe,-0.0077096596122214105
2023-09-09,Crypto-Only Max-Sharpe,-0.0010509476599519832
2023-09-10,Crypto-Only Max-Sharpe,-0.01194198842015351
2023-09-11,Crypto-Only Max-Sharpe,-0.026407436462146987
2023-09-12,Crypto-Only Max-Sharpe,0.027296778150766074
2023-09-13,Crypto-Only Max-Sharpe,0.010272399350192961
2023-09-14,Crypto-Only Max-Sharpe,0.015435807300584123
2023-09-15,Crypto-Only Max-Sharpe,0.005729196585023646
2023-09-16,Crypto-Only Max-Sharpe,-0.0031917012936433274
2023-09-17,Crypto-Only Max-Sharpe,-0.007030574623471836
2023-09-18,Crypto-Only Max-Sharpe,0.01166993759763154
2023-09-19,Crypto-Only Max-Sharpe,0.009202013764992242
2023-09-20,Crypto-Only Max-Sharpe,-0.008373799549618685
2023-09-21,Crypto-Only Max-Sharpe,-0.02177993905156561
2023-09-22,Crypto-Only Max-Sharpe,0.001680076418924803
2023-09-23,Crypto-Only Max-Sharpe,0.002538107367979361
2023-09-24,Crypto-Only Max-Sharpe,-0.008254619743359804
2023-09-25,Crypto-Only Max-Sharpe,0.008175657356655298
2023-09-26,Crypto-Only Max-Sharpe,-0.0008286072317463395
2023-09-27,Crypto-Only Max-Sharpe,0.004554655771922621
2023-09-28,Crypto-Only Max-Sharpe,0.0236951988626158
2023-09-29,Crypto-Only Max-Sharpe,0.00949046511571096
2023-09-30,Crypto-Only Max-Sharpe,0.006872103763354343
2023-10-01,Crypto-Only Max-Sharpe,0.032803323951360236
2023-10-02,Crypto-Only Max-Sharpe,-0.028562585309303216
2023-10-03,Crypto-Only Max-Sharpe,0.0064395086642497715
2023-10-04,Crypto-Only Max-Sharpe,-0.006130137199569145
2023-10-05,Crypto-Only Max-Sharpe,-0.01008486808283057
2023-10-06,Crypto-Only Max-Sharpe,0.011690634259219596
2023-10-07,Crypto-Only Max-Sharpe,-0.005363126799974863
2023-10-08,Crypto-Only Max-Sharpe,-0.003522996121430865
2023-10-09,Crypto-Only Max-Sharpe,-0.023037949215910195
2023-10-10,Crypto-Only Max-Sharpe,-0.005809345989136907
2023-10-11,Crypto-Only Max-Sharpe,-0.005230773550202371
2023-10-12,Crypto-Only Max-Sharpe,-0.011354346973392066
2023-10-13,Crypto-Only Max-Sharpe,0.005125219152248318
2023-10-14,Crypto-Only Max-Sharpe,0.0011259055643767788
2023-10-15,Crypto-Only Max-Sharpe,0.0069482924580348045
2023-10-16,Crypto-Only Max-Sharpe,0.027391308818527346
2023-10-17,Crypto-Only Max-Sharpe,-0.013269470889377698
2023-10-18,Crypto-Only Max-Sharpe,-0.003440999738168444
2023-10-19,Crypto-Only Max-Sharpe,0.00832400409772388
2023-10-20,Crypto-Only Max-Sharpe,0.020741419154741637
2023-10-21,Crypto-Only Max-Sharpe,0.017451439041813382
2023-10-22,Crypto-Only Max-Sharpe,0.007700696761527528
2023-10-23,Crypto-Only Max-Sharpe,0.05674756181517268
2023-10-24,Crypto-Only Max-Sharpe,0.005129070554232173
2023-10-25,Crypto-Only Max-Sharpe,0.007318114772080279
2023-10-26,Crypto-Only Max-Sharpe,0.006068015969666733
2023-10-27,Crypto-Only Max-Sharpe,-0.0032108191901376168
2023-10-28,Crypto-Only Max-Sharpe,0.0046456179103074756
2023-10-29,Crypto-Only Max-Sharpe,0.012081412275900864
2023-10-30,Crypto-Only Max-Sharpe,0.010817409496915228
2023-10-31,Crypto-Only Max-Sharpe,0.0015398223898414796
2023-11-01,Crypto-Only Max-Sharpe,0.0295323180085836
2023-11-02,Crypto-Only Max-Sharpe,-0.0006614188227580652
2023-11-03,Crypto-Only Max-Sharpe,0.0028767019741706215
2023-11-04,Crypto-Only Max-Sharpe,0.007156348512513049
2023-11-05,Crypto-Only Max-Sharpe,0.019488447633159073
2023-11-06,Crypto-Only Max-Sharpe,0.016949606000003305
2023-11-07,Crypto-Only Max-Sharpe,-0.012406892107863672
2023-11-08,Crypto-Only Max-Sharpe,0.011606578969573286
2023-11-09,Crypto-Only Max-Sharpe,0.056465446850068546
2023-11-10,Crypto-Only Max-Sharpe,0.028899156044700294
2023-11-11,Crypto-Only Max-Sharpe,-0.004628985350574931
2023-11-12,Crypto-Only Max-Sharpe,-0.0010544118620552361
2023-11-13,Crypto-Only Max-Sharpe,-0.019974132869118796
2023-11-14,Crypto-Only Max-Sharpe,-0.03004370205881967
2023-11-15,Crypto-Only Max-Sharpe,0.04354075019190112
2023-11-16,Crypto-Only Max-Sharpe,-0.030752894784352076
2023-11-17,Crypto-Only Max-Sharpe,0.0018072294048149871
2023-11-18,Crypto-Only Max-Sharpe,0.0053107406246411535
2023-11-19,Crypto-Only Max-Sharpe,0.017430391939139638
2023-11-20,Crypto-Only Max-Sharpe,-0.007695585883110651
2023-11-21,Crypto-Only Max-Sharpe,-0.05065344416619197
2023-11-22,Crypto-Only Max-Sharpe,0.05627289028723721
2023-11-23,Crypto-Only Max-Sharpe,0.004720780229096137
2023-11-24,Crypto-Only Max-Sharpe,0.011751877368047869
2023-11-25,Crypto-Only Max-Sharpe,0.01731727933296964
2023-11-26,Crypto-Only Max-Sharpe,-0.011921129357217359
2023-11-27,Crypto-Only Max-Sharpe,-0.028046408832540837
2023-11-28,Crypto-Only Max-Sharpe,0.01360725983887495
2023-11-29,Crypto-Only Max-Sharpe,-0.0041517629328005
2023-11-30,Crypto-Only Max-Sharpe,-0.0022099552799840867
2023-12-01,Crypto-Only Max-Sharpe,0.01465924660420332
2023-12-02,Crypto-Only Max-Sharpe,0.024767610508544636
2023-12-03,Crypto-Only Max-Sharpe,0.0043150722651479415
2023-12-04,Crypto-Only Max-Sharpe,0.023241653509866133
2023-12-05,Crypto-Only Max-Sharpe,0.026126695471922923
2023-12-06,Crypto-Only Max-Sharpe,0.004622694628075146
2023-12-07,Crypto-Only Max-Sharpe,0.026674226929899306
2023-12-08,Crypto-Only Max-Sharpe,0.059516613960595384
2023-12-09,Crypto-Only Max-Sharpe,0.010635152988671646
2023-12-10,Crypto-Only Max-Sharpe,0.010342154310489614
2023-12-11,Crypto-Only Max-Sharpe,-0.05777447436030923
2023-12-12,Crypto-Only Max-Sharpe,0.010149010439696876
2023-12-13,Crypto-Only Max-Sharpe,0.0542327509779446
2023-12-14,Crypto-Only Max-Sharpe,0.003175607695538411
2023-12-15,Crypto-Only Max-Sharpe,-0.0454995779592349
2023-12-16,Crypto-Only Max-Sharpe,0.011214140411316438
2023-12-17,Crypto-Only Max-Sharpe,-0.022743081218808983
2023-12-18,Crypto-Only Max-Sharpe,0.012778511369233019
2023-12-19,Crypto-Only Max-Sharpe,-0.01788355134693509
2023-12-20,Crypto-Only Max-Sharpe,0.02115238953171855
2023-12-21,Crypto-Only Max-Sharpe,0.030335419780362444
2023-12-22,Crypto-Only Max-Sharpe,0.013556695333926647
2023-12-23,Crypto-Only Max-Sharpe,-0.0045180877964989515
2023-12-24,Crypto-Only Max-Sharpe,-0.01891046402056725
2023-12-25,Crypto-Only Max-Sharpe,0.016998741862714942
2023-12-26,Crypto-Only Max-Sharpe,-0.02479291600045158
2023-12-27,Crypto-Only Max-Sharpe,0.044531096231051864
2023-12-28,Crypto-Only Max-Sharpe,-0.01258637497064418
2023-12-29,Crypto-Only Max-Sharpe,-0.010288774440093771
2023-12-30,Crypto-Only Max-Sharpe,-0.003257271416433753
2023-12-31,Crypto-Only Max-Sharpe,-0.0013882345573341826
2020-09-10,Crypto-Only Min-Variance,0.015204243251323486
2020-09-11,Crypto-Only Min-Variance,0.009998515271246605
2020-09-12,Crypto-Only Min-Variance,0.004201836239632377
2020-09-13,Crypto-Only Min-Variance,-0.03327387195319835
2020-09-14,Crypto-Only Min-Variance,0.017157544690318355
2020-09-15,Crypto-Only Min-Variance,-0.015995122131960967
2020-09-16,Crypto-Only Min-Variance,0.006176824513200931
2020-09-17,Crypto-Only Min-Variance,0.014146032271210179
2020-09-18,Crypto-Only Min-Variance,-0.0027200029012894025
2020-09-19,Crypto-Only Min-Variance,0.0008875949723462792
2020-09-20,Crypto-Only Min-Variance,-0.020765973962004358
2020-09-21,Crypto-Only Min-Variance,-0.0613453280069294
2020-09-22,Crypto-Only Min-Variance,0.010475328145874232
2020-09-23,Crypto-Only Min-Variance,-0.037694031767524165
2020-09-24,Crypto-Only Min-Variance,0.046059144550338695
2020-09-25,Crypto-Only Min-Variance,0.02533989630297393
2020-09-26,Crypto-Only Min-Variance,0.012248601708149608
2020-09-27,Crypto-Only Min-Variance,-0.0022012364816157036
2020-09-28,Crypto-Only Min-Variance,-0.003658753906863925
2020-09-29,Crypto-Only Min-Variance,0.006077354171902378
2020-09-30,Crypto-Only Min-Variance,-0.002461218088283136
2020-10-01,Crypto-Only Min-Variance,-0.01632816128479174
2020-10-02,Crypto-Only Min-Variance,-0.014005082797332412
2020-10-03,Crypto-Only Min-Variance,0.0014729036675083943
2020-10-04,Crypto-Only Min-Variance,0.021164857498302582
2020-10-05,Crypto-Only Min-Variance,0.005558216827503333
2020-10-06,Crypto-Only Min-Variance,-0.010828345789497899
2020-10-07,Crypto-Only Min-Variance,0.001235787907407148
2020-10-08,Crypto-Only Min-Variance,0.011859420144531133
2020-10-09,Crypto-Only Min-Variance,0.016717938086872892
2020-10-10,Crypto-Only Min-Variance,0.013229560274241482
2020-10-11,Crypto-Only Min-Variance,0.00845847230649876
2020-10-12,Crypto-Only Min-Variance,0.009199062678381206
2020-10-13,Crypto-Only Min-Variance,-0.011252641890220556
2020-10-14,Crypto-Only Min-Variance,-0.010522129458934567
2020-10-15,Crypto-Only Min-Variance,-0.005788644447657473
2020-10-16,Crypto-Only Min-Variance,-0.006863493798731185
2020-10-17,Crypto-Only Min-Variance,0.009355064305819826
2020-10-18,Crypto-Only Min-Variance,0.0008527722290045323
2020-10-19,Crypto-Only Min-Variance,0.022390709241780247
2020-10-20,Crypto-Only Min-Variance,-0.012166750559077242
2020-10-21,Crypto-Only Min-Variance,0.04758126981966132
2020-10-22,Crypto-Only Min-Variance,0.021979149154118027
2020-10-23,Crypto-Only Min-Variance,-0.012104498324476264
2020-10-24,Crypto-Only Min-Variance,0.011533532194679553
2020-10-25,Crypto-Only Min-Variance,-0.00875883869833588
2020-10-26,Crypto-Only Min-Variance,-0.012474980311751224
2020-10-27,Crypto-Only Min-Variance,0.018251711596911933
2020-10-28,Crypto-Only Min-Variance,-0.02747819072569778
2020-10-29,Crypto-Only Min-Variance,-0.00011335628013543764
2020-10-30,Crypto-Only Min-Variance,-0.01225643122881641
2020-10-31,Crypto-Only Min-Variance,0.00799255910447831
2020-11-01,Crypto-Only Min-Variance,-0.001262400462137892
2020-11-02,Crypto-Only Min-Variance,-0.030568272660194223
2020-11-03,Crypto-Only Min-Variance,0.006631315956831728
2020-11-04,Crypto-Only Min-Variance,-0.0008029459721800749
2020-11-05,Crypto-Only Min-Variance,0.06000019827291335
2020-11-06,Crypto-Only Min-Variance,0.03660848223416471
2020-11-07,Crypto-Only Min-Variance,-0.045250379589373814
2020-11-08,Crypto-Only Min-Variance,0.02581365265314096
2020-11-09,Crypto-Only Min-Variance,-0.01784046344165515
2020-11-10,Crypto-Only Min-Variance,0.006721620863645015
2020-11-11,Crypto-Only Min-Variance,0.010455967027805005
2020-11-12,Crypto-Only Min-Variance,0.004237369912913847
2020-11-13,Crypto-Only Min-Variance,0.02265367897262779
2020-11-14,Crypto-Only Min-Variance,-0.008198125970337838
2020-11-15,Crypto-Only Min-Variance,-0.0019743585380105353
2020-11-16,Crypto-Only Min-Variance,0.041521666746228425
2020-11-17,Crypto-Only Min-Variance,0.05753636414275691
2020-11-18,Crypto-Only Min-Variance,0.0008251183329741471
2020-11-19,Crypto-Only Min-Variance,-0.000874384340590278
2020-11-20,Crypto-Only Min-Variance,0.04740513016941915
2020-11-21,Crypto-Only Min-Variance,0.17481877450187555
2020-11-22,Crypto-Only Min-Variance,-0.0421629324998527
2020-11-23,Crypto-Only Min-Variance,0.1648880293426287
2020-11-24,Crypto-Only Min-Variance,0.14292069610609587
2020-11-25,Crypto-Only Min-Variance,-0.04210440982513705
2020-11-26,Crypto-Only Min-Variance,-0.12538038855044892
2020-11-27,Crypto-Only Min-Variance,0.04173587074591487
2020-11-28,Crypto-Only Min-Variance,0.046074103405257805
2020-11-29,Crypto-Only Min-Variance,-0.0013628822907234316
2020-11-30,Crypto-Only Min-Variance,0.06966204695471245
2020-12-01,Crypto-Only Min-Variance,-0.06848200226074407
2020-12-02,Crypto-Only Min-Variance,0.020076521092849582
2020-12-03,Crypto-Only Min-Variance,0.026316912508414766
2020-12-04,Crypto-Only Min-Variance,-0.06837882056372035
2020-12-05,Crypto-Only Min-Variance,0.03566062266569676
2020-12-06,Crypto-Only Min-Variance,0.004804951893794944
2020-12-07,Crypto-Only Min-Variance,-0.010629193134414471
2020-12-08,Crypto-Only Min-Variance,-0.06130652429995845
2020-12-09,Crypto-Only Min-Variance,0.028892954220117117
2020-12-10,Crypto-Only Min-Variance,-0.022296763570817515
2020-12-11,Crypto-Only Min-Variance,-0.01661044235150292
2020-12-12,Crypto-Only Min-Variance,0.03490612986109591
2020-12-13,Crypto-Only Min-Variance,0.026512605445801876
2020-12-14,Crypto-Only Min-Variance,-0.003923637784303534
2020-12-15,Crypto-Only Min-Variance,0.0054204843295490475
2020-12-16,Crypto-Only Min-Variance,0.07972827572057176
2020-12-17,Crypto-Only Min-Variance,0.019397752302584812
2020-12-18,Crypto-Only Min-Variance,0.010090421243272755
2020-12-19,Crypto-Only Min-Variance,0.01433022610642939
2020-12-20,Crypto-Only Min-Variance,-0.007874907953947729
2020-12-21,Crypto-Only Min-Variance,-0.04826531838886709
2020-12-22,Crypto-Only Min-Variance,0.016261157755462743
2020-12-23,Crypto-Only Min-Variance,-0.11200487451509991
2020-12-24,Crypto-Only Min-Variance,0.07268805790791048
2020-12-25,Crypto-Only Min-Variance,0.029287939871586025
2020-12-26,Crypto-Only Min-Variance,0.018585392572815832
2020-12-27,Crypto-Only Min-Variance,0.026094414030344272
2020-12-28,Crypto-Only Min-Variance,0.035937579154312574
2020-12-29,Crypto-Only Min-Variance,-0.02002569699404578
2020-12-30,Crypto-Only Min-Variance,0.012298058599449097
2020-12-31,Crypto-Only Min-Variance,-0.00466729010686285
2021-01-01,Crypto-Only Min-Variance,0.003278505676940208
2021-01-02,Crypto-Only Min-Variance,0.0440175992027519
2021-01-03,Crypto-Only Min-Variance,0.12360472627292043
2021-01-04,Crypto-Only Min-Variance,0.03775289221408303
2021-01-05,Crypto-Only Min-Variance,0.024603831157446646
2021-01-06,Crypto-Only Min-Variance,0.07729463535576983
2021-01-07,Crypto-Only Min-Variance,0.010566168190320796
2021-01-08,Crypto-Only Min-Variance,-0.00459468020682961
2021-01-09,Crypto-Only Min-Variance,0.06790009582889922
2021-01-10,Crypto-Only Min-Variance,0.00793341977396353
2021-01-11,Crypto-Only Min-Variance,-0.1292463161818193
2021-01-12,Crypto-Only Min-Variance,-0.034678782777963754
2021-01-13,Crypto-Only Min-Variance,0.08151699217495387
2021-01-14,Crypto-Only Min-Variance,0.03220551570636871
2021-01-15,Crypto-Only Min-Variance,-0.03004805312205956
2021-01-16,Crypto-Only Min-Variance,0.016249054654695717
2021-01-17,Crypto-Only Min-Variance,-0.008306821254469366
2021-01-18,Crypto-Only Min-Variance,0.025150934841003742
2021-01-19,Crypto-Only Min-Variance,0.013429810060773116
2021-01-20,Crypto-Only Min-Variance,-0.0036599063141746933
2021-01-21,Crypto-Only Min-Variance,-0.12381271772120295
2021-01-22,Crypto-Only Min-Variance,0.05994035340675539
2021-01-23,Crypto-Only Min-Variance,-0.0013630841348635375
2021-01-24,Crypto-Only Min-Variance,0.0417737609887468
2021-01-25,Crypto-Only Min-Variance,-0.01817422459118877
2021-01-26,Crypto-Only Min-Variance,0.00322901704034576
2021-01-27,Crypto-Only Min-Variance,-0.06162635510051153
2021-01-28,Crypto-Only Min-Variance,0.08107173891374841
2021-01-29,Crypto-Only Min-Variance,0.04329907340374377
2021-01-30,Crypto-Only Min-Variance,-0.008448846846862203
2021-01-31,Crypto-Only Min-Variance,-0.025676857177346767
2021-02-01,Crypto-Only Min-Variance,0.02830296258163466
2021-02-02,Crypto-Only Min-Variance,0.04604662424036228
2021-02-03,Crypto-Only Min-Variance,0.04809592136319891
2021-02-04,Crypto-Only Min-Variance,-0.026167722892727837
2021-02-05,Crypto-Only Min-Variance,0.08271866224757188
2021-02-06,Crypto-Only Min-Variance,-0.0006537031931362052
2021-02-07,Crypto-Only Min-Variance,0.003574695304182805
2021-02-08,Crypto-Only Min-Variance,0.10261797157776106
2021-02-09,Crypto-Only Min-Variance,0.09392380998506263
2021-02-10,Crypto-Only Min-Variance,0.011920005273211225
2021-02-11,Crypto-Only Min-Variance,0.12962051056945068
2021-02-12,Crypto-Only Min-Variance,0.006694694389539404
2021-02-13,Crypto-Only Min-Variance,0.14308330024877833
2021-02-14,Crypto-Only Min-Variance,-0.030174094333672467
2021-02-15,Crypto-Only Min-Variance,-0.06523778294347289
2021-02-16,Crypto-Only Min-Variance,0.006600060679852943
2021-02-17,Crypto-Only Min-Variance,0.04283105519575655
2021-02-18,Crypto-Only Min-Variance,0.006671591184121259
2021-02-19,Crypto-Only Min-Variance,0.07201795160486144
2021-02-20,Crypto-Only Min-Variance,-0.0310517824783526
2021-02-21,Crypto-Only Min-Variance,0.03226927934418097
2021-02-22,Crypto-Only Min-Variance,-0.08315635490587389
2021-02-23,Crypto-Only Min-Variance,-0.15908525797433923
2021-02-24,Crypto-Only Min-Variance,0.04020838564300118
2021-02-25,Crypto-Only Min-Variance,-0.06267867287439391
2021-02-26,Crypto-Only Min-Variance,-0.004634101760554334
2021-02-27,Crypto-Only Min-Variance,0.01985585055112615
2021-02-28,Crypto-Only Min-Variance,-0.03189673323242753
2021-03-01,Crypto-Only Min-Variance,0.0757768132893219
2021-03-02,Crypto-Only Min-Variance,-0.028000475485687674
2021-03-03,Crypto-Only Min-Variance,0.04348576318131646
2021-03-04,Crypto-Only Min-Variance,-0.010537227074157565
2021-03-05,Crypto-Only Min-Variance,-0.005795588797219685
2021-03-06,Crypto-Only Min-Variance,0.020474759181050458
2021-03-07,Crypto-Only Min-Variance,0.03401055339638452
2021-03-08,Crypto-Only Min-Variance,0.027900097026218904
2021-03-09,Crypto-Only Min-Variance,0.03570012458107424
2021-03-10,Crypto-Only Min-Variance,-0.02273631682210949
2021-03-11,Crypto-Only Min-Variance,0.01053260452119973
2021-03-12,Crypto-Only Min-Variance,-0.0275676458648035
2021-03-13,Crypto-Only Min-Variance,0.08092870585049446
2021-03-14,Crypto-Only Min-Variance,-0.04045804062435379
2021-03-15,Crypto-Only Min-Variance,-0.03413209984903977
2021-03-16,Crypto-Only Min-Variance,0.0362690722569749
2021-03-17,Crypto-Only Min-Variance,0.03111573385735556
2021-03-18,Crypto-Only Min-Variance,-0.026986807500116367
2021-03-19,Crypto-Only Min-Variance,0.03532947892940512
2021-03-20,Crypto-Only Min-Variance,0.010621983601855428
2021-03-21,Crypto-Only Min-Variance,-0.0025214502438494924
2021-03-22,Crypto-Only Min-Variance,-0.04639345404981391
2021-03-23,Crypto-Only Min-Variance,-0.002042891878871725
2021-03-24,Crypto-Only Min-Variance,-0.05080989518275142
2021-03-25,Crypto-Only Min-Variance,-0.003931892604405927
2021-03-26,Crypto-Only Min-Variance,0.09726497280848731
2021-03-27,Crypto-Only Min-Variance,-0.003167780127640022
2021-03-28,Crypto-Only Min-Variance,-0.002883269299639055
2021-03-29,Crypto-Only Min-Variance,0.039051091389897985
2021-03-30,Crypto-Only Min-Variance,0.01580330466530887
2021-03-31,Crypto-Only Min-Variance,0.11035832290481556
2021-04-01,Crypto-Only Min-Variance,-0.0029181496430766016
2021-04-02,Crypto-Only Min-Variance,0.05019831760618659
2021-04-03,Crypto-Only Min-Variance,-0.008832405692094907
2021-04-04,Crypto-Only Min-Variance,0.09300294840186263
2021-04-05,Crypto-Only Min-Variance,0.05590504188400991
2021-04-06,Crypto-Only Min-Variance,-0.0013332629464368646
2021-04-07,Crypto-Only Min-Variance,-0.07702923884928366
2021-04-08,Crypto-Only Min-Variance,0.05559092314505698
2021-04-09,Crypto-Only Min-Variance,-0.01831502793603168
2021-04-10,Crypto-Only Min-Variance,0.07043150054398567
2021-04-11,Crypto-Only Min-Variance,0.004257743139723448
2021-04-12,Crypto-Only Min-Variance,0.0022019382585129286
2021-04-13,Crypto-Only Min-Variance,0.08813405514255657
2021-04-14,Crypto-Only Min-Variance,0.02328005214847261
2021-04-15,Crypto-Only Min-Variance,0.06119680290825764
2021-04-16,Crypto-Only Min-Variance,0.0161260140177958
2021-04-17,Crypto-Only Min-Variance,-0.021205149525556317
2021-04-18,Crypto-Only Min-Variance,-0.07067329342733418
2021-04-19,Crypto-Only Min-Variance,-0.044595229041106264
2021-04-20,Crypto-Only Min-Variance,0.03368277582727991
2021-04-21,Crypto-Only Min-Variance,-0.02979541891684104
2021-04-22,Crypto-Only Min-Variance,-0.027187315877671692
2021-04-23,Crypto-Only Min-Variance,-0.01585668209196545
2021-04-24,Crypto-Only Min-Variance,-0.05579551712669012
2021-04-25,Crypto-Only Min-Variance,0.0009044102968708313
2021-04-26,Crypto-Only Min-Variance,0.12397374043794357
2021-04-27,Crypto-Only Min-Variance,0.04231883644808805
2021-04-28,Crypto-Only Min-Variance,0.008353766516212838
2021-04-29,Crypto-Only Min-Variance,-0.012233953699611784
2021-04-30,Crypto-Only Min-Variance,0.04977688457552465
2021-05-01,Crypto-Only Min-Variance,0.036850497944638266
2021-05-02,Crypto-Only Min-Variance,-0.014541086312163286
2021-05-03,Crypto-Only Min-Variance,0.0800449454963699
2021-05-04,Crypto-Only Min-Variance,-0.013874666197994136
2021-05-05,Crypto-Only Min-Variance,0.1411942793527371
2021-05-06,Crypto-Only Min-Variance,0.045374925922592076
2021-05-07,Crypto-Only Min-Variance,-0.010264766624311156
2021-05-08,Crypto-Only Min-Variance,0.034782007155955814
2021-05-09,Crypto-Only Min-Variance,0.02886720935308145
2021-05-10,Crypto-Only Min-Variance,-0.050151256891984616
2021-05-11,Crypto-Only Min-Variance,0.05011632449101808
2021-05-12,Crypto-Only Min-Variance,-0.14349097328478144
2021-05-13,Crypto-Only Min-Variance,0.049280099619192705
2021-05-14,Crypto-Only Min-Variance,0.053141529098965176
2021-05-15,Crypto-Only Min-Variance,-0.055267606520650756
2021-05-16,Crypto-Only Min-Variance,-3.561556050933959e-05
2021-05-17,Crypto-Only Min-Variance,-0.07194460177914314
2021-05-18,Crypto-Only Min-Variance,0.012031040383107254
2021-05-19,Crypto-Only Min-Variance,-0.260640397110664
2021-05-20,Crypto-Only Min-Variance,0.13987493462572148
2021-05-21,Crypto-Only Min-Variance,-0.12474550362261407
2021-05-22,Crypto-Only Min-Variance,-0.03940772796203776
2021-05-23,Crypto-Only Min-Variance,-0.10368990254192284
2021-05-24,Crypto-Only Min-Variance,0.2019126827307129
2021-05-25,Crypto-Only Min-Variance,0.004768071548077582
2021-05-26,Crypto-Only Min-Variance,0.07649478013612872
2021-05-27,Crypto-Only Min-Variance,-0.045784743260108035
2021-05-28,Crypto-Only Min-Variance,-0.08816568550406037
2021-05-29,Crypto-Only Min-Variance,-0.05576714572465542
2021-05-30,Crypto-Only Min-Variance,0.058761010941011965
2021-05-31,Crypto-Only Min-Variance,0.0941115580648678
2021-06-01,Crypto-Only Min-Variance,-0.01912400676260693
2021-06-02,Crypto-Only Min-Variance,0.02200356537235382
2021-06-03,Crypto-Only Min-Variance,0.046045176618831944
2021-06-04,Crypto-Only Min-Variance,-0.06401552627915247
2021-06-05,Crypto-Only Min-Variance,-0.029419220040684858
2021-06-06,Crypto-Only Min-Variance,0.019258668765039434
2021-06-07,Crypto-Only Min-Variance,-0.06559457965156056
2021-06-08,Crypto-Only Min-Variance,-0.003437510451314881
2021-06-09,Crypto-Only Min-Variance,0.059389982904586344
2021-06-10,Crypto-Only Min-Variance,-0.038818768714542796
2021-06-11,Crypto-Only Min-Variance,-0.03248339424052951
2021-06-12,Crypto-Only Min-Variance,-0.006114204669180859
2021-06-13,Crypto-Only Min-Variance,0.06557357230640373
2021-06-14,Crypto-Only Min-Variance,0.015461897492251572
2021-06-15,Crypto-Only Min-Variance,0.01584481073432962
2021-06-16,Crypto-Only Min-Variance,-0.06846354888565784
2021-06-17,Crypto-Only Min-Variance,0.00934886236276595
2021-06-18,Crypto-Only Min-Variance,-0.05684935380558473
2021-06-19,Crypto-Only Min-Variance,-0.01567203055263676
2021-06-20,Crypto-Only Min-Variance,0.014140360170322875
2021-06-21,Crypto-Only Min-Variance,-0.16422943542986257
2021-06-22,Crypto-Only Min-Variance,-0.012531625166840638
2021-06-23,Crypto-Only Min-Variance,0.06804472891613639
2021-06-24,Crypto-Only Min-Variance,0.05715860189821126
2021-06-25,Crypto-Only Min-Variance,-0.07907672045114655
2021-06-26,Crypto-Only Min-Variance,0.009744897598530037
2021-06-27,Crypto-Only Min-Variance,0.06480927153236829
2021-06-28,Crypto-Only Min-Variance,0.015902813930961886
2021-06-29,Crypto-Only Min-Variance,0.03994163522176154
2021-06-30,Crypto-Only Min-Variance,0.011155564381347668
2021-07-01,Crypto-Only Min-Variance,-0.048955847593855996
2021-07-02,Crypto-Only Min-Variance,0.018038010107423258
2021-07-03,Crypto-Only Min-Variance,0.020769785560251518
2021-07-04,Crypto-Only Min-Variance,0.02895093044057776
2021-07-05,Crypto-Only Min-Variance,-0.04475626367495232
2021-07-06,Crypto-Only Min-Variance,0.021883035514703796
2021-07-07,Crypto-Only Min-Variance,-0.009167136400379024
2021-07-08,Crypto-Only Min-Variance,-0.05161797864803667
2021-07-09,Crypto-Only Min-Variance,0.018105792361383103
2021-07-10,Crypto-Only Min-Variance,-0.010544975496733285
2021-07-11,Crypto-Only Min-Variance,0.011840025111401573
2021-07-12,Crypto-Only Min-Variance,-0.029430319737704373
2021-07-13,Crypto-Only Min-Variance,-0.027896367040472426
2021-07-14,Crypto-Only Min-Variance,0.008624382912021635
2021-07-15,Crypto-Only Min-Variance,-0.035879823740593904
2021-07-16,Crypto-Only Min-Variance,-0.02540563621854694
2021-07-17,Crypto-Only Min-Variance,0.002344278354736974
2021-07-18,Crypto-Only Min-Variance,0.003028320706839397
2021-07-19,Crypto-Only Min-Variance,-0.04400571910650515
2021-07-20,Crypto-Only Min-Variance,-0.038985413544903036
2021-07-21,Crypto-Only Min-Variance,0.09320761214954654
2021-07-22,Crypto-Only Min-Variance,0.020982379405585533
2021-07-23,Crypto-Only Min-Variance,0.03212738678641001
2021-07-24,Crypto-Only Min-Variance,0.02241341333624907
2021-07-25,Crypto-Only Min-Variance,0.009534287537793538
2021-07-26,Crypto-Only Min-Variance,0.02942245772181698
2021-07-27,Crypto-Only Min-Variance,0.031741501117841145
2021-07-28,Crypto-Only Min-Variance,0.011564851426889391
2021-07-29,Crypto-Only Min-Variance,0.01408629527295615
2021-07-30,Crypto-Only Min-Variance,0.0353312201160578
2021-07-31,Crypto-Only Min-Variance,0.006789339504791646
2021-08-01,Crypto-Only Min-Variance,-0.015006771292957483
2021-08-02,Crypto-Only Min-Variance,0.0023701492133965645
2021-08-03,Crypto-Only Min-Variance,-0.014313258459690422
2021-08-04,Crypto-Only Min-Variance,0.04688560836409795
2021-08-05,Crypto-Only Min-Variance,0.02407628018272417
2021-08-06,Crypto-Only Min-Variance,0.028037147071243877
2021-08-07,Crypto-Only Min-Variance,0.05883437588246614
2021-08-08,Crypto-Only Min-Variance,-0.034490695865443385
2021-08-09,Crypto-Only Min-Variance,0.056104927245827774
2021-08-10,Crypto-Only Min-Variance,0.019431609388028258
2021-08-11,Crypto-Only Min-Variance,0.038940201090401264
2021-08-12,Crypto-Only Min-Variance,-0.016860908291681288
2021-08-13,Crypto-Only Min-Variance,0.10325839804236539
2021-08-14,Crypto-Only Min-Variance,0.0035557825839956877
2021-08-15,Crypto-Only Min-Variance,0.0031670027359491574
2021-08-16,Crypto-Only Min-Variance,-0.03614488191063195
2021-08-17,Crypto-Only Min-Variance,-0.04971735791944543
2021-08-18,Crypto-Only Min-Variance,0.01926500689578071
2021-08-19,Crypto-Only Min-Variance,0.06947366887079781
2021-08-20,Crypto-Only Min-Variance,0.03557451633507083
2021-08-21,Crypto-Only Min-Variance,-0.0160321631588162
2021-08-22,Crypto-Only Min-Variance,0.032810711763942485
2021-08-23,Crypto-Only Min-Variance,0.026582702029717416
2021-08-24,Crypto-Only Min-Variance,-0.053688018497581654
2021-08-25,Crypto-Only Min-Variance,0.02005546210799439
2021-08-26,Crypto-Only Min-Variance,-0.05054942266873204
2021-08-27,Crypto-Only Min-Variance,0.07481440621212926
2021-08-28,Crypto-Only Min-Variance,-0.01053139791383394
2021-08-29,Crypto-Only Min-Variance,-0.0014064783948134303
2021-08-30,Crypto-Only Min-Variance,-0.028448364615374935
2021-08-31,Crypto-Only Min-Variance,0.02800356479695178
2021-09-01,Crypto-Only Min-Variance,0.06325564670641494
2021-09-02,Crypto-Only Min-Variance,0.015785402977223896
2021-09-03,Crypto-Only Min-Variance,0.042565343841195466
2021-09-04,Crypto-Only Min-Variance,-0.009840784552376771
2021-09-05,Crypto-Only Min-Variance,0.03939658530816696
2021-09-06,Crypto-Only Min-Variance,-0.009305812575007096
2021-09-07,Crypto-Only Min-Variance,-0.1431379984655171
2021-09-08,Crypto-Only Min-Variance,0.016563126028412197
2021-09-09,Crypto-Only Min-Variance,0.00017368893279774093
2021-09-10,Crypto-Only Min-Variance,-0.04163948538245966
2021-09-11,Crypto-Only Min-Variance,0.03369244728045087
2021-09-12,Crypto-Only Min-Variance,0.04984370694223586
2021-09-13,Crypto-Only Min-Variance,-0.0413485704940931
2021-09-14,Crypto-Only Min-Variance,0.04976513714008313
2021-09-15,Crypto-Only Min-Variance,0.03541888739565326
2021-09-16,Crypto-Only Min-Variance,-0.020544584043738774
2021-09-17,Crypto-Only Min-Variance,-0.04165468205142322
2021-09-18,Crypto-Only Min-Variance,0.01216198107750191
2021-09-19,Crypto-Only Min-Variance,-0.026988285442856252
2021-09-20,Crypto-Only Min-Variance,-0.10648710686182186
2021-09-21,Crypto-Only Min-Variance,-0.04902390168899648
2021-09-22,Crypto-Only Min-Variance,0.10292748161791762
2021-09-23,Crypto-Only Min-Variance,0.023061629629564623
2021-09-24,Crypto-Only Min-Variance,-0.05575511221831854
2021-09-25,Crypto-Only Min-Variance,-0.003511301535656877
2021-09-26,Crypto-Only Min-Variance,0.002775844329236202
2021-09-27,Crypto-Only Min-Variance,-0.031339877299917517
2021-09-28,Crypto-Only Min-Variance,-0.03668453089051896
2021-09-29,Crypto-Only Min-Variance,0.020650163269294676
2021-09-30,Crypto-Only Min-Variance,0.04623396283444834
2021-10-01,Crypto-Only Min-Variance,0.08631202217498302
2021-10-02,Crypto-Only Min-Variance,0.007357747918583913
2021-10-03,Crypto-Only Min-Variance,0.007567555581127282
2021-10-04,Crypto-Only Min-Variance,-0.008527055564650578
2021-10-05,Crypto-Only Min-Variance,0.03694056234454039
2021-10-06,Crypto-Only Min-Variance,0.028953389398539687
2021-10-07,Crypto-Only Min-Variance,-0.002277420512460027
2021-10-08,Crypto-Only Min-Variance,-0.004737884876060407
2021-10-09,Crypto-Only Min-Variance,0.019450149868716016
2021-10-10,Crypto-Only Min-Variance,-0.028754320549366545
2021-10-11,Crypto-Only Min-Variance,0.023697547264976783
2021-10-12,Crypto-Only Min-Variance,-0.023847163451482883
2021-10-13,Crypto-Only Min-Variance,0.03125531028605444
2021-10-14,Crypto-Only Min-Variance,0.011330864711520417
2021-10-15,Crypto-Only Min-Variance,0.03728297944949428
2021-10-16,Crypto-Only Min-Variance,-0.010273710482206785
2021-10-17,Crypto-Only Min-Variance,-0.0002033314773973872
2021-10-18,Crypto-Only Min-Variance,-0.006469616504008424
2021-10-19,Crypto-Only Min-Variance,0.022415125292099554
2021-10-20,Crypto-Only Min-Variance,0.04984936114599618
2021-10-21,Crypto-Only Min-Variance,-0.03734152495506663
2021-10-22,Crypto-Only Min-Variance,-0.013891869527643378
2021-10-23,Crypto-Only Min-Variance,0.02249172955685831
2021-10-24,Crypto-Only Min-Variance,-0.01736856661223174
2021-10-25,Crypto-Only Min-Variance,0.02422223430523203
2021-10-26,Crypto-Only Min-Variance,-0.013892689938139795
2021-10-27,Crypto-Only Min-Variance,-0.07031664305995321
2021-10-28,Crypto-Only Min-Variance,0.05625580962512093
2021-10-29,Crypto-Only Min-Variance,0.027632666242334115
2021-10-30,Crypto-Only Min-Variance,-0.01429808283272186
2021-10-31,Crypto-Only Min-Variance,-0.0020407995246259506
2021-11-01,Crypto-Only Min-Variance,0.0025394602167769192
2021-11-02,Crypto-Only Min-Variance,0.038329565485171385
2021-11-03,Crypto-Only Min-Variance,0.012839834764790716
2021-11-04,Crypto-Only Min-Variance,-0.024388404919883054
2021-11-05,Crypto-Only Min-Variance,-0.005651924976234127
2021-11-06,Crypto-Only Min-Variance,0.0032749231462644852
2021-11-07,Crypto-Only Min-Variance,0.02003102468775676
2021-11-08,Crypto-Only Min-Variance,0.06257483097447866
2021-11-09,Crypto-Only Min-Variance,0.03424015160860715
2021-11-10,Crypto-Only Min-Variance,-0.040506397974736985
2021-11-11,Crypto-Only Min-Variance,0.007479711049019922
2021-11-12,Crypto-Only Min-Variance,-0.018014318721902543
2021-11-13,Crypto-Only Min-Variance,0.01102625077213958
2021-11-14,Crypto-Only Min-Variance,0.016442278706647585
2021-11-15,Crypto-Only Min-Variance,-0.012024207885581879
2021-11-16,Crypto-Only Min-Variance,-0.07986012975473517
2021-11-17,Crypto-Only Min-Variance,0.0066612032494088895
2021-11-18,Crypto-Only Min-Variance,-0.06949835445244444
2021-11-19,Crypto-Only Min-Variance,0.0470764983622816
2021-11-20,Crypto-Only Min-Variance,0.026837267490213357
2021-11-21,Crypto-Only Min-Variance,-0.0220137781109674
2021-11-22,Crypto-Only Min-Variance,-0.04291311666577138
2021-11-23,Crypto-Only Min-Variance,0.02354659340141684
2021-11-24,Crypto-Only Min-Variance,-0.026555354370523764
2021-11-25,Crypto-Only Min-Variance,0.001441983195288793
2021-11-26,Crypto-Only Min-Variance,-0.06557841884352743
2021-11-27,Crypto-Only Min-Variance,0.016033286591327533
2021-11-28,Crypto-Only Min-Variance,0.03413429228891263
2021-11-29,Crypto-Only Min-Variance,0.016908576636425053
2021-11-30,Crypto-Only Min-Variance,-8.882627109537203e-05
2021-12-01,Crypto-Only Min-Variance,-0.002636994121443438
2021-12-02,Crypto-Only Min-Variance,0.02043116896119381
2021-12-03,Crypto-Only Min-Variance,-0.06218127927589651
2021-12-04,Crypto-Only Min-Variance,-0.07019911716023997
2021-12-05,Crypto-Only Min-Variance,-0.009932806484364391
2021-12-06,Crypto-Only Min-Variance,0.034335662370962715
2021-12-07,Crypto-Only Min-Variance,-0.004885818794137211
2021-12-08,Crypto-Only Min-Variance,0.015748847491719606
2021-12-09,Crypto-Only Min-Variance,-0.06438418388890454
2021-12-10,Crypto-Only Min-Variance,-0.03438410194162568
2021-12-11,Crypto-Only Min-Variance,0.06307808720457345
2021-12-12,Crypto-Only Min-Variance,0.004788084300650142
2021-12-13,Crypto-Only Min-Variance,-0.0787036866698179
2021-12-14,Crypto-Only Min-Variance,-0.0013643692176780685
2021-12-15,Crypto-Only Min-Variance,0.05675808405709038
2021-12-16,Crypto-Only Min-Variance,-0.029064335502728907
2021-12-17,Crypto-Only Min-Variance,-0.03296330548804598
2021-12-18,Crypto-Only Min-Variance,0.01550325894565828
2021-12-19,Crypto-Only Min-Variance,-0.005866468494144478
2021-12-20,Crypto-Only Min-Variance,-0.004361765588203275
2021-12-21,Crypto-Only Min-Variance,0.029884839653160432
2021-12-22,Crypto-Only Min-Variance,0.0038773515715116243
2021-12-23,Crypto-Only Min-Variance,0.05484478584108216
2021-12-24,Crypto-Only Min-Variance,-0.021255061801011457
2021-12-25,Crypto-Only Min-Variance,0.012763291197298833
2021-12-26,Crypto-Only Min-Variance,0.0008691107146801189
2021-12-27,Crypto-Only Min-Variance,0.0048770619541012045
2021-12-28,Crypto-Only Min-Variance,-0.05979577116466319
2021-12-29,Crypto-Only Min-Variance,-0.031615837652232186
2021-12-30,Crypto-Only Min-Variance,0.01925451432255309
2021-12-31,Crypto-Only Min-Variance,-0.021815840113051356
2022-01-01,Crypto-Only Min-Variance,0.02920576023774961
2022-01-02,Crypto-Only Min-Variance,0.008118177896591494
2022-01-03,Crypto-Only Min-Variance,-0.02032730139298315
2022-01-04,Crypto-Only Min-Variance,-0.006792467631216574
2022-01-05,Crypto-Only Min-Variance,-0.05854166264563801
2022-01-06,Crypto-Only Min-Variance,-0.007185967087104075
2022-01-07,Crypto-Only Min-Variance,-0.048137560630378634
2022-01-08,Crypto-Only Min-Variance,-0.020617607527677367
2022-01-09,Crypto-Only Min-Variance,0.007942939585895717
2022-01-10,Crypto-Only Min-Variance,-0.02583365897716855
2022-01-11,Crypto-Only Min-Variance,0.033564569277369415
2022-01-12,Crypto-Only Min-Variance,0.050083436005970317
2022-01-13,Crypto-Only Min-Variance,-0.03456578168735894
2022-01-14,Crypto-Only Min-Variance,0.020920503560028395
2022-01-15,Crypto-Only Min-Variance,0.005669001534514157
2022-01-16,Crypto-Only Min-Variance,0.018546597291110183
2022-01-17,Crypto-Only Min-Variance,0.006706432567378438
2022-01-18,Crypto-Only Min-Variance,-0.02362137105531366
2022-01-19,Crypto-Only Min-Variance,-0.0220695105560396
2022-01-20,Crypto-Only Min-Variance,-0.03344597833505557
2022-01-21,Crypto-Only Min-Variance,-0.11625342475895395
2022-01-22,Crypto-Only Min-Variance,-0.05621740911139349
2022-01-23,Crypto-Only Min-Variance,0.038093876429895715
2022-01-24,Crypto-Only Min-Variance,-0.027721545719816085
2022-01-25,Crypto-Only Min-Variance,0.003954724732455242
2022-01-26,Crypto-Only Min-Variance,0.007101378634172557
2022-01-27,Crypto-Only Min-Variance,-0.006616530549927514
2022-01-28,Crypto-Only Min-Variance,0.026511224736442022
2022-01-29,Crypto-Only Min-Variance,0.021344167762932548
2022-01-30,Crypto-Only Min-Variance,-0.013697611916040593
2022-01-31,Crypto-Only Min-Variance,0.015002841114372143
2022-02-01,Crypto-Only Min-Variance,0.01946465459336696
2022-02-02,Crypto-Only Min-Variance,-0.03760954007717191
2022-02-03,Crypto-Only Min-Variance,0.008985570718764716
2022-02-04,Crypto-Only Min-Variance,0.09793857591930717
2022-02-05,Crypto-Only Min-Variance,0.008312695285643495
2022-02-06,Crypto-Only Min-Variance,0.02020395294825503
2022-02-07,Crypto-Only Min-Variance,0.04036911270797236
2022-02-08,Crypto-Only Min-Variance,-0.003075031450281129
2022-02-09,Crypto-Only Min-Variance,0.019738510549331643
2022-02-10,Crypto-Only Min-Variance,-0.027609329815408097
2022-02-11,Crypto-Only Min-Variance,-0.052045292066804014
2022-02-12,Crypto-Only Min-Variance,-0.0018303563691107292
2022-02-13,Crypto-Only Min-Variance,-0.0006192071540652732
2022-02-14,Crypto-Only Min-Variance,0.006204748717250777
2022-02-15,Crypto-Only Min-Variance,0.05339245411636774
2022-02-16,Crypto-Only Min-Variance,-0.013616865003145563
2022-02-17,Crypto-Only Min-Variance,-0.07063953744032551
2022-02-18,Crypto-Only Min-Variance,-0.012016522894681927
2022-02-19,Crypto-Only Min-Variance,0.0013099999844162712
2022-02-20,Crypto-Only Min-Variance,-0.040382149917536095
2022-02-21,Crypto-Only Min-Variance,-0.04221670396313207
2022-02-22,Crypto-Only Min-Variance,0.03609414756357981
2022-02-23,Crypto-Only Min-Variance,-0.022650277680625535
2022-02-24,Crypto-Only Min-Variance,0.010441275134580335
2022-02-25,Crypto-Only Min-Variance,0.025209175444613416
2022-02-26,Crypto-Only Min-Variance,0.002182400581204703
2022-02-27,Crypto-Only Min-Variance,-0.038947778084979665
2022-02-28,Crypto-Only Min-Variance,0.10778892033683213
2022-03-01,Crypto-Only Min-Variance,0.010864151659997393
2022-03-02,Crypto-Only Min-Variance,-0.012889704558295094
2022-03-03,Crypto-Only Min-Variance,-0.03147017375342157
2022-03-04,Crypto-Only Min-Variance,-0.06387865921221561
2022-03-05,Crypto-Only Min-Variance,0.021168048737514697
2022-03-06,Crypto-Only Min-Variance,-0.033249895839129566
2022-03-07,Crypto-Only Min-Variance,-0.015949998537175415
2022-03-08,Crypto-Only Min-Variance,0.02484983513651098
2022-03-09,Crypto-Only Min-Variance,0.05588953281247877
2022-03-10,Crypto-Only Min-Variance,-0.04405390976006966
2022-03-11,Crypto-Only Min-Variance,-0.008488203649450935
2022-03-12,Crypto-Only Min-Variance,0.001248878725359906
2022-03-13,Crypto-Only Min-Variance,-0.019340082145730776
2022-03-14,Crypto-Only Min-Variance,0.02824437433915454
2022-03-15,Crypto-Only Min-Variance,0.002419099326747895
2022-03-16,Crypto-Only Min-Variance,0.038444160495935235
2022-03-17,Crypto-Only Min-Variance,0.0002452528091292825
2022-03-18,Crypto-Only Min-Variance,0.02660219421147814
2022-03-19,Crypto-Only Min-Variance,0.018052657480082834
2022-03-20,Crypto-Only Min-Variance,-0.018271565692883976
2022-03-21,Crypto-Only Min-Variance,0.012366179968839406
2022-03-22,Crypto-Only Min-Variance,0.041335486330353874
2022-03-23,Crypto-Only Min-Variance,0.02187884376560055
2022-03-24,Crypto-Only Min-Variance,0.021012653738668112
2022-03-25,Crypto-Only Min-Variance,-0.005978307267869987
2022-03-26,Crypto-Only Min-Variance,0.015074879803048204
2022-03-27,Crypto-Only Min-Variance,0.04615397151991651
2022-03-28,Crypto-Only Min-Variance,0.0014571287342108833
2022-03-29,Crypto-Only Min-Variance,0.011676366350626341
2022-03-30,Crypto-Only Min-Variance,0.01196360074003445
2022-03-31,Crypto-Only Min-Variance,-0.018426065120494516
2022-04-01,Crypto-Only Min-Variance,0.021831080511013984
2022-04-02,Crypto-Only Min-Variance,-0.009439515915493402
2022-04-03,Crypto-Only Min-Variance,0.013372422352126405
2022-04-04,Crypto-Only Min-Variance,-0.007754104568091036
2022-04-05,Crypto-Only Min-Variance,-0.025328498492812504
2022-04-06,Crypto-Only Min-Variance,-0.07614644197766987
2022-04-07,Crypto-Only Min-Variance,0.019105601300709697
2022-04-08,Crypto-Only Min-Variance,-0.0299325438811159
2022-04-09,Crypto-Only Min-Variance,0.017613125661373002
2022-04-10,Crypto-Only Min-Variance,-0.016326395249549278
2022-04-11,Crypto-Only Min-Variance,-0.07313887066477945
2022-04-12,Crypto-Only Min-Variance,0.023883092223833446
2022-04-13,Crypto-Only Min-Variance,0.033872742731521036
2022-04-14,Crypto-Only Min-Variance,-0.026130562322125458
2022-04-15,Crypto-Only Min-Variance,0.020942707838371648
2022-04-16,Crypto-Only Min-Variance,0.0019460412728958929
2022-04-17,Crypto-Only Min-Variance,-0.02679184966032313
2022-04-18,Crypto-Only Min-Variance,0.025157676085781955
2022-04-19,Crypto-Only Min-Variance,0.016798670850061138
2022-04-20,Crypto-Only Min-Variance,-0.011410584593455921
2022-04-21,Crypto-Only Min-Variance,0.014860011692572409
2022-04-22,Crypto-Only Min-Variance,-0.02316544517023659
2022-04-23,Crypto-Only Min-Variance,-0.0056496221607749315
2022-04-24,Crypto-Only Min-Variance,-0.011498335427389707
2022-04-25,Crypto-Only Min-Variance,0.015250486570676125
2022-04-26,Crypto-Only Min-Variance,-0.06123315459533908
2022-04-27,Crypto-Only Min-Variance,0.02608347210090094
2022-04-28,Crypto-Only Min-Variance,0.009459261125980908
2022-04-29,Crypto-Only Min-Variance,-0.02947063315682115
2022-04-30,Crypto-Only Min-Variance,-0.029189565402098085
2022-05-01,Crypto-Only Min-Variance,0.05465636710004039
2022-05-02,Crypto-Only Min-Variance,-0.005036928554237299
2022-05-03,Crypto-Only Min-Variance,-0.002378132342643456
2022-05-04,Crypto-Only Min-Variance,0.09816940349925793
2022-05-05,Crypto-Only Min-Variance,-0.0907094137204062
2022-05-06,Crypto-Only Min-Variance,0.02933673424891202
2022-05-07,Crypto-Only Min-Variance,-0.024088719939873465
2022-05-08,Crypto-Only Min-Variance,-0.015862489257858593
2022-05-09,Crypto-Only Min-Variance,-0.13149557253312627
2022-05-10,Crypto-Only Min-Variance,0.039534007371780526
2022-05-11,Crypto-Only Min-Variance,-0.09706236019137417
2022-05-12,Crypto-Only Min-Variance,-0.0429275160616211
2022-05-13,Crypto-Only Min-Variance,0.05305617873664784
2022-05-14,Crypto-Only Min-Variance,0.017902990839993766
2022-05-15,Crypto-Only Min-Variance,0.02961842073115951
2022-05-16,Crypto-Only Min-Variance,-0.054056362270937394
2022-05-17,Crypto-Only Min-Variance,0.03578021456952124
2022-05-18,Crypto-Only Min-Variance,-0.06185218897882583
2022-05-19,Crypto-Only Min-Variance,0.04250432535483783
2022-05-20,Crypto-Only Min-Variance,-0.030803218660269475
2022-05-21,Crypto-Only Min-Variance,0.018534359547230893
2022-05-22,Crypto-Only Min-Variance,0.03910884313656065
2022-05-23,Crypto-Only Min-Variance,-0.03593585081473856
2022-05-24,Crypto-Only Min-Variance,0.026347578146967393
2022-05-25,Crypto-Only Min-Variance,0.004437891055848295
2022-05-26,Crypto-Only Min-Variance,-0.0404001496273194
2022-05-27,Crypto-Only Min-Variance,-0.03091274126846488
2022-05-28,Crypto-Only Min-Variance,0.013988154878456234
2022-05-29,Crypto-Only Min-Variance,0.024159066841233624
2022-05-30,Crypto-Only Min-Variance,0.07455739450944258
2022-05-31,Crypto-Only Min-Variance,0.0069877419483589465
2022-06-01,Crypto-Only Min-Variance,-0.05435928905366655
2022-06-02,Crypto-Only Min-Variance,0.014584785720225275
2022-06-03,Crypto-Only Min-Variance,-0.028939899643347585
2022-06-04,Crypto-Only Min-Variance,0.005487619111104616
2022-06-05,Crypto-Only Min-Variance,-0.0007555376926819369
2022-06-06,Crypto-Only Min-Variance,0.026533372001386994
2022-06-07,Crypto-Only Min-Variance,-0.009734161669934797
2022-06-08,Crypto-Only Min-Variance,-0.019759618427647473
2022-06-09,Crypto-Only Min-Variance,-0.0015000431195647495
2022-06-10,Crypto-Only Min-Variance,-0.04360049791351956
2022-06-11,Crypto-Only Min-Variance,-0.05168475148944241
2022-06-12,Crypto-Only Min-Variance,-0.03935781520871686
2022-06-13,Crypto-Only Min-Variance,-0.1531894587642249
2022-06-14,Crypto-Only Min-Variance,-0.027892842790294164
2022-06-15,Crypto-Only Min-Variance,0.050081652929022204
2022-06-16,Crypto-Only Min-Variance,-0.10278707543830082
2022-06-17,Crypto-Only Min-Variance,0.02597200131746026
2022-06-18,Crypto-Only Min-Variance,-0.044305536590355576
2022-06-19,Crypto-Only Min-Variance,0.06759912616155797
2022-06-20,Crypto-Only Min-Variance,-0.003321553436037859
2022-06-21,Crypto-Only Min-Variance,0.017354556024381317
2022-06-22,Crypto-Only Min-Variance,-0.039420990645640565
2022-06-23,Crypto-Only Min-Variance,0.04600373717527817
2022-06-24,Crypto-Only Min-Variance,0.04641991866861131
2022-06-25,Crypto-Only Min-Variance,0.0016878346497637058
2022-06-26,Crypto-Only Min-Variance,-0.02321830679011087
2022-06-27,Crypto-Only Min-Variance,-0.00015147862813333964
2022-06-28,Crypto-Only Min-Variance,-0.03146098928689495
2022-06-29,Crypto-Only Min-Variance,-0.022757946315935557
2022-06-30,Crypto-Only Min-Variance,-0.007874870928069296
2022-07-01,Crypto-Only Min-Variance,-0.016636816175213884
2022-07-02,Crypto-Only Min-Variance,0.002445443845528079
2022-07-03,Crypto-Only Min-Variance,0.009926023433103646
2022-07-04,Crypto-Only Min-Variance,0.03756614984525676
2022-07-05,Crypto-Only Min-Variance,-0.006452767737530794
2022-07-06,Crypto-Only Min-Variance,0.016835421016268948
2022-07-07,Crypto-Only Min-Variance,0.03743572944298068
2022-07-08,Crypto-Only Min-Variance,-0.002160540033404647
2022-07-09,Crypto-Only Min-Variance,0.0018935524032131614
2022-07-10,Crypto-Only Min-Variance,-0.03903251116733219
2022-07-11,Crypto-Only Min-Variance,-0.04901995971437023
2022-07-12,Crypto-Only Min-Variance,-0.02287797175209179
2022-07-13,Crypto-Only Min-Variance,0.04611304879817382
2022-07-14,Crypto-Only Min-Variance,0.0218848393262258
2022-07-15,Crypto-Only Min-Variance,0.012838400084369423
2022-07-16,Crypto-Only Min-Variance,0.03536606115387467
2022-07-17,Crypto-Only Min-Variance,-0.016630848520006902
2022-07-18,Crypto-Only Min-Variance,0.0786428764555328
2022-07-19,Crypto-Only Min-Variance,0.02138992916347606
2022-07-20,Crypto-Only Min-Variance,-0.02696926459392729
2022-07-21,Crypto-Only Min-Variance,0.010724132106154437
2022-07-22,Crypto-Only Min-Variance,-0.01579683617527649
2022-07-23,Crypto-Only Min-Variance,-0.0029892845718698506
2022-07-24,Crypto-Only Min-Variance,0.016790670006953508
2022-07-25,Crypto-Only Min-Variance,-0.06492438762728497
2022-07-26,Crypto-Only Min-Variance,0.0026538752030832637
2022-07-27,Crypto-Only Min-Variance,0.07436889934990695
2022-07-28,Crypto-Only Min-Variance,0.05597763198620462
2022-07-29,Crypto-Only Min-Variance,-0.00406859314673897
2022-07-30,Crypto-Only Min-Variance,-0.001532243559552217
2022-07-31,Crypto-Only Min-Variance,-0.013360248718076114
2022-08-01,Crypto-Only Min-Variance,-0.0007373960034199198
2022-08-02,Crypto-Only Min-Variance,-0.019388964478569116
2022-08-03,Crypto-Only Min-Variance,-0.005989383630114685
2022-08-04,Crypto-Only Min-Variance,0.001927132112302091
2022-08-05,Crypto-Only Min-Variance,0.02582327981814289
2022-08-06,Crypto-Only Min-Variance,-0.00017928032854126925
2022-08-07,Crypto-Only Min-Variance,0.0073390550641487294
2022-08-08,Crypto-Only Min-Variance,0.025980480391667574
2022-08-09,Crypto-Only Min-Variance,-0.036346833382953546
2022-08-10,Crypto-Only Min-Variance,0.032567996200040195
2022-08-11,Crypto-Only Min-Variance,-0.00039305983313175794
2022-08-12,Crypto-Only Min-Variance,0.007192992166902338
2022-08-13,Crypto-Only Min-Variance,-0.001544151767767195
2022-08-14,Crypto-Only Min-Variance,-0.0038852721710602883
2022-08-15,Crypto-Only Min-Variance,-0.012443729014770855
2022-08-16,Crypto-Only Min-Variance,-0.002647055003089762
2022-08-17,Crypto-Only Min-Variance,-0.012760982967701909
2022-08-18,Crypto-Only Min-Variance,-0.020588222688362388
2022-08-19,Crypto-Only Min-Variance,-0.0797807690986805
2022-08-20,Crypto-Only Min-Variance,0.013891036329008594
2022-08-21,Crypto-Only Min-Variance,0.015877050449407112
2022-08-22,Crypto-Only Min-Variance,-0.00560520363249518
2022-08-23,Crypto-Only Min-Variance,0.012406202950805472
2022-08-24,Crypto-Only Min-Variance,-0.011251245419612716
2022-08-25,Crypto-Only Min-Variance,0.00921708575728638
2022-08-26,Crypto-Only Min-Variance,-0.05432346966005062
2022-08-27,Crypto-Only Min-Variance,0.00449877422467745
2022-08-28,Crypto-Only Min-Variance,-0.02584440133149636
2022-08-29,Crypto-Only Min-Variance,0.03228824354237009
2022-08-30,Crypto-Only Min-Variance,-0.014719433916856359
2022-08-31,Crypto-Only Min-Variance,0.00364404927634522
2022-09-01,Crypto-Only Min-Variance,0.006559827160333461
2022-09-02,Crypto-Only Min-Variance,-0.006731253403801795
2022-09-03,Crypto-Only Min-Variance,0.0014700372406411134
2022-09-04,Crypto-Only Min-Variance,0.00762033848644785
2022-09-05,Crypto-Only Min-Variance,-0.0060757233509583395
2022-09-06,Crypto-Only Min-Variance,-0.04261970820380173
2022-09-07,Crypto-Only Min-Variance,0.029864790176381488
2022-09-08,Crypto-Only Min-Variance,0.0043717324561554525
2022-09-09,Crypto-Only Min-Variance,0.07213033194167061
2022-09-10,Crypto-Only Min-Variance,0.010059344244177506
2022-09-11,Crypto-Only Min-Variance,-0.00451061406703999
2022-09-12,Crypto-Only Min-Variance,0.007313320778315176
2022-09-13,Crypto-Only Min-Variance,-0.07114309414894539
2022-09-14,Crypto-Only Min-Variance,0.007969751578514135
2022-09-15,Crypto-Only Min-Variance,-0.027663474727442343
2022-09-16,Crypto-Only Min-Variance,0.03544217639703723
2022-09-17,Crypto-Only Min-Variance,0.037145681106506706
2022-09-18,Crypto-Only Min-Variance,-0.04130636359793331
2022-09-19,Crypto-Only Min-Variance,0.029221209140904963
2022-09-20,Crypto-Only Min-Variance,0.018557508973227853
2022-09-21,Crypto-Only Min-Variance,-0.030882946142641463
2022-09-22,Crypto-Only Min-Variance,0.09745581648484276
2022-09-23,Crypto-Only Min-Variance,0.011428074877272733
2022-09-24,Crypto-Only Min-Variance,-0.02584661019022515
2022-09-25,Crypto-Only Min-Variance,-0.0022997799994087333
2022-09-26,Crypto-Only Min-Variance,-0.014808855769342974
2022-09-27,Crypto-Only Min-Variance,-0.019051927618698433
2022-09-28,Crypto-Only Min-Variance,0.002104767468422624
2022-09-29,Crypto-Only Min-Variance,0.042146701893138405
2022-09-30,Crypto-Only Min-Variance,-0.006770296095318375
2022-10-01,Crypto-Only Min-Variance,0.007419267354952652
2022-10-02,Crypto-Only Min-Variance,-0.02125638784878437
2022-10-03,Crypto-Only Min-Variance,0.015364315621595931
2022-10-04,Crypto-Only Min-Variance,0.026933373804897093
2022-10-05,Crypto-Only Min-Variance,0.0025494481504781154
2022-10-06,Crypto-Only Min-Variance,-0.003265235303851192
2022-10-07,Crypto-Only Min-Variance,0.0013031377368836212
2022-10-08,Crypto-Only Min-Variance,0.0043023016692574825
2022-10-09,Crypto-Only Min-Variance,0.012805348562366071
2022-10-10,Crypto-Only Min-Variance,-0.021136832631964253
2022-10-11,Crypto-Only Min-Variance,-0.025824220853976638
2022-10-12,Crypto-Only Min-Variance,0.004026516135118281
2022-10-13,Crypto-Only Min-Variance,-0.013884338977235497
2022-10-14,Crypto-Only Min-Variance,0.011503232538177434
2022-10-15,Crypto-Only Min-Variance,-0.014843078648219822
2022-10-16,Crypto-Only Min-Variance,0.009117830889120732
2022-10-17,Crypto-Only Min-Variance,0.010434937820497736
2022-10-18,Crypto-Only Min-Variance,-0.01092256298720683
2022-10-19,Crypto-Only Min-Variance,-0.013225662960159486
2022-10-20,Crypto-Only Min-Variance,-0.0006821477979874948
2022-10-21,Crypto-Only Min-Variance,0.004799281854268209
2022-10-22,Crypto-Only Min-Variance,0.0037832644391828326
2022-10-23,Crypto-Only Min-Variance,0.01365532565207701
2022-10-24,Crypto-Only Min-Variance,-0.01546099344129611
2022-10-25,Crypto-Only Min-Variance,0.030510054160811352
2022-10-26,Crypto-Only Min-Variance,0.018502171404522715
2022-10-27,Crypto-Only Min-Variance,-0.018685059058179014
2022-10-28,Crypto-Only Min-Variance,0.012131682235723463
2022-10-29,Crypto-Only Min-Variance,0.011376011969472126
2022-10-30,Crypto-Only Min-Variance,-0.016568763926415587
2022-10-31,Crypto-Only Min-Variance,-0.0005327080943457697
2022-11-01,Crypto-Only Min-Variance,-0.005511214362917986
2022-11-02,Crypto-Only Min-Variance,-0.0006767648773529002
2022-11-03,Crypto-Only Min-Variance,0.00874180249318305
2022-11-04,Crypto-Only Min-Variance,0.059096413125810966
2022-11-05,Crypto-Only Min-Variance,3.871629760855526e-05
2022-11-06,Crypto-Only Min-Variance,-0.02535299762873386
2022-11-07,Crypto-Only Min-Variance,-0.005859159206106736
2022-11-08,Crypto-Only Min-Variance,-0.09946616553240778
2022-11-09,Crypto-Only Min-Variance,-0.13292578643037958
2022-11-10,Crypto-Only Min-Variance,0.13668038193502605
2022-11-11,Crypto-Only Min-Variance,-0.02066844607181062
2022-11-12,Crypto-Only Min-Variance,-0.026457090163315117
2022-11-13,Crypto-Only Min-Variance,-0.04346014634462621
2022-11-14,Crypto-Only Min-Variance,0.013696298266624569
2022-11-15,Crypto-Only Min-Variance,0.016780972743157103
2022-11-16,Crypto-Only Min-Variance,-0.015761642404579564
2022-11-17,Crypto-Only Min-Variance,0.009051708657614288
2022-11-18,Crypto-Only Min-Variance,0.0018129707646676093
2022-11-19,Crypto-Only Min-Variance,0.012876274176416923
2022-11-20,Crypto-Only Min-Variance,-0.031155658633394458
2022-11-21,Crypto-Only Min-Variance,-0.010894237485283223
2022-11-22,Crypto-Only Min-Variance,0.03375298651915223
2022-11-23,Crypto-Only Min-Variance,0.036691709347219006
2022-11-24,Crypto-Only Min-Variance,0.01016647744644638
2022-11-25,Crypto-Only Min-Variance,-0.01170628087535136
2022-11-26,Crypto-Only Min-Variance,-0.0029531027694204926
2022-11-27,Crypto-Only Min-Variance,0.004163341098198147
2022-11-28,Crypto-Only Min-Variance,-0.015191637445764104
2022-11-29,Crypto-Only Min-Variance,0.012622372622687117
2022-11-30,Crypto-Only Min-Variance,0.028267988404409805
2022-12-01,Crypto-Only Min-Variance,-0.01739585737538896
2022-12-02,Crypto-Only Min-Variance,0.007380661497162212
2022-12-03,Crypto-Only Min-Variance,-0.015076825226736184
2022-12-04,Crypto-Only Min-Variance,0.007793154057824992
2022-12-05,Crypto-Only Min-Variance,-0.0012471070339809865
2022-12-06,Crypto-Only Min-Variance,0.002395147537632567
2022-12-07,Crypto-Only Min-Variance,-0.018904840985942903
2022-12-08,Crypto-Only Min-Variance,0.021376589197076152
2022-12-09,Crypto-Only Min-Variance,-0.006222573118012982
2022-12-10,Crypto-Only Min-Variance,-6.576351067577444e-05
2022-12-11,Crypto-Only Min-Variance,-0.013142208818547486
2022-12-12,Crypto-Only Min-Variance,9.579361576363306e-05
2022-12-13,Crypto-Only Min-Variance,0.01932561657687811
2022-12-14,Crypto-Only Min-Variance,0.00038869627422293994
2022-12-15,Crypto-Only Min-Variance,-0.014639074548080335
2022-12-16,Crypto-Only Min-Variance,-0.06543758428383163
2022-12-17,Crypto-Only Min-Variance,0.020447188951148915
2022-12-18,Crypto-Only Min-Variance,-0.00464371840548008
2022-12-19,Crypto-Only Min-Variance,-0.02529805199135823
2022-12-20,Crypto-Only Min-Variance,0.030036046135359633
2022-12-21,Crypto-Only Min-Variance,-0.008837052382531196
2022-12-22,Crypto-Only Min-Variance,0.008264804596575106
2022-12-23,Crypto-Only Min-Variance,-0.006009236756031491
2022-12-24,Crypto-Only Min-Variance,-0.00040420733039829397
2022-12-25,Crypto-Only Min-Variance,-0.0013076553933029388
2022-12-26,Crypto-Only Min-Variance,0.00972316191294071
2022-12-27,Crypto-Only Min-Variance,-0.012992092219924003
2022-12-28,Crypto-Only Min-Variance,-0.01796144448629495
2022-12-29,Crypto-Only Min-Variance,-0.00012369240238695742
2022-12-30,Crypto-Only Min-Variance,-0.0002814140100300016
2022-12-31,Crypto-Only Min-Variance,-0.00242501732185297
2023-01-01,Crypto-Only Min-Variance,0.008092844074936245
2023-01-02,Crypto-Only Min-Variance,0.013577403508981456
2023-01-03,Crypto-Only Min-Variance,-0.00098714672796143
2023-01-04,Crypto-Only Min-Variance,0.008078387668704681
2023-01-05,Crypto-Only Min-Variance,-0.009589179391698616
2023-01-06,Crypto-Only Min-Variance,0.0065873542585179355
2023-01-07,Crypto-Only Min-Variance,-0.0003623106394648897
2023-01-08,Crypto-Only Min-Variance,0.021739711679941078
2023-01-09,Crypto-Only Min-Variance,0.02346328830104155
2023-01-10,Crypto-Only Min-Variance,0.005390025525808763
2023-01-11,Crypto-Only Min-Variance,0.025903682897800387
2023-01-12,Crypto-Only Min-Variance,0.03464144329204574
2023-01-13,Crypto-Only Min-Variance,0.04426289224064904
2023-01-14,Crypto-Only Min-Variance,0.032762139903698424
2023-01-15,Crypto-Only Min-Variance,0.001108201768248798
2023-01-16,Crypto-Only Min-Variance,0.0008916449019503168
2023-01-17,Crypto-Only Min-Variance,-0.008401787930864556
2023-01-18,Crypto-Only Min-Variance,-0.03666795211604565
2023-01-19,Crypto-Only Min-Variance,0.020574699415015607
2023-01-20,Crypto-Only Min-Variance,0.05759891610763937
2023-01-21,Crypto-Only Min-Variance,-0.0006189974101264237
2023-01-22,Crypto-Only Min-Variance,0.0008730596715446645
2023-01-23,Crypto-Only Min-Variance,0.025464904331464214
2023-01-24,Crypto-Only Min-Variance,-0.03333385243660124
2023-01-25,Crypto-Only Min-Variance,0.02427723528039572
2023-01-26,Crypto-Only Min-Variance,-0.0015987049216314203
2023-01-27,Crypto-Only Min-Variance,0.011595058445495757
2023-01-28,Crypto-Only Min-Variance,-0.004239380805780587
2023-01-29,Crypto-Only Min-Variance,0.024751358335686077
2023-01-30,Crypto-Only Min-Variance,-0.03831494303630871
2023-01-31,Crypto-Only Min-Variance,0.011286593769655719
2023-02-01,Crypto-Only Min-Variance,0.022644957514729842
2023-02-02,Crypto-Only Min-Variance,-0.00298119215550755
2023-02-03,Crypto-Only Min-Variance,0.006818797184261263
2023-02-04,Crypto-Only Min-Variance,-0.00228646873558805
2023-02-05,Crypto-Only Min-Variance,-0.015067955296028116
2023-02-06,Crypto-Only Min-Variance,-0.01553998266699241
2023-02-07,Crypto-Only Min-Variance,0.033975820472377
2023-02-08,Crypto-Only Min-Variance,-0.008979879331488506
2023-02-09,Crypto-Only Min-Variance,-0.054031531428253704
2023-02-10,Crypto-Only Min-Variance,-0.0006419358835851365
2023-02-11,Crypto-Only Min-Variance,0.006744046196576475
2023-02-12,Crypto-Only Min-Variance,-0.00849059094922485
2023-02-13,Crypto-Only Min-Variance,0.008056078970767428
2023-02-14,Crypto-Only Min-Variance,0.018382212097010665
2023-02-15,Crypto-Only Min-Variance,0.06668303035153732
2023-02-16,Crypto-Only Min-Variance,-0.04228624660576556
2023-02-17,Crypto-Only Min-Variance,0.044128898196932095
2023-02-18,Crypto-Only Min-Variance,0.007204602138059559
2023-02-19,Crypto-Only Min-Variance,-0.008061131470433065
2023-02-20,Crypto-Only Min-Variance,0.0334530373123675
2023-02-21,Crypto-Only Min-Variance,-0.011951339365073952
2023-02-22,Crypto-Only Min-Variance,-0.01252637218102539
2023-02-23,Crypto-Only Min-Variance,-0.010292162184770887
2023-02-24,Crypto-Only Min-Variance,-0.029487814731791115
2023-02-25,Crypto-Only Min-Variance,-0.0020673988267459614
2023-02-26,Crypto-Only Min-Variance,0.017970485563631747
2023-02-27,Crypto-Only Min-Variance,-0.004333888963171092
2023-02-28,Crypto-Only Min-Variance,-0.013862286307583294
2023-03-01,Crypto-Only Min-Variance,0.016901582462750617
2023-03-02,Crypto-Only Min-Variance,-0.009315639474062354
2023-03-03,Crypto-Only Min-Variance,-0.034331754838602936
2023-03-04,Crypto-Only Min-Variance,-0.01095105758241419
2023-03-05,Crypto-Only Min-Variance,-0.0006685956366614095
2023-03-06,Crypto-Only Min-Variance,0.002209117021949517
2023-03-07,Crypto-Only Min-Variance,-0.009928010133900078
2023-03-08,Crypto-Only Min-Variance,-0.01944536986585478
2023-03-09,Crypto-Only Min-Variance,-0.06992823648626807
2023-03-10,Crypto-Only Min-Variance,-0.0043493878246331705
2023-03-11,Crypto-Only Min-Variance,0.018986672488615824
2023-03-12,Crypto-Only Min-Variance,0.06680850225933063
2023-03-13,Crypto-Only Min-Variance,0.048148787605687034
2023-03-14,Crypto-Only Min-Variance,0.02259086010197208
2023-03-15,Crypto-Only Min-Variance,-0.03838785350627065
2023-03-16,Crypto-Only Min-Variance,0.015202129976965453
2023-03-17,Crypto-Only Min-Variance,0.05962873405177081
2023-03-18,Crypto-Only Min-Variance,-0.02511844095118615
2023-03-19,Crypto-Only Min-Variance,0.02844925370650027
2023-03-20,Crypto-Only Min-Variance,-0.02386678951262406
2023-03-21,Crypto-Only Min-Variance,0.06299998738198835
2023-03-22,Crypto-Only Min-Variance,-0.06192652382303382
2023-03-23,Crypto-Only Min-Variance,0.04548295163364659
2023-03-24,Crypto-Only Min-Variance,-0.032035969231117116
2023-03-25,Crypto-Only Min-Variance,0.008529915247058008
2023-03-26,Crypto-Only Min-Variance,0.010878540162476568
2023-03-27,Crypto-Only Min-Variance,-0.014006259083372309
2023-03-28,Crypto-Only Min-Variance,0.021283336707790403
2023-03-29,Crypto-Only Min-Variance,0.027417681392403012
2023-03-30,Crypto-Only Min-Variance,0.005042911202906888
2023-03-31,Crypto-Only Min-Variance,0.02520370732895526
2023-04-01,Crypto-Only Min-Variance,-0.0033877941157601198
2023-04-02,Crypto-Only Min-Variance,-0.013065004490367843
2023-04-03,Crypto-Only Min-Variance,0.003128631028379545
2023-04-04,Crypto-Only Min-Variance,0.00140900443125266
2023-04-05,Crypto-Only Min-Variance,0.0043174542762877185
2023-04-06,Crypto-Only Min-Variance,-0.00737533926517659
2023-04-07,Crypto-Only Min-Variance,-0.0005341767706140977
2023-04-08,Crypto-Only Min-Variance,-0.0065420753452191775
2023-04-09,Crypto-Only Min-Variance,0.008942395948049013
2023-04-10,Crypto-Only Min-Variance,0.022232521063066307
2023-04-11,Crypto-Only Min-Variance,0.0019204563962149563
2023-04-12,Crypto-Only Min-Variance,-0.009695799699570198
2023-04-13,Crypto-Only Min-Variance,0.009840196398779527
2023-04-14,Crypto-Only Min-Variance,0.011542659423780044
2023-04-15,Crypto-Only Min-Variance,-0.0029794422635294436
2023-04-16,Crypto-Only Min-Variance,0.007985304281676878
2023-04-17,Crypto-Only Min-Variance,-0.022907235983199537
2023-04-18,Crypto-Only Min-Variance,0.020741860369233638
2023-04-19,Crypto-Only Min-Variance,-0.05368758818078716
2023-04-20,Crypto-Only Min-Variance,-0.015378999665840358
2023-04-21,Crypto-Only Min-Variance,-0.026078905866256934
2023-04-22,Crypto-Only Min-Variance,0.021934715829062645
2023-04-23,Crypto-Only Min-Variance,-0.00626243476354463
2023-04-24,Crypto-Only Min-Variance,-0.00574138564623759
2023-04-25,Crypto-Only Min-Variance,0.013170248578462487
2023-04-26,Crypto-Only Min-Variance,-0.01082522339117317
2023-04-27,Crypto-Only Min-Variance,0.014152031015182795
2023-04-28,Crypto-Only Min-Variance,0.005543133727963877
2023-04-29,Crypto-Only Min-Variance,0.00984823654761716
2023-04-30,Crypto-Only Min-Variance,-0.009186089418728484
2023-05-01,Crypto-Only Min-Variance,-0.014291396181446958
2023-05-02,Crypto-Only Min-Variance,0.01467448270737486
2023-05-03,Crypto-Only Min-Variance,0.0045430932427539695
2023-05-04,Crypto-Only Min-Variance,-0.006247139332454263
2023-05-05,Crypto-Only Min-Variance,0.019573890066766797
2023-05-06,Crypto-Only Min-Variance,-0.018839649882550682
2023-05-07,Crypto-Only Min-Variance,-0.010733723150786627
2023-05-08,Crypto-Only Min-Variance,-0.027772220676820933
2023-05-09,Crypto-Only Min-Variance,0.022779838825549587
2023-05-10,Crypto-Only Min-Variance,-0.010069284781561057
2023-05-11,Crypto-Only Min-Variance,-0.01598998302359299
2023-05-12,Crypto-Only Min-Variance,0.00540418998035375
2023-05-13,Crypto-Only Min-Variance,-0.005226643485032519
2023-05-14,Crypto-Only Min-Variance,0.007352919650946876
2023-05-15,Crypto-Only Min-Variance,0.005877622668108998
2023-05-16,Crypto-Only Min-Variance,0.0010573982100611265
2023-05-17,Crypto-Only Min-Variance,0.00982957811883625
2023-05-18,Crypto-Only Min-Variance,-0.012317405408412902
2023-05-19,Crypto-Only Min-Variance,0.0037900633938850923
2023-05-20,Crypto-Only Min-Variance,0.010316652997841107
2023-05-21,Crypto-Only Min-Variance,-0.0010325900227112009
2023-05-22,Crypto-Only Min-Variance,0.011328918215582889
2023-05-23,Crypto-Only Min-Variance,0.006430349962043162
2023-05-24,Crypto-Only Min-Variance,-0.025523311078573075
2023-05-25,Crypto-Only Min-Variance,0.002214839087053719
2023-05-26,Crypto-Only Min-Variance,0.004022596934110941
2023-05-27,Crypto-Only Min-Variance,0.009333036726666905
2023-05-28,Crypto-Only Min-Variance,0.019831822779847488
2023-05-29,Crypto-Only Min-Variance,-0.007426872421404503
2023-05-30,Crypto-Only Min-Variance,0.005245801342366773
2023-05-31,Crypto-Only Min-Variance,-0.00532812271479737
2023-06-01,Crypto-Only Min-Variance,-0.010011440238532811
2023-06-02,Crypto-Only Min-Variance,0.03755445217490344
2023-06-03,Crypto-Only Min-Variance,-0.004917437397175664
2023-06-04,Crypto-Only Min-Variance,0.00010134484983580715
2023-06-05,Crypto-Only Min-Variance,-0.0458282023716363
2023-06-06,Crypto-Only Min-Variance,0.03195885639072976
2023-06-07,Crypto-Only Min-Variance,-0.026856202404475563
2023-06-08,Crypto-Only Min-Variance,0.004934998893572708
2023-06-09,Crypto-Only Min-Variance,-0.013710234089208882
2023-06-10,Crypto-Only Min-Variance,-0.04839903635441373
2023-06-11,Crypto-Only Min-Variance,0.005917194402063073
2023-06-12,Crypto-Only Min-Variance,0.0013884919689569105
2023-06-13,Crypto-Only Min-Variance,0.006010347219423508
2023-06-14,Crypto-Only Min-Variance,-0.031036337714268177
2023-06-15,Crypto-Only Min-Variance,0.0008592781927242357
2023-06-16,Crypto-Only Min-Variance,0.016308964001081967
2023-06-17,Crypto-Only Min-Variance,0.010984278144553078
2023-06-18,Crypto-Only Min-Variance,-0.006484637054116691
2023-06-19,Crypto-Only Min-Variance,0.005964834256594615
2023-06-20,Crypto-Only Min-Variance,0.03178569468262052
2023-06-21,Crypto-Only Min-Variance,0.07969971055623754
2023-06-22,Crypto-Only Min-Variance,-0.0062278887349641095
2023-06-23,Crypto-Only Min-Variance,0.08509261400608112
2023-06-24,Crypto-Only Min-Variance,0.030259802383931805
2023-06-25,Crypto-Only Min-Variance,-0.009278180992144714
2023-06-26,Crypto-Only Min-Variance,0.026598169831650902
2023-06-27,Crypto-Only Min-Variance,0.03921030108036057
2023-06-28,Crypto-Only Min-Variance,-0.017498137172090235
2023-06-29,Crypto-Only Min-Variance,0.03423357051556917
2023-06-30,Crypto-Only Min-Variance,0.06579732667971676
2023-07-01,Crypto-Only Min-Variance,-0.011985156550167889
2023-07-02,Crypto-Only Min-Variance,0.00192771633898472
2023-07-03,Crypto-Only Min-Variance,-0.000396460475787466
2023-07-04,Crypto-Only Min-Variance,-0.02024586619073513
2023-07-05,Crypto-Only Min-Variance,-0.010337016186290427
2023-07-06,Crypto-Only Min-Variance,-0.02387503471720279
2023-07-07,Crypto-Only Min-Variance,0.014813678873408297
2023-07-08,Crypto-Only Min-Variance,0.009583692444241962
2023-07-09,Crypto-Only Min-Variance,-0.010843448854182357
2023-07-10,Crypto-Only Min-Variance,0.007820980593514213
2023-07-11,Crypto-Only Min-Variance,-0.0028980056478927468
2023-07-12,Crypto-Only Min-Variance,-0.007681584579172874
2023-07-13,Crypto-Only Min-Variance,0.26126523288209963
2023-07-14,Crypto-Only Min-Variance,-0.06405454433415746
2023-07-15,Crypto-Only Min-Variance,-0.011781024741541269
2023-07-16,Crypto-Only Min-Variance,0.0083058615018514
2023-07-17,Crypto-Only Min-Variance,-0.007586063110464569
2023-07-18,Crypto-Only Min-Variance,0.009506324143142123
2023-07-19,Crypto-Only Min-Variance,0.05032823563158358
2023-07-20,Crypto-Only Min-Variance,0.0086680426960827
2023-07-21,Crypto-Only Min-Variance,-0.011694235327072661
2023-07-22,Crypto-Only Min-Variance,-0.0005736067995237631
2023-07-23,Crypto-Only Min-Variance,0.0044035117559337675
2023-07-24,Crypto-Only Min-Variance,-0.03783315366235333
2023-07-25,Crypto-Only Min-Variance,0.0022885418410305445
2023-07-26,Crypto-Only Min-Variance,0.022864641954495855
2023-07-27,Crypto-Only Min-Variance,-0.001461893745433146
2023-07-28,Crypto-Only Min-Variance,0.012156964776544278
2023-07-29,Crypto-Only Min-Variance,-0.0017127473610048481
2023-07-30,Crypto-Only Min-Variance,-0.010217830971451038
2023-07-31,Crypto-Only Min-Variance,-0.012116098738251799
2023-08-01,Crypto-Only Min-Variance,0.008676399230102322
2023-08-02,Crypto-Only Min-Variance,-0.0268755299045767
2023-08-03,Crypto-Only Min-Variance,-0.004416075618632186
2023-08-04,Crypto-Only Min-Variance,-0.0027367957519769956
2023-08-05,Crypto-Only Min-Variance,0.004239714901418012
2023-08-06,Crypto-Only Min-Variance,-0.004515513046005236
2023-08-07,Crypto-Only Min-Variance,0.0036428917889862
2023-08-08,Crypto-Only Min-Variance,0.01300348805965669
2023-08-09,Crypto-Only Min-Variance,-0.0019780693138389846
2023-08-10,Crypto-Only Min-Variance,-0.003696258237331728
2023-08-11,Crypto-Only Min-Variance,-0.002495114539249965
2023-08-12,Crypto-Only Min-Variance,0.0018137920543942494
2023-08-13,Crypto-Only Min-Variance,-0.005521375135429564
2023-08-14,Crypto-Only Min-Variance,0.003407295793258455
2023-08-15,Crypto-Only Min-Variance,-0.01600487213152403
2023-08-16,Crypto-Only Min-Variance,-0.027371426789367062
2023-08-17,Crypto-Only Min-Variance,-0.06384297410889178
2023-08-18,Crypto-Only Min-Variance,-0.004551847643898633
2023-08-19,Crypto-Only Min-Variance,0.007859085557352036
2023-08-20,Crypto-Only Min-Variance,0.011633205496540068
2023-08-21,Crypto-Only Min-Variance,-0.009077529809854922
2023-08-22,Crypto-Only Min-Variance,-0.008461395246211097
2023-08-23,Crypto-Only Min-Variance,0.026667223306893383
2023-08-24,Crypto-Only Min-Variance,-0.01047331674929262
2023-08-25,Crypto-Only Min-Variance,-0.002149963791270862
2023-08-26,Crypto-Only Min-Variance,-0.001701408932241826
2023-08-27,Crypto-Only Min-Variance,0.007464587173240202
2023-08-28,Crypto-Only Min-Variance,-0.005474594122678934
2023-08-29,Crypto-Only Min-Variance,0.04781268198823866
2023-08-30,Crypto-Only Min-Variance,-0.017156195495975378
2023-08-31,Crypto-Only Min-Variance,-0.02963673461572911
2023-09-01,Crypto-Only Min-Variance,-0.009476504421846546
2023-09-02,Crypto-Only Min-Variance,0.004284721325635416
2023-09-03,Crypto-Only Min-Variance,0.0013146318535759219
2023-09-04,Crypto-Only Min-Variance,-0.0018703545933204428
2023-09-05,Crypto-Only Min-Variance,0.0010663078294098614
2023-09-06,Crypto-Only Min-Variance,0.0031488436664317485
2023-09-07,Crypto-Only Min-Variance,0.008700904853815326
2023-09-08,Crypto-Only Min-Variance,-0.00685909986735319
2023-09-09,Crypto-Only Min-Variance,-0.0006276312772528834
2023-09-10,Crypto-Only Min-Variance,-0.011756399793331696
2023-09-11,Crypto-Only Min-Variance,-0.027617368514424177
2023-09-12,Crypto-Only Min-Variance,0.02932831854686635
2023-09-13,Crypto-Only Min-Variance,0.0109880056709175
2023-09-14,Crypto-Only Min-Variance,0.017707574725216342
2023-09-15,Crypto-Only Min-Variance,0.006843225057684624
2023-09-16,Crypto-Only Min-Variance,-0.0030597172771803407
2023-09-17,Crypto-Only Min-Variance,-0.00784630916690995
2023-09-18,Crypto-Only Min-Variance,0.012198529729566903
2023-09-19,Crypto-Only Min-Variance,0.010729768848776824
2023-09-20,Crypto-Only Min-Variance,-0.007868685358328464
2023-09-21,Crypto-Only Min-Variance,-0.01969538802427706
2023-09-22,Crypto-Only Min-Variance,0.001951309696615414
2023-09-23,Crypto-Only Min-Variance,0.0025516828869351785
2023-09-24,Crypto-Only Min-Variance,-0.008999620883781713
2023-09-25,Crypto-Only Min-Variance,0.006745411739795381
2023-09-26,Crypto-Only Min-Variance,-0.0007767277712869009
2023-09-27,Crypto-Only Min-Variance,0.0053433650518035745
2023-09-28,Crypto-Only Min-Variance,0.024016366289718226
2023-09-29,Crypto-Only Min-Variance,0.009493849301976207
2023-09-30,Crypto-Only Min-Variance,0.003383791702858061
2023-10-01,Crypto-Only Min-Variance,0.032815513241825536
2023-10-02,Crypto-Only Min-Variance,-0.027463256526995997
2023-10-03,Crypto-Only Min-Variance,0.00675414439148525
2023-10-04,Crypto-Only Min-Variance,-0.005133447536634642
2023-10-05,Crypto-Only Min-Variance,-0.012422968574408718
2023-10-06,Crypto-Only Min-Variance,0.010904571646096007
2023-10-07,Crypto-Only Min-Variance,-0.0023066568365497048
2023-10-08,Crypto-Only Min-Variance,-0.002506769121071869
2023-10-09,Crypto-Only Min-Variance,-0.02398819014208483
2023-10-10,Crypto-Only Min-Variance,-0.00485237299324187
2023-10-11,Crypto-Only Min-Variance,-0.007201738436889567
2023-10-12,Crypto-Only Min-Variance,-0.010375399289515537
2023-10-13,Crypto-Only Min-Variance,0.006200582665415075
2023-10-14,Crypto-Only Min-Variance,-0.00014975008765124068
2023-10-15,Crypto-Only Min-Variance,0.008717785894579184
2023-10-16,Crypto-Only Min-Variance,0.03090134562432141
2023-10-17,Crypto-Only Min-Variance,-0.012688292252524727
2023-10-18,Crypto-Only Min-Variance,-0.00281854440672194
2023-10-19,Crypto-Only Min-Variance,0.008389077522179692
2023-10-20,Crypto-Only Min-Variance,0.021873897026078393
2023-10-21,Crypto-Only Min-Variance,0.015012332180132957
2023-10-22,Crypto-Only Min-Variance,0.00564373818518445
2023-10-23,Crypto-Only Min-Variance,0.06079164579947888
2023-10-24,Crypto-Only Min-Variance,0.008260244205144995
2023-10-25,Crypto-Only Min-Variance,0.008816728482102243
2023-10-26,Crypto-Only Min-Variance,0.002002943614844469
2023-10-27,Crypto-Only Min-Variance,-0.002994388908254353
2023-10-28,Crypto-Only Min-Variance,0.006869297530441375
2023-10-29,Crypto-Only Min-Variance,0.010385671270196527
2023-10-30,Crypto-Only Min-Variance,0.007466324676661824
2023-10-31,Crypto-Only Min-Variance,0.004290729130302408
2023-11-01,Crypto-Only Min-Variance,0.02688112413632352
2023-11-02,Crypto-Only Min-Variance,-0.006947138890622703
2023-11-03,Crypto-Only Min-Variance,0.0007619079682227822
2023-11-04,Crypto-Only Min-Variance,0.008367801681228231
2023-11-05,Crypto-Only Min-Variance,0.014649211081493946
2023-11-06,Crypto-Only Min-Variance,0.01106315155821358
2023-11-07,Crypto-Only Min-Variance,-0.007483539519575661
2023-11-08,Crypto-Only Min-Variance,0.01060967359808452
2023-11-09,Crypto-Only Min-Variance,0.04519377377290182
2023-11-10,Crypto-Only Min-Variance,0.0267734624299293
2023-11-11,Crypto-Only Min-Variance,-0.0004901276022032993
2023-11-12,Crypto-Only Min-Variance,-0.0003006483255976489
2023-11-13,Crypto-Only Min-Variance,-0.014854943865518132
2023-11-14,Crypto-Only Min-Variance,-0.03217246232731596
2023-11-15,Crypto-Only Min-Variance,0.04455500000644316
2023-11-16,Crypto-Only Min-Variance,-0.03413482333165985
2023-11-17,Crypto-Only Min-Variance,0.004787611405421874
2023-11-18,Crypto-Only Min-Variance,0.0018973492068563868
2023-11-19,Crypto-Only Min-Variance,0.017481177426613106
2023-11-20,Crypto-Only Min-Variance,-0.00741530699575828
2023-11-21,Crypto-Only Min-Variance,-0.04966807979307849
2023-11-22,Crypto-Only Min-Variance,0.05370439745875798
2023-11-23,Crypto-Only Min-Variance,0.0024409767427293516
2023-11-24,Crypto-Only Min-Variance,0.013284987140905176
2023-11-25,Crypto-Only Min-Variance,0.0157683867577132
2023-11-26,Crypto-Only Min-Variance,-0.00998406859727481
2023-11-27,Crypto-Only Min-Variance,-0.026013545946075228
2023-11-28,Crypto-Only Min-Variance,0.012161828022096161
2023-11-29,Crypto-Only Min-Variance,-0.002198285531714813
2023-11-30,Crypto-Only Min-Variance,-0.0005305861419425042
2023-12-01,Crypto-Only Min-Variance,0.015104942669823082
2023-12-02,Crypto-Only Min-Variance,0.020054116730011576
2023-12-03,Crypto-Only Min-Variance,0.006009740879433084
2023-12-04,Crypto-Only Min-Variance,0.028981561461789977
2023-12-05,Crypto-Only Min-Variance,0.024147039687504986
2023-12-06,Crypto-Only Min-Variance,-0.005060911152378331
2023-12-07,Crypto-Only Min-Variance,0.016404961116632467
2023-12-08,Crypto-Only Min-Variance,0.03519672456325275
2023-12-09,Crypto-Only Min-Variance,0.0021278993559048992
2023-12-10,Crypto-Only Min-Variance,0.005867313798460352
2023-12-11,Crypto-Only Min-Variance,-0.055606184060912014
2023-12-12,Crypto-Only Min-Variance,0.0032076931140356656
2023-12-13,Crypto-Only Min-Variance,0.03240200782963337
2023-12-14,Crypto-Only Min-Variance,0.00899992806924474
2023-12-15,Crypto-Only Min-Variance,-0.0392597113572748
2023-12-16,Crypto-Only Min-Variance,0.010816802333394668
2023-12-17,Crypto-Only Min-Variance,-0.016228169813260248
2023-12-18,Crypto-Only Min-Variance,0.009104750115878059
2023-12-19,Crypto-Only Min-Variance,-0.012606236038406578
2023-12-20,Crypto-Only Min-Variance,0.020159792367283685
2023-12-21,Crypto-Only Min-Variance,0.016436235195320715
2023-12-22,Crypto-Only Min-Variance,0.018559538444131433
2023-12-23,Crypto-Only Min-Variance,-0.002635131223997408
2023-12-24,Crypto-Only Min-Variance,-0.013826947581678808
2023-12-25,Crypto-Only Min-Variance,0.010671029608819695
2023-12-26,Crypto-Only Min-Variance,-0.01925593600741369
2023-12-27,Crypto-Only Min-Variance,0.041058308225354126
2023-12-28,Crypto-Only Min-Variance,-0.006887491906356352
2023-12-29,Crypto-Only Min-Variance,-0.016433020277204467
2023-12-30,Crypto-Only Min-Variance,0.0037569569745374808
2023-12-31,Crypto-Only Min-Variance,-0.0008831818945357125
2020-09-10,Crypto-Only Risk Parity,0.01804492784369432
2020-09-11,Crypto-Only Risk Parity,0.006961479392512073
2020-09-12,Crypto-Only Risk Parity,0.01038591988014255
2020-09-13,Crypto-Only Risk Parity,-0.03828902912182924
2020-09-14,Crypto-Only Risk Parity,0.017845579299876818
2020-09-15,Crypto-Only Risk Parity,-0.015395619107879184
2020-09-16,Crypto-Only Risk Parity,-0.0030798290694566215
2020-09-17,Crypto-Only Risk Parity,0.020617915672570337
2020-09-18,Crypto-Only Risk Parity,-0.005064328452987868
2020-09-19,Crypto-Only Risk Parity,-8.140157914532809e-06
2020-09-20,Crypto-Only Risk Parity,-0.024359318101106968
2020-09-21,Crypto-Only Risk Parity,-0.06709026552147468
2020-09-22,Crypto-Only Risk Parity,0.0150837701443601
2020-09-23,Crypto-Only Risk Parity,-0.04228821525744656
2020-09-24,Crypto-Only Risk Parity,0.05110725798369589
2020-09-25,Crypto-Only Risk Parity,0.03078841655249172
2020-09-26,Crypto-Only Risk Parity,0.011665369792605781
2020-09-27,Crypto-Only Risk Parity,0.00676448249534296
2020-09-28,Crypto-Only Risk Parity,-0.006705174926599181
2020-09-29,Crypto-Only Risk Parity,0.007591584987058126
2020-09-30,Crypto-Only Risk Parity,-0.0016502871175118185
2020-10-01,Crypto-Only Risk Parity,-0.015104758100680002
2020-10-02,Crypto-Only Risk Parity,-0.020469362423615644
2020-10-03,Crypto-Only Risk Parity,0.004245828932882939
2020-10-04,Crypto-Only Risk Parity,0.017883409303505113
2020-10-05,Crypto-Only Risk Parity,0.0038690634529826573
2020-10-06,Crypto-Only Risk Parity,-0.00955401010620401
2020-10-07,Crypto-Only Risk Parity,0.0024576261396742865
2020-10-08,Crypto-Only Risk Parity,0.014771975232659312
2020-10-09,Crypto-Only Risk Parity,0.02221023204626004
2020-10-10,Crypto-Only Risk Parity,0.013348154027915553
2020-10-11,Crypto-Only Risk Parity,0.011469927516967692
2020-10-12,Crypto-Only Risk Parity,0.011036047725060241
2020-10-13,Crypto-Only Risk Parity,-0.005272401953412277
2020-10-14,Crypto-Only Risk Parity,-0.005997768473169823
2020-10-15,Crypto-Only Risk Parity,-0.004713215216069256
2020-10-16,Crypto-Only Risk Parity,-0.017876516391898488
2020-10-17,Crypto-Only Risk Parity,0.004306444736016363
2020-10-18,Crypto-Only Risk Parity,0.006916610415377408
2020-10-19,Crypto-Only Risk Parity,0.015584328239052406
2020-10-20,Crypto-Only Risk Parity,-0.02004503562319355
2020-10-21,Crypto-Only Risk Parity,0.05491485041230744
2020-10-22,Crypto-Only Risk Parity,0.026622240308123254
2020-10-23,Crypto-Only Risk Parity,-0.0077641940764899805
2020-10-24,Crypto-Only Risk Parity,0.015541827200696518
2020-10-25,Crypto-Only Risk Parity,-0.007991201916449512
2020-10-26,Crypto-Only Risk Parity,-0.02105903865628692
2020-10-27,Crypto-Only Risk Parity,0.01635561173989493
2020-10-28,Crypto-Only Risk Parity,-0.023145247257593128
2020-10-29,Crypto-Only Risk Parity,-0.0070747786927450925
2020-10-30,Crypto-Only Risk Parity,-0.017802126065051705
2020-10-31,Crypto-Only Risk Parity,0.008645972399007187
2020-11-01,Crypto-Only Risk Parity,0.007824050375021693
2020-11-02,Crypto-Only Risk Parity,-0.035334541219432566
2020-11-03,Crypto-Only Risk Parity,-0.002044240981100643
2020-11-04,Crypto-Only Risk Parity,0.0036931845779787625
2020-11-05,Crypto-Only Risk Parity,0.050896401982994735
2020-11-06,Crypto-Only Risk Parity,0.05258942446466473
2020-11-07,Crypto-Only Risk Parity,-0.04325650393039636
2020-11-08,Crypto-Only Risk Parity,0.03249870895626707
2020-11-09,Crypto-Only Risk Parity,-0.019262398572001512
2020-11-10,Crypto-Only Risk Parity,0.0008010450841624032
2020-11-11,Crypto-Only Risk Parity,0.010522397704748046
2020-11-12,Crypto-Only Risk Parity,0.0015851329464164118
2020-11-13,Crypto-Only Risk Parity,0.027744417764652227
2020-11-14,Crypto-Only Risk Parity,-0.01473440055445092
2020-11-15,Crypto-Only Risk Parity,-0.014818386579225344
2020-11-16,Crypto-Only Risk Parity,0.04601876240124472
2020-11-17,Crypto-Only Risk Parity,0.052359245397602616
2020-11-18,Crypto-Only Risk Parity,-0.008704409376233487
2020-11-19,Crypto-Only Risk Parity,0.005055195998042534
2020-11-20,Crypto-Only Risk Parity,0.051696653015198615
2020-11-21,Crypto-Only Risk Parity,0.1458638531805082
2020-11-22,Crypto-Only Risk Parity,-0.029309396235544453
2020-11-23,Crypto-Only Risk Parity,0.13202879523089556
2020-11-24,Crypto-Only Risk Parity,0.11152546279998025
2020-11-25,Crypto-Only Risk Parity,-0.05193465125276022
2020-11-26,Crypto-Only Risk Parity,-0.123789214739011
2020-11-27,Crypto-Only Risk Parity,0.024993521474927692
2020-11-28,Crypto-Only Risk Parity,0.050736988759696636
2020-11-29,Crypto-Only Risk Parity,0.01762309106349924
2020-11-30,Crypto-Only Risk Parity,0.07158320665093401
2020-12-01,Crypto-Only Risk Parity,-0.0675378455744054
2020-12-02,Crypto-Only Risk Parity,0.021122629442796442
2020-12-03,Crypto-Only Risk Parity,0.015923628634400742
2020-12-04,Crypto-Only Risk Parity,-0.07771668930238415
2020-12-05,Crypto-Only Risk Parity,0.042426767314978846
2020-12-06,Crypto-Only Risk Parity,0.008247824983313584
2020-12-07,Crypto-Only Risk Parity,-0.014549797560492888
2020-12-08,Crypto-Only Risk Parity,-0.06822664674169787
2020-12-09,Crypto-Only Risk Parity,0.03363824006509824
2020-12-10,Crypto-Only Risk Parity,-0.026575804517157003
2020-12-11,Crypto-Only Risk Parity,-0.024845829932784707
2020-12-12,Crypto-Only Risk Parity,0.03006106506188666
2020-12-13,Crypto-Only Risk Parity,0.038130775171471454
2020-12-14,Crypto-Only Risk Parity,-0.0029675898574913918
2020-12-15,Crypto-Only Risk Parity,-0.001571016750985013
2020-12-16,Crypto-Only Risk Parity,0.10157762521515815
2020-12-17,Crypto-Only Risk Parity,0.01429427753429238
2020-12-18,Crypto-Only Risk Parity,0.015595713214097553
2020-12-19,Crypto-Only Risk Parity,0.016007611153383408
2020-12-20,Crypto-Only Risk Parity,-0.005780384417016923
2020-12-21,Crypto-Only Risk Parity,-0.05919818647492343
2020-12-22,Crypto-Only Risk Parity,0.008345830929751951
2020-12-23,Crypto-Only Risk Parity,-0.14990407063935585
2020-12-24,Crypto-Only Risk Parity,0.11457363367347026
2020-12-25,Crypto-Only Risk Parity,0.030672291104901047
2020-12-26,Crypto-Only Risk Parity,0.005459899952992852
2020-12-27,Crypto-Only Risk Parity,0.012247871034138753
2020-12-28,Crypto-Only Risk Parity,0.03186219929963333
2020-12-29,Crypto-Only Risk Parity,-0.017958804514654224
2020-12-30,Crypto-Only Risk Parity,-0.0016405528909115598
2020-12-31,Crypto-Only Risk Parity,-0.010568289670421529
2021-01-01,Crypto-Only Risk Parity,0.008928779120407081
2021-01-02,Crypto-Only Risk Parity,0.029529033028914062
2021-01-03,Crypto-Only Risk Parity,0.11486692034666696
2021-01-04,Crypto-Only Risk Parity,0.03718146412812243
2021-01-05,Crypto-Only Risk Parity,0.04415334444932319
2021-01-06,Crypto-Only Risk Parity,0.1545235058512979
2021-01-07,Crypto-Only Risk Parity,0.010164305269533444
2021-01-08,Crypto-Only Risk Parity,-0.0037711752619062414
2021-01-09,Crypto-Only Risk Parity,0.08459452162163678
2021-01-10,Crypto-Only Risk Parity,-0.02536584528977677
2021-01-11,Crypto-Only Risk Parity,-0.12813194741394807
2021-01-12,Crypto-Only Risk Parity,-0.023170286948167355
2021-01-13,Crypto-Only Risk Parity,0.08429219758568539
2021-01-14,Crypto-Only Risk Parity,0.0238366482854378
2021-01-15,Crypto-Only Risk Parity,-0.0389251908230918
2021-01-16,Crypto-Only Risk Parity,0.022747978623943614
2021-01-17,Crypto-Only Risk Parity,0.000109582798587856
2021-01-18,Crypto-Only Risk Parity,0.026779617853375095
2021-01-19,Crypto-Only Risk Parity,0.00824543880742733
2021-01-20,Crypto-Only Risk Parity,-0.006397318643654681
2021-01-21,Crypto-Only Risk Parity,-0.1295197303367371
2021-01-22,Crypto-Only Risk Parity,0.061058352947723084
2021-01-23,Crypto-Only Risk Parity,-0.003542266781642027
2021-01-24,Crypto-Only Risk Parity,0.028343354441545794
2021-01-25,Crypto-Only Risk Parity,-0.020009417635758166
2021-01-26,Crypto-Only Risk Parity,-0.0016579611283091206
2021-01-27,Crypto-Only Risk Parity,-0.07252364841764429
2021-01-28,Crypto-Only Risk Parity,0.09024945491415501
2021-01-29,Crypto-Only Risk Parity,0.029759183368643544
2021-01-30,Crypto-Only Risk Parity,0.05494570662437417
2021-01-31,Crypto-Only Risk Parity,-0.019043520463723856
2021-02-01,Crypto-Only Risk Parity,0.02064808775761278
2021-02-02,Crypto-Only Risk Parity,0.04308598214373351
2021-02-03,Crypto-Only Risk Parity,0.04864101646573935
2021-02-04,Crypto-Only Risk Parity,-0.019712125962519936
2021-02-05,Crypto-Only Risk Parity,0.08182676153141374
2021-02-06,Crypto-Only Risk Parity,0.018620266662210436
2021-02-07,Crypto-Only Risk Parity,-0.003826384048741214
2021-02-08,Crypto-Only Risk Parity,0.09016964902246621
2021-02-09,Crypto-Only Risk Parity,0.06671351136030232
2021-02-10,Crypto-Only Risk Parity,0.034499273068659596
2021-02-11,Crypto-Only Risk Parity,0.08219169047176991
2021-02-12,Crypto-Only Risk Parity,0.04336252179910015
2021-02-13,Crypto-Only Risk Parity,0.09560764762800657
2021-02-14,Crypto-Only Risk Parity,-0.025184954903589362
2021-02-15,Crypto-Only Risk Parity,-0.04437546239942996
2021-02-16,Crypto-Only Risk Parity,0.001037263203783229
2021-02-17,Crypto-Only Risk Parity,0.044081485846380324
2021-02-18,Crypto-Only Risk Parity,0.0030249941560604116
2021-02-19,Crypto-Only Risk Parity,0.052935460830834155
2021-02-20,Crypto-Only Risk Parity,-0.017162187488314634
2021-02-21,Crypto-Only Risk Parity,0.024430013514676725
2021-02-22,Crypto-Only Risk Parity,-0.06583307223605261
2021-02-23,Crypto-Only Risk Parity,-0.1545300162729062
2021-02-24,Crypto-Only Risk Parity,0.03881054377943728
2021-02-25,Crypto-Only Risk Parity,-0.05303343906019514
2021-02-26,Crypto-Only Risk Parity,-0.00016091456816671491
2021-02-27,Crypto-Only Risk Parity,0.026904449189620244
2021-02-28,Crypto-Only Risk Parity,-0.04103724267466918
2021-03-01,Crypto-Only Risk Parity,0.06854515491594612
2021-03-02,Crypto-Only Risk Parity,-0.016899712297127417
2021-03-03,Crypto-Only Risk Parity,0.03522433988796357
2021-03-04,Crypto-Only Risk Parity,-0.016878582594010504
2021-03-05,Crypto-Only Risk Parity,-0.007036832271593155
2021-03-06,Crypto-Only Risk Parity,0.010422503917117324
2021-03-07,Crypto-Only Risk Parity,0.03007976102960603
2021-03-08,Crypto-Only Risk Parity,0.018699026624776377
2021-03-09,Crypto-Only Risk Parity,0.04292103489363851
2021-03-10,Crypto-Only Risk Parity,-0.024695942499803072
2021-03-11,Crypto-Only Risk Parity,0.0049151535459263235
2021-03-12,Crypto-Only Risk Parity,-0.018612281869742668
2021-03-13,Crypto-Only Risk Parity,0.07862351262951356
2021-03-14,Crypto-Only Risk Parity,-0.0467604332822466
2021-03-15,Crypto-Only Risk Parity,-0.037876722156542246
2021-03-16,Crypto-Only Risk Parity,0.04098738039272865
2021-03-17,Crypto-Only Risk Parity,0.031170899256682365
2021-03-18,Crypto-Only Risk Parity,-0.023075988523303212
2021-03-19,Crypto-Only Risk Parity,0.020232309102170436
2021-03-20,Crypto-Only Risk Parity,0.015798916272470823
2021-03-21,Crypto-Only Risk Parity,-0.014880394490315732
2021-03-22,Crypto-Only Risk Parity,-0.032865392829341
2021-03-23,Crypto-Only Risk Parity,0.006238473530989618
2021-03-24,Crypto-Only Risk Parity,-0.06375726323318497
2021-03-25,Crypto-Only Risk Parity,-0.0025311107147974873
2021-03-26,Crypto-Only Risk Parity,0.08765096281661368
2021-03-27,Crypto-Only Risk Parity,-0.00712609682991059
2021-03-28,Crypto-Only Risk Parity,0.0028038518474175597
2021-03-29,Crypto-Only Risk Parity,0.03804536100506868
2021-03-30,Crypto-Only Risk Parity,0.014275385174642226
2021-03-31,Crypto-Only Risk Parity,0.06799762875280521
2021-04-01,Crypto-Only Risk Parity,0.025002107854830986
2021-04-02,Crypto-Only Risk Parity,0.051624867177301526
2021-04-03,Crypto-Only Risk Parity,-0.04670368685037508
2021-04-04,Crypto-Only Risk Parity,0.07893185895820395
2021-04-05,Crypto-Only Risk Parity,0.09976583357088142
2021-04-06,Crypto-Only Risk Parity,0.029044760657655225
2021-04-07,Crypto-Only Risk Parity,-0.07368557126882877
2021-04-08,Crypto-Only Risk Parity,0.0631245942269073
2021-04-09,Crypto-Only Risk Parity,-0.02416426671407821
2021-04-10,Crypto-Only Risk Parity,0.09184404784451103
2021-04-11,Crypto-Only Risk Parity,0.010326755592059986
2021-04-12,Crypto-Only Risk Parity,5.304548523343833e-05
2021-04-13,Crypto-Only Risk Parity,0.10393764464098224
2021-04-14,Crypto-Only Risk Parity,0.02547846631409406
2021-04-15,Crypto-Only Risk Parity,0.059461398323092815
2021-04-16,Crypto-Only Risk Parity,0.047087559041000135
2021-04-17,Crypto-Only Risk Parity,-0.030650716198161412
2021-04-18,Crypto-Only Risk Parity,-0.0732423635372709
2021-04-19,Crypto-Only Risk Parity,-0.05830954814587973
2021-04-20,Crypto-Only Risk Parity,0.032082404744841884
2021-04-21,Crypto-Only Risk Parity,-0.03984554334139509
2021-04-22,Crypto-Only Risk Parity,-0.045642935694698655
2021-04-23,Crypto-Only Risk Parity,-0.016694446326627352
2021-04-24,Crypto-Only Risk Parity,-0.06434465687290736
2021-04-25,Crypto-Only Risk Parity,-0.008463475847466678
2021-04-26,Crypto-Only Risk Parity,0.1436309173797513
2021-04-27,Crypto-Only Risk Parity,0.04187216827299422
2021-04-28,Crypto-Only Risk Parity,0.002694772380769671
2021-04-29,Crypto-Only Risk Parity,-0.011777289700464936
2021-04-30,Crypto-Only Risk Parity,0.07246946589685382
2021-05-01,Crypto-Only Risk Parity,0.0374878922530349
2021-05-02,Crypto-Only Risk Parity,-0.01488287679624117
2021-05-03,Crypto-Only Risk Parity,0.05739267534336752
2021-05-04,Crypto-Only Risk Parity,-0.023252965214672038
2021-05-05,Crypto-Only Risk Parity,0.21648037255707747
2021-05-06,Crypto-Only Risk Parity,0.08455895035659036
2021-05-07,Crypto-Only Risk Parity,-0.03211291865797607
2021-05-08,Crypto-Only Risk Parity,0.019019352047776633
2021-05-09,Crypto-Only Risk Parity,0.01738384653959429
2021-05-10,Crypto-Only Risk Parity,-0.06098291086899765
2021-05-11,Crypto-Only Risk Parity,0.1108514093813753
2021-05-12,Crypto-Only Risk Parity,-0.17244859528430495
2021-05-13,Crypto-Only Risk Parity,0.05786058646125439
2021-05-14,Crypto-Only Risk Parity,0.05163130892001778
2021-05-15,Crypto-Only Risk Parity,-0.044248392546012275
2021-05-16,Crypto-Only Risk Parity,0.0021156839262156365
2021-05-17,Crypto-Only Risk Parity,-0.06803386286314518
2021-05-18,Crypto-Only Risk Parity,0.014485054735183465
2021-05-19,Crypto-Only Risk Parity,-0.2899932863844942
2021-05-20,Crypto-Only Risk Parity,0.1430530037462611
2021-05-21,Crypto-Only Risk Parity,-0.13489944758379105
2021-05-22,Crypto-Only Risk Parity,-0.054357264853392775
2021-05-23,Crypto-Only Risk Parity,-0.1081892999171485
2021-05-24,Crypto-Only Risk Parity,0.23699602832845593
2021-05-25,Crypto-Only Risk Parity,0.0026053823232950386
2021-05-26,Crypto-Only Risk Parity,0.06763141456241689
2021-05-27,Crypto-Only Risk Parity,-0.03823804907540386
2021-05-28,Crypto-Only Risk Parity,-0.08329589333104769
2021-05-29,Crypto-Only Risk Parity,-0.055459733622998886
2021-05-30,Crypto-Only Risk Parity,0.04718812108137793
2021-05-31,Crypto-Only Risk Parity,0.08835427740864454
2021-06-01,Crypto-Only Risk Parity,-0.018661364962633195
2021-06-02,Crypto-Only Risk Parity,0.01713774928958918
2021-06-03,Crypto-Only Risk Parity,0.03654595095227018
2021-06-04,Crypto-Only Risk Parity,-0.06853068650294108
2021-06-05,Crypto-Only Risk Parity,-0.031316642863609655
2021-06-06,Crypto-Only Risk Parity,0.017697177164841343
2021-06-07,Crypto-Only Risk Parity,-0.07855890062105086
2021-06-08,Crypto-Only Risk Parity,-0.0015296989983558822
2021-06-09,Crypto-Only Risk Parity,0.060635373065540135
2021-06-10,Crypto-Only Risk Parity,-0.044292577236413576
2021-06-11,Crypto-Only Risk Parity,-0.031466355993693323
2021-06-12,Crypto-Only Risk Parity,-0.008219415081073107
2021-06-13,Crypto-Only Risk Parity,0.06352162262038757
2021-06-14,Crypto-Only Risk Parity,0.013523470212772028
2021-06-15,Crypto-Only Risk Parity,0.012150749049535598
2021-06-16,Crypto-Only Risk Parity,-0.06858232267573655
2021-06-17,Crypto-Only Risk Parity,0.00851884253379468
2021-06-18,Crypto-Only Risk Parity,-0.05771002572599179
2021-06-19,Crypto-Only Risk Parity,-0.019155271059133994
2021-06-20,Crypto-Only Risk Parity,0.011534146128910688
2021-06-21,Crypto-Only Risk Parity,-0.18218989028737526
2021-06-22,Crypto-Only Risk Parity,-0.02838757080402344
2021-06-23,Crypto-Only Risk Parity,0.0807901084473909
2021-06-24,Crypto-Only Risk Parity,0.0582385851594806
2021-06-25,Crypto-Only Risk Parity,-0.08090130096478787
2021-06-26,Crypto-Only Risk Parity,0.012105255296897351
2021-06-27,Crypto-Only Risk Parity,0.05621515166658317
2021-06-28,Crypto-Only Risk Parity,0.017094562139510855
2021-06-29,Crypto-Only Risk Parity,0.0698117637280315
2021-06-30,Crypto-Only Risk Parity,0.008575388767438519
2021-07-01,Crypto-Only Risk Parity,-0.05187382757822098
2021-07-02,Crypto-Only Risk Parity,0.007898341271750762
2021-07-03,Crypto-Only Risk Parity,0.022301261280100605
2021-07-04,Crypto-Only Risk Parity,0.022819749738418264
2021-07-05,Crypto-Only Risk Parity,-0.04706373284130886
2021-07-06,Crypto-Only Risk Parity,0.018658922062587256
2021-07-07,Crypto-Only Risk Parity,-0.012815150572547512
2021-07-08,Crypto-Only Risk Parity,-0.049094789567769505
2021-07-09,Crypto-Only Risk Parity,0.029525703687110764
2021-07-10,Crypto-Only Risk Parity,-0.014618324051195543
2021-07-11,Crypto-Only Risk Parity,0.011611066985224126
2021-07-12,Crypto-Only Risk Parity,-0.023440419581356897
2021-07-13,Crypto-Only Risk Parity,-0.030785399953648058
2021-07-14,Crypto-Only Risk Parity,0.006162053012692443
2021-07-15,Crypto-Only Risk Parity,-0.033456890025762104
2021-07-16,Crypto-Only Risk Parity,-0.023808792660857662
2021-07-17,Crypto-Only Risk Parity,-0.0013753656793777452
2021-07-18,Crypto-Only Risk Parity,0.003173969471965049
2021-07-19,Crypto-Only Risk Parity,-0.0472152332062828
2021-07-20,Crypto-Only Risk Parity,-0.03863892641450091
2021-07-21,Crypto-Only Risk Parity,0.08478673525749778
2021-07-22,Crypto-Only Risk Parity,0.03292661718339789
2021-07-23,Crypto-Only Risk Parity,0.030914926986414227
2021-07-24,Crypto-Only Risk Parity,0.02070138739599628
2021-07-25,Crypto-Only Risk Parity,0.0015298739549112024
2021-07-26,Crypto-Only Risk Parity,0.026454331955483114
2021-07-27,Crypto-Only Risk Parity,0.028753106935713823
2021-07-28,Crypto-Only Risk Parity,0.02389410743558078
2021-07-29,Crypto-Only Risk Parity,0.017165376226706486
2021-07-30,Crypto-Only Risk Parity,0.031101716830799774
2021-07-31,Crypto-Only Risk Parity,0.004274187125707523
2021-08-01,Crypto-Only Risk Parity,-0.022738147243366327
2021-08-02,Crypto-Only Risk Parity,0.007833931744954068
2021-08-03,Crypto-Only Risk Parity,-0.015891196845187597
2021-08-04,Crypto-Only Risk Parity,0.037443784365666255
2021-08-05,Crypto-Only Risk Parity,0.01768476335305727
2021-08-06,Crypto-Only Risk Parity,0.02430701683659268
2021-08-07,Crypto-Only Risk Parity,0.06759369129164342
2021-08-08,Crypto-Only Risk Parity,-0.04215583375423161
2021-08-09,Crypto-Only Risk Parity,0.054056758961229766
2021-08-10,Crypto-Only Risk Parity,0.017596447993095284
2021-08-11,Crypto-Only Risk Parity,0.05772594732726907
2021-08-12,Crypto-Only Risk Parity,-0.02168883068849064
2021-08-13,Crypto-Only Risk Parity,0.09938083076473542
2021-08-14,Crypto-Only Risk Parity,0.03869746994758711
2021-08-15,Crypto-Only Risk Parity,0.01559299248590068
2021-08-16,Crypto-Only Risk Parity,-0.04215745050963595
2021-08-17,Crypto-Only Risk Parity,-0.0613031373209486
2021-08-18,Crypto-Only Risk Parity,0.013193901781983352
2021-08-19,Crypto-Only Risk Parity,0.06182877451812549
2021-08-20,Crypto-Only Risk Parity,0.03930761378792794
2021-08-21,Crypto-Only Risk Parity,-0.022367620972248592
2021-08-22,Crypto-Only Risk Parity,0.019504863597136646
2021-08-23,Crypto-Only Risk Parity,0.020507132907731665
2021-08-24,Crypto-Only Risk Parity,-0.06422010451556859
2021-08-25,Crypto-Only Risk Parity,0.021793321464050087
2021-08-26,Crypto-Only Risk Parity,-0.05903221409287093
2021-08-27,Crypto-Only Risk Parity,0.07131658913870187
2021-08-28,Crypto-Only Risk Parity,-0.010227230653270414
2021-08-29,Crypto-Only Risk Parity,-0.000382026012753747
2021-08-30,Crypto-Only Risk Parity,-0.03366801659048161
2021-08-31,Crypto-Only Risk Parity,0.031697616093420145
2021-09-01,Crypto-Only Risk Parity,0.055187253917101164
2021-09-02,Crypto-Only Risk Parity,0.012235342846615748
2021-09-03,Crypto-Only Risk Parity,0.044086263473428706
2021-09-04,Crypto-Only Risk Parity,-0.009862311881484516
2021-09-05,Crypto-Only Risk Parity,0.05340699096545568
2021-09-06,Crypto-Only Risk Parity,0.005720821433061752
2021-09-07,Crypto-Only Risk Parity,-0.161521068540208
2021-09-08,Crypto-Only Risk Parity,0.0011607946704122012
2021-09-09,Crypto-Only Risk Parity,0.002516304533367682
2021-09-10,Crypto-Only Risk Parity,-0.0416986113888054
2021-09-11,Crypto-Only Risk Parity,0.029149648057004977
2021-09-12,Crypto-Only Risk Parity,0.03844658651460621
2021-09-13,Crypto-Only Risk Parity,-0.042115446544927354
2021-09-14,Crypto-Only Risk Parity,0.04067563061679073
2021-09-15,Crypto-Only Risk Parity,0.03333795831909519
2021-09-16,Crypto-Only Risk Parity,-0.021673162759928064
2021-09-17,Crypto-Only Risk Parity,-0.029103628789753637
2021-09-18,Crypto-Only Risk Parity,0.014537154084474285
2021-09-19,Crypto-Only Risk Parity,-0.033781868017967884
2021-09-20,Crypto-Only Risk Parity,-0.11197416396032253
2021-09-21,Crypto-Only Risk Parity,-0.05277495735985108
2021-09-22,Crypto-Only Risk Parity,0.10663552693860102
2021-09-23,Crypto-Only Risk Parity,0.017715392534727148
2021-09-24,Crypto-Only Risk Parity,-0.06094110463067836
2021-09-25,Crypto-Only Risk Parity,-0.004082453281854892
2021-09-26,Crypto-Only Risk Parity,-0.0045418681836306915
2021-09-27,Crypto-Only Risk Parity,-0.03068127634858453
2021-09-28,Crypto-Only Risk Parity,-0.03315260638218413
2021-09-29,Crypto-Only Risk Parity,0.024286271975943175
2021-09-30,Crypto-Only Risk Parity,0.041033181326474155
2021-10-01,Crypto-Only Risk Parity,0.0864329808389229
2021-10-02,Crypto-Only Risk Parity,0.011695162264797908
2021-10-03,Crypto-Only Risk Parity,0.014579660502264167
2021-10-04,Crypto-Only Risk Parity,-0.012672414485114303
2021-10-05,Crypto-Only Risk Parity,0.039604622261595605
2021-10-06,Crypto-Only Risk Parity,0.029526982070420815
2021-10-07,Crypto-Only Risk Parity,-0.0071324415361000044
2021-10-08,Crypto-Only Risk Parity,-0.008655964753972662
2021-10-09,Crypto-Only Risk Parity,0.03583086508979672
2021-10-10,Crypto-Only Risk Parity,-0.036486327198834365
2021-10-11,Crypto-Only Risk Parity,0.018862470938722085
2021-10-12,Crypto-Only Risk Parity,-0.024507193594268284
2021-10-13,Crypto-Only Risk Parity,0.031785443488221446
2021-10-14,Crypto-Only Risk Parity,0.008105527411388109
2021-10-15,Crypto-Only Risk Parity,0.025027528489559733
2021-10-16,Crypto-Only Risk Parity,0.0015427382313826861
2021-10-17,Crypto-Only Risk Parity,-0.012846257509965993
2021-10-18,Crypto-Only Risk Parity,-0.004917114417452389
2021-10-19,Crypto-Only Risk Parity,0.014821186233219801
2021-10-20,Crypto-Only Risk Parity,0.04974307639080658
2021-10-21,Crypto-Only Risk Parity,-0.03586137856985966
2021-10-22,Crypto-Only Risk Parity,-0.010437987784501975
2021-10-23,Crypto-Only Risk Parity,0.019240204200949622
2021-10-24,Crypto-Only Risk Parity,-0.014787848511475757
2021-10-25,Crypto-Only Risk Parity,0.019855488098675527
2021-10-26,Crypto-Only Risk Parity,-0.014508901788378471
2021-10-27,Crypto-Only Risk Parity,-0.08695227138614321
2021-10-28,Crypto-Only Risk Parity,0.05566831335564955
2021-10-29,Crypto-Only Risk Parity,0.029036294619590553
2021-10-30,Crypto-Only Risk Parity,-0.01081726154947737
2021-10-31,Crypto-Only Risk Parity,0.012010297316933793
2021-11-01,Crypto-Only Risk Parity,-0.0038711232712266255
2021-11-02,Crypto-Only Risk Parity,0.03391815268224594
2021-11-03,Crypto-Only Risk Parity,0.015477269847701685
2021-11-04,Crypto-Only Risk Parity,-0.025343641723431024
2021-11-05,Crypto-Only Risk Parity,-0.00965114589073238
2021-11-06,Crypto-Only Risk Parity,-0.003043367569853389
2021-11-07,Crypto-Only Risk Parity,0.023673784773664403
2021-11-08,Crypto-Only Risk Parity,0.06074687143382519
2021-11-09,Crypto-Only Risk Parity,0.05315502311198313
2021-11-10,Crypto-Only Risk Parity,-0.04991893224406113
2021-11-11,Crypto-Only Risk Parity,0.010716014400945384
2021-11-12,Crypto-Only Risk Parity,-0.02043237120151396
2021-11-13,Crypto-Only Risk Parity,0.011401289518858463
2021-11-14,Crypto-Only Risk Parity,0.012413968545857784
2021-11-15,Crypto-Only Risk Parity,-0.01522766798573955
2021-11-16,Crypto-Only Risk Parity,-0.08347510663021795
2021-11-17,Crypto-Only Risk Parity,0.005047965079945616
2021-11-18,Crypto-Only Risk Parity,-0.06642268767648732
2021-11-19,Crypto-Only Risk Parity,0.048766497904720665
2021-11-20,Crypto-Only Risk Parity,0.01718647594433333
2021-11-21,Crypto-Only Risk Parity,-0.018929688735778948
2021-11-22,Crypto-Only Risk Parity,-0.03736635741748209
2021-11-23,Crypto-Only Risk Parity,0.022645055948957396
2021-11-24,Crypto-Only Risk Parity,-0.024965118011360192
2021-11-25,Crypto-Only Risk Parity,0.009408038593473946
2021-11-26,Crypto-Only Risk Parity,-0.06633714313318634
2021-11-27,Crypto-Only Risk Parity,0.012164056070304068
2021-11-28,Crypto-Only Risk Parity,0.02363662274627553
2021-11-29,Crypto-Only Risk Parity,0.017761887366874597
2021-11-30,Crypto-Only Risk Parity,0.002335581013757056
2021-12-01,Crypto-Only Risk Parity,-0.004291122571255036
2021-12-02,Crypto-Only Risk Parity,0.0033193758953193485
2021-12-03,Crypto-Only Risk Parity,-0.05537705850906429
2021-12-04,Crypto-Only Risk Parity,-0.09596630113093718
2021-12-05,Crypto-Only Risk Parity,-0.022501479406557993
2021-12-06,Crypto-Only Risk Parity,0.03862962013874981
2021-12-07,Crypto-Only Risk Parity,-0.005227561649743935
2021-12-08,Crypto-Only Risk Parity,0.033133435905937286
2021-12-09,Crypto-Only Risk Parity,-0.06846832500177628
2021-12-10,Crypto-Only Risk Parity,-0.03603718400351487
2021-12-11,Crypto-Only Risk Parity,0.06090625295398907
2021-12-12,Crypto-Only Risk Parity,0.0018263050369530349
2021-12-13,Crypto-Only Risk Parity,-0.08000024670855184
2021-12-14,Crypto-Only Risk Parity,0.009883324871137831
2021-12-15,Crypto-Only Risk Parity,0.04962593840624338
2021-12-16,Crypto-Only Risk Parity,-0.03197313460444165
2021-12-17,Crypto-Only Risk Parity,-0.02546842476139852
2021-12-18,Crypto-Only Risk Parity,0.01962406652089569
2021-12-19,Crypto-Only Risk Parity,-0.002271948348963091
2021-12-20,Crypto-Only Risk Parity,0.0025091844689625106
2021-12-21,Crypto-Only Risk Parity,0.03334744515760977
2021-12-22,Crypto-Only Risk Parity,0.0048098249955123165
2021-12-23,Crypto-Only Risk Parity,0.052649142211251596
2021-12-24,Crypto-Only Risk Parity,-0.024341494949250184
2021-12-25,Crypto-Only Risk Parity,0.011255191502786423
2021-12-26,Crypto-Only Risk Parity,-0.001384398967286313
2021-12-27,Crypto-Only Risk Parity,0.006462560308163349
2021-12-28,Crypto-Only Risk Parity,-0.0655180418724186
2021-12-29,Crypto-Only Risk Parity,-0.028712174910101085
2021-12-30,Crypto-Only Risk Parity,0.017112093305032806
2021-12-31,Crypto-Only Risk Parity,-0.01570923404459926
2022-01-01,Crypto-Only Risk Parity,0.029129792968749353
2022-01-02,Crypto-Only Risk Parity,0.013859628927357783
2022-01-03,Crypto-Only Risk Parity,-0.020648010133041655
2022-01-04,Crypto-Only Risk Parity,-0.011409968062330366
2022-01-05,Crypto-Only Risk Parity,-0.061134052563967124
2022-01-06,Crypto-Only Risk Parity,-0.0018889010522683033
2022-01-07,Crypto-Only Risk Parity,-0.0410235664540102
2022-01-08,Crypto-Only Risk Parity,-0.01978398738441456
2022-01-09,Crypto-Only Risk Parity,0.009125172889930904
2022-01-10,Crypto-Only Risk Parity,-0.028653711621804752
2022-01-11,Crypto-Only Risk Parity,0.033903414445453334
2022-01-12,Crypto-Only Risk Parity,0.05278029835014729
2022-01-13,Crypto-Only Risk Parity,-0.03433103685274166
2022-01-14,Crypto-Only Risk Parity,0.025063855927485744
2022-01-15,Crypto-Only Risk Parity,0.00839355723965311
2022-01-16,Crypto-Only Risk Parity,0.006964853383476237
2022-01-17,Crypto-Only Risk Parity,0.0001490680036053127
2022-01-18,Crypto-Only Risk Parity,-0.015517565644805194
2022-01-19,Crypto-Only Risk Parity,-0.028074449954881696
2022-01-20,Crypto-Only Risk Parity,-0.04121163460185154
2022-01-21,Crypto-Only Risk Parity,-0.11569220099970766
2022-01-22,Crypto-Only Risk Parity,-0.05781927398179043
2022-01-23,Crypto-Only Risk Parity,0.03892164158188788
2022-01-24,Crypto-Only Risk Parity,-0.0269589582768661
2022-01-25,Crypto-Only Risk Parity,0.0008750992276195858
2022-01-26,Crypto-Only Risk Parity,0.004898875717209758
2022-01-27,Crypto-Only Risk Parity,-0.008062949243848656
2022-01-28,Crypto-Only Risk Parity,0.025090179561631794
2022-01-29,Crypto-Only Risk Parity,0.014945759674118403
2022-01-30,Crypto-Only Risk Parity,-0.016631559375923657
2022-01-31,Crypto-Only Risk Parity,0.01471083348396278
2022-02-01,Crypto-Only Risk Parity,0.02244315450400858
2022-02-02,Crypto-Only Risk Parity,-0.039623891062715036
2022-02-03,Crypto-Only Risk Parity,0.01461447506388914
2022-02-04,Crypto-Only Risk Parity,0.0892588157425952
2022-02-05,Crypto-Only Risk Parity,0.008973804257070271
2022-02-06,Crypto-Only Risk Parity,0.024345779251581372
2022-02-07,Crypto-Only Risk Parity,0.06736600418321007
2022-02-08,Crypto-Only Risk Parity,-0.001992523893927697
2022-02-09,Crypto-Only Risk Parity,0.019259239341862654
2022-02-10,Crypto-Only Risk Parity,-0.026102400049644273
2022-02-11,Crypto-Only Risk Parity,-0.05809771998914612
2022-02-12,Crypto-Only Risk Parity,0.004311474898345932
2022-02-13,Crypto-Only Risk Parity,-0.0010825509207988459
2022-02-14,Crypto-Only Risk Parity,-0.0035359220674962234
2022-02-15,Crypto-Only Risk Parity,0.05492156902961666
2022-02-16,Crypto-Only Risk Parity,-0.01546676400099875
2022-02-17,Crypto-Only Risk Parity,-0.07733757189907578
2022-02-18,Crypto-Only Risk Parity,-0.008295730399803039
2022-02-19,Crypto-Only Risk Parity,0.005351441040695915
2022-02-20,Crypto-Only Risk Parity,-0.04312801018296212
2022-02-21,Crypto-Only Risk Parity,-0.060377246526484685
2022-02-22,Crypto-Only Risk Parity,0.03879998566876269
2022-02-23,Crypto-Only Risk Parity,-0.021129335620294613
2022-02-24,Crypto-Only Risk Parity,0.0033837388377549117
2022-02-25,Crypto-Only Risk Parity,0.04093624629176809
2022-02-26,Crypto-Only Risk Parity,0.0025948183232046233
2022-02-27,Crypto-Only Risk Parity,-0.04115959543720811
2022-02-28,Crypto-Only Risk Parity,0.10304322778057347
2022-03-01,Crypto-Only Risk Parity,0.0045639998781619
2022-03-02,Crypto-Only Risk Parity,-0.018214476091053956
2022-03-03,Crypto-Only Risk Parity,-0.020681495896296524
2022-03-04,Crypto-Only Risk Parity,-0.06962144027202305
2022-03-05,Crypto-Only Risk Parity,0.024326532567200083
2022-03-06,Crypto-Only Risk Parity,-0.03617804801073159
2022-03-07,Crypto-Only Risk Parity,-0.017390039948226715
2022-03-08,Crypto-Only Risk Parity,0.019423483051287115
2022-03-09,Crypto-Only Risk Parity,0.06199919090862786
2022-03-10,Crypto-Only Risk Parity,-0.04544340327172113
2022-03-11,Crypto-Only Risk Parity,0.0057445728196821606
2022-03-12,Crypto-Only Risk Parity,-0.0001750882564402344
2022-03-13,Crypto-Only Risk Parity,-0.026218146770676472
2022-03-14,Crypto-Only Risk Parity,0.02645988245764204
2022-03-15,Crypto-Only Risk Parity,0.002580846284836732
2022-03-16,Crypto-Only Risk Parity,0.041234857609273035
2022-03-17,Crypto-Only Risk Parity,-0.002088953598258218
2022-03-18,Crypto-Only Risk Parity,0.022963971618009525
2022-03-19,Crypto-Only Risk Parity,0.04566695422252608
2022-03-20,Crypto-Only Risk Parity,-0.0025902742851361136
2022-03-21,Crypto-Only Risk Parity,0.022262484687144427
2022-03-22,Crypto-Only Risk Parity,0.06030729202897645
2022-03-23,Crypto-Only Risk Parity,0.012935907140694328
2022-03-24,Crypto-Only Risk Parity,0.024371115511137628
2022-03-25,Crypto-Only Risk Parity,-0.010694583734311883
2022-03-26,Crypto-Only Risk Parity,0.009959628025480904
2022-03-27,Crypto-Only Risk Parity,0.042965552596895246
2022-03-28,Crypto-Only Risk Parity,0.003992368058127883
2022-03-29,Crypto-Only Risk Parity,0.013633757547605915
2022-03-30,Crypto-Only Risk Parity,0.009434318297449753
2022-03-31,Crypto-Only Risk Parity,-0.029699284865675885
2022-04-01,Crypto-Only Risk Parity,0.013939388756416328
2022-04-02,Crypto-Only Risk Parity,-0.010079630267002607
2022-04-03,Crypto-Only Risk Parity,0.018447165545899424
2022-04-04,Crypto-Only Risk Parity,-0.006789190008028604
2022-04-05,Crypto-Only Risk Parity,-0.027838507803388108
2022-04-06,Crypto-Only Risk Parity,-0.08929910620040074
2022-04-07,Crypto-Only Risk Parity,0.03373725063954189
2022-04-08,Crypto-Only Risk Parity,-0.04046567271879883
2022-04-09,Crypto-Only Risk Parity,0.018172775575685446
2022-04-10,Crypto-Only Risk Parity,-0.01682971964294871
2022-04-11,Crypto-Only Risk Parity,-0.07933948307428826
2022-04-12,Crypto-Only Risk Parity,0.027686336545935816
2022-04-13,Crypto-Only Risk Parity,0.03649327022926581
2022-04-14,Crypto-Only Risk Parity,-0.023937522644007697
2022-04-15,Crypto-Only Risk Parity,0.030085910611614336
2022-04-16,Crypto-Only Risk Parity,0.012777712668771622
2022-04-17,Crypto-Only Risk Parity,-0.03705949554900183
2022-04-18,Crypto-Only Risk Parity,0.02271367899848961
2022-04-19,Crypto-Only Risk Parity,0.02087640496980974
2022-04-20,Crypto-Only Risk Parity,-0.011966435522295982
2022-04-21,Crypto-Only Risk Parity,-0.016658811260572892
2022-04-22,Crypto-Only Risk Parity,-0.013324376211099668
2022-04-23,Crypto-Only Risk Parity,-0.011825837097374916
2022-04-24,Crypto-Only Risk Parity,-0.013202725242231667
2022-04-25,Crypto-Only Risk Parity,0.01079882552483509
2022-04-26,Crypto-Only Risk Parity,-0.06723311059085113
2022-04-27,Crypto-Only Risk Parity,0.024594042124033613
2022-04-28,Crypto-Only Risk Parity,0.00910045708364465
2022-04-29,Crypto-Only Risk Parity,-0.03545757816425023
2022-04-30,Crypto-Only Risk Parity,-0.04986411851389069
2022-05-01,Crypto-Only Risk Parity,0.0476422848447798
2022-05-02,Crypto-Only Risk Parity,-0.003272764586891635
2022-05-03,Crypto-Only Risk Parity,-0.009782781878484302
2022-05-04,Crypto-Only Risk Parity,0.09701951382513133
2022-05-05,Crypto-Only Risk Parity,-0.08828780411721773
2022-05-06,Crypto-Only Risk Parity,0.011878517398762015
2022-05-07,Crypto-Only Risk Parity,-0.02546294473813889
2022-05-08,Crypto-Only Risk Parity,-0.018915665800936912
2022-05-09,Crypto-Only Risk Parity,-0.1377442532963566
2022-05-10,Crypto-Only Risk Parity,0.035670810919591574
2022-05-11,Crypto-Only Risk Parity,-0.13773676552190645
2022-05-12,Crypto-Only Risk Parity,-0.04679810457808156
2022-05-13,Crypto-Only Risk Parity,0.06398317009946242
2022-05-14,Crypto-Only Risk Parity,0.02081902189967897
2022-05-15,Crypto-Only Risk Parity,0.04059360284248615
2022-05-16,Crypto-Only Risk Parity,-0.058759194127616265
2022-05-17,Crypto-Only Risk Parity,0.042667154128188736
2022-05-18,Crypto-Only Risk Parity,-0.07718006577023995
2022-05-19,Crypto-Only Risk Parity,0.04756169733498546
2022-05-20,Crypto-Only Risk Parity,-0.031830120129213164
2022-05-21,Crypto-Only Risk Parity,0.016326676389491274
2022-05-22,Crypto-Only Risk Parity,0.034824567486766295
2022-05-23,Crypto-Only Risk Parity,-0.03357688192839592
2022-05-24,Crypto-Only Risk Parity,0.030594148378932054
2022-05-25,Crypto-Only Risk Parity,-0.008038486779697384
2022-05-26,Crypto-Only Risk Parity,-0.04862471392980294
2022-05-27,Crypto-Only Risk Parity,-0.028832500002959387
2022-05-28,Crypto-Only Risk Parity,0.017284336194197874
2022-05-29,Crypto-Only Risk Parity,0.026962784467899514
2022-05-30,Crypto-Only Risk Parity,0.08282923691266503
2022-05-31,Crypto-Only Risk Parity,0.011067564438871252
2022-06-01,Crypto-Only Risk Parity,-0.06929960089710509
2022-06-02,Crypto-Only Risk Parity,0.023065391278554517
2022-06-03,Crypto-Only Risk Parity,-0.02620676317424675
2022-06-04,Crypto-Only Risk Parity,0.00683992093685195
2022-06-05,Crypto-Only Risk Parity,-0.0035379261222898686
2022-06-06,Crypto-Only Risk Parity,0.029014741802088358
2022-06-07,Crypto-Only Risk Parity,-0.01159465320360896
2022-06-08,Crypto-Only Risk Parity,-0.014929433268329451
2022-06-09,Crypto-Only Risk Parity,-0.005749439384099176
2022-06-10,Crypto-Only Risk Parity,-0.050829189691957564
2022-06-11,Crypto-Only Risk Parity,-0.057549371115005125
2022-06-12,Crypto-Only Risk Parity,-0.0558256006465743
2022-06-13,Crypto-Only Risk Parity,-0.12992924866481903
2022-06-14,Crypto-Only Risk Parity,0.007254272015752754
2022-06-15,Crypto-Only Risk Parity,0.06311659314659768
2022-06-16,Crypto-Only Risk Parity,-0.10615815109213712
2022-06-17,Crypto-Only Risk Parity,0.03454568932867336
2022-06-18,Crypto-Only Risk Parity,-0.04288793054513619
2022-06-19,Crypto-Only Risk Parity,0.07834835372503483
2022-06-20,Crypto-Only Risk Parity,0.000766487150151761
2022-06-21,Crypto-Only Risk Parity,0.007477073402528753
2022-06-22,Crypto-Only Risk Parity,-0.035940454129332736
2022-06-23,Crypto-Only Risk Parity,0.04690534158498433
2022-06-24,Crypto-Only Risk Parity,0.03788455480519869
2022-06-25,Crypto-Only Risk Parity,0.007287930065442039
2022-06-26,Crypto-Only Risk Parity,-0.02149435905456095
2022-06-27,Crypto-Only Risk Parity,-0.006137371762924228
2022-06-28,Crypto-Only Risk Parity,-0.041689567126969425
2022-06-29,Crypto-Only Risk Parity,-0.014937852843828283
2022-06-30,Crypto-Only Risk Parity,-0.00738263269729238
2022-07-01,Crypto-Only Risk Parity,-0.022259897162580138
2022-07-02,Crypto-Only Risk Parity,0.009338062691540026
2022-07-03,Crypto-Only Risk Parity,0.006579576374314188
2022-07-04,Crypto-Only Risk Parity,0.03451136933254796
2022-07-05,Crypto-Only Risk Parity,-0.017488306775953092
2022-07-06,Crypto-Only Risk Parity,0.016857485771296664
2022-07-07,Crypto-Only Risk Parity,0.03824014729221499
2022-07-08,Crypto-Only Risk Parity,-0.008674222223804928
2022-07-09,Crypto-Only Risk Parity,0.01286423599078737
2022-07-10,Crypto-Only Risk Parity,-0.039677012312289865
2022-07-11,Crypto-Only Risk Parity,-0.05500957129230513
2022-07-12,Crypto-Only Risk Parity,-0.023254777781693166
2022-07-13,Crypto-Only Risk Parity,0.044217335171813046
2022-07-14,Crypto-Only Risk Parity,0.02295868199458085
2022-07-15,Crypto-Only Risk Parity,0.013100935047257262
2022-07-16,Crypto-Only Risk Parity,0.04911390937355185
2022-07-17,Crypto-Only Risk Parity,-0.003147269145883591
2022-07-18,Crypto-Only Risk Parity,0.10324990257151948
2022-07-19,Crypto-Only Risk Parity,0.01859777512138627
2022-07-20,Crypto-Only Risk Parity,-0.03445035044827996
2022-07-21,Crypto-Only Risk Parity,0.022384624894149947
2022-07-22,Crypto-Only Risk Parity,-0.008491198255221403
2022-07-23,Crypto-Only Risk Parity,0.006025729180270304
2022-07-24,Crypto-Only Risk Parity,0.019113140118333746
2022-07-25,Crypto-Only Risk Parity,-0.07144004211451194
2022-07-26,Crypto-Only Risk Parity,0.003955930082438159
2022-07-27,Crypto-Only Risk Parity,0.10449190282936409
2022-07-28,Crypto-Only Risk Parity,0.07412406771564561
2022-07-29,Crypto-Only Risk Parity,-0.005793032502126634
2022-07-30,Crypto-Only Risk Parity,-0.004282213655251811
2022-07-31,Crypto-Only Risk Parity,-0.01573682597529609
2022-08-01,Crypto-Only Risk Parity,-0.011193567664644353
2022-08-02,Crypto-Only Risk Parity,-0.01894927293151546
2022-08-03,Crypto-Only Risk Parity,-0.005943604605626481
2022-08-04,Crypto-Only Risk Parity,0.002379271719681995
2022-08-05,Crypto-Only Risk Parity,0.04242942074606541
2022-08-06,Crypto-Only Risk Parity,-0.009014304790527776
2022-08-07,Crypto-Only Risk Parity,0.006531774282018216
2022-08-08,Crypto-Only Risk Parity,0.02311160207298106
2022-08-09,Crypto-Only Risk Parity,-0.042345752606025855
2022-08-10,Crypto-Only Risk Parity,0.047945907573896364
2022-08-11,Crypto-Only Risk Parity,0.010175669180069225
2022-08-12,Crypto-Only Risk Parity,0.01332012873967912
2022-08-13,Crypto-Only Risk Parity,0.0069143720085849385
2022-08-14,Crypto-Only Risk Parity,-0.01116269164880596
2022-08-15,Crypto-Only Risk Parity,-0.01692238571261554
2022-08-16,Crypto-Only Risk Parity,0.002813545233036927
2022-08-17,Crypto-Only Risk Parity,-0.007428669916314487
2022-08-18,Crypto-Only Risk Parity,-0.01692276089582094
2022-08-19,Crypto-Only Risk Parity,-0.10385105195399547
2022-08-20,Crypto-Only Risk Parity,0.014923133986857136
2022-08-21,Crypto-Only Risk Parity,0.02995361144756481
2022-08-22,Crypto-Only Risk Parity,0.019012353945410686
2022-08-23,Crypto-Only Risk Parity,0.013773364107891352
2022-08-24,Crypto-Only Risk Parity,-0.008848608190371882
2022-08-25,Crypto-Only Risk Parity,0.01007602770555293
2022-08-26,Crypto-Only Risk Parity,-0.0754760626860578
2022-08-27,Crypto-Only Risk Parity,0.003017881732507553
2022-08-28,Crypto-Only Risk Parity,-0.03165950395283759
2022-08-29,Crypto-Only Risk Parity,0.04669828744268133
2022-08-30,Crypto-Only Risk Parity,-0.024530939555555693
2022-08-31,Crypto-Only Risk Parity,0.002921695014575615
2022-09-01,Crypto-Only Risk Parity,0.02226182384254171
2022-09-02,Crypto-Only Risk Parity,0.003946817288115939
2022-09-03,Crypto-Only Risk Parity,0.002180458680996188
2022-09-04,Crypto-Only Risk Parity,0.009371126615942634
2022-09-05,Crypto-Only Risk Parity,0.023503638059893833
2022-09-06,Crypto-Only Risk Parity,-0.06688096195486057
2022-09-07,Crypto-Only Risk Parity,0.05345940238500341
2022-09-08,Crypto-Only Risk Parity,0.005635867014099663
2022-09-09,Crypto-Only Risk Parity,0.05986669453115748
2022-09-10,Crypto-Only Risk Parity,0.018053067095356812
2022-09-11,Crypto-Only Risk Parity,-0.010345932650403556
2022-09-12,Crypto-Only Risk Parity,-0.005735675319062571
2022-09-13,Crypto-Only Risk Parity,-0.07081851298949328
2022-09-14,Crypto-Only Risk Parity,0.018399306558921948
2022-09-15,Crypto-Only Risk Parity,-0.04427292131180042
2022-09-16,Crypto-Only Risk Parity,0.014923272936568838
2022-09-17,Crypto-Only Risk Parity,0.03112112466065258
2022-09-18,Crypto-Only Risk Parity,-0.07182347524183952
2022-09-19,Crypto-Only Risk Parity,0.021142638293448028
2022-09-20,Crypto-Only Risk Parity,0.0009523414111529032
2022-09-21,Crypto-Only Risk Parity,-0.03654653270410762
2022-09-22,Crypto-Only Risk Parity,0.0685061691127809
2022-09-23,Crypto-Only Risk Parity,0.010828967799434012
2022-09-24,Crypto-Only Risk Parity,-0.021295105432881583
2022-09-25,Crypto-Only Risk Parity,-0.012041310927500047
2022-09-26,Crypto-Only Risk Parity,0.001645063568747638
2022-09-27,Crypto-Only Risk Parity,-0.015023271182523945
2022-09-28,Crypto-Only Risk Parity,-0.00020392138147893766
2022-09-29,Crypto-Only Risk Parity,0.026907350339049556
2022-09-30,Crypto-Only Risk Parity,-0.004491917356355649
2022-10-01,Crypto-Only Risk Parity,0.0006284942037583646
2022-10-02,Crypto-Only Risk Parity,-0.023765557613185374
2022-10-03,Crypto-Only Risk Parity,0.021244851109018942
2022-10-04,Crypto-Only Risk Parity,0.02495178482587905
2022-10-05,Crypto-Only Risk Parity,-0.00344834424738049
2022-10-06,Crypto-Only Risk Parity,-0.005595632080042561
2022-10-07,Crypto-Only Risk Parity,-0.0036783813377716836
2022-10-08,Crypto-Only Risk Parity,-0.0026915136596853332
2022-10-09,Crypto-Only Risk Parity,0.010264763913707528
2022-10-10,Crypto-Only Risk Parity,-0.03872545482349466
2022-10-11,Crypto-Only Risk Parity,-0.018434275014140133
2022-10-12,Crypto-Only Risk Parity,0.0019459627659494418
2022-10-13,Crypto-Only Risk Parity,-0.015416422400883112
2022-10-14,Crypto-Only Risk Parity,0.004398315199499455
2022-10-15,Crypto-Only Risk Parity,-0.008858935381315778
2022-10-16,Crypto-Only Risk Parity,0.010913852523713918
2022-10-17,Crypto-Only Risk Parity,0.011522541367396477
2022-10-18,Crypto-Only Risk Parity,-0.015252085716481605
2022-10-19,Crypto-Only Risk Parity,-0.02220299570024928
2022-10-20,Crypto-Only Risk Parity,-0.002157996697292773
2022-10-21,Crypto-Only Risk Parity,0.011686377813730723
2022-10-22,Crypto-Only Risk Parity,0.00913257544215703
2022-10-23,Crypto-Only Risk Parity,0.018276649324116018
2022-10-24,Crypto-Only Risk Parity,-0.018878990573905022
2022-10-25,Crypto-Only Risk Parity,0.04975059008893239
2022-10-26,Crypto-Only Risk Parity,0.022967663932779485
2022-10-27,Crypto-Only Risk Parity,-0.020409496715189386
2022-10-28,Crypto-Only Risk Parity,0.019054371625098356
2022-10-29,Crypto-Only Risk Parity,0.015837644513947327
2022-10-30,Crypto-Only Risk Parity,-0.021857152749563916
2022-10-31,Crypto-Only Risk Parity,0.0010877053809678497
2022-11-01,Crypto-Only Risk Parity,-0.004861582063244291
2022-11-02,Crypto-Only Risk Parity,-0.013791134379278572
2022-11-03,Crypto-Only Risk Parity,0.013891720331719593
2022-11-04,Crypto-Only Risk Parity,0.06619081109128286
2022-11-05,Crypto-Only Risk Parity,-0.0006453130834222793
2022-11-06,Crypto-Only Risk Parity,-0.036359408726661546
2022-11-07,Crypto-Only Risk Parity,-0.001233529378224634
2022-11-08,Crypto-Only Risk Parity,-0.11227712575027149
2022-11-09,Crypto-Only Risk Parity,-0.14218385090886387
2022-11-10,Crypto-Only Risk Parity,0.15090921808853447
2022-11-11,Crypto-Only Risk Parity,-0.018784826374107028
2022-11-12,Crypto-Only Risk Parity,-0.03008554005534822
2022-11-13,Crypto-Only Risk Parity,-0.03679194440590356
2022-11-14,Crypto-Only Risk Parity,0.021687986361676022
2022-11-15,Crypto-Only Risk Parity,0.014940982962999703
2022-11-16,Crypto-Only Risk Parity,-0.017537438270022306
2022-11-17,Crypto-Only Risk Parity,0.005141942654915178
2022-11-18,Crypto-Only Risk Parity,0.00285991362048316
2022-11-19,Crypto-Only Risk Parity,0.009313370168673445
2022-11-20,Crypto-Only Risk Parity,-0.03975561060206141
2022-11-21,Crypto-Only Risk Parity,-0.011890795891870587
2022-11-22,Crypto-Only Risk Parity,0.03511803628569486
2022-11-23,Crypto-Only Risk Parity,0.04284070095858772
2022-11-24,Crypto-Only Risk Parity,0.011138447603009095
2022-11-25,Crypto-Only Risk Parity,-0.006415675139618682
2022-11-26,Crypto-Only Risk Parity,-0.0037630506889282924
2022-11-27,Crypto-Only Risk Parity,-0.0008060346236424076
2022-11-28,Crypto-Only Risk Parity,-0.016809223877260464
2022-11-29,Crypto-Only Risk Parity,0.01563120829779017
2022-11-30,Crypto-Only Risk Parity,0.03346445604972969
2022-12-01,Crypto-Only Risk Parity,-0.01904939870536051
2022-12-02,Crypto-Only Risk Parity,0.008413587291343404
2022-12-03,Crypto-Only Risk Parity,-0.01831332713281758
2022-12-04,Crypto-Only Risk Parity,0.009914819059635321
2022-12-05,Crypto-Only Risk Parity,-0.0017798927808111
2022-12-06,Crypto-Only Risk Parity,0.00616557280096641
2022-12-07,Crypto-Only Risk Parity,-0.018585178538365686
2022-12-08,Crypto-Only Risk Parity,0.02185129357170949
2022-12-09,Crypto-Only Risk Parity,-0.0051700475468661475
2022-12-10,Crypto-Only Risk Parity,-0.0002374352519121812
2022-12-11,Crypto-Only Risk Parity,-0.012245356862598901
2022-12-12,Crypto-Only Risk Parity,-0.0021848237966861496
2022-12-13,Crypto-Only Risk Parity,0.022400574452655093
2022-12-14,Crypto-Only Risk Parity,-0.008171800563150314
2022-12-15,Crypto-Only Risk Parity,-0.021526154069845878
2022-12-16,Crypto-Only Risk Parity,-0.07658002234776565
2022-12-17,Crypto-Only Risk Parity,0.015379019129149862
2022-12-18,Crypto-Only Risk Parity,-0.006959005795179201
2022-12-19,Crypto-Only Risk Parity,-0.02855303802176065
2022-12-20,Crypto-Only Risk Parity,0.03488376605068936
2022-12-21,Crypto-Only Risk Parity,-0.004583932028842419
2022-12-22,Crypto-Only Risk Parity,0.006779259222294538
2022-12-23,Crypto-Only Risk Parity,-0.0024350225179111413
2022-12-24,Crypto-Only Risk Parity,-0.0003331200994860908
2022-12-25,Crypto-Only Risk Parity,0.0006139245441144528
2022-12-26,Crypto-Only Risk Parity,0.014695872403814585
2022-12-27,Crypto-Only Risk Parity,-0.011445070562781068
2022-12-28,Crypto-Only Risk Parity,-0.024518191364785464
2022-12-29,Crypto-Only Risk Parity,-0.0013386773302125742
2022-12-30,Crypto-Only Risk Parity,0.0009547781072384304
2022-12-31,Crypto-Only Risk Parity,0.0008604243246782958
2023-01-01,Crypto-Only Risk Parity,0.007614424694550589
2023-01-02,Crypto-Only Risk Parity,0.017699685568746768
2023-01-03,Crypto-Only Risk Parity,-0.002612626071470189
2023-01-04,Crypto-Only Risk Parity,0.030151400352504746
2023-01-05,Crypto-Only Risk Parity,-0.014024926624250159
2023-01-06,Crypto-Only Risk Parity,0.01875974043020202
2023-01-07,Crypto-Only Risk Parity,-0.003126161343575867
2023-01-08,Crypto-Only Risk Parity,0.022617995945384575
2023-01-09,Crypto-Only Risk Parity,0.026569475549263435
2023-01-10,Crypto-Only Risk Parity,0.0060667656295240405
2023-01-11,Crypto-Only Risk Parity,0.029576609684598996
2023-01-12,Crypto-Only Risk Parity,0.0259561871558218
2023-01-13,Crypto-Only Risk Parity,0.03590530174373228
2023-01-14,Crypto-Only Risk Parity,0.034367015050391324
2023-01-15,Crypto-Only Risk Parity,-0.002080377535638389
2023-01-16,Crypto-Only Risk Parity,-0.003136050621835757
2023-01-17,Crypto-Only Risk Parity,-0.005310647939090177
2023-01-18,Crypto-Only Risk Parity,-0.041684986654789
2023-01-19,Crypto-Only Risk Parity,0.023491727960026194
2023-01-20,Crypto-Only Risk Parity,0.06304677490822491
2023-01-21,Crypto-Only Risk Parity,-0.008908554037659094
2023-01-22,Crypto-Only Risk Parity,0.008135406298099756
2023-01-23,Crypto-Only Risk Parity,0.021040292848480788
2023-01-24,Crypto-Only Risk Parity,-0.04009738663497041
2023-01-25,Crypto-Only Risk Parity,0.029934029826716266
2023-01-26,Crypto-Only Risk Parity,-0.001959120380894803
2023-01-27,Crypto-Only Risk Parity,0.011699180370547402
2023-01-28,Crypto-Only Risk Parity,-0.008350174994601028
2023-01-29,Crypto-Only Risk Parity,0.030122770865521946
2023-01-30,Crypto-Only Risk Parity,-0.04499519862356113
2023-01-31,Crypto-Only Risk Parity,0.01828985358916245
2023-02-01,Crypto-Only Risk Parity,0.025011372710841563
2023-02-02,Crypto-Only Risk Parity,-0.0036103793399686504
2023-02-03,Crypto-Only Risk Parity,0.012240570436816783
2023-02-04,Crypto-Only Risk Parity,-0.00028245456719670845
2023-02-05,Crypto-Only Risk Parity,-0.01941971940984584
2023-02-06,Crypto-Only Risk Parity,-0.01674392705660782
2023-02-07,Crypto-Only Risk Parity,0.03798129365946831
2023-02-08,Crypto-Only Risk Parity,-0.01282975588429154
2023-02-09,Crypto-Only Risk Parity,-0.057363429943853406
2023-02-10,Crypto-Only Risk Parity,-0.0005626856996352742
2023-02-11,Crypto-Only Risk Parity,0.010544854375020021
2023-02-12,Crypto-Only Risk Parity,-0.01288196625537306
2023-02-13,Crypto-Only Risk Parity,-0.0007847261983717447
2023-02-14,Crypto-Only Risk Parity,0.028606125863524786
2023-02-15,Crypto-Only Risk Parity,0.06603815067653518
2023-02-16,Crypto-Only Risk Parity,-0.04388012714462307
2023-02-17,Crypto-Only Risk Parity,0.0482765636036786
2023-02-18,Crypto-Only Risk Parity,0.0069301271503766325
2023-02-19,Crypto-Only Risk Parity,-0.010055323796546573
2023-02-20,Crypto-Only Risk Parity,0.02497593953179117
2023-02-21,Crypto-Only Risk Parity,-0.019583164143543542
2023-02-22,Crypto-Only Risk Parity,-0.00714770379417388
2023-02-23,Crypto-Only Risk Parity,-0.010814844411267486
2023-02-24,Crypto-Only Risk Parity,-0.033845528910507995
2023-02-25,Crypto-Only Risk Parity,-0.002236367620174798
2023-02-26,Crypto-Only Risk Parity,0.017953272563509454
2023-02-27,Crypto-Only Risk Parity,-0.004371630524490036
2023-02-28,Crypto-Only Risk Parity,-0.012273765107345685
2023-03-01,Crypto-Only Risk Parity,0.024816115926948462
2023-03-02,Crypto-Only Risk Parity,-0.009853125762202503
2023-03-03,Crypto-Only Risk Parity,-0.024352173939461996
2023-03-04,Crypto-Only Risk Parity,-0.017237843207475276
2023-03-05,Crypto-Only Risk Parity,-0.0013291849031253685
2023-03-06,Crypto-Only Risk Parity,-0.003170772072817222
2023-03-07,Crypto-Only Risk Parity,-0.008851944412751517
2023-03-08,Crypto-Only Risk Parity,-0.025488363770731513
2023-03-09,Crypto-Only Risk Parity,-0.06290013337803124
2023-03-10,Crypto-Only Risk Parity,-0.0055218676069722
2023-03-11,Crypto-Only Risk Parity,0.004688779970487443
2023-03-12,Crypto-Only Risk Parity,0.06808529017509579
2023-03-13,Crypto-Only Risk Parity,0.044741923559230755
2023-03-14,Crypto-Only Risk Parity,0.019159252188495055
2023-03-15,Crypto-Only Risk Parity,-0.04873802267224664
2023-03-16,Crypto-Only Risk Parity,0.017441539774937703
2023-03-17,Crypto-Only Risk Parity,0.06432567914913014
2023-03-18,Crypto-Only Risk Parity,-0.02354249955929006
2023-03-19,Crypto-Only Risk Parity,0.028167005040571028
2023-03-20,Crypto-Only Risk Parity,-0.03243945363164505
2023-03-21,Crypto-Only Risk Parity,0.07339193799810138
2023-03-22,Crypto-Only Risk Parity,-0.05225360271497821
2023-03-23,Crypto-Only Risk Parity,0.047848783046097014
2023-03-24,Crypto-Only Risk Parity,-0.027585023089255103
2023-03-25,Crypto-Only Risk Parity,-0.0010620658772492854
2023-03-26,Crypto-Only Risk Parity,0.013441135451172995
2023-03-27,Crypto-Only Risk Parity,-0.018493580685967036
2023-03-28,Crypto-Only Risk Parity,0.02860439449564872
2023-03-29,Crypto-Only Risk Parity,0.028004620523011715
2023-03-30,Crypto-Only Risk Parity,-0.0010325225338589194
2023-03-31,Crypto-Only Risk Parity,0.022131561174460752
2023-04-01,Crypto-Only Risk Parity,-0.0037816997327276875
2023-04-02,Crypto-Only Risk Parity,-0.007533065923543882
2023-04-03,Crypto-Only Risk Parity,-0.0018711831175262845
2023-04-04,Crypto-Only Risk Parity,0.008156944088306872
2023-04-05,Crypto-Only Risk Parity,0.004649230018797605
2023-04-06,Crypto-Only Risk Parity,-0.008408262298425588
2023-04-07,Crypto-Only Risk Parity,-0.0005497219200011825
2023-04-08,Crypto-Only Risk Parity,-0.00718512333349957
2023-04-09,Crypto-Only Risk Parity,0.00858878175585218
2023-04-10,Crypto-Only Risk Parity,0.023567292583230946
2023-04-11,Crypto-Only Risk Parity,0.003056454516467239
2023-04-12,Crypto-Only Risk Parity,-0.00579175694149955
2023-04-13,Crypto-Only Risk Parity,0.021901679170551136
2023-04-14,Crypto-Only Risk Parity,0.015269850329554652
2023-04-15,Crypto-Only Risk Parity,-0.0006211886991505321
2023-04-16,Crypto-Only Risk Parity,0.007745589055535691
2023-04-17,Crypto-Only Risk Parity,-0.02355156869359836
2023-04-18,Crypto-Only Risk Parity,0.020737443754333517
2023-04-19,Crypto-Only Risk Parity,-0.06758659649329524
2023-04-20,Crypto-Only Risk Parity,-0.016297764123610982
2023-04-21,Crypto-Only Risk Parity,-0.03491341459453232
2023-04-22,Crypto-Only Risk Parity,0.02673911382454458
2023-04-23,Crypto-Only Risk Parity,-0.010241153307470413
2023-04-24,Crypto-Only Risk Parity,-0.006055638125767066
2023-04-25,Crypto-Only Risk Parity,0.0161979389405656
2023-04-26,Crypto-Only Risk Parity,-0.012174202924732366
2023-04-27,Crypto-Only Risk Parity,0.014965816699586122
2023-04-28,Crypto-Only Risk Parity,0.004114586483801341
2023-04-29,Crypto-Only Risk Parity,0.006388883102586035
2023-04-30,Crypto-Only Risk Parity,-0.013186474529081931
2023-05-01,Crypto-Only Risk Parity,-0.016389726669977414
2023-05-02,Crypto-Only Risk Parity,0.01333007970242021
2023-05-03,Crypto-Only Risk Parity,0.0066711373825203615
2023-05-04,Crypto-Only Risk Parity,-0.009675912388384845
2023-05-05,Crypto-Only Risk Parity,0.020903093030800065
2023-05-06,Crypto-Only Risk Parity,-0.028336430576108147
2023-05-07,Crypto-Only Risk Parity,-0.011618906153227002
2023-05-08,Crypto-Only Risk Parity,-0.03458625279081177
2023-05-09,Crypto-Only Risk Parity,0.015579995450303018
2023-05-10,Crypto-Only Risk Parity,-0.001854789451436001
2023-05-11,Crypto-Only Risk Parity,-0.020550655021424797
2023-05-12,Crypto-Only Risk Parity,0.006860074243162172
2023-05-13,Crypto-Only Risk Parity,-0.006141753142856063
2023-05-14,Crypto-Only Risk Parity,0.009061754380432495
2023-05-15,Crypto-Only Risk Parity,0.008372812329373737
2023-05-16,Crypto-Only Risk Parity,0.007882194718997086
2023-05-17,Crypto-Only Risk Parity,0.014301361520368332
2023-05-18,Crypto-Only Risk Parity,-0.011676450444057587
2023-05-19,Crypto-Only Risk Parity,0.0035157341432376357
2023-05-20,Crypto-Only Risk Parity,0.0061153002498916375
2023-05-21,Crypto-Only Risk Parity,-0.008489565475215871
2023-05-22,Crypto-Only Risk Parity,0.009615106758192122
2023-05-23,Crypto-Only Risk Parity,0.008430006062867026
2023-05-24,Crypto-Only Risk Parity,-0.028833344909243296
2023-05-25,Crypto-Only Risk Parity,0.0007821006512910914
2023-05-26,Crypto-Only Risk Parity,0.01212971476044385
2023-05-27,Crypto-Only Risk Parity,0.00914312142914888
2023-05-28,Crypto-Only Risk Parity,0.026346647734221178
2023-05-29,Crypto-Only Risk Parity,-0.00670084887467617
2023-05-30,Crypto-Only Risk Parity,0.009231090376611321
2023-05-31,Crypto-Only Risk Parity,-0.01078913184362609
2023-06-01,Crypto-Only Risk Parity,-0.007321607267562772
2023-06-02,Crypto-Only Risk Parity,0.03351467796157569
2023-06-03,Crypto-Only Risk Parity,-0.0037481316853101862
2023-06-04,Crypto-Only Risk Parity,0.0015930925744185292
2023-06-05,Crypto-Only Risk Parity,-0.054110699832974535
2023-06-06,Crypto-Only Risk Parity,0.03333442494624986
2023-06-07,Crypto-Only Risk Parity,-0.03292960988718231
2023-06-08,Crypto-Only Risk Parity,0.007279240564499893
2023-06-09,Crypto-Only Risk Parity,-0.013573322591830354
2023-06-10,Crypto-Only Risk Parity,-0.07769106782490641
2023-06-11,Crypto-Only Risk Parity,0.0022444147167233796
2023-06-12,Crypto-Only Risk Parity,0.0008701023119616802
2023-06-13,Crypto-Only Risk Parity,0.0026910904057171896
2023-06-14,Crypto-Only Risk Parity,-0.04147070885406763
2023-06-15,Crypto-Only Risk Parity,0.005095592363359969
2023-06-16,Crypto-Only Risk Parity,0.01136382980549222
2023-06-17,Crypto-Only Risk Parity,0.00987914683118284
2023-06-18,Crypto-Only Risk Parity,-0.005890090102063865
2023-06-19,Crypto-Only Risk Parity,0.00646668655255476
2023-06-20,Crypto-Only Risk Parity,0.027216992317047717
2023-06-21,Crypto-Only Risk Parity,0.06776376877875223
2023-06-22,Crypto-Only Risk Parity,-0.003915568323831913
2023-06-23,Crypto-Only Risk Parity,0.07094626042680964
2023-06-24,Crypto-Only Risk Parity,0.011479655574204604
2023-06-25,Crypto-Only Risk Parity,-0.009084285436445936
2023-06-26,Crypto-Only Risk Parity,0.006812649957256325
2023-06-27,Crypto-Only Risk Parity,0.02364161481551292
2023-06-28,Crypto-Only Risk Parity,-0.03653479307757093
2023-06-29,Crypto-Only Risk Parity,0.028907399671981304
2023-06-30,Crypto-Only Risk Parity,0.08646088658237419
2023-07-01,Crypto-Only Risk Parity,-0.0022377804486156125
2023-07-02,Crypto-Only Risk Parity,0.004670280353702375
2023-07-03,Crypto-Only Risk Parity,-0.003379091857881933
2023-07-04,Crypto-Only Risk Parity,-0.018561676968755013
2023-07-05,Crypto-Only Risk Parity,-0.01429609701507431
2023-07-06,Crypto-Only Risk Parity,-0.02396903801997818
2023-07-07,Crypto-Only Risk Parity,0.01757950221712546
2023-07-08,Crypto-Only Risk Parity,0.0035233372347864577
2023-07-09,Crypto-Only Risk Parity,-0.013712794388517486
2023-07-10,Crypto-Only Risk Parity,0.011400428557210338
2023-07-11,Crypto-Only Risk Parity,0.0001111839544134872
2023-07-12,Crypto-Only Risk Parity,-0.004758303286722609
2023-07-13,Crypto-Only Risk Parity,0.20371286438864497
2023-07-14,Crypto-Only Risk Parity,-0.060686867211377706
2023-07-15,Crypto-Only Risk Parity,-0.008763892326893187
2023-07-16,Crypto-Only Risk Parity,-0.0034914403665444295
2023-07-17,Crypto-Only Risk Parity,-0.00423536209428088
2023-07-18,Crypto-Only Risk Parity,0.0018943651465518087
2023-07-19,Crypto-Only Risk Parity,0.03093212195020863
2023-07-20,Crypto-Only Risk Parity,8.174321242086172e-05
2023-07-21,Crypto-Only Risk Parity,-0.003115142873373724
2023-07-22,Crypto-Only Risk Parity,-0.009402350879320516
2023-07-23,Crypto-Only Risk Parity,0.011106230532702547
2023-07-24,Crypto-Only Risk Parity,-0.0380364276354042
2023-07-25,Crypto-Only Risk Parity,0.0010435630533583763
2023-07-26,Crypto-Only Risk Parity,0.01523382796975491
2023-07-27,Crypto-Only Risk Parity,0.0013203723918849201
2023-07-28,Crypto-Only Risk Parity,0.009539057844090428
2023-07-29,Crypto-Only Risk Parity,0.0014238849653157924
2023-07-30,Crypto-Only Risk Parity,-0.004787079018442263
2023-07-31,Crypto-Only Risk Parity,-0.016231175948579583
2023-08-01,Crypto-Only Risk Parity,0.008120434201842754
2023-08-02,Crypto-Only Risk Parity,-0.03433077295234354
2023-08-03,Crypto-Only Risk Parity,-0.013033025754806624
2023-08-04,Crypto-Only Risk Parity,-0.005606029062876798
2023-08-05,Crypto-Only Risk Parity,0.004464957152062819
2023-08-06,Crypto-Only Risk Parity,-0.005277549864797296
2023-08-07,Crypto-Only Risk Parity,0.005927637877612818
2023-08-08,Crypto-Only Risk Parity,0.013708069412800289
2023-08-09,Crypto-Only Risk Parity,-0.002420781623268284
2023-08-10,Crypto-Only Risk Parity,-0.007968664808432387
2023-08-11,Crypto-Only Risk Parity,-0.0024737495173057776
2023-08-12,Crypto-Only Risk Parity,0.0008185621967811298
2023-08-13,Crypto-Only Risk Parity,-0.006164666535538569
2023-08-14,Crypto-Only Risk Parity,0.002377389709425834
2023-08-15,Crypto-Only Risk Parity,-0.024907232579071462
2023-08-16,Crypto-Only Risk Parity,-0.03588581674950937
2023-08-17,Crypto-Only Risk Parity,-0.07994822642193422
2023-08-18,Crypto-Only Risk Parity,0.0031393595645122256
2023-08-19,Crypto-Only Risk Parity,0.01210863617765065
2023-08-20,Crypto-Only Risk Parity,0.015198226286367626
2023-08-21,Crypto-Only Risk Parity,-0.00842822894307573
2023-08-22,Crypto-Only Risk Parity,-0.012113303310327023
2023-08-23,Crypto-Only Risk Parity,0.029985957632520866
2023-08-24,Crypto-Only Risk Parity,-0.011508550276151719
2023-08-25,Crypto-Only Risk Parity,-0.0010439405599544174
2023-08-26,Crypto-Only Risk Parity,-0.0042332115959384554
2023-08-27,Crypto-Only Risk Parity,0.008614984888097928
2023-08-28,Crypto-Only Risk Parity,-0.0062369806968279595
2023-08-29,Crypto-Only Risk Parity,0.05288805479560072
2023-08-30,Crypto-Only Risk Parity,-0.021323571000009107
2023-08-31,Crypto-Only Risk Parity,-0.034359992302746764
2023-09-01,Crypto-Only Risk Parity,-0.011817297096939587
2023-09-02,Crypto-Only Risk Parity,0.003219291660073544
2023-09-03,Crypto-Only Risk Parity,0.004255203881336133
2023-09-04,Crypto-Only Risk Parity,0.0015044544788890355
2023-09-05,Crypto-Only Risk Parity,-0.0009260746999029236
2023-09-06,Crypto-Only Risk Parity,0.0025241095165127988
2023-09-07,Crypto-Only Risk Parity,0.007807605923078004
2023-09-08,Crypto-Only Risk Parity,-0.0054858543069534575
2023-09-09,Crypto-Only Risk Parity,0.0023880143644082305
2023-09-10,Crypto-Only Risk Parity,-0.013279954580950212
2023-09-11,Crypto-Only Risk Parity,-0.0304829530930869
2023-09-12,Crypto-Only Risk Parity,0.024264814251354773
2023-09-13,Crypto-Only Risk Parity,0.011033702141257398
2023-09-14,Crypto-Only Risk Parity,0.01661496712071321
2023-09-15,Crypto-Only Risk Parity,0.015299932584277446
2023-09-16,Crypto-Only Risk Parity,-0.0038765574463170797
2023-09-17,Crypto-Only Risk Parity,-0.013758226540582105
2023-09-18,Crypto-Only Risk Parity,0.017637365911426013
2023-09-19,Crypto-Only Risk Parity,0.01150388265081578
2023-09-20,Crypto-Only Risk Parity,-0.009911699233604888
2023-09-21,Crypto-Only Risk Parity,-0.0193720972648795
2023-09-22,Crypto-Only Risk Parity,0.0012444685121505937
2023-09-23,Crypto-Only Risk Parity,0.0027918795349981046
2023-09-24,Crypto-Only Risk Parity,-0.011619249125720724
2023-09-25,Crypto-Only Risk Parity,0.008494696229619784
2023-09-26,Crypto-Only Risk Parity,-0.002418595462051909
2023-09-27,Crypto-Only Risk Parity,0.008976937613440114
2023-09-28,Crypto-Only Risk Parity,0.024696677341401446
2023-09-29,Crypto-Only Risk Parity,0.007021659798570682
2023-09-30,Crypto-Only Risk Parity,0.00370655938878823
2023-10-01,Crypto-Only Risk Parity,0.02957508878547497
2023-10-02,Crypto-Only Risk Parity,-0.023569456089650876
2023-10-03,Crypto-Only Risk Parity,0.0019173633601444484
2023-10-04,Crypto-Only Risk Parity,-0.006217182901332456
2023-10-05,Crypto-Only Risk Parity,-0.011044734559901341
2023-10-06,Crypto-Only Risk Parity,0.009032298886023573
2023-10-07,Crypto-Only Risk Parity,-0.0027506794623895674
2023-10-08,Crypto-Only Risk Parity,-0.004114857832641818
2023-10-09,Crypto-Only Risk Parity,-0.028811677581160863
2023-10-10,Crypto-Only Risk Parity,-0.006323563640725853
2023-10-11,Crypto-Only Risk Parity,-0.008561376070424814
2023-10-12,Crypto-Only Risk Parity,-0.008796813966359174
2023-10-13,Crypto-Only Risk Parity,0.006929322361664693
2023-10-14,Crypto-Only Risk Parity,0.0007461901234713045
2023-10-15,Crypto-Only Risk Parity,0.0072218839489321595
2023-10-16,Crypto-Only Risk Parity,0.03073895699737561
2023-10-17,Crypto-Only Risk Parity,-0.01649216309198768
2023-10-18,Crypto-Only Risk Parity,-0.005493677063317483
2023-10-19,Crypto-Only Risk Parity,0.014343658520657922
2023-10-20,Crypto-Only Risk Parity,0.021910438073630856
2023-10-21,Crypto-Only Risk Parity,0.017316992667393435
2023-10-22,Crypto-Only Risk Parity,0.003719341340540693
2023-10-23,Crypto-Only Risk Parity,0.05701848502785726
2023-10-24,Crypto-Only Risk Parity,0.001620457424865282
2023-10-25,Crypto-Only Risk Parity,0.0053203538031430875
2023-10-26,Crypto-Only Risk Parity,-0.0007826593143422666
2023-10-27,Crypto-Only Risk Parity,-0.008823174755211764
2023-10-28,Crypto-Only Risk Parity,0.01107580441900891
2023-10-29,Crypto-Only Risk Parity,0.011710732236152915
2023-10-30,Crypto-Only Risk Parity,0.01013082755119792
2023-10-31,Crypto-Only Risk Parity,0.008956020597526475
2023-11-01,Crypto-Only Risk Parity,0.021922273356922088
2023-11-02,Crypto-Only Risk Parity,-0.010697801763193043
2023-11-03,Crypto-Only Risk Parity,0.002824958566783606
2023-11-04,Crypto-Only Risk Parity,0.00909835525619681
2023-11-05,Crypto-Only Risk Parity,0.018628962640483526
2023-11-06,Crypto-Only Risk Parity,0.02337026814753027
2023-11-07,Crypto-Only Risk Parity,-0.012493260192847622
2023-11-08,Crypto-Only Risk Parity,0.009702492085749876
2023-11-09,Crypto-Only Risk Parity,0.023319946817078614
2023-11-10,Crypto-Only Risk Parity,0.021245294156109876
2023-11-11,Crypto-Only Risk Parity,0.0010497857542098939
2023-11-12,Crypto-Only Risk Parity,-0.0003212747466554309
2023-11-13,Crypto-Only Risk Parity,-0.015011560184860759
2023-11-14,Crypto-Only Risk Parity,-0.032504212019103765
2023-11-15,Crypto-Only Risk Parity,0.04133378814619333
2023-11-16,Crypto-Only Risk Parity,-0.03250659845645442
2023-11-17,Crypto-Only Risk Parity,0.0005816412231407391
2023-11-18,Crypto-Only Risk Parity,0.0003836857294370712
2023-11-19,Crypto-Only Risk Parity,0.01667252526936141
2023-11-20,Crypto-Only Risk Parity,-0.012032960669124314
2023-11-21,Crypto-Only Risk Parity,-0.051858456389458234
2023-11-22,Crypto-Only Risk Parity,0.04822868644727006
2023-11-23,Crypto-Only Risk Parity,0.0031771019832724477
2023-11-24,Crypto-Only Risk Parity,0.012262612150429144
2023-11-25,Crypto-Only Risk Parity,0.01628804599039026
2023-11-26,Crypto-Only Risk Parity,-0.010567649198938081
2023-11-27,Crypto-Only Risk Parity,-0.02585375613965954
2023-11-28,Crypto-Only Risk Parity,0.010891441205878816
2023-11-29,Crypto-Only Risk Parity,-0.0011477037474670615
2023-11-30,Crypto-Only Risk Parity,-0.0031811678028243673
2023-12-01,Crypto-Only Risk Parity,0.01564757252065204
2023-12-02,Crypto-Only Risk Parity,0.018953114744482302
2023-12-03,Crypto-Only Risk Parity,0.004575516220943626
2023-12-04,Crypto-Only Risk Parity,0.024959503591000954
2023-12-05,Crypto-Only Risk Parity,0.01901208586577797
2023-12-06,Crypto-Only Risk Parity,0.00011954456953686436
2023-12-07,Crypto-Only Risk Parity,0.022008789070255816
2023-12-08,Crypto-Only Risk Parity,0.04342323457203674
2023-12-09,Crypto-Only Risk Parity,0.0054621432687764464
2023-12-10,Crypto-Only Risk Parity,0.002698483220312528
2023-12-11,Crypto-Only Risk Parity,-0.06328639130249336
2023-12-12,Crypto-Only Risk Parity,0.005684099299449528
2023-12-13,Crypto-Only Risk Parity,0.029250655095495653
2023-12-14,Crypto-Only Risk Parity,0.006637128202150019
2023-12-15,Crypto-Only Risk Parity,-0.039970551183469
2023-12-16,Crypto-Only Risk Parity,0.017828640784503948
2023-12-17,Crypto-Only Risk Parity,-0.018185741071988077
2023-12-18,Crypto-Only Risk Parity,0.003115843258660437
2023-12-19,Crypto-Only Risk Parity,-0.013084268664197596
2023-12-20,Crypto-Only Risk Parity,0.01964759884103484
2023-12-21,Crypto-Only Risk Parity,0.025986807942979463
2023-12-22,Crypto-Only Risk Parity,0.01724545618610796
2023-12-23,Crypto-Only Risk Parity,-0.00714276616716672
2023-12-24,Crypto-Only Risk Parity,-0.016749804488700882
2023-12-25,Crypto-Only Risk Parity,0.025885719557145442
2023-12-26,Crypto-Only Risk Parity,-0.022208048558948795
2023-12-27,Crypto-Only Risk Parity,0.0502579695310064
2023-12-28,Crypto-Only Risk Parity,-0.008211755480297702
2023-12-29,Crypto-Only Risk Parity,-0.01712420455384364
2023-12-30,Crypto-Only Risk Parity,0.006721984296450754
2023-12-31,Crypto-Only Risk Parity,-0.008844011022922166
2020-09-10,Crypto-Only Min-CVaR,0.010899970844471607
2020-09-11,Crypto-Only Min-CVaR,0.011297988240272434
2020-09-12,Crypto-Only Min-CVaR,0.00374664683784335
2020-09-13,Crypto-Only Min-CVaR,-0.03685671533261084
2020-09-14,Crypto-Only Min-CVaR,0.01475568869985288
2020-09-15,Crypto-Only Min-CVaR,-0.02408848582210167
2020-09-16,Crypto-Only Min-CVaR,0.0038672835535314663
2020-09-17,Crypto-Only Min-CVaR,0.017634494303881778
2020-09-18,Crypto-Only Min-CVaR,-0.001090026165975414
2020-09-19,Crypto-Only Min-CVaR,-0.0026855141985802546
2020-09-20,Crypto-Only Min-CVaR,-0.020938984246404165
2020-09-21,Crypto-Only Min-CVaR,-0.06584659257739303
2020-09-22,Crypto-Only Min-CVaR,0.009428733955571608
2020-09-23,Crypto-Only Min-CVaR,-0.03846810872266161
2020-09-24,Crypto-Only Min-CVaR,0.04912095130223318
2020-09-25,Crypto-Only Min-CVaR,0.031117667459777898
2020-09-26,Crypto-Only Min-CVaR,0.0007847948949390039
2020-09-27,Crypto-Only Min-CVaR,-0.005898419004029728
2020-09-28,Crypto-Only Min-CVaR,-0.004651225936147846
2020-09-29,Crypto-Only Min-CVaR,0.006967617168059472
2020-09-30,Crypto-Only Min-CVaR,-0.0017176403907657037
2020-10-01,Crypto-Only Min-CVaR,-0.01672536456219739
2020-10-02,Crypto-Only Min-CVaR,-0.011400715985568986
2020-10-03,Crypto-Only Min-CVaR,0.007227680966228245
2020-10-04,Crypto-Only Min-CVaR,0.02006692010615859
2020-10-05,Crypto-Only Min-CVaR,0.008421148477962073
2020-10-06,Crypto-Only Min-CVaR,-0.020006918589183516
2020-10-07,Crypto-Only Min-CVaR,0.003969492587172763
2020-10-08,Crypto-Only Min-CVaR,0.01519033500891922
2020-10-09,Crypto-Only Min-CVaR,0.01755775873070908
2020-10-10,Crypto-Only Min-CVaR,0.014572099587888106
2020-10-11,Crypto-Only Min-CVaR,0.004095730334956757
2020-10-12,Crypto-Only Min-CVaR,0.010680766639970746
2020-10-13,Crypto-Only Min-CVaR,-0.006729669203599211
2020-10-14,Crypto-Only Min-CVaR,-0.012040521984987892
2020-10-15,Crypto-Only Min-CVaR,-0.004679970188788501
2020-10-16,Crypto-Only Min-CVaR,-0.001705128086251298
2020-10-17,Crypto-Only Min-CVaR,0.010811282037502298
2020-10-18,Crypto-Only Min-CVaR,-0.0009523069483156686
2020-10-19,Crypto-Only Min-CVaR,0.02698044984655555
2020-10-20,Crypto-Only Min-CVaR,-0.011751540519026576
2020-10-21,Crypto-Only Min-CVaR,0.04474354055412507
2020-10-22,Crypto-Only Min-CVaR,0.016175032495522535
2020-10-23,Crypto-Only Min-CVaR,-0.009021153324665621
2020-10-24,Crypto-Only Min-CVaR,0.013372948067041283
2020-10-25,Crypto-Only Min-CVaR,-0.012804622968816732
2020-10-26,Crypto-Only Min-CVaR,-0.013387417197292426
2020-10-27,Crypto-Only Min-CVaR,0.02039242239987339
2020-10-28,Crypto-Only Min-CVaR,-0.024032989098779604
2020-10-29,Crypto-Only Min-CVaR,-0.007153479223850699
2020-10-30,Crypto-Only Min-CVaR,-0.011038643132531781
2020-10-31,Crypto-Only Min-CVaR,0.009041150501483304
2020-11-01,Crypto-Only Min-CVaR,0.0024034310823974623
2020-11-02,Crypto-Only Min-CVaR,-0.029037566786726324
2020-11-03,Crypto-Only Min-CVaR,0.00835192109948586
2020-11-04,Crypto-Only Min-CVaR,-0.0032778016574500843
2020-11-05,Crypto-Only Min-CVaR,0.06072756498220596
2020-11-06,Crypto-Only Min-CVaR,0.03477755529693557
2020-11-07,Crypto-Only Min-CVaR,-0.042874715285603535
2020-11-08,Crypto-Only Min-CVaR,0.027775573097724646
2020-11-09,Crypto-Only Min-CVaR,-0.016806912010762357
2020-11-10,Crypto-Only Min-CVaR,0.002443273713878023
2020-11-11,Crypto-Only Min-CVaR,0.013222892842887898
2020-11-12,Crypto-Only Min-CVaR,0.007055007432284622
2020-11-13,Crypto-Only Min-CVaR,0.019878981734452933
2020-11-14,Crypto-Only Min-CVaR,-0.0066294138519748785
2020-11-15,Crypto-Only Min-CVaR,-0.0030530153336524963
2020-11-16,Crypto-Only Min-CVaR,0.03436441070867656
2020-11-17,Crypto-Only Min-CVaR,0.04954102987265488
2020-11-18,Crypto-Only Min-CVaR,-0.009728287333702648
2020-11-19,Crypto-Only Min-CVaR,0.0007283988833076058
2020-11-20,Crypto-Only Min-CVaR,0.049954976542116725
2020-11-21,Crypto-Only Min-CVaR,0.19550020147681768
2020-11-22,Crypto-Only Min-CVaR,-0.0362338688289195
2020-11-23,Crypto-Only Min-CVaR,0.18782739055620595
2020-11-24,Crypto-Only Min-CVaR,0.19176210756226852
2020-11-25,Crypto-Only Min-CVaR,-0.04091081863180833
2020-11-26,Crypto-Only Min-CVaR,-0.12562463598336196
2020-11-27,Crypto-Only Min-CVaR,0.06886504016881083
2020-11-28,Crypto-Only Min-CVaR,0.04028126116251411
2020-11-29,Crypto-Only Min-CVaR,-0.00587652167749406
2020-11-30,Crypto-Only Min-CVaR,0.06911581557970288
2020-12-01,Crypto-Only Min-CVaR,-0.06830060746056585
2020-12-02,Crypto-Only Min-CVaR,0.020503898755151937
2020-12-03,Crypto-Only Min-CVaR,0.005755222946613381
2020-12-04,Crypto-Only Min-CVaR,-0.08605506161030062
2020-12-05,Crypto-Only Min-CVaR,0.04066358554380592
2020-12-06,Crypto-Only Min-CVaR,0.025968081108546853
2020-12-07,Crypto-Only Min-CVaR,-0.02065698972300775
2020-12-08,Crypto-Only Min-CVaR,-0.07552811450067268
2020-12-09,Crypto-Only Min-CVaR,0.05282806874330172
2020-12-10,Crypto-Only Min-CVaR,-0.03007437894751373
2020-12-11,Crypto-Only Min-CVaR,-0.03371235429985779
2020-12-12,Crypto-Only Min-CVaR,0.013127283643875935
2020-12-13,Crypto-Only Min-CVaR,0.03934599971222837
2020-12-14,Crypto-Only Min-CVaR,-0.01313987238309958
2020-12-15,Crypto-Only Min-CVaR,-0.01621123845496095
2020-12-16,Crypto-Only Min-CVaR,0.13419178267897758
2020-12-17,Crypto-Only Min-CVaR,0.014460866054593003
2020-12-18,Crypto-Only Min-CVaR,0.012073873653580971
2020-12-19,Crypto-Only Min-CVaR,0.006705092993680898
2020-12-20,Crypto-Only Min-CVaR,-0.023227365972418326
2020-12-21,Crypto-Only Min-CVaR,-0.055586565138752285
2020-12-22,Crypto-Only Min-CVaR,-0.028667763403226625
2020-12-23,Crypto-Only Min-CVaR,-0.20030771819971882
2020-12-24,Crypto-Only Min-CVaR,0.08382397556667136
2020-12-25,Crypto-Only Min-CVaR,0.03436374188579485
2020-12-26,Crypto-Only Min-CVaR,0.015204768401911095
2020-12-27,Crypto-Only Min-CVaR,0.030070237716078176
2020-12-28,Crypto-Only Min-CVaR,0.04071516424866679
2020-12-29,Crypto-Only Min-CVaR,-0.018203001006532167
2020-12-30,Crypto-Only Min-CVaR,0.012037271488508038
2020-12-31,Crypto-Only Min-CVaR,-0.014526491655769936
2021-01-01,Crypto-Only Min-CVaR,0.004781069076791338
2021-01-02,Crypto-Only Min-CVaR,0.04634845307538139
2021-01-03,Crypto-Only Min-CVaR,0.12878470043001816
2021-01-04,Crypto-Only Min-CVaR,0.03509224522132591
2021-01-05,Crypto-Only Min-CVaR,0.03735523850736633
2021-01-06,Crypto-Only Min-CVaR,0.14775624381035674
2021-01-07,Crypto-Only Min-CVaR,0.0164974672017614
2021-01-08,Crypto-Only Min-CVaR,-0.00012761866324235462
2021-01-09,Crypto-Only Min-CVaR,0.07847208854987013
2021-01-10,Crypto-Only Min-CVaR,-0.02417227032351428
2021-01-11,Crypto-Only Min-CVaR,-0.1210895433522863
2021-01-12,Crypto-Only Min-CVaR,-0.03251059217363176
2021-01-13,Crypto-Only Min-CVaR,0.08526862966289489
2021-01-14,Crypto-Only Min-CVaR,0.0324212041494351
2021-01-15,Crypto-Only Min-CVaR,-0.043740675908682206
2021-01-16,Crypto-Only Min-CVaR,0.017299803075972196
2021-01-17,Crypto-Only Min-CVaR,0.005279805480281185
2021-01-18,Crypto-Only Min-CVaR,0.0244594025949273
2021-01-19,Crypto-Only Min-CVaR,0.011334972139154995
2021-01-20,Crypto-Only Min-CVaR,-0.009894337227456642
2021-01-21,Crypto-Only Min-CVaR,-0.14197683114055124
2021-01-22,Crypto-Only Min-CVaR,0.07031672280155987
2021-01-23,Crypto-Only Min-CVaR,-0.006087641870402576
2021-01-24,Crypto-Only Min-CVaR,0.042747611957841894
2021-01-25,Crypto-Only Min-CVaR,-0.02390475225212731
2021-01-26,Crypto-Only Min-CVaR,0.006216629665484199
2021-01-27,Crypto-Only Min-CVaR,-0.07070768233293187
2021-01-28,Crypto-Only Min-CVaR,0.10922479578671415
2021-01-29,Crypto-Only Min-CVaR,0.04304208784344704
2021-01-30,Crypto-Only Min-CVaR,0.01724307011373978
2021-01-31,Crypto-Only Min-CVaR,-0.038692829309801426
2021-02-01,Crypto-Only Min-CVaR,0.03684199070855142
2021-02-02,Crypto-Only Min-CVaR,0.05610751851821405
2021-02-03,Crypto-Only Min-CVaR,0.051441506992943364
2021-02-04,Crypto-Only Min-CVaR,-0.03207167238966914
2021-02-05,Crypto-Only Min-CVaR,0.07085229657344486
2021-02-06,Crypto-Only Min-CVaR,0.012254161339652138
2021-02-07,Crypto-Only Min-CVaR,0.009370984819661358
2021-02-08,Crypto-Only Min-CVaR,0.09954111709465963
2021-02-09,Crypto-Only Min-CVaR,0.050917513302183255
2021-02-10,Crypto-Only Min-CVaR,-0.001162186186393827
2021-02-11,Crypto-Only Min-CVaR,0.10526613789351194
2021-02-12,Crypto-Only Min-CVaR,0.04359478702472336
2021-02-13,Crypto-Only Min-CVaR,0.04455393216180837
2021-02-14,Crypto-Only Min-CVaR,-0.0335268469755193
2021-02-15,Crypto-Only Min-CVaR,-0.04457027383040971
2021-02-16,Crypto-Only Min-CVaR,0.00737332875161635
2021-02-17,Crypto-Only Min-CVaR,0.03383371576024605
2021-02-18,Crypto-Only Min-CVaR,0.015593667855031537
2021-02-19,Crypto-Only Min-CVaR,0.06240091988750362
2021-02-20,Crypto-Only Min-CVaR,-0.03355615936619828
2021-02-21,Crypto-Only Min-CVaR,0.024354656734753295
2021-02-22,Crypto-Only Min-CVaR,-0.07135664302060202
2021-02-23,Crypto-Only Min-CVaR,-0.14669353869533613
2021-02-24,Crypto-Only Min-CVaR,0.04076089097025443
2021-02-25,Crypto-Only Min-CVaR,-0.06817725807144491
2021-02-26,Crypto-Only Min-CVaR,0.002616512174834624
2021-02-27,Crypto-Only Min-CVaR,0.03450620842284949
2021-02-28,Crypto-Only Min-CVaR,-0.0402446604027762
2021-03-01,Crypto-Only Min-CVaR,0.07934179172057088
2021-03-02,Crypto-Only Min-CVaR,-0.029184099382209824
2021-03-03,Crypto-Only Min-CVaR,0.03727888258154901
2021-03-04,Crypto-Only Min-CVaR,-0.005870449001472759
2021-03-05,Crypto-Only Min-CVaR,-0.011911569200184335
2021-03-06,Crypto-Only Min-CVaR,0.01860735427586082
2021-03-07,Crypto-Only Min-CVaR,0.033255460279679475
2021-03-08,Crypto-Only Min-CVaR,0.02861594427352128
2021-03-09,Crypto-Only Min-CVaR,0.028927878920064237
2021-03-10,Crypto-Only Min-CVaR,-0.025331077015485128
2021-03-11,Crypto-Only Min-CVaR,0.00711045500179042
2021-03-12,Crypto-Only Min-CVaR,-0.027489585785075623
2021-03-13,Crypto-Only Min-CVaR,0.06446718647029959
2021-03-14,Crypto-Only Min-CVaR,-0.03510490088225811
2021-03-15,Crypto-Only Min-CVaR,-0.028816130076520646
2021-03-16,Crypto-Only Min-CVaR,0.022114651094601014
2021-03-17,Crypto-Only Min-CVaR,0.028007394744701153
2021-03-18,Crypto-Only Min-CVaR,-0.022837371399966964
2021-03-19,Crypto-Only Min-CVaR,0.027553038801856083
2021-03-20,Crypto-Only Min-CVaR,0.019983713669736933
2021-03-21,Crypto-Only Min-CVaR,-0.008185602715923453
2021-03-22,Crypto-Only Min-CVaR,-0.04188799550618224
2021-03-23,Crypto-Only Min-CVaR,-0.0007576941065297197
2021-03-24,Crypto-Only Min-CVaR,-0.055483887579003854
2021-03-25,Crypto-Only Min-CVaR,-0.005009114690405924
2021-03-26,Crypto-Only Min-CVaR,0.08643217859554973
2021-03-27,Crypto-Only Min-CVaR,-0.0017514038373821353
2021-03-28,Crypto-Only Min-CVaR,0.005859982297906773
2021-03-29,Crypto-Only Min-CVaR,0.03618143261737298
2021-03-30,Crypto-Only Min-CVaR,0.011322922081781386
2021-03-31,Crypto-Only Min-CVaR,0.08736402959666859
2021-04-01,Crypto-Only Min-CVaR,0.008472002290498444
2021-04-02,Crypto-Only Min-CVaR,0.04562616906786729
2021-04-03,Crypto-Only Min-CVaR,-0.018655983170909857
2021-04-04,Crypto-Only Min-CVaR,0.07919305284003056
2021-04-05,Crypto-Only Min-CVaR,0.08640602760869737
2021-04-06,Crypto-Only Min-CVaR,-0.008270889195008325
2021-04-07,Crypto-Only Min-CVaR,-0.08751052052780058
2021-04-08,Crypto-Only Min-CVaR,0.07022530808164287
2021-04-09,Crypto-Only Min-CVaR,-0.02419519724976781
2021-04-10,Crypto-Only Min-CVaR,0.07922049499820802
2021-04-11,Crypto-Only Min-CVaR,0.011247374689533232
2021-04-12,Crypto-Only Min-CVaR,0.012255830112675462
2021-04-13,Crypto-Only Min-CVaR,0.09544832596826883
2021-04-14,Crypto-Only Min-CVaR,0.0018029596733381134
2021-04-15,Crypto-Only Min-CVaR,0.04262512671358323
2021-04-16,Crypto-Only Min-CVaR,-0.034621187214112704
2021-04-17,Crypto-Only Min-CVaR,-0.024205840670751582
2021-04-18,Crypto-Only Min-CVaR,-0.07538853597886261
2021-04-19,Crypto-Only Min-CVaR,-0.050252698374907034
2021-04-20,Crypto-Only Min-CVaR,0.043020900927405535
2021-04-21,Crypto-Only Min-CVaR,-0.04176728982913578
2021-04-22,Crypto-Only Min-CVaR,-0.051227527352159366
2021-04-23,Crypto-Only Min-CVaR,-0.008349909009253823
2021-04-24,Crypto-Only Min-CVaR,-0.050776443957191816
2021-04-25,Crypto-Only Min-CVaR,-0.0018108892785027985
2021-04-26,Crypto-Only Min-CVaR,0.13453321745601943
2021-04-27,Crypto-Only Min-CVaR,0.04588031954617075
2021-04-28,Crypto-Only Min-CVaR,-0.0033019425773433394
2021-04-29,Crypto-Only Min-CVaR,-0.011451822145417442
2021-04-30,Crypto-Only Min-CVaR,0.05780956508588609
2021-05-01,Crypto-Only Min-CVaR,0.0182532784707508
2021-05-02,Crypto-Only Min-CVaR,-0.004308584385200747
2021-05-03,Crypto-Only Min-CVaR,0.049131254189047076
2021-05-04,Crypto-Only Min-CVaR,-0.07250922729107263
2021-05-05,Crypto-Only Min-CVaR,0.1404657342358389
2021-05-06,Crypto-Only Min-CVaR,0.02848136714672315
2021-05-07,Crypto-Only Min-CVaR,-0.0077309652368663506
2021-05-08,Crypto-Only Min-CVaR,0.023707088343679416
2021-05-09,Crypto-Only Min-CVaR,0.012270357404754536
2021-05-10,Crypto-Only Min-CVaR,-0.027277019807898727
2021-05-11,Crypto-Only Min-CVaR,0.06448434630392243
2021-05-12,Crypto-Only Min-CVaR,-0.13613698739389116
2021-05-13,Crypto-Only Min-CVaR,0.04662235298908707
2021-05-14,Crypto-Only Min-CVaR,0.041893107781503895
2021-05-15,Crypto-Only Min-CVaR,-0.03808694964751369
2021-05-16,Crypto-Only Min-CVaR,0.010699519708767972
2021-05-17,Crypto-Only Min-CVaR,-0.07949083181185648
2021-05-18,Crypto-Only Min-CVaR,0.0089912818810426
2021-05-19,Crypto-Only Min-CVaR,-0.2528080560869752
2021-05-20,Crypto-Only Min-CVaR,0.1447401873030362
2021-05-21,Crypto-Only Min-CVaR,-0.12273607569576662
2021-05-22,Crypto-Only Min-CVaR,-0.037929868576479966
2021-05-23,Crypto-Only Min-CVaR,-0.098193854990003
2021-05-24,Crypto-Only Min-CVaR,0.18784246208140512
2021-05-25,Crypto-Only Min-CVaR,0.0051118336240599475
2021-05-26,Crypto-Only Min-CVaR,0.07662708327857855
2021-05-27,Crypto-Only Min-CVaR,-0.050748722152429995
2021-05-28,Crypto-Only Min-CVaR,-0.08758837374219736
2021-05-29,Crypto-Only Min-CVaR,-0.05294161081461357
2021-05-30,Crypto-Only Min-CVaR,0.062492998907441755
2021-05-31,Crypto-Only Min-CVaR,0.09136621786144192
2021-06-01,Crypto-Only Min-CVaR,-0.014785423270427717
2021-06-02,Crypto-Only Min-CVaR,0.020783827205286518
2021-06-03,Crypto-Only Min-CVaR,0.048104251857579855
2021-06-04,Crypto-Only Min-CVaR,-0.06327376625253206
2021-06-05,Crypto-Only Min-CVaR,-0.02827880783379194
2021-06-06,Crypto-Only Min-CVaR,0.019082550027118436
2021-06-07,Crypto-Only Min-CVaR,-0.06441388043927952
2021-06-08,Crypto-Only Min-CVaR,-0.0003175402096896752
2021-06-09,Crypto-Only Min-CVaR,0.0536118398241323
2021-06-10,Crypto-Only Min-CVaR,-0.04293021068222816
2021-06-11,Crypto-Only Min-CVaR,-0.03593935678106905
2021-06-12,Crypto-Only Min-CVaR,-0.003153214017013704
2021-06-13,Crypto-Only Min-CVaR,0.06503724475189486
2021-06-14,Crypto-Only Min-CVaR,0.015264829050357353
2021-06-15,Crypto-Only Min-CVaR,0.011909975469534076
2021-06-16,Crypto-Only Min-CVaR,-0.06828321162108777
2021-06-17,Crypto-Only Min-CVaR,0.011788358762647288
2021-06-18,Crypto-Only Min-CVaR,-0.05562631059558374
2021-06-19,Crypto-Only Min-CVaR,-0.015319130868661743
2021-06-20,Crypto-Only Min-CVaR,0.014390238950803007
2021-06-21,Crypto-Only Min-CVaR,-0.16420918795134162
2021-06-22,Crypto-Only Min-CVaR,-0.010135179260148007
2021-06-23,Crypto-Only Min-CVaR,0.06987750606969664
2021-06-24,Crypto-Only Min-CVaR,0.06448681766804626
2021-06-25,Crypto-Only Min-CVaR,-0.08067823541341043
2021-06-26,Crypto-Only Min-CVaR,0.010415196717314707
2021-06-27,Crypto-Only Min-CVaR,0.0651114110316115
2021-06-28,Crypto-Only Min-CVaR,0.011711727601807373
2021-06-29,Crypto-Only Min-CVaR,0.039607529685637
2021-06-30,Crypto-Only Min-CVaR,0.01188920807300127
2021-07-01,Crypto-Only Min-CVaR,-0.04868393886939339
2021-07-02,Crypto-Only Min-CVaR,0.020790418796941334
2021-07-03,Crypto-Only Min-CVaR,0.017823642245726405
2021-07-04,Crypto-Only Min-CVaR,0.02661056183700146
2021-07-05,Crypto-Only Min-CVaR,-0.044127862627703664
2021-07-06,Crypto-Only Min-CVaR,0.02281369349671251
2021-07-07,Crypto-Only Min-CVaR,-0.0090675251339641
2021-07-08,Crypto-Only Min-CVaR,-0.0538468867743011
2021-07-09,Crypto-Only Min-CVaR,0.01760480288995177
2021-07-10,Crypto-Only Min-CVaR,-0.011143909285447912
2021-07-11,Crypto-Only Min-CVaR,0.012531528664722381
2021-07-12,Crypto-Only Min-CVaR,-0.03268235305303842
2021-07-13,Crypto-Only Min-CVaR,-0.02928844562846794
2021-07-14,Crypto-Only Min-CVaR,0.01107946851893627
2021-07-15,Crypto-Only Min-CVaR,-0.032486896931158527
2021-07-16,Crypto-Only Min-CVaR,-0.024701352170935338
2021-07-17,Crypto-Only Min-CVaR,0.003120967067508402
2021-07-18,Crypto-Only Min-CVaR,0.00363661635469593
2021-07-19,Crypto-Only Min-CVaR,-0.04526120421719701
2021-07-20,Crypto-Only Min-CVaR,-0.03645019021312884
2021-07-21,Crypto-Only Min-CVaR,0.09091494906677819
2021-07-22,Crypto-Only Min-CVaR,0.024427334580225078
2021-07-23,Crypto-Only Min-CVaR,0.030253692103433295
2021-07-24,Crypto-Only Min-CVaR,0.02256363537283956
2021-07-25,Crypto-Only Min-CVaR,0.007349595315048838
2021-07-26,Crypto-Only Min-CVaR,0.027089489312473628
2021-07-27,Crypto-Only Min-CVaR,0.030722845125285572
2021-07-28,Crypto-Only Min-CVaR,0.006938043258880668
2021-07-29,Crypto-Only Min-CVaR,0.014063152900915562
2021-07-30,Crypto-Only Min-CVaR,0.033973867833025403
2021-07-31,Crypto-Only Min-CVaR,0.00979635354098901
2021-08-01,Crypto-Only Min-CVaR,-0.012584301073035643
2021-08-02,Crypto-Only Min-CVaR,0.0021833089712564157
2021-08-03,Crypto-Only Min-CVaR,-0.008875730297887074
2021-08-04,Crypto-Only Min-CVaR,0.0464155394761512
2021-08-05,Crypto-Only Min-CVaR,0.025922854207204804
2021-08-06,Crypto-Only Min-CVaR,0.026008764371745506
2021-08-07,Crypto-Only Min-CVaR,0.058681347941004144
2021-08-08,Crypto-Only Min-CVaR,-0.03494421422375097
2021-08-09,Crypto-Only Min-CVaR,0.04438526299073742
2021-08-10,Crypto-Only Min-CVaR,0.03050506937089829
2021-08-11,Crypto-Only Min-CVaR,0.048174381275959126
2021-08-12,Crypto-Only Min-CVaR,-0.01243842227316368
2021-08-13,Crypto-Only Min-CVaR,0.10251632698498594
2021-08-14,Crypto-Only Min-CVaR,0.01119427779407303
2021-08-15,Crypto-Only Min-CVaR,0.001010753550246054
2021-08-16,Crypto-Only Min-CVaR,-0.03732429400907264
2021-08-17,Crypto-Only Min-CVaR,-0.05129347703597567
2021-08-18,Crypto-Only Min-CVaR,0.023976530023964434
2021-08-19,Crypto-Only Min-CVaR,0.07396051427086166
2021-08-20,Crypto-Only Min-CVaR,0.03328205298138247
2021-08-21,Crypto-Only Min-CVaR,-0.016561197249441138
2021-08-22,Crypto-Only Min-CVaR,0.032380643810876734
2021-08-23,Crypto-Only Min-CVaR,0.030705423937851854
2021-08-24,Crypto-Only Min-CVaR,-0.0528125404603107
2021-08-25,Crypto-Only Min-CVaR,0.0199246209275227
2021-08-26,Crypto-Only Min-CVaR,-0.051412844003637076
2021-08-27,Crypto-Only Min-CVaR,0.08067076669757592
2021-08-28,Crypto-Only Min-CVaR,-0.012482114445331401
2021-08-29,Crypto-Only Min-CVaR,-0.0010170650594604955
2021-08-30,Crypto-Only Min-CVaR,-0.027684459337860977
2021-08-31,Crypto-Only Min-CVaR,0.028279754655497705
2021-09-01,Crypto-Only Min-CVaR,0.06280064396339564
2021-09-02,Crypto-Only Min-CVaR,0.018530051126899462
2021-09-03,Crypto-Only Min-CVaR,0.018198383521202482
2021-09-04,Crypto-Only Min-CVaR,-0.01465798612164202
2021-09-05,Crypto-Only Min-CVaR,0.030846776720607056
2021-09-06,Crypto-Only Min-CVaR,-0.0029278173467824657
2021-09-07,Crypto-Only Min-CVaR,-0.13499179312970197
2021-09-08,Crypto-Only Min-CVaR,0.014796972036483627
2021-09-09,Crypto-Only Min-CVaR,0.0018857190426557827
2021-09-10,Crypto-Only Min-CVaR,-0.04396019565473358
2021-09-11,Crypto-Only Min-CVaR,0.043353558578356155
2021-09-12,Crypto-Only Min-CVaR,0.046814248004347234
2021-09-13,Crypto-Only Min-CVaR,-0.048504365238064125
2021-09-14,Crypto-Only Min-CVaR,0.04917245920271339
2021-09-15,Crypto-Only Min-CVaR,0.03649634586157563
2021-09-16,Crypto-Only Min-CVaR,-0.022664920937941164
2021-09-17,Crypto-Only Min-CVaR,-0.042558483784045024
2021-09-18,Crypto-Only Min-CVaR,0.012258803854563561
2021-09-19,Crypto-Only Min-CVaR,-0.027453065564039918
2021-09-20,Crypto-Only Min-CVaR,-0.10493766474228575
2021-09-21,Crypto-Only Min-CVaR,-0.047012775489295715
2021-09-22,Crypto-Only Min-CVaR,0.10998159603453889
2021-09-23,Crypto-Only Min-CVaR,0.023845884533602247
2021-09-24,Crypto-Only Min-CVaR,-0.051924622144433615
2021-09-25,Crypto-Only Min-CVaR,-0.0033004494350750073
2021-09-26,Crypto-Only Min-CVaR,-0.0021089723992963397
2021-09-27,Crypto-Only Min-CVaR,-0.03006282022625425
2021-09-28,Crypto-Only Min-CVaR,-0.03777639063488275
2021-09-29,Crypto-Only Min-CVaR,0.02009525368796644
2021-09-30,Crypto-Only Min-CVaR,0.04191546267195587
2021-10-01,Crypto-Only Min-CVaR,0.083046126819012
2021-10-02,Crypto-Only Min-CVaR,0.0045105572653881066
2021-10-03,Crypto-Only Min-CVaR,0.007105676754368575
2021-10-04,Crypto-Only Min-CVaR,-0.009107604722916562
2021-10-05,Crypto-Only Min-CVaR,0.03473860391461907
2021-10-06,Crypto-Only Min-CVaR,0.025887312517006787
2021-10-07,Crypto-Only Min-CVaR,-0.0008973141296347709
2021-10-08,Crypto-Only Min-CVaR,-0.0023924167916016515
2021-10-09,Crypto-Only Min-CVaR,0.021929792926503718
2021-10-10,Crypto-Only Min-CVaR,-0.031935603318610464
2021-10-11,Crypto-Only Min-CVaR,0.019361940074549115
2021-10-12,Crypto-Only Min-CVaR,-0.021430236392892484
2021-10-13,Crypto-Only Min-CVaR,0.0334814145677992
2021-10-14,Crypto-Only Min-CVaR,0.008600311306995987
2021-10-15,Crypto-Only Min-CVaR,0.03030406587573151
2021-10-16,Crypto-Only Min-CVaR,-0.0034693685993113397
2021-10-17,Crypto-Only Min-CVaR,-0.00045953895366308926
2021-10-18,Crypto-Only Min-CVaR,-0.00929552138047932
2021-10-19,Crypto-Only Min-CVaR,0.019844443199950483
2021-10-20,Crypto-Only Min-CVaR,0.04060419507099769
2021-10-21,Crypto-Only Min-CVaR,-0.03534275184870143
2021-10-22,Crypto-Only Min-CVaR,-0.008722093386221617
2021-10-23,Crypto-Only Min-CVaR,0.019806631406523858
2021-10-24,Crypto-Only Min-CVaR,-0.01567135919782613
2021-10-25,Crypto-Only Min-CVaR,0.023977794370592297
2021-10-26,Crypto-Only Min-CVaR,-0.017367077263360578
2021-10-27,Crypto-Only Min-CVaR,-0.07279306212277337
2021-10-28,Crypto-Only Min-CVaR,0.05370559872899088
2021-10-29,Crypto-Only Min-CVaR,0.0283962615479237
2021-10-30,Crypto-Only Min-CVaR,-0.0103943046171109
2021-10-31,Crypto-Only Min-CVaR,-0.0005249823692811996
2021-11-01,Crypto-Only Min-CVaR,-0.003872274594287091
2021-11-02,Crypto-Only Min-CVaR,0.04241536189207824
2021-11-03,Crypto-Only Min-CVaR,0.009607178209552902
2021-11-04,Crypto-Only Min-CVaR,-0.02604405479402333
2021-11-05,Crypto-Only Min-CVaR,-0.004878460191671105
2021-11-06,Crypto-Only Min-CVaR,0.003942720318059592
2021-11-07,Crypto-Only Min-CVaR,0.019123117373280256
2021-11-08,Crypto-Only Min-CVaR,0.05194997333204475
2021-11-09,Crypto-Only Min-CVaR,0.024330540460982465
2021-11-10,Crypto-Only Min-CVaR,-0.048094906028160175
2021-11-11,Crypto-Only Min-CVaR,0.008420965375443677
2021-11-12,Crypto-Only Min-CVaR,-0.015400717580968198
2021-11-13,Crypto-Only Min-CVaR,0.0097701984408203
2021-11-14,Crypto-Only Min-CVaR,0.00824363502587437
2021-11-15,Crypto-Only Min-CVaR,-0.003302578373765599
2021-11-16,Crypto-Only Min-CVaR,-0.07611138690141832
2021-11-17,Crypto-Only Min-CVaR,0.008295829011266827
2021-11-18,Crypto-Only Min-CVaR,-0.06431170105369771
2021-11-19,Crypto-Only Min-CVaR,0.04574958415811584
2021-11-20,Crypto-Only Min-CVaR,0.022150735265193833
2021-11-21,Crypto-Only Min-CVaR,-0.02013332029539233
2021-11-22,Crypto-Only Min-CVaR,-0.040025375271797725
2021-11-23,Crypto-Only Min-CVaR,0.02006186861783676
2021-11-24,Crypto-Only Min-CVaR,-0.025802590750327564
2021-11-25,Crypto-Only Min-CVaR,-0.0032697333937546265
2021-11-26,Crypto-Only Min-CVaR,-0.06261594355836143
2021-11-27,Crypto-Only Min-CVaR,0.015779616076069362
2021-11-28,Crypto-Only Min-CVaR,0.03368384158313757
2021-11-29,Crypto-Only Min-CVaR,0.01674639490215184
2021-11-30,Crypto-Only Min-CVaR,0.0007688550807189876
2021-12-01,Crypto-Only Min-CVaR,-0.0033552941472414564
2021-12-02,Crypto-Only Min-CVaR,0.022434400303058013
2021-12-03,Crypto-Only Min-CVaR,-0.06102666797544781
2021-12-04,Crypto-Only Min-CVaR,-0.06913750289722997
2021-12-05,Crypto-Only Min-CVaR,-0.009252816878920335
2021-12-06,Crypto-Only Min-CVaR,0.034364280137170314
2021-12-07,Crypto-Only Min-CVaR,-0.004921128031238876
2021-12-08,Crypto-Only Min-CVaR,0.017487382621123797
2021-12-09,Crypto-Only Min-CVaR,-0.06466108815296344
2021-12-10,Crypto-Only Min-CVaR,-0.03476516169737186
2021-12-11,Crypto-Only Min-CVaR,0.06285027558291262
2021-12-12,Crypto-Only Min-CVaR,0.004810128675265417
2021-12-13,Crypto-Only Min-CVaR,-0.07831926430830134
2021-12-14,Crypto-Only Min-CVaR,-0.0007767026618236321
2021-12-15,Crypto-Only Min-CVaR,0.05584553388637821
2021-12-16,Crypto-Only Min-CVaR,-0.03151903759777873
2021-12-17,Crypto-Only Min-CVaR,-0.03016748859613382
2021-12-18,Crypto-Only Min-CVaR,0.01539115744417184
2021-12-19,Crypto-Only Min-CVaR,-0.005256667029893313
2021-12-20,Crypto-Only Min-CVaR,-0.003279731380319832
2021-12-21,Crypto-Only Min-CVaR,0.03092159178296542
2021-12-22,Crypto-Only Min-CVaR,0.005790014334266715
2021-12-23,Crypto-Only Min-CVaR,0.059273092388558074
2021-12-24,Crypto-Only Min-CVaR,-0.02346991568572355
2021-12-25,Crypto-Only Min-CVaR,0.01527876629354752
2021-12-26,Crypto-Only Min-CVaR,0.0013140472439114848
2021-12-27,Crypto-Only Min-CVaR,0.007110869874320783
2021-12-28,Crypto-Only Min-CVaR,-0.06157861053839425
2021-12-29,Crypto-Only Min-CVaR,-0.03384642936440521
2021-12-30,Crypto-Only Min-CVaR,0.019580916357430388
2021-12-31,Crypto-Only Min-CVaR,-0.02241652321453813
2022-01-01,Crypto-Only Min-CVaR,0.031062440333238767
2022-01-02,Crypto-Only Min-CVaR,0.008191571644487694
2022-01-03,Crypto-Only Min-CVaR,-0.021468577287080976
2022-01-04,Crypto-Only Min-CVaR,-0.0068723150733100025
2022-01-05,Crypto-Only Min-CVaR,-0.05796742793993194
2022-01-06,Crypto-Only Min-CVaR,-0.0032648421471478412
2022-01-07,Crypto-Only Min-CVaR,-0.04931297146957281
2022-01-08,Crypto-Only Min-CVaR,-0.019043448118321885
2022-01-09,Crypto-Only Min-CVaR,0.006125910627362119
2022-01-10,Crypto-Only Min-CVaR,-0.02570916575066952
2022-01-11,Crypto-Only Min-CVaR,0.037080610171393816
2022-01-12,Crypto-Only Min-CVaR,0.055768712718766295
2022-01-13,Crypto-Only Min-CVaR,-0.038147526721019676
2022-01-14,Crypto-Only Min-CVaR,0.023033181695144275
2022-01-15,Crypto-Only Min-CVaR,0.004609115767564573
2022-01-16,Crypto-Only Min-CVaR,0.026033077386344076
2022-01-17,Crypto-Only Min-CVaR,0.01964211370488162
2022-01-18,Crypto-Only Min-CVaR,-0.02988124314370516
2022-01-19,Crypto-Only Min-CVaR,-0.02962719920903966
2022-01-20,Crypto-Only Min-CVaR,-0.03697181844058192
2022-01-21,Crypto-Only Min-CVaR,-0.11609262729256019
2022-01-22,Crypto-Only Min-CVaR,-0.05385621813243133
2022-01-23,Crypto-Only Min-CVaR,0.04116261091318681
2022-01-24,Crypto-Only Min-CVaR,-0.028618503667911147
2022-01-25,Crypto-Only Min-CVaR,0.0010698202096945408
2022-01-26,Crypto-Only Min-CVaR,0.010567308358425875
2022-01-27,Crypto-Only Min-CVaR,-0.011406686239124102
2022-01-28,Crypto-Only Min-CVaR,0.024119560909943827
2022-01-29,Crypto-Only Min-CVaR,0.019284624542768136
2022-01-30,Crypto-Only Min-CVaR,-0.012804273469616224
2022-01-31,Crypto-Only Min-CVaR,0.01812260449872264
2022-02-01,Crypto-Only Min-CVaR,0.023024561135156066
2022-02-02,Crypto-Only Min-CVaR,-0.041500507677062475
2022-02-03,Crypto-Only Min-CVaR,0.011509288856427043
2022-02-04,Crypto-Only Min-CVaR,0.09608413279603856
2022-02-05,Crypto-Only Min-CVaR,0.002633341555249238
2022-02-06,Crypto-Only Min-CVaR,0.019979829779877473
2022-02-07,Crypto-Only Min-CVaR,0.03964334643624357
2022-02-08,Crypto-Only Min-CVaR,-0.003597513578778591
2022-02-09,Crypto-Only Min-CVaR,0.01792222405782752
2022-02-10,Crypto-Only Min-CVaR,-0.03068238004112639
2022-02-11,Crypto-Only Min-CVaR,-0.05172112101567983
2022-02-12,Crypto-Only Min-CVaR,-0.0070329619270429085
2022-02-13,Crypto-Only Min-CVaR,-0.0046542481679841645
2022-02-14,Crypto-Only Min-CVaR,0.007677416217215494
2022-02-15,Crypto-Only Min-CVaR,0.056116871886216
2022-02-16,Crypto-Only Min-CVaR,-0.014305428065414263
2022-02-17,Crypto-Only Min-CVaR,-0.0706982332643965
2022-02-18,Crypto-Only Min-CVaR,-0.01374297214075715
2022-02-19,Crypto-Only Min-CVaR,0.0024104934387115524
2022-02-20,Crypto-Only Min-CVaR,-0.04659692459663334
2022-02-21,Crypto-Only Min-CVaR,-0.04716777174275347
2022-02-22,Crypto-Only Min-CVaR,0.03506775272568642
2022-02-23,Crypto-Only Min-CVaR,-0.023661580081625423
2022-02-24,Crypto-Only Min-CVaR,0.00346080677973241
2022-02-25,Crypto-Only Min-CVaR,0.035611537851152064
2022-02-26,Crypto-Only Min-CVaR,-0.0029765255441472176
2022-02-27,Crypto-Only Min-CVaR,-0.03865976750823805
2022-02-28,Crypto-Only Min-CVaR,0.11143044166833282
2022-03-01,Crypto-Only Min-CVaR,0.013333337614180344
2022-03-02,Crypto-Only Min-CVaR,-0.013601733343745532
2022-03-03,Crypto-Only Min-CVaR,-0.0335824047200641
2022-03-04,Crypto-Only Min-CVaR,-0.06417192419549983
2022-03-05,Crypto-Only Min-CVaR,0.02355035836814675
2022-03-06,Crypto-Only Min-CVaR,-0.035683642537691976
2022-03-07,Crypto-Only Min-CVaR,-0.017001960052389572
2022-03-08,Crypto-Only Min-CVaR,0.019564622689391336
2022-03-09,Crypto-Only Min-CVaR,0.05543269917885961
2022-03-10,Crypto-Only Min-CVaR,-0.043868409803194244
2022-03-11,Crypto-Only Min-CVaR,-0.009583163496125209
2022-03-12,Crypto-Only Min-CVaR,-0.0003864772640847609
2022-03-13,Crypto-Only Min-CVaR,-0.014414776616583223
2022-03-14,Crypto-Only Min-CVaR,0.026670326180559024
2022-03-15,Crypto-Only Min-CVaR,0.000490749225808437
2022-03-16,Crypto-Only Min-CVaR,0.041433883263990084
2022-03-17,Crypto-Only Min-CVaR,0.0011758121644600784
2022-03-18,Crypto-Only Min-CVaR,0.025253259186155876
2022-03-19,Crypto-Only Min-CVaR,0.019136228167250805
2022-03-20,Crypto-Only Min-CVaR,-0.020949458965321594
2022-03-21,Crypto-Only Min-CVaR,0.016048973808701548
2022-03-22,Crypto-Only Min-CVaR,0.03720790685964838
2022-03-23,Crypto-Only Min-CVaR,0.04463375578884449
2022-03-24,Crypto-Only Min-CVaR,0.02233525152975309
2022-03-25,Crypto-Only Min-CVaR,-0.009308590258902561
2022-03-26,Crypto-Only Min-CVaR,0.021573825699212002
2022-03-27,Crypto-Only Min-CVaR,0.04240026489317411
2022-03-28,Crypto-Only Min-CVaR,0.0023914251822581417
2022-03-29,Crypto-Only Min-CVaR,0.012127760858132358
2022-03-30,Crypto-Only Min-CVaR,0.007990834416955101
2022-03-31,Crypto-Only Min-CVaR,-0.026494233003802298
2022-04-01,Crypto-Only Min-CVaR,0.02546303376331677
2022-04-02,Crypto-Only Min-CVaR,-0.00928906353792081
2022-04-03,Crypto-Only Min-CVaR,0.016235447072078354
2022-04-04,Crypto-Only Min-CVaR,-0.0006276617426130143
2022-04-05,Crypto-Only Min-CVaR,-0.027080743375402054
2022-04-06,Crypto-Only Min-CVaR,-0.07749095272052978
2022-04-07,Crypto-Only Min-CVaR,0.022165766903456424
2022-04-08,Crypto-Only Min-CVaR,-0.033598091963901205
2022-04-09,Crypto-Only Min-CVaR,0.01839267577653889
2022-04-10,Crypto-Only Min-CVaR,-0.01570815367673131
2022-04-11,Crypto-Only Min-CVaR,-0.07854275322209285
2022-04-12,Crypto-Only Min-CVaR,0.02487434933095428
2022-04-13,Crypto-Only Min-CVaR,0.024572681886798006
2022-04-14,Crypto-Only Min-CVaR,-0.030866224318761508
2022-04-15,Crypto-Only Min-CVaR,0.02088839998042224
2022-04-16,Crypto-Only Min-CVaR,0.0006884682825058612
2022-04-17,Crypto-Only Min-CVaR,-0.026712302188654773
2022-04-18,Crypto-Only Min-CVaR,0.02296792132834604
2022-04-19,Crypto-Only Min-CVaR,0.018679058884477476
2022-04-20,Crypto-Only Min-CVaR,-0.010888611798942672
2022-04-21,Crypto-Only Min-CVaR,0.009259916185698533
2022-04-22,Crypto-Only Min-CVaR,-0.02205253708033579
2022-04-23,Crypto-Only Min-CVaR,-0.006903844056021312
2022-04-24,Crypto-Only Min-CVaR,-0.008725853832648412
2022-04-25,Crypto-Only Min-CVaR,0.015781022172059025
2022-04-26,Crypto-Only Min-CVaR,-0.06495047927189249
2022-04-27,Crypto-Only Min-CVaR,0.023567236341524203
2022-04-28,Crypto-Only Min-CVaR,0.009924453870404467
2022-04-29,Crypto-Only Min-CVaR,-0.03187641999421707
2022-04-30,Crypto-Only Min-CVaR,-0.03285787679619427
2022-05-01,Crypto-Only Min-CVaR,0.054144248376904694
2022-05-02,Crypto-Only Min-CVaR,-0.005836073548337986
2022-05-03,Crypto-Only Min-CVaR,-0.00449182453767821
2022-05-04,Crypto-Only Min-CVaR,0.11169058212599914
2022-05-05,Crypto-Only Min-CVaR,-0.0969619942066057
2022-05-06,Crypto-Only Min-CVaR,0.022124693824261896
2022-05-07,Crypto-Only Min-CVaR,-0.024512794033260562
2022-05-08,Crypto-Only Min-CVaR,-0.018801567652066458
2022-05-09,Crypto-Only Min-CVaR,-0.13791268450635788
2022-05-10,Crypto-Only Min-CVaR,0.03703279281006368
2022-05-11,Crypto-Only Min-CVaR,-0.10606454131187368
2022-05-12,Crypto-Only Min-CVaR,-0.05311262665023746
2022-05-13,Crypto-Only Min-CVaR,0.06270530859044608
2022-05-14,Crypto-Only Min-CVaR,0.01387461890559678
2022-05-15,Crypto-Only Min-CVaR,0.049005162197934084
2022-05-16,Crypto-Only Min-CVaR,-0.0548059517331175
2022-05-17,Crypto-Only Min-CVaR,0.03417287784747961
2022-05-18,Crypto-Only Min-CVaR,-0.07322788630498665
2022-05-19,Crypto-Only Min-CVaR,0.04937413079205379
2022-05-20,Crypto-Only Min-CVaR,-0.031041509222422357
2022-05-21,Crypto-Only Min-CVaR,0.017864924144107588
2022-05-22,Crypto-Only Min-CVaR,0.036184544889570514
2022-05-23,Crypto-Only Min-CVaR,-0.03928357554433899
2022-05-24,Crypto-Only Min-CVaR,0.023222162983248903
2022-05-25,Crypto-Only Min-CVaR,0.001909460366323835
2022-05-26,Crypto-Only Min-CVaR,-0.04435144647023221
2022-05-27,Crypto-Only Min-CVaR,-0.035354032540497134
2022-05-28,Crypto-Only Min-CVaR,0.013892620665190038
2022-05-29,Crypto-Only Min-CVaR,0.022212865366292377
2022-05-30,Crypto-Only Min-CVaR,0.10164782114637118
2022-05-31,Crypto-Only Min-CVaR,0.02185668027099561
2022-06-01,Crypto-Only Min-CVaR,-0.06479217643330867
2022-06-02,Crypto-Only Min-CVaR,0.025806729080979987
2022-06-03,Crypto-Only Min-CVaR,-0.03429953347512463
2022-06-04,Crypto-Only Min-CVaR,0.005082994770661444
2022-06-05,Crypto-Only Min-CVaR,0.004642075706547172
2022-06-06,Crypto-Only Min-CVaR,0.039310450208194826
2022-06-07,Crypto-Only Min-CVaR,-0.004984960060683536
2022-06-08,Crypto-Only Min-CVaR,-0.0036838934868059776
2022-06-09,Crypto-Only Min-CVaR,-0.0038206988707701925
2022-06-10,Crypto-Only Min-CVaR,-0.055868045253082324
2022-06-11,Crypto-Only Min-CVaR,-0.04580075992847914
2022-06-12,Crypto-Only Min-CVaR,-0.052619491661771246
2022-06-13,Crypto-Only Min-CVaR,-0.13875734512795349
2022-06-14,Crypto-Only Min-CVaR,-0.01807171135046596
2022-06-15,Crypto-Only Min-CVaR,0.06469639729577628
2022-06-16,Crypto-Only Min-CVaR,-0.1010839931979811
2022-06-17,Crypto-Only Min-CVaR,0.01564119085940871
2022-06-18,Crypto-Only Min-CVaR,-0.0518039022455455
2022-06-19,Crypto-Only Min-CVaR,0.07272043440159806
2022-06-20,Crypto-Only Min-CVaR,0.0031430428686933937
2022-06-21,Crypto-Only Min-CVaR,0.008207819070998998
2022-06-22,Crypto-Only Min-CVaR,-0.04210707806589935
2022-06-23,Crypto-Only Min-CVaR,0.05051795076208604
2022-06-24,Crypto-Only Min-CVaR,0.03919734586199672
2022-06-25,Crypto-Only Min-CVaR,0.002836514514066466
2022-06-26,Crypto-Only Min-CVaR,-0.019743272738154124
2022-06-27,Crypto-Only Min-CVaR,0.0005833906156887452
2022-06-28,Crypto-Only Min-CVaR,-0.028357185714788867
2022-06-29,Crypto-Only Min-CVaR,-0.019343342814725217
2022-06-30,Crypto-Only Min-CVaR,-0.01465859024101717
2022-07-01,Crypto-Only Min-CVaR,-0.013901652421072132
2022-07-02,Crypto-Only Min-CVaR,0.005100788305419154
2022-07-03,Crypto-Only Min-CVaR,0.00732726315086416
2022-07-04,Crypto-Only Min-CVaR,0.04166716926307272
2022-07-05,Crypto-Only Min-CVaR,-0.007733100350182143
2022-07-06,Crypto-Only Min-CVaR,0.01664035654991394
2022-07-07,Crypto-Only Min-CVaR,0.03678205251651455
2022-07-08,Crypto-Only Min-CVaR,-0.0062973141798561135
2022-07-09,Crypto-Only Min-CVaR,0.006033477710498296
2022-07-10,Crypto-Only Min-CVaR,-0.034703925916669626
2022-07-11,Crypto-Only Min-CVaR,-0.05190184712136471
2022-07-12,Crypto-Only Min-CVaR,-0.03208055997723433
2022-07-13,Crypto-Only Min-CVaR,0.04834280916246485
2022-07-14,Crypto-Only Min-CVaR,0.02617580375258443
2022-07-15,Crypto-Only Min-CVaR,0.013579046181732762
2022-07-16,Crypto-Only Min-CVaR,0.04357142679655354
2022-07-17,Crypto-Only Min-CVaR,-0.018082268515674557
2022-07-18,Crypto-Only Min-CVaR,0.09874286639870286
2022-07-19,Crypto-Only Min-CVaR,0.017440254625621376
2022-07-20,Crypto-Only Min-CVaR,-0.024019463318281163
2022-07-21,Crypto-Only Min-CVaR,0.015196928607496493
2022-07-22,Crypto-Only Min-CVaR,-0.02279864888029592
2022-07-23,Crypto-Only Min-CVaR,0.016099073739426435
2022-07-24,Crypto-Only Min-CVaR,0.008404307524644957
2022-07-25,Crypto-Only Min-CVaR,-0.06827633794209487
2022-07-26,Crypto-Only Min-CVaR,-0.0015647217542429058
2022-07-27,Crypto-Only Min-CVaR,0.09021155374283722
2022-07-28,Crypto-Only Min-CVaR,0.029958373678387752
2022-07-29,Crypto-Only Min-CVaR,0.003553743411409358
2022-07-30,Crypto-Only Min-CVaR,-0.005178556441802642
2022-07-31,Crypto-Only Min-CVaR,-0.010715622652143155
2022-08-01,Crypto-Only Min-CVaR,-0.005243811806135338
2022-08-02,Crypto-Only Min-CVaR,-0.018014788105451884
2022-08-03,Crypto-Only Min-CVaR,-0.003528264087166333
2022-08-04,Crypto-Only Min-CVaR,-0.0011796916923939678
2022-08-05,Crypto-Only Min-CVaR,0.039581783647235455
2022-08-06,Crypto-Only Min-CVaR,-0.01268684014165989
2022-08-07,Crypto-Only Min-CVaR,0.012372972250762277
2022-08-08,Crypto-Only Min-CVaR,0.025389368485615012
2022-08-09,Crypto-Only Min-CVaR,-0.0344300673045676
2022-08-10,Crypto-Only Min-CVaR,0.04834770235150755
2022-08-11,Crypto-Only Min-CVaR,0.001474583369841341
2022-08-12,Crypto-Only Min-CVaR,0.01986456386665273
2022-08-13,Crypto-Only Min-CVaR,0.01049107381947045
2022-08-14,Crypto-Only Min-CVaR,-0.000760972120173804
2022-08-15,Crypto-Only Min-CVaR,-0.01950786935937242
2022-08-16,Crypto-Only Min-CVaR,-0.0009684901294750694
2022-08-17,Crypto-Only Min-CVaR,-0.025990419573393944
2022-08-18,Crypto-Only Min-CVaR,-0.014518961369325258
2022-08-19,Crypto-Only Min-CVaR,-0.10007963169116835
2022-08-20,Crypto-Only Min-CVaR,0.004232518740417165
2022-08-21,Crypto-Only Min-CVaR,0.01897299648263164
2022-08-22,Crypto-Only Min-CVaR,-0.003995899323069222
2022-08-23,Crypto-Only Min-CVaR,0.012426435631086582
2022-08-24,Crypto-Only Min-CVaR,-0.011170375888180824
2022-08-25,Crypto-Only Min-CVaR,0.014676953587499136
2022-08-26,Crypto-Only Min-CVaR,-0.07620566371426593
2022-08-27,Crypto-Only Min-CVaR,0.009764279978763434
2022-08-28,Crypto-Only Min-CVaR,-0.031885130788825
2022-08-29,Crypto-Only Min-CVaR,0.04964679805162476
2022-08-30,Crypto-Only Min-CVaR,-0.00563849843905562
2022-08-31,Crypto-Only Min-CVaR,0.0006853008732366215
2022-09-01,Crypto-Only Min-CVaR,0.011276530766421539
2022-09-02,Crypto-Only Min-CVaR,-0.007577978029672839
2022-09-03,Crypto-Only Min-CVaR,0.010138268005448687
2022-09-04,Crypto-Only Min-CVaR,0.017850090180364233
2022-09-05,Crypto-Only Min-CVaR,0.0009416073390686626
2022-09-06,Crypto-Only Min-CVaR,-0.047457844686203655
2022-09-07,Crypto-Only Min-CVaR,0.03013353916455864
2022-09-08,Crypto-Only Min-CVaR,-0.000829162452837834
2022-09-09,Crypto-Only Min-CVaR,0.06147321621204752
2022-09-10,Crypto-Only Min-CVaR,0.021138324113272752
2022-09-11,Crypto-Only Min-CVaR,-0.004597259336553517
2022-09-12,Crypto-Only Min-CVaR,-0.0047311180549621246
2022-09-13,Crypto-Only Min-CVaR,-0.06974640666857132
2022-09-14,Crypto-Only Min-CVaR,0.016484449337334187
2022-09-15,Crypto-Only Min-CVaR,-0.04137109053702678
2022-09-16,Crypto-Only Min-CVaR,-0.001201796183653965
2022-09-17,Crypto-Only Min-CVaR,0.021889790964155453
2022-09-18,Crypto-Only Min-CVaR,-0.057987404879072196
2022-09-19,Crypto-Only Min-CVaR,0.010856856921188564
2022-09-20,Crypto-Only Min-CVaR,-0.02687249503831375
2022-09-21,Crypto-Only Min-CVaR,-0.020933964287995453
2022-09-22,Crypto-Only Min-CVaR,0.04121505092352934
2022-09-23,Crypto-Only Min-CVaR,0.0009567876701297994
2022-09-24,Crypto-Only Min-CVaR,-0.014480947342058598
2022-09-25,Crypto-Only Min-CVaR,-0.009893214914504674
2022-09-26,Crypto-Only Min-CVaR,0.013108717501298193
2022-09-27,Crypto-Only Min-CVaR,-0.005732355620888066
2022-09-28,Crypto-Only Min-CVaR,0.0036649847225460044
2022-09-29,Crypto-Only Min-CVaR,0.00809307775892349
2022-09-30,Crypto-Only Min-CVaR,-0.005443298401000787
2022-10-01,Crypto-Only Min-CVaR,-0.009187462268818817
2022-10-02,Crypto-Only Min-CVaR,-0.014762589283469428
2022-10-03,Crypto-Only Min-CVaR,0.023980722110922607
2022-10-04,Crypto-Only Min-CVaR,0.024700445369711096
2022-10-05,Crypto-Only Min-CVaR,-0.006024055047167593
2022-10-06,Crypto-Only Min-CVaR,-0.0025748049759507802
2022-10-07,Crypto-Only Min-CVaR,-0.011745547849922783
2022-10-08,Crypto-Only Min-CVaR,-0.007472741244454981
2022-10-09,Crypto-Only Min-CVaR,0.004251840471650189
2022-10-10,Crypto-Only Min-CVaR,-0.020837983141111918
2022-10-11,Crypto-Only Min-CVaR,-0.015843383612193652
2022-10-12,Crypto-Only Min-CVaR,-0.0003023778563413246
2022-10-13,Crypto-Only Min-CVaR,-0.0044803056441625145
2022-10-14,Crypto-Only Min-CVaR,0.00487626354396385
2022-10-15,Crypto-Only Min-CVaR,-0.016260914840418205
2022-10-16,Crypto-Only Min-CVaR,0.0131969286902065
2022-10-17,Crypto-Only Min-CVaR,0.013491251730057018
2022-10-18,Crypto-Only Min-CVaR,-0.015532646586654363
2022-10-19,Crypto-Only Min-CVaR,-0.01668357340641819
2022-10-20,Crypto-Only Min-CVaR,-0.006478532645279944
2022-10-21,Crypto-Only Min-CVaR,0.008717158852742164
2022-10-22,Crypto-Only Min-CVaR,0.004979325558917483
2022-10-23,Crypto-Only Min-CVaR,0.02205061505173993
2022-10-24,Crypto-Only Min-CVaR,-0.011374399767482515
2022-10-25,Crypto-Only Min-CVaR,0.06439170966766361
2022-10-26,Crypto-Only Min-CVaR,0.031675330898032227
2022-10-27,Crypto-Only Min-CVaR,-0.02429198874280813
2022-10-28,Crypto-Only Min-CVaR,0.022350363885802454
2022-10-29,Crypto-Only Min-CVaR,0.023179734966150167
2022-10-30,Crypto-Only Min-CVaR,-0.018770073951683695
2022-10-31,Crypto-Only Min-CVaR,-0.0032970112198502976
2022-11-01,Crypto-Only Min-CVaR,-0.0037079540282650685
2022-11-02,Crypto-Only Min-CVaR,-0.027714247452347546
2022-11-03,Crypto-Only Min-CVaR,0.0060078255760185936
2022-11-04,Crypto-Only Min-CVaR,0.059278165694390296
2022-11-05,Crypto-Only Min-CVaR,0.00037633639452215855
2022-11-06,Crypto-Only Min-CVaR,-0.029601652896848338
2022-11-07,Crypto-Only Min-CVaR,-0.005893225900568415
2022-11-08,Crypto-Only Min-CVaR,-0.09868121663798782
2022-11-09,Crypto-Only Min-CVaR,-0.13931041182963816
2022-11-10,Crypto-Only Min-CVaR,0.1330871733417216
2022-11-11,Crypto-Only Min-CVaR,-0.027404656256719957
2022-11-12,Crypto-Only Min-CVaR,-0.025037925032591616
2022-11-13,Crypto-Only Min-CVaR,-0.039525348407526806
2022-11-14,Crypto-Only Min-CVaR,0.008877792123541867
2022-11-15,Crypto-Only Min-CVaR,0.013140506283543647
2022-11-16,Crypto-Only Min-CVaR,-0.016862567957229742
2022-11-17,Crypto-Only Min-CVaR,-0.009208822978400404
2022-11-18,Crypto-Only Min-CVaR,0.006661649643044557
2022-11-19,Crypto-Only Min-CVaR,0.010576589799150419
2022-11-20,Crypto-Only Min-CVaR,-0.04444784064644325
2022-11-21,Crypto-Only Min-CVaR,-0.014509423154002459
2022-11-22,Crypto-Only Min-CVaR,0.014663212380599852
2022-11-23,Crypto-Only Min-CVaR,0.02796673132328463
2022-11-24,Crypto-Only Min-CVaR,0.008395012665390148
2022-11-25,Crypto-Only Min-CVaR,-0.0031426114425600732
2022-11-26,Crypto-Only Min-CVaR,-0.0011795505232806635
2022-11-27,Crypto-Only Min-CVaR,-0.0014636919975239907
2022-11-28,Crypto-Only Min-CVaR,-0.014286005168628891
2022-11-29,Crypto-Only Min-CVaR,0.01702314919122279
2022-11-30,Crypto-Only Min-CVaR,0.04105257961526841
2022-12-01,Crypto-Only Min-CVaR,-0.012328674755013485
2022-12-02,Crypto-Only Min-CVaR,0.010438507702366144
2022-12-03,Crypto-Only Min-CVaR,-0.015993180626484152
2022-12-04,Crypto-Only Min-CVaR,0.011077843715527703
2022-12-05,Crypto-Only Min-CVaR,-0.008252202861987995
2022-12-06,Crypto-Only Min-CVaR,0.004945824123219201
2022-12-07,Crypto-Only Min-CVaR,-0.02026787745691365
2022-12-08,Crypto-Only Min-CVaR,0.025783523193411796
2022-12-09,Crypto-Only Min-CVaR,-0.006483964956726596
2022-12-10,Crypto-Only Min-CVaR,0.0017099128975569017
2022-12-11,Crypto-Only Min-CVaR,-0.008583021594667329
2022-12-12,Crypto-Only Min-CVaR,0.0008736743312675006
2022-12-13,Crypto-Only Min-CVaR,0.026583937279043325
2022-12-14,Crypto-Only Min-CVaR,0.00020844230153658355
2022-12-15,Crypto-Only Min-CVaR,-0.020513561515484734
2022-12-16,Crypto-Only Min-CVaR,-0.07242465347548885
2022-12-17,Crypto-Only Min-CVaR,0.01821909248104784
2022-12-18,Crypto-Only Min-CVaR,-0.006781127529529297
2022-12-19,Crypto-Only Min-CVaR,-0.021653206406906867
2022-12-20,Crypto-Only Min-CVaR,0.030221712578214183
2022-12-21,Crypto-Only Min-CVaR,-0.00819877198205592
2022-12-22,Crypto-Only Min-CVaR,0.007598317028727714
2022-12-23,Crypto-Only Min-CVaR,-0.003242287311340493
2022-12-24,Crypto-Only Min-CVaR,0.0032474171552697214
2022-12-25,Crypto-Only Min-CVaR,-0.0003565021851341233
2022-12-26,Crypto-Only Min-CVaR,0.007346433478784904
2022-12-27,Crypto-Only Min-CVaR,-0.01259502749054207
2022-12-28,Crypto-Only Min-CVaR,-0.0184969406799708
2022-12-29,Crypto-Only Min-CVaR,-0.0005271353284601321
2022-12-30,Crypto-Only Min-CVaR,0.0019181847413180693
2022-12-31,Crypto-Only Min-CVaR,-5.637846965384684e-05
2023-01-01,Crypto-Only Min-CVaR,0.006898929010934946
2023-01-02,Crypto-Only Min-CVaR,0.009430899515307001
2023-01-03,Crypto-Only Min-CVaR,-0.002598550527100913
2023-01-04,Crypto-Only Min-CVaR,0.02565282448622422
2023-01-05,Crypto-Only Min-CVaR,-0.0056729365218652975
2023-01-06,Crypto-Only Min-CVaR,0.009298974789021803
2023-01-07,Crypto-Only Min-CVaR,-0.004513315648090262
2023-01-08,Crypto-Only Min-CVaR,0.030725291131099047
2023-01-09,Crypto-Only Min-CVaR,0.029512783482425635
2023-01-10,Crypto-Only Min-CVaR,0.01118542389395288
2023-01-11,Crypto-Only Min-CVaR,0.024919804694998157
2023-01-12,Crypto-Only Min-CVaR,0.026385432369663973
2023-01-13,Crypto-Only Min-CVaR,0.04431713712247723
2023-01-14,Crypto-Only Min-CVaR,0.043399803591382125
2023-01-15,Crypto-Only Min-CVaR,-0.00025834043716801676
2023-01-16,Crypto-Only Min-CVaR,0.007284224687469593
2023-01-17,Crypto-Only Min-CVaR,-0.0073799253077324704
2023-01-18,Crypto-Only Min-CVaR,-0.03856636703524917
2023-01-19,Crypto-Only Min-CVaR,0.024870031853400358
2023-01-20,Crypto-Only Min-CVaR,0.06580955374081433
2023-01-21,Crypto-Only Min-CVaR,-0.005289183441820652
2023-01-22,Crypto-Only Min-CVaR,0.004379608241112636
2023-01-23,Crypto-Only Min-CVaR,0.006816163189648259
2023-01-24,Crypto-Only Min-CVaR,-0.03557628696547132
2023-01-25,Crypto-Only Min-CVaR,0.030529912211199387
2023-01-26,Crypto-Only Min-CVaR,0.0014026671457731963
2023-01-27,Crypto-Only Min-CVaR,0.012754663832466626
2023-01-28,Crypto-Only Min-CVaR,-0.010459595309640234
2023-01-29,Crypto-Only Min-CVaR,0.03153421948531642
2023-01-30,Crypto-Only Min-CVaR,-0.042731507188810455
2023-01-31,Crypto-Only Min-CVaR,0.017920147447039875
2023-02-01,Crypto-Only Min-CVaR,0.023052273598435258
2023-02-02,Crypto-Only Min-CVaR,-8.507751234951288e-05
2023-02-03,Crypto-Only Min-CVaR,0.008753345513228365
2023-02-04,Crypto-Only Min-CVaR,-0.004552134028320427
2023-02-05,Crypto-Only Min-CVaR,-0.01301029597880832
2023-02-06,Crypto-Only Min-CVaR,-0.014373343436861542
2023-02-07,Crypto-Only Min-CVaR,0.0352606319186827
2023-02-08,Crypto-Only Min-CVaR,-0.005778317477998973
2023-02-09,Crypto-Only Min-CVaR,-0.06391527961431848
2023-02-10,Crypto-Only Min-CVaR,-0.006882624648848895
2023-02-11,Crypto-Only Min-CVaR,0.015941044797110004
2023-02-12,Crypto-Only Min-CVaR,-0.008182919967001295
2023-02-13,Crypto-Only Min-CVaR,0.002630224352608679
2023-02-14,Crypto-Only Min-CVaR,0.035984054728199266
2023-02-15,Crypto-Only Min-CVaR,0.07800150654779575
2023-02-16,Crypto-Only Min-CVaR,-0.044038716841197145
2023-02-17,Crypto-Only Min-CVaR,0.04201209586872112
2023-02-18,Crypto-Only Min-CVaR,0.0006789827864757403
2023-02-19,Crypto-Only Min-CVaR,-0.007665326501730602
2023-02-20,Crypto-Only Min-CVaR,0.016269057035156576
2023-02-21,Crypto-Only Min-CVaR,-0.026272637824629186
2023-02-22,Crypto-Only Min-CVaR,-0.007110442535307793
2023-02-23,Crypto-Only Min-CVaR,-0.00451651725086466
2023-02-24,Crypto-Only Min-CVaR,-0.031775420265394566
2023-02-25,Crypto-Only Min-CVaR,-0.004764568400583508
2023-02-26,Crypto-Only Min-CVaR,0.022104791955749048
2023-02-27,Crypto-Only Min-CVaR,-0.004573309109684398
2023-02-28,Crypto-Only Min-CVaR,-0.018256947524075168
2023-03-01,Crypto-Only Min-CVaR,0.02309468135944004
2023-03-02,Crypto-Only Min-CVaR,-0.012084394134362741
2023-03-03,Crypto-Only Min-CVaR,-0.037987440360748276
2023-03-04,Crypto-Only Min-CVaR,-0.00678006779350504
2023-03-05,Crypto-Only Min-CVaR,0.0031196439629297135
2023-03-06,Crypto-Only Min-CVaR,-0.003715046322678467
2023-03-07,Crypto-Only Min-CVaR,-0.007688719577412906
2023-03-08,Crypto-Only Min-CVaR,-0.023648546957731303
2023-03-09,Crypto-Only Min-CVaR,-0.0634287892736497
2023-03-10,Crypto-Only Min-CVaR,-0.003684545026939129
2023-03-11,Crypto-Only Min-CVaR,0.016587025678363704
2023-03-12,Crypto-Only Min-CVaR,0.0793461674317611
2023-03-13,Crypto-Only Min-CVaR,0.05662339709611208
2023-03-14,Crypto-Only Min-CVaR,0.008594248675362681
2023-03-15,Crypto-Only Min-CVaR,-0.031745170707181775
2023-03-16,Crypto-Only Min-CVaR,0.010897968268155533
2023-03-17,Crypto-Only Min-CVaR,0.069445652724958
2023-03-18,Crypto-Only Min-CVaR,-0.024686175050177145
2023-03-19,Crypto-Only Min-CVaR,0.02286860739008645
2023-03-20,Crypto-Only Min-CVaR,-0.025357117770280713
2023-03-21,Crypto-Only Min-CVaR,0.050971340396222586
2023-03-22,Crypto-Only Min-CVaR,-0.05160672090256238
2023-03-23,Crypto-Only Min-CVaR,0.05130454293114024
2023-03-24,Crypto-Only Min-CVaR,-0.03146321887500282
2023-03-25,Crypto-Only Min-CVaR,-0.004187605947890598
2023-03-26,Crypto-Only Min-CVaR,0.014106670719019627
2023-03-27,Crypto-Only Min-CVaR,-0.024531772946502238
2023-03-28,Crypto-Only Min-CVaR,0.027965191441036676
2023-03-29,Crypto-Only Min-CVaR,0.022377785301776774
2023-03-30,Crypto-Only Min-CVaR,-0.0037624115416958594
2023-03-31,Crypto-Only Min-CVaR,0.024874220829668506
2023-04-01,Crypto-Only Min-CVaR,-0.004996660856930545
2023-04-02,Crypto-Only Min-CVaR,-0.01255863447817122
2023-04-03,Crypto-Only Min-CVaR,0.0028106863013779458
2023-04-04,Crypto-Only Min-CVaR,0.013630099393636734
2023-04-05,Crypto-Only Min-CVaR,0.008077955422962276
2023-04-06,Crypto-Only Min-CVaR,-0.011450930089147458
2023-04-07,Crypto-Only Min-CVaR,-0.0015381745879968507
2023-04-08,Crypto-Only Min-CVaR,-0.0012052856411283173
2023-04-09,Crypto-Only Min-CVaR,0.009091581478232249
2023-04-10,Crypto-Only Min-CVaR,0.025832057150054648
2023-04-11,Crypto-Only Min-CVaR,0.0017214824634263232
2023-04-12,Crypto-Only Min-CVaR,0.0002974222956685687
2023-04-13,Crypto-Only Min-CVaR,0.025615601652706186
2023-04-14,Crypto-Only Min-CVaR,0.02232174384459872
2023-04-15,Crypto-Only Min-CVaR,0.0035836262844795874
2023-04-16,Crypto-Only Min-CVaR,0.004851297445400914
2023-04-17,Crypto-Only Min-CVaR,-0.02448819939949738
2023-04-18,Crypto-Only Min-CVaR,0.02085161988955022
2023-04-19,Crypto-Only Min-CVaR,-0.05257166199373973
2023-04-20,Crypto-Only Min-CVaR,-0.01443680718685825
2023-04-21,Crypto-Only Min-CVaR,-0.03300972256921345
2023-04-22,Crypto-Only Min-CVaR,0.021095491445857893
2023-04-23,Crypto-Only Min-CVaR,-0.005692503480147472
2023-04-24,Crypto-Only Min-CVaR,-0.008359137385713804
2023-04-25,Crypto-Only Min-CVaR,0.016022597724605098
2023-04-26,Crypto-Only Min-CVaR,0.0013465286743213987
2023-04-27,Crypto-Only Min-CVaR,0.02200139979588308
2023-04-28,Crypto-Only Min-CVaR,-0.001784931868661255
2023-04-29,Crypto-Only Min-CVaR,0.005306419712424688
2023-04-30,Crypto-Only Min-CVaR,-0.009770107585232382
2023-05-01,Crypto-Only Min-CVaR,-0.018054336731422174
2023-05-02,Crypto-Only Min-CVaR,0.016164878018733994
2023-05-03,Crypto-Only Min-CVaR,0.008493662481535979
2023-05-04,Crypto-Only Min-CVaR,-0.007897320677543576
2023-05-05,Crypto-Only Min-CVaR,0.0316017532108074
2023-05-06,Crypto-Only Min-CVaR,-0.028386161951454957
2023-05-07,Crypto-Only Min-CVaR,-0.013011475398206972
2023-05-08,Crypto-Only Min-CVaR,-0.020447593514369686
2023-05-09,Crypto-Only Min-CVaR,0.0006098125989636414
2023-05-10,Crypto-Only Min-CVaR,0.00381500354430162
2023-05-11,Crypto-Only Min-CVaR,-0.023918800614062128
2023-05-12,Crypto-Only Min-CVaR,0.011353145974734672
2023-05-13,Crypto-Only Min-CVaR,-0.004333213608405575
2023-05-14,Crypto-Only Min-CVaR,0.005702658213953684
2023-05-15,Crypto-Only Min-CVaR,0.005658135370309489
2023-05-16,Crypto-Only Min-CVaR,0.0007611900815027307
2023-05-17,Crypto-Only Min-CVaR,0.009632267912178841
2023-05-18,Crypto-Only Min-CVaR,-0.012630178426460517
2023-05-19,Crypto-Only Min-CVaR,0.0012506444528695027
2023-05-20,Crypto-Only Min-CVaR,0.009064684651525648
2023-05-21,Crypto-Only Min-CVaR,-0.0010285818838437523
2023-05-22,Crypto-Only Min-CVaR,0.017626090177146253
2023-05-23,Crypto-Only Min-CVaR,0.011082147248297154
2023-05-24,Crypto-Only Min-CVaR,-0.02480016169111921
2023-05-25,Crypto-Only Min-CVaR,-0.001315338802194469
2023-05-26,Crypto-Only Min-CVaR,0.004132507832171818
2023-05-27,Crypto-Only Min-CVaR,0.00977273325916653
2023-05-28,Crypto-Only Min-CVaR,0.03274058656471579
2023-05-29,Crypto-Only Min-CVaR,-0.011415384223644345
2023-05-30,Crypto-Only Min-CVaR,0.0013963868454653732
2023-05-31,Crypto-Only Min-CVaR,-0.012858154787646039
2023-06-01,Crypto-Only Min-CVaR,-0.013060625810174219
2023-06-02,Crypto-Only Min-CVaR,0.045073112340392345
2023-06-03,Crypto-Only Min-CVaR,-0.007631646389892848
2023-06-04,Crypto-Only Min-CVaR,-0.00022603058329451892
2023-06-05,Crypto-Only Min-CVaR,-0.04844851430239604
2023-06-06,Crypto-Only Min-CVaR,0.02578498590528281
2023-06-07,Crypto-Only Min-CVaR,-0.039806556195071355
2023-06-08,Crypto-Only Min-CVaR,0.0063908165376495695
2023-06-09,Crypto-Only Min-CVaR,-0.03644073317539953
2023-06-10,Crypto-Only Min-CVaR,-0.042760888266480876
2023-06-11,Crypto-Only Min-CVaR,0.0008424394068391582
2023-06-12,Crypto-Only Min-CVaR,0.002843749298290831
2023-06-13,Crypto-Only Min-CVaR,0.0024809579928251344
2023-06-14,Crypto-Only Min-CVaR,-0.034281870668986636
2023-06-15,Crypto-Only Min-CVaR,0.004081801400336523
2023-06-16,Crypto-Only Min-CVaR,0.015040391446011023
2023-06-17,Crypto-Only Min-CVaR,0.011302747889496482
2023-06-18,Crypto-Only Min-CVaR,-0.012296437562019744
2023-06-19,Crypto-Only Min-CVaR,0.008744487159891916
2023-06-20,Crypto-Only Min-CVaR,0.031014372257097994
2023-06-21,Crypto-Only Min-CVaR,0.049777294015459286
2023-06-22,Crypto-Only Min-CVaR,-0.002649927911641029
2023-06-23,Crypto-Only Min-CVaR,0.019165620851269917
2023-06-24,Crypto-Only Min-CVaR,-0.010443039550686435
2023-06-25,Crypto-Only Min-CVaR,0.00819483967065047
2023-06-26,Crypto-Only Min-CVaR,-0.013280659792652843
2023-06-27,Crypto-Only Min-CVaR,0.01903113673831739
2023-06-28,Crypto-Only Min-CVaR,-0.02983520383999936
2023-06-29,Crypto-Only Min-CVaR,0.01596729708482682
2023-06-30,Crypto-Only Min-CVaR,0.029087999845077345
2023-07-01,Crypto-Only Min-CVaR,0.005572217623642149
2023-07-02,Crypto-Only Min-CVaR,-0.0022230527370668057
2023-07-03,Crypto-Only Min-CVaR,0.013468030150481074
2023-07-04,Crypto-Only Min-CVaR,-0.00981784224220919
2023-07-05,Crypto-Only Min-CVaR,-0.012406628035312745
2023-07-06,Crypto-Only Min-CVaR,-0.01862834804330859
2023-07-07,Crypto-Only Min-CVaR,0.015742210239446955
2023-07-08,Crypto-Only Min-CVaR,0.008229651960736266
2023-07-09,Crypto-Only Min-CVaR,-0.01335903885129472
2023-07-10,Crypto-Only Min-CVaR,0.007438739888473463
2023-07-11,Crypto-Only Min-CVaR,0.0029314560411316404
2023-07-12,Crypto-Only Min-CVaR,-0.0050481902835069516
2023-07-13,Crypto-Only Min-CVaR,0.12493682589630647
2023-07-14,Crypto-Only Min-CVaR,-0.046137829734689724
2023-07-15,Crypto-Only Min-CVaR,-0.0026707689468028844
2023-07-16,Crypto-Only Min-CVaR,-0.008798556490740751
2023-07-17,Crypto-Only Min-CVaR,-0.004644907985351533
2023-07-18,Crypto-Only Min-CVaR,-0.005435485387571388
2023-07-19,Crypto-Only Min-CVaR,0.02077746938470265
2023-07-20,Crypto-Only Min-CVaR,-0.0014145146656265885
2023-07-21,Crypto-Only Min-CVaR,-0.0033022276906628056
2023-07-22,Crypto-Only Min-CVaR,0.0022776043771914
2023-07-23,Crypto-Only Min-CVaR,0.009080472668068947
2023-07-24,Crypto-Only Min-CVaR,-0.029442125301848008
2023-07-25,Crypto-Only Min-CVaR,0.001832295965204732
2023-07-26,Crypto-Only Min-CVaR,0.010208280520787167
2023-07-27,Crypto-Only Min-CVaR,-7.640684911909383e-05
2023-07-28,Crypto-Only Min-CVaR,0.01236348131781105
2023-07-29,Crypto-Only Min-CVaR,-0.004272750830717001
2023-07-30,Crypto-Only Min-CVaR,-0.013512404425955405
2023-07-31,Crypto-Only Min-CVaR,-0.014612167649496879
2023-08-01,Crypto-Only Min-CVaR,0.011156986105259177
2023-08-02,Crypto-Only Min-CVaR,-0.026407155017947354
2023-08-03,Crypto-Only Min-CVaR,-0.005240151231970385
2023-08-04,Crypto-Only Min-CVaR,-0.006424094497212816
2023-08-05,Crypto-Only Min-CVaR,0.0042998651127913266
2023-08-06,Crypto-Only Min-CVaR,-0.0036758600492517324
2023-08-07,Crypto-Only Min-CVaR,0.0025023593634486774
2023-08-08,Crypto-Only Min-CVaR,0.013604725024189367
2023-08-09,Crypto-Only Min-CVaR,-0.0018193901853317306
2023-08-10,Crypto-Only Min-CVaR,-0.0041541204465968245
2023-08-11,Crypto-Only Min-CVaR,-0.0018053104119671154
2023-08-12,Crypto-Only Min-CVaR,-0.0006661719872514966
2023-08-13,Crypto-Only Min-CVaR,-0.0044987557793462665
2023-08-14,Crypto-Only Min-CVaR,0.002576914080105343
2023-08-15,Crypto-Only Min-CVaR,-0.017162582838703408
2023-08-16,Crypto-Only Min-CVaR,-0.01947477369136653
2023-08-17,Crypto-Only Min-CVaR,-0.06464688361880801
2023-08-18,Crypto-Only Min-CVaR,-0.0025397152676952042
2023-08-19,Crypto-Only Min-CVaR,0.014118412481943208
2023-08-20,Crypto-Only Min-CVaR,0.016971242149752826
2023-08-21,Crypto-Only Min-CVaR,-0.013786686468987642
2023-08-22,Crypto-Only Min-CVaR,-0.010199485629097758
2023-08-23,Crypto-Only Min-CVaR,0.02791536518805146
2023-08-24,Crypto-Only Min-CVaR,-0.01342821626789617
2023-08-25,Crypto-Only Min-CVaR,-0.0010284358474186596
2023-08-26,Crypto-Only Min-CVaR,-0.003021188483708764
2023-08-27,Crypto-Only Min-CVaR,0.0035890916019378533
2023-08-28,Crypto-Only Min-CVaR,-0.0035410327727931515
2023-08-29,Crypto-Only Min-CVaR,0.03742747317383899
2023-08-30,Crypto-Only Min-CVaR,-0.019635383493561642
2023-08-31,Crypto-Only Min-CVaR,-0.027617718157885496
2023-09-01,Crypto-Only Min-CVaR,-0.008023741789006774
2023-09-02,Crypto-Only Min-CVaR,0.005145458024781862
2023-09-03,Crypto-Only Min-CVaR,0.005919998967748415
2023-09-04,Crypto-Only Min-CVaR,0.003454299124145083
2023-09-05,Crypto-Only Min-CVaR,-0.0009310707357668045
2023-09-06,Crypto-Only Min-CVaR,0.005156687067079897
2023-09-07,Crypto-Only Min-CVaR,0.008634305414731536
2023-09-08,Crypto-Only Min-CVaR,-0.005945872867627885
2023-09-09,Crypto-Only Min-CVaR,0.0018990695194226988
2023-09-10,Crypto-Only Min-CVaR,-0.007919949396285118
2023-09-11,Crypto-Only Min-CVaR,-0.027532365346181517
2023-09-12,Crypto-Only Min-CVaR,0.022823689447240333
2023-09-13,Crypto-Only Min-CVaR,0.009262857776368386
2023-09-14,Crypto-Only Min-CVaR,0.015004730614597816
2023-09-15,Crypto-Only Min-CVaR,0.00415015538758614
2023-09-16,Crypto-Only Min-CVaR,-0.0036626504382070452
2023-09-17,Crypto-Only Min-CVaR,-0.006765503346347295
2023-09-18,Crypto-Only Min-CVaR,0.01069887196719087
2023-09-19,Crypto-Only Min-CVaR,0.00974445997582448
2023-09-20,Crypto-Only Min-CVaR,-0.006984790333014704
2023-09-21,Crypto-Only Min-CVaR,-0.021736338654874024
2023-09-22,Crypto-Only Min-CVaR,0.002676507994311398
2023-09-23,Crypto-Only Min-CVaR,0.0013363339463592686
2023-09-24,Crypto-Only Min-CVaR,-0.008582939188955835
2023-09-25,Crypto-Only Min-CVaR,0.007011560944756665
2023-09-26,Crypto-Only Min-CVaR,-0.0010361808487780921
2023-09-27,Crypto-Only Min-CVaR,0.004124293917374386
2023-09-28,Crypto-Only Min-CVaR,0.023258873094515433
2023-09-29,Crypto-Only Min-CVaR,0.008866087182485348
2023-09-30,Crypto-Only Min-CVaR,0.002945985900577934
2023-10-01,Crypto-Only Min-CVaR,0.033067108482450924
2023-10-02,Crypto-Only Min-CVaR,-0.02717172663873814
2023-10-03,Crypto-Only Min-CVaR,0.010438411468688026
2023-10-04,Crypto-Only Min-CVaR,-0.00505276025518255
2023-10-05,Crypto-Only Min-CVaR,-0.011191699815711926
2023-10-06,Crypto-Only Min-CVaR,0.011321781075312306
2023-10-07,Crypto-Only Min-CVaR,-0.004037797680465148
2023-10-08,Crypto-Only Min-CVaR,-0.0026591087813617542
2023-10-09,Crypto-Only Min-CVaR,-0.022203389590012966
2023-10-10,Crypto-Only Min-CVaR,-0.006111344980944341
2023-10-11,Crypto-Only Min-CVaR,-0.007266977603152401
2023-10-12,Crypto-Only Min-CVaR,-0.010884951402005093
2023-10-13,Crypto-Only Min-CVaR,0.005257393665095582
2023-10-14,Crypto-Only Min-CVaR,0.00035661952339272485
2023-10-15,Crypto-Only Min-CVaR,0.008799546852840717
2023-10-16,Crypto-Only Min-CVaR,0.030008770631459677
2023-10-17,Crypto-Only Min-CVaR,-0.01227064367661897
2023-10-18,Crypto-Only Min-CVaR,-0.002312897111140496
2023-10-19,Crypto-Only Min-CVaR,0.012043558612985533
2023-10-20,Crypto-Only Min-CVaR,0.019585278458966945
2023-10-21,Crypto-Only Min-CVaR,0.014892246017345356
2023-10-22,Crypto-Only Min-CVaR,0.006305333738090899
2023-10-23,Crypto-Only Min-CVaR,0.06086494837796126
2023-10-24,Crypto-Only Min-CVaR,0.008853960171090986
2023-10-25,Crypto-Only Min-CVaR,0.008807852279135314
2023-10-26,Crypto-Only Min-CVaR,0.0023157828429072186
2023-10-27,Crypto-Only Min-CVaR,-0.002252098623202446
2023-10-28,Crypto-Only Min-CVaR,0.004309670820021631
2023-10-29,Crypto-Only Min-CVaR,0.011115276931575843
2023-10-30,Crypto-Only Min-CVaR,0.010573066690089186
2023-10-31,Crypto-Only Min-CVaR,0.0017679435380646763
2023-11-01,Crypto-Only Min-CVaR,0.027818775460325712
2023-11-02,Crypto-Only Min-CVaR,-0.003189261754412251
2023-11-03,Crypto-Only Min-CVaR,0.002438116678283311
2023-11-04,Crypto-Only Min-CVaR,0.007228130813266845
2023-11-05,Crypto-Only Min-CVaR,0.016998195511658553
2023-11-06,Crypto-Only Min-CVaR,0.014593433374276155
2023-11-07,Crypto-Only Min-CVaR,-0.009752975147875308
2023-11-08,Crypto-Only Min-CVaR,0.010173958141452756
2023-11-09,Crypto-Only Min-CVaR,0.037822970452924334
2023-11-10,Crypto-Only Min-CVaR,0.02333275351337999
2023-11-11,Crypto-Only Min-CVaR,0.00015483891298211333
2023-11-12,Crypto-Only Min-CVaR,-0.0013746917662106725
2023-11-13,Crypto-Only Min-CVaR,-0.013065879356289695
2023-11-14,Crypto-Only Min-CVaR,-0.03391965866072681
2023-11-15,Crypto-Only Min-CVaR,0.04245283154053171
2023-11-16,Crypto-Only Min-CVaR,-0.03535757090899948
2023-11-17,Crypto-Only Min-CVaR,0.004539895309794473
2023-11-18,Crypto-Only Min-CVaR,0.002469751784018701
2023-11-19,Crypto-Only Min-CVaR,0.017972251736398562
2023-11-20,Crypto-Only Min-CVaR,-0.00747373403900708
2023-11-21,Crypto-Only Min-CVaR,-0.04726185264115779
2023-11-22,Crypto-Only Min-CVaR,0.05397341119543978
2023-11-23,Crypto-Only Min-CVaR,0.003081492031771244
2023-11-24,Crypto-Only Min-CVaR,0.012120631100959931
2023-11-25,Crypto-Only Min-CVaR,0.015150208221803518
2023-11-26,Crypto-Only Min-CVaR,-0.010024334804905232
2023-11-27,Crypto-Only Min-CVaR,-0.02546528463047293
2023-11-28,Crypto-Only Min-CVaR,0.013026424663920958
2023-11-29,Crypto-Only Min-CVaR,-0.0022621318948318654
2023-11-30,Crypto-Only Min-CVaR,-0.0009716974105384306
2023-12-01,Crypto-Only Min-CVaR,0.014335930743288518
2023-12-02,Crypto-Only Min-CVaR,0.021492021455364347
2023-12-03,Crypto-Only Min-CVaR,0.005502019942233615
2023-12-04,Crypto-Only Min-CVaR,0.024409324427412726
2023-12-05,Crypto-Only Min-CVaR,0.024489615372649334
2023-12-06,Crypto-Only Min-CVaR,0.0027990228611309027
2023-12-07,Crypto-Only Min-CVaR,0.015477944797089013
2023-12-08,Crypto-Only Min-CVaR,0.04543303341264826
2023-12-09,Crypto-Only Min-CVaR,0.0035928033424879394
2023-12-10,Crypto-Only Min-CVaR,0.008359423465386259
2023-12-11,Crypto-Only Min-CVaR,-0.054888979965152206
2023-12-12,Crypto-Only Min-CVaR,0.005118212401071179
2023-12-13,Crypto-Only Min-CVaR,0.041724481081124816
2023-12-14,Crypto-Only Min-CVaR,0.0071707545782276946
2023-12-15,Crypto-Only Min-CVaR,-0.04012899788231852
2023-12-16,Crypto-Only Min-CVaR,0.00814838305510826
2023-12-17,Crypto-Only Min-CVaR,-0.01862324452605741
2023-12-18,Crypto-Only Min-CVaR,0.012363619283858767
2023-12-19,Crypto-Only Min-CVaR,-0.014698830225635399
2023-12-20,Crypto-Only Min-CVaR,0.02143890826119757
2023-12-21,Crypto-Only Min-CVaR,0.02388561249093466
2023-12-22,Crypto-Only Min-CVaR,0.009373749381595185
2023-12-23,Crypto-Only Min-CVaR,-0.0022959448786901964
2023-12-24,Crypto-Only Min-CVaR,-0.015648628911073523
2023-12-25,Crypto-Only Min-CVaR,0.016024483893827435
2023-12-26,Crypto-Only Min-CVaR,-0.025341207421685066
2023-12-27,Crypto-Only Min-CVaR,0.03636045216467777
2023-12-28,Crypto-Only Min-CVaR,-0.0109514776696756
2023-12-29,Crypto-Only Min-CVaR,-0.011955164137578304
2023-12-30,Crypto-Only Min-CVaR,-0.0008874859762031469
2023-12-31,Crypto-Only Min-CVaR,-0.00014212064614279978
