trading_day,sector,sentiment,n_tickers
2020-01-02,Comm,0.11544833333333333,4
2020-01-02,Consumer,-0.06817095238095237,5
2020-01-02,Energy,0.011983333333333328,5
2020-01-02,Financials,0.06496666666666667,5
2020-01-02,Healthcare,0.1363554761904762,5
2020-01-02,Industrials,0.11497300000000002,5
2020-01-02,Materials,0.013411111111111111,3
2020-01-02,RealEstate,0.02035,2
2020-01-02,Tech,0.10158134615384615,4
2020-01-02,Utilities,0.3612,1
2020-01-03,Comm,0.016425,2
2020-01-03,Consumer,-0.23034791666666668,4
2020-01-03,Energy,-0.11866809090909092,5
2020-01-03,Financials,0.08810000000000001,3
2020-01-03,Healthcare,0.09495,2
2020-01-03,Industrials,-0.21636249999999999,4
2020-01-03,Materials,-0.058349999999999985,2
2020-01-03,RealEstate,0.10686666666666667,3
2020-01-03,Tech,0.08120267857142857,4
2020-01-03,Utilities,0.010933333333333333,2
2020-01-06,Comm,0.09601111111111112,3
2020-01-06,Consumer,0.026227083333333335,5
2020-01-06,Energy,-0.011302196969696974,5
2020-01-06,Financials,0.03407399999999999,5
2020-01-06,Healthcare,0.182132,5
2020-01-06,Industrials,0.03209907407407407,3
2020-01-06,Materials,-0.15472750000000002,4
2020-01-06,RealEstate,0.007533333333333333,3
2020-01-06,Tech,0.04673000000000001,5
2020-01-06,Utilities,-0.020887500000000003,4
2020-01-07,Comm,0.15553333333333333,3
2020-01-07,Consumer,0.08132750000000001,5
2020-01-07,Energy,-0.009894444444444437,3
2020-01-07,Financials,0.13442875,4
2020-01-07,Healthcare,0.08464800000000001,5
2020-01-07,Industrials,0.004971428571428571,4
2020-01-07,Materials,0.12246666666666667,3
2020-01-07,RealEstate,0.01745,2
2020-01-07,Tech,0.13754303571428572,4
2020-01-07,Utilities,0.3612,1
2020-01-08,Comm,0.05927,4
2020-01-08,Consumer,0.07723214285714286,4
2020-01-08,Energy,-0.12723666666666666,5
2020-01-08,Financials,0.32661666666666667,3
2020-01-08,Healthcare,0.12843333333333334,3
2020-01-08,Industrials,-0.03869682539682539,3
2020-01-08,Materials,-0.2546125,2
2020-01-08,RealEstate,-0.094325,2
2020-01-08,Tech,0.16129749999999998,4
2020-01-08,Utilities,0.2899333333333333,3
2020-01-09,Comm,-0.027080000000000003,5
2020-01-09,Consumer,0.1282181746031746,5
2020-01-09,Energy,-0.008277499999999998,4
2020-01-09,Financials,0.14523999999999998,5
2020-01-09,Healthcare,0.053994444444444435,3
2020-01-09,Industrials,0.015456666666666665,5
2020-01-09,Materials,-0.13731111111111113,3
2020-01-09,RealEstate,0.0077,1
2020-01-09,Tech,0.089176,5
2020-01-09,Utilities,0.015000000000000001,4
2020-01-10,Comm,-0.12117916666666667,4
2020-01-10,Consumer,0.12495799999999999,5
2020-01-10,Energy,-0.200256,5
2020-01-10,Financials,0.17256666666666665,3
2020-01-10,Healthcare,0.03246,5
2020-01-10,Industrials,0.022949999999999988,3
2020-01-10,Materials,-0.17615,4
2020-01-10,RealEstate,0.01044,5
2020-01-10,Tech,0.20564875000000002,4
2020-01-10,Utilities,0.027512500000000002,4
2020-01-13,Comm,0.027043750000000002,2
2020-01-13,Consumer,0.027223714285714296,5
2020-01-13,Energy,0.06339,5
2020-01-13,Financials,0.10831428571428572,5
2020-01-13,Healthcare,0.0693975,5
2020-01-13,Industrials,0.0456375,4
2020-01-13,Materials,0.3237833333333333,2
2020-01-13,RealEstate,0.08673333333333333,1
2020-01-13,Tech,0.18527149999999998,5
2020-01-13,Utilities,-0.025899999999999996,4
2020-01-14,Comm,0.05148333333333334,2
2020-01-14,Consumer,0.011278333333333333,5
2020-01-14,Energy,0.04658166666666667,5
2020-01-14,Financials,0.03647142857142858,5
2020-01-14,Healthcare,0.049975000000000006,4
2020-01-14,Industrials,0.15387833333333334,3
2020-01-14,Materials,0.11859999999999998,2
2020-01-14,RealEstate,0.0,1
2020-01-14,Tech,0.1777333333333333,3
2020-01-14,Utilities,0.14475000000000002,3
2020-01-15,Comm,0.018138888888888885,3
2020-01-15,Consumer,0.034347380952380956,4
2020-01-15,Energy,0.011300000000000001,5
2020-01-15,Financials,0.042468000000000006,5
2020-01-15,Healthcare,0.23234166666666667,3
2020-01-15,Industrials,-0.0377375,4
2020-01-15,Materials,0.15795,2
2020-01-15,RealEstate,0.0066125,2
2020-01-15,Tech,0.040085333333333334,5
2020-01-15,Utilities,0.044845833333333335,4
2020-01-16,Comm,0.07806458333333333,4
2020-01-16,Consumer,0.0805975,4
2020-01-16,Energy,0.19899238095238095,3
2020-01-16,Financials,0.1432251623931624,5
2020-01-16,Healthcare,0.1739,4
2020-01-16,Industrials,0.10043333333333333,2
2020-01-16,Materials,0.013225,4
2020-01-16,RealEstate,0.21320000000000003,3
2020-01-16,Tech,0.2407638888888889,4
2020-01-16,Utilities,0.032579166666666666,4
2020-01-17,Comm,0.0322,3
2020-01-17,Consumer,0.09828711111111112,5
2020-01-17,Energy,-0.004359722222222216,4
2020-01-17,Financials,0.20757799999999998,5
2020-01-17,Healthcare,0.14222777777777776,3
2020-01-17,Industrials,0.159475,4
2020-01-17,Materials,0.14006666666666664,3
2020-01-17,RealEstate,0.01675,2
2020-01-17,Tech,0.11770202963702965,5
2020-01-17,Utilities,0.03369111111111111,5
2020-01-21,Comm,0.022704166666666664,4
2020-01-21,Consumer,0.09778840909090909,5
2020-01-21,Energy,0.052511607142857145,4
2020-01-21,Financials,0.14067000000000002,5
2020-01-21,Healthcare,0.02551785714285713,5
2020-01-21,Industrials,0.062976,5
2020-01-21,Materials,0.0004899999999999996,4
2020-01-21,RealEstate,0.19510000000000002,3
2020-01-21,Tech,0.11552599999999999,5
2020-01-21,Utilities,-0.019754166666666666,5
2020-01-22,Comm,-0.1181,3
2020-01-22,Consumer,0.08948190476190476,5
2020-01-22,Energy,0.05346041666666666,4
2020-01-22,Financials,-0.05449999999999999,3
2020-01-22,Healthcare,0.15745520833333332,4
2020-01-22,Industrials,0.04942023809523808,3
2020-01-22,Materials,-0.0010333333333333212,3
2020-01-22,RealEstate,0.08711666666666668,3
2020-01-22,Tech,0.09769,4
2020-01-22,Utilities,0.07348229166666666,4
2020-01-23,Comm,0.17371285714285714,5
2020-01-23,Consumer,0.106486,5
2020-01-23,Energy,0.046168,5
2020-01-23,Financials,0.051019999999999996,5
2020-01-23,Healthcare,0.054837222222222225,5
2020-01-23,Industrials,0.03927857142857143,4
2020-01-23,Materials,0.015575000000000006,5
2020-01-23,RealEstate,0.37661666666666666,3
2020-01-23,Tech,-0.04423703703703704,5
2020-01-23,Utilities,0.006208333333333333,4
2020-01-24,Comm,0.010221363636363638,4
2020-01-24,Consumer,0.04928641025641026,5
2020-01-24,Energy,0.03700333333333333,5
2020-01-24,Financials,-0.04533333333333333,3
2020-01-24,Healthcare,0.09548533333333332,5
2020-01-24,Industrials,0.022631111111111112,3
2020-01-24,Materials,0.2765066666666667,3
2020-01-24,RealEstate,0.011408333333333333,2
2020-01-24,Tech,0.05776626344086021,5
2020-01-24,Utilities,0.07659368627450981,5
2020-01-27,Comm,-0.013028030303030305,4
2020-01-27,Consumer,0.06913722222222222,5
2020-01-27,Energy,0.049360833333333326,5
2020-01-27,Financials,-0.1428888888888889,3
2020-01-27,Healthcare,0.15339333333333333,5
2020-01-27,Industrials,0.08442333333333334,5
2020-01-27,Materials,0.028542500000000005,4
2020-01-27,RealEstate,0.00925,3
2020-01-27,Tech,-0.021180666666666667,5
2020-01-27,Utilities,0.012855952380952381,4
2020-01-28,Comm,0.008393749999999991,4
2020-01-28,Consumer,0.05764571428571429,4
2020-01-28,Energy,0.01741666666666667,2
2020-01-28,Financials,0.05548571428571429,4
2020-01-28,Healthcare,0.002704999999999997,5
2020-01-28,Industrials,0.04794895833333334,4
2020-01-28,Materials,0.09968333333333332,5
2020-01-28,RealEstate,0.025033333333333335,3
2020-01-28,Tech,0.030595192307692306,4
2020-01-28,Utilities,-0.0257175,4
2020-01-29,Comm,0.14114375,4
2020-01-29,Consumer,0.009065809523809521,5
2020-01-29,Energy,-0.06769583333333333,4
2020-01-29,Financials,0.0140125,4
2020-01-29,Healthcare,0.107622,5
2020-01-29,Industrials,0.06501833333333333,4
2020-01-29,Materials,0.07986904761904762,3
2020-01-29,RealEstate,0.013333333333333334,3
2020-01-29,Tech,0.10751269841269842,4
2020-01-29,Utilities,0.01031875,4
2020-01-30,Comm,-0.04478333333333333,4
2020-01-30,Consumer,-0.03794842857142858,5
2020-01-30,Energy,-0.019088095238095237,4
2020-01-30,Financials,0.03534166666666667,3
2020-01-30,Healthcare,0.12261969696969698,3
2020-01-30,Industrials,0.07559166666666667,4
2020-01-30,Materials,-0.022981121794871794,4
2020-01-30,RealEstate,0.08198,5
2020-01-30,Tech,-0.08295208333333334,4
2020-01-30,Utilities,0.093755,4
2020-01-31,Comm,-0.2285340909090909,4
2020-01-31,Consumer,0.02476073232323232,4
2020-01-31,Energy,-0.0005198412698412703,5
2020-01-31,Financials,0.13041607142857142,4
2020-01-31,Healthcare,0.05487541666666666,4
2020-01-31,Industrials,0.021716999999999997,5
2020-01-31,Materials,-0.05672875,4
2020-01-31,RealEstate,0.2527333333333333,3
2020-01-31,Tech,0.14619583333333333,4
2020-01-31,Utilities,0.03145,4
2020-02-03,Comm,0.10843499999999999,5
2020-02-03,Consumer,0.1009135064935065,5
2020-02-03,Energy,0.034207564102564106,5
2020-02-03,Financials,0.179975,4
2020-02-03,Healthcare,0.10428872503840245,5
2020-02-03,Industrials,0.13013133333333332,5
2020-02-03,Materials,-0.03369166666666667,4
2020-02-03,RealEstate,0.07790000000000001,2
2020-02-03,Tech,0.06475,3
2020-02-03,Utilities,0.06503958333333335,4
2020-02-04,Comm,0.20932150000000002,5
2020-02-04,Consumer,0.08558999999999999,5
2020-02-04,Energy,-0.04180333333333333,5
2020-02-04,Financials,0.2609125,4
2020-02-04,Healthcare,0.07446666666666667,4
2020-02-04,Industrials,0.08291874999999999,4
2020-02-04,Materials,0.17020000000000002,4
2020-02-04,RealEstate,0.02701666666666667,4
2020-02-04,Tech,0.03284633333333333,5
2020-02-04,Utilities,0.0694375,4
2020-02-05,Comm,0.029875000000000002,4
2020-02-05,Consumer,0.020444212962962963,4
2020-02-05,Energy,0.2420249523809524,5
2020-02-05,Financials,0.0032333333333333333,3
2020-02-05,Healthcare,0.046906952380952376,5
2020-02-05,Industrials,0.07299666666666665,4
2020-02-05,Materials,0.051685,4
2020-02-05,RealEstate,0.0034666666666666665,1
2020-02-05,Tech,0.17055,4
2020-02-05,Utilities,0.03571333333333333,5
2020-02-06,Comm,0.02554595238095239,5
2020-02-06,Consumer,0.13554027777777777,4
2020-02-06,Energy,0.10789499999999999,4
2020-02-06,Financials,0.17873866666666666,5
2020-02-06,Healthcare,0.07227969230769231,5
2020-02-06,Industrials,0.06558333333333334,2
2020-02-06,Materials,0.06293055555555555,4
2020-02-06,RealEstate,0.13933333333333334,4
2020-02-06,Tech,0.05638361111111112,5
2020-02-06,Utilities,0.004083333333333335,4
2020-02-07,Comm,0.07058375000000001,4
2020-02-07,Consumer,0.18446979166666666,4
2020-02-07,Energy,0.039543,5
2020-02-07,Financials,-0.014430555555555552,3
2020-02-07,Healthcare,0.08391717171717172,5
2020-02-07,Industrials,-0.021660000000000006,2
2020-02-07,Materials,0.013305555555555555,3
2020-02-07,RealEstate,0.0097,2
2020-02-07,Tech,0.11361285714285715,5
2020-02-07,Utilities,0.12303958333333334,4
2020-02-10,Comm,0.052575,4
2020-02-10,Consumer,-0.048616904761904764,5
2020-02-10,Energy,-0.014450000000000001,5
2020-02-10,Financials,0.2157611111111111,3
2020-02-10,Healthcare,0.042550000000000004,4
2020-02-10,Industrials,0.031284375,4
2020-02-10,Materials,0.15956,5
2020-02-10,RealEstate,0.07580416666666667,4
2020-02-10,Tech,0.1204,5
2020-02-10,Utilities,0.08309791666666667,4
2020-02-11,Comm,-0.040438823529411756,4
2020-02-11,Consumer,-0.09065016666666667,5
2020-02-11,Energy,0.043153428571428565,5
2020-02-11,Financials,0.3079428571428572,4
2020-02-11,Healthcare,-0.025597222222222226,3
2020-02-11,Industrials,-0.07200833333333333,4
2020-02-11,Materials,0.04683866666666667,5
2020-02-11,RealEstate,0.1567952380952381,3
2020-02-11,Tech,0.08814318181818183,4
2020-02-11,Utilities,0.04456845238095239,4
2020-02-12,Comm,0.06683833333333333,5
2020-02-12,Consumer,0.11260696078431373,5
2020-02-12,Energy,0.01695083333333333,5
2020-02-12,Financials,0.33750833333333335,4
2020-02-12,Healthcare,0.21448645833333335,4
2020-02-12,Industrials,0.16756666666666667,5
2020-02-12,Materials,0.07529999999999999,4
2020-02-12,RealEstate,0.027708333333333335,2
2020-02-12,Tech,-0.04677625,4
2020-02-12,Utilities,0.22737277777777778,4
2020-02-13,Comm,0.07716785714285715,5
2020-02-13,Consumer,0.002850166666666662,5
2020-02-13,Energy,-0.006272916666666666,4
2020-02-13,Financials,0.11872000000000002,5
2020-02-13,Healthcare,0.09045,5
2020-02-13,Industrials,-0.02357,5
2020-02-13,Materials,0.05048571428571428,3
2020-02-13,RealEstate,0.01192375,4
2020-02-13,Tech,-0.036438636363636354,4
2020-02-13,Utilities,0.093765,4
2020-02-14,Comm,0.5859,1
2020-02-14,Consumer,-0.040176333333333335,5
2020-02-14,Energy,0.021934999999999996,4
2020-02-14,Financials,0.19892222222222222,3
2020-02-14,Healthcare,0.21721249999999998,4
2020-02-14,Industrials,0.170715,5
2020-02-14,Materials,-0.06009166666666666,3
2020-02-14,RealEstate,0.17562750000000002,4
2020-02-14,Tech,-0.014482526881720435,4
2020-02-14,Utilities,0.1458025,4
2020-02-18,Comm,0.02304457142857143,5
2020-02-18,Consumer,0.052236111111111115,5
2020-02-18,Energy,-0.03703416666666667,5
2020-02-18,Financials,0.04511238095238095,5
2020-02-18,Healthcare,0.06684620098039215,4
2020-02-18,Industrials,0.048916666666666664,3
2020-02-18,Materials,0.0029677777777777766,5
2020-02-18,RealEstate,0.09105833333333334,4
2020-02-18,Tech,-0.08211166666666667,5
2020-02-18,Utilities,0.13427083333333334,4
2020-02-19,Comm,0.12560416666666668,2
2020-02-19,Consumer,0.13796599999999998,5
2020-02-19,Energy,0.06575833333333334,4
2020-02-19,Financials,0.14902500000000002,4
2020-02-19,Healthcare,0.023096111111111112,5
2020-02-19,Industrials,0.2737583333333333,4
2020-02-19,Materials,-0.0014999999999999998,3
2020-02-19,RealEstate,0.18211,5
2020-02-19,Tech,0.04184134920634921,5
2020-02-19,Utilities,-0.009815151515151513,3
2020-02-20,Comm,0.09202361111111113,3
2020-02-20,Consumer,-0.022733857142857142,5
2020-02-20,Energy,0.04521666666666666,3
2020-02-20,Financials,0.2275236111111111,4
2020-02-20,Healthcare,0.17223999999999998,3
2020-02-20,Industrials,0.06268750000000001,4
2020-02-20,Materials,0.10557575757575759,3
2020-02-20,RealEstate,0.17867833333333333,4
2020-02-20,Tech,0.02198680952380952,5
2020-02-20,Utilities,0.039007487179487176,5
2020-02-21,Comm,0.09415,3
2020-02-21,Consumer,-0.047510416666666666,4
2020-02-21,Energy,-0.016864999999999998,5
2020-02-21,Financials,0.1535355,5
2020-02-21,Healthcare,0.066509375,4
2020-02-21,Industrials,0.12298,5
2020-02-21,Materials,0.08786666666666666,3
2020-02-21,RealEstate,0.22881250000000003,4
2020-02-21,Tech,-0.13759285714285716,5
2020-02-21,Utilities,0.16619,2
2020-02-24,Comm,0.05118333333333333,3
2020-02-24,Consumer,0.01328857142857143,5
2020-02-24,Energy,-0.23225071428571428,5
2020-02-24,Financials,-0.05935666666666666,4
2020-02-24,Healthcare,0.03153655462184874,5
2020-02-24,Industrials,0.05553866666666667,5
2020-02-24,Materials,0.01760916666666667,5
2020-02-24,RealEstate,0.012791666666666666,3
2020-02-24,Tech,0.005084848484848489,5
2020-02-24,Utilities,-0.006528000000000001,5
2020-02-25,Comm,-0.029966666666666666,3
2020-02-25,Consumer,0.17341942307692307,5
2020-02-25,Energy,-0.13799666666666666,5
2020-02-25,Financials,0.16562933333333335,5
2020-02-25,Healthcare,-0.05009444444444444,5
2020-02-25,Industrials,-0.11479166666666668,4
2020-02-25,Materials,-0.13927222222222221,3
2020-02-25,RealEstate,0.049351785714285716,4
2020-02-25,Tech,0.07124666666666667,5
2020-02-25,Utilities,0.13563541666666667,4
2020-02-26,Comm,0.029808333333333336,4
2020-02-26,Consumer,0.006661666666666667,5
2020-02-26,Energy,0.04901857142857144,5
2020-02-26,Financials,0.05206933333333334,5
2020-02-26,Healthcare,0.05006264705882352,5
2020-02-26,Industrials,0.05216111111111111,3
2020-02-26,Materials,-0.04275,3
2020-02-26,RealEstate,0.04047766666666667,5
2020-02-26,Tech,0.24132000000000003,5
2020-02-26,Utilities,0.16114166666666666,2
2020-02-27,Comm,-0.013849999999999987,4
2020-02-27,Consumer,0.02737022222222222,5
2020-02-27,Energy,0.03749466666666666,5
2020-02-27,Financials,-0.059476666666666664,5
2020-02-27,Healthcare,0.0804856,5
2020-02-27,Industrials,0.12283541666666667,4
2020-02-27,Materials,0.014967857142857144,4
2020-02-27,RealEstate,0.040787500000000004,4
2020-02-27,Tech,-0.20084133333333334,5
2020-02-27,Utilities,0.16951083333333333,5
2020-02-28,Comm,-0.14993357142857142,5
2020-02-28,Consumer,-0.15373880952380953,5
2020-02-28,Energy,0.047421000000000005,5
2020-02-28,Financials,-0.08534791666666668,4
2020-02-28,Healthcare,-0.100272,5
2020-02-28,Industrials,-0.016242708333333335,4
2020-02-28,Materials,-0.2164083333333333,3
2020-02-28,RealEstate,0.005646111111111116,5
2020-02-28,Tech,0.2445088888888889,3
2020-02-28,Utilities,-0.11819375,4
2020-03-02,Comm,0.1177375,4
2020-03-02,Consumer,0.03244273504273504,5
2020-03-02,Energy,-0.021518749999999996,4
2020-03-02,Financials,0.09271666666666667,4
2020-03-02,Healthcare,0.1169638392857143,5
2020-03-02,Industrials,0.16554166666666667,4
2020-03-02,Materials,-0.05884,5
2020-03-02,RealEstate,0.1040411111111111,3
2020-03-02,Tech,0.071446,5
2020-03-02,Utilities,0.17237333333333332,5
2020-03-03,Comm,0.0600275,4
2020-03-03,Consumer,-0.02930666666666667,5
2020-03-03,Energy,-0.06497911111111111,5
2020-03-03,Financials,-0.06623333333333332,5
2020-03-03,Healthcare,0.027852307692307694,5
2020-03-03,Industrials,0.06965833333333332,2
2020-03-03,Materials,0.12613333333333332,3
2020-03-03,RealEstate,0.19210833333333333,3
2020-03-03,Tech,0.006497333333333332,5
2020-03-03,Utilities,-0.04536874999999999,4
2020-03-04,Comm,0.026870833333333333,4
2020-03-04,Consumer,0.09807333333333332,5
2020-03-04,Energy,0.09727,5
2020-03-04,Financials,0.045336,5
2020-03-04,Healthcare,0.14659899999999998,5
2020-03-04,Industrials,0.14148838095238098,5
2020-03-04,Materials,0.18328333333333333,3
2020-03-04,RealEstate,0.37978333333333336,3
2020-03-04,Tech,0.2460009523809524,5
2020-03-04,Utilities,0.5051300000000001,4
2020-03-05,Comm,0.08521666666666666,5
2020-03-05,Consumer,0.008944597402597397,5
2020-03-05,Energy,-0.10313416666666667,5
2020-03-05,Financials,0.02131333333333333,5
2020-03-05,Healthcare,-0.035558653846153844,4
2020-03-05,Industrials,0.07238583333333332,4
2020-03-05,Materials,-0.027088888888888885,3
2020-03-05,RealEstate,0.32656666666666667,3
2020-03-05,Tech,0.016623000000000006,5
2020-03-05,Utilities,0.04008333333333333,4
2020-03-06,Comm,-0.030774999999999997,2
2020-03-06,Consumer,-0.08418550824175824,4
2020-03-06,Energy,-0.16457785714285716,5
2020-03-06,Financials,-0.08021729166666668,4
2020-03-06,Healthcare,0.01184069264069264,3
2020-03-06,Industrials,-0.047495833333333334,4
2020-03-06,Materials,-0.007916666666666655,4
2020-03-06,RealEstate,0.005475,2
2020-03-06,Tech,-0.03758507692307693,5
2020-03-06,Utilities,0.07395000000000002,4
2020-03-09,Comm,-0.010830952380952379,4
2020-03-09,Consumer,-0.013459743589743584,5
2020-03-09,Energy,-0.1054826894158473,5
2020-03-09,Financials,0.08450433333333333,5
2020-03-09,Healthcare,0.035713052631578944,5
2020-03-09,Industrials,-0.177166,5
2020-03-09,Materials,0.009974374999999997,4
2020-03-09,RealEstate,0.08831250000000002,4
2020-03-09,Tech,-0.169362,5
2020-03-09,Utilities,-0.04041458333333332,4
2020-03-10,Comm,-0.040745333333333335,5
2020-03-10,Consumer,-0.0011691414141414141,4
2020-03-10,Energy,0.025496676328502416,5
2020-03-10,Financials,0.10927666666666666,5
2020-03-10,Healthcare,0.15230833333333332,3
2020-03-10,Industrials,0.03273133333333334,5
2020-03-10,Materials,0.07156875,4
2020-03-10,RealEstate,0.3795,3
2020-03-10,Tech,0.335795,5
2020-03-10,Utilities,0.10175,4
2020-03-11,Comm,0.0414,4
2020-03-11,Consumer,0.0008045238095238088,4
2020-03-11,Energy,-0.04747339285714286,5
2020-03-11,Financials,0.17780500000000002,5
2020-03-11,Healthcare,0.043423055555555555,5
2020-03-11,Industrials,0.06432857142857143,4
2020-03-11,Materials,0.02182777777777777,3
2020-03-11,RealEstate,0.22818999999999998,5
2020-03-11,Tech,-0.04994833333333332,5
2020-03-11,Utilities,0.1644875,4
2020-03-12,Comm,-0.05520333333333333,3
2020-03-12,Consumer,-0.010071755555555553,5
2020-03-12,Energy,-0.10330947368421053,5
2020-03-12,Financials,0.04467504761904763,5
2020-03-12,Healthcare,-0.039354,5
2020-03-12,Industrials,-0.14795,5
2020-03-12,Materials,-0.074445,3
2020-03-12,RealEstate,0.10131250000000001,4
2020-03-12,Tech,0.06269857142857142,5
2020-03-12,Utilities,-0.054079613095238094,4
2020-03-13,Comm,0.081205,3
2020-03-13,Consumer,0.012299074074074073,3
2020-03-13,Energy,0.17839162464985994,5
2020-03-13,Financials,0.0062749999999999915,5
2020-03-13,Healthcare,0.12026562500000001,4
2020-03-13,Industrials,0.010906666666666665,5
2020-03-13,Materials,-0.08532222222222223,3
2020-03-13,RealEstate,0.068,4
2020-03-13,Tech,0.2684963690476191,5
2020-03-13,Utilities,0.039762500000000006,4
2020-03-16,Comm,0.016510277777777776,4
2020-03-16,Consumer,-0.0516471847826087,5
2020-03-16,Energy,-0.2075652549019608,5
2020-03-16,Financials,-0.05073202380952381,5
2020-03-16,Healthcare,0.01838,4
2020-03-16,Industrials,0.006982142857142853,5
2020-03-16,Materials,-0.020185833333333333,4
2020-03-16,RealEstate,-0.045665625,4
2020-03-16,Tech,0.017298398268398265,5
2020-03-16,Utilities,0.004439047619047613,4
2020-03-17,Comm,0.026663333333333334,4
2020-03-17,Consumer,0.07516404761904763,5
2020-03-17,Energy,-0.20667050000000003,5
2020-03-17,Financials,0.031675,5
2020-03-17,Healthcare,0.08695666666666665,5
2020-03-17,Industrials,0.008376388888888885,4
2020-03-17,Materials,0.16970833333333335,3
2020-03-17,RealEstate,0.15561666666666665,2
2020-03-17,Tech,0.19332683333333334,5
2020-03-17,Utilities,0.4753166666666666,4
2020-03-18,Comm,-0.0035575000000000016,4
2020-03-18,Consumer,0.0006428282828282922,5
2020-03-18,Energy,-0.04423888888888888,5
2020-03-18,Financials,-0.005170000000000008,5
2020-03-18,Healthcare,0.18194166666666667,3
2020-03-18,Industrials,-0.006906190476190477,5
2020-03-18,Materials,0.10794999999999999,3
2020-03-18,RealEstate,0.0597,2
2020-03-18,Tech,-0.034340476190476185,5
2020-03-18,Utilities,0.29231250000000003,4
2020-03-19,Comm,0.03406000000000001,5
2020-03-19,Consumer,0.008341416666666669,5
2020-03-19,Energy,0.0738375,4
2020-03-19,Financials,-0.15955416666666666,4
2020-03-19,Healthcare,0.01213249999999999,2
2020-03-19,Industrials,0.04933055555555555,3
2020-03-19,Materials,0.15310875000000002,4
2020-03-19,RealEstate,0.2048888888888889,3
2020-03-19,Tech,-0.02585166666666667,5
2020-03-19,Utilities,0.03453333333333334,3
2020-03-20,Comm,-0.08100833333333333,3
2020-03-20,Consumer,0.059924159090909104,5
2020-03-20,Energy,-0.04423682051282052,5
2020-03-20,Financials,-0.004000000000000002,5
2020-03-20,Healthcare,0.014603205128205132,4
2020-03-20,Industrials,0.12268619047619046,3
2020-03-20,Materials,0.06816666666666667,3
2020-03-20,RealEstate,0.002024999999999999,3
2020-03-20,Tech,0.23456666666666665,5
2020-03-20,Utilities,0.024,4
2020-03-23,Comm,0.09480590909090908,5
2020-03-23,Consumer,0.0361261949814891,5
2020-03-23,Energy,-0.09019555555555556,5
2020-03-23,Financials,-0.025029999999999997,5
2020-03-23,Healthcare,0.08074594155844157,4
2020-03-23,Industrials,0.030146666666666665,5
2020-03-23,Materials,0.06273357142857142,5
2020-03-23,RealEstate,0.01573333333333334,4
2020-03-23,Tech,0.317815,5
2020-03-23,Utilities,-0.012253035714285713,4
2020-03-24,Comm,0.10560404761904763,4
2020-03-24,Consumer,0.11563116483516482,5
2020-03-24,Energy,0.13875866666666667,5
2020-03-24,Financials,0.40857,5
2020-03-24,Healthcare,0.22829809523809522,5
2020-03-24,Industrials,0.20580755555555558,5
2020-03-24,Materials,0.41827999999999993,5
2020-03-24,RealEstate,0.06246875,4
2020-03-24,Tech,0.37231291666666666,4
2020-03-24,Utilities,0.23618333333333333,2
2020-03-25,Comm,0.12598066666666669,5
2020-03-25,Consumer,0.14363219047619047,5
2020-03-25,Energy,0.014782222222222224,3
2020-03-25,Financials,0.09199791666666667,4
2020-03-25,Healthcare,0.09252619047619048,5
2020-03-25,Industrials,0.15665520833333335,4
2020-03-25,Materials,0.09575,4
2020-03-25,RealEstate,0.16062222222222222,3
2020-03-25,Tech,0.0532125,4
2020-03-25,Utilities,0.3078541666666667,4
2020-03-26,Comm,0.11148166666666666,5
2020-03-26,Consumer,0.18237499999999998,5
2020-03-26,Energy,-0.053452,5
2020-03-26,Financials,-0.00933,5
2020-03-26,Healthcare,0.0568660606060606,5
2020-03-26,Industrials,-0.023993121693121688,3
2020-03-26,Materials,0.11817833333333334,4
2020-03-26,RealEstate,0.28977916666666664,4
2020-03-26,Tech,0.27697544444444444,5
2020-03-26,Utilities,0.1482133333333333,5
2020-03-27,Comm,0.10031777777777777,3
2020-03-27,Consumer,0.061634102564102566,5
2020-03-27,Energy,0.13962233333333335,5
2020-03-27,Financials,0.06126266666666665,5
2020-03-27,Healthcare,0.21037000000000003,3
2020-03-27,Industrials,0.06197757575757575,5
2020-03-27,Materials,0.222775,2
2020-03-27,RealEstate,0.21836666666666668,3
2020-03-27,Tech,0.24983833333333333,5
2020-03-27,Utilities,0.30840111111111107,3
2020-03-30,Comm,0.065705,4
2020-03-30,Consumer,0.06981064912280702,5
2020-03-30,Energy,-0.105098,5
2020-03-30,Financials,-0.12505933333333333,5
2020-03-30,Healthcare,0.1482621904761905,5
2020-03-30,Industrials,0.05414600000000001,5
2020-03-30,Materials,0.011923333333333341,3
2020-03-30,RealEstate,0.2757604166666667,4
2020-03-30,Tech,0.25078666666666666,5
2020-03-30,Utilities,0.1552375,4
2020-03-31,Comm,0.16271666666666665,3
2020-03-31,Consumer,-0.01064,5
2020-03-31,Energy,0.127355,5
2020-03-31,Financials,0.010916666666666663,3
2020-03-31,Healthcare,0.05150238095238094,4
2020-03-31,Industrials,0.06612333333333334,5
2020-03-31,Materials,0.18769399999999997,5
2020-03-31,RealEstate,0.25233125,4
2020-03-31,Tech,0.013574000000000008,5
2020-03-31,Utilities,0.0608375,4
2020-04-01,Comm,0.10243750000000001,4
2020-04-01,Consumer,-0.11608888888888891,5
2020-04-01,Energy,-0.05901047619047619,5
2020-04-01,Financials,0.05448228571428572,5
2020-04-01,Healthcare,-0.013316666666666664,4
2020-04-01,Industrials,0.026690000000000005,4
2020-04-01,Materials,-0.007818333333333339,4
2020-04-01,RealEstate,0.09127777777777775,3
2020-04-01,Tech,0.08454999999999999,5
2020-04-01,Utilities,0.025436666666666673,5
2020-04-02,Comm,0.007093333333333336,5
2020-04-02,Consumer,-0.018875,5
2020-04-02,Energy,0.21863776923076922,5
2020-04-02,Financials,0.04750599999999999,5
2020-04-02,Healthcare,0.13921166666666668,5
2020-04-02,Industrials,0.037109444444444445,3
2020-04-02,Materials,0.08314027777777779,3
2020-04-02,RealEstate,0.07301250000000001,4
2020-04-02,Tech,-0.06861249999999999,4
2020-04-02,Utilities,-0.07506666666666666,3
2020-04-03,Comm,0.14545285714285713,5
2020-04-03,Consumer,0.06434166666666667,4
2020-04-03,Energy,-0.04957738095238095,5
2020-04-03,Financials,-0.02925928571428571,5
2020-04-03,Healthcare,0.22986944444444443,3
2020-04-03,Industrials,-0.12779182539682538,5
2020-04-03,Materials,0.15256666666666666,3
2020-04-03,RealEstate,0.24780000000000002,2
2020-04-03,Tech,-0.21261666666666668,4
2020-04-03,Utilities,0.05675,4
2020-04-06,Comm,0.09985833333333333,4
2020-04-06,Consumer,0.13361227705627707,5
2020-04-06,Energy,0.0687623015873016,5
2020-04-06,Financials,0.128339898989899,5
2020-04-06,Healthcare,0.2573415517241379,5
2020-04-06,Industrials,0.07170499999999999,5
2020-04-06,Materials,-0.02166000000000001,4
2020-04-06,RealEstate,0.20636666666666664,2
2020-04-06,Tech,0.27160863636363636,5
2020-04-06,Utilities,0.3450770833333333,4
2020-04-07,Comm,0.05723977272727273,4
2020-04-07,Consumer,0.145785797979798,5
2020-04-07,Energy,0.20207785714285714,5
2020-04-07,Financials,0.11251066666666668,5
2020-04-07,Healthcare,0.06056473684210527,5
2020-04-07,Industrials,0.317294,5
2020-04-07,Materials,0.3700375,4
2020-04-07,RealEstate,0.07797916666666665,4
2020-04-07,Tech,0.083404,5
2020-04-07,Utilities,0.13083625,4
2020-04-08,Comm,0.03324916666666666,4
2020-04-08,Consumer,-0.022957980263157894,4
2020-04-08,Energy,0.1670127142857143,5
2020-04-08,Financials,0.02643792207792207,5
2020-04-08,Healthcare,0.12663333333333335,4
2020-04-08,Industrials,0.1363607142857143,5
2020-04-08,Materials,0.17360833333333336,4
2020-04-08,RealEstate,0.5071187500000001,4
2020-04-08,Tech,0.2292982857142857,5
2020-04-08,Utilities,-0.02576666666666667,2
2020-04-09,Comm,-0.0132,5
2020-04-09,Consumer,0.14514630952380952,5
2020-04-09,Energy,0.06999288095238096,5
2020-04-09,Financials,0.2245553333333333,5
2020-04-09,Healthcare,0.019035416666666666,4
2020-04-09,Industrials,0.03748202380952381,5
2020-04-09,Materials,0.08102555555555555,5
2020-04-09,RealEstate,0.23479999999999998,4
2020-04-09,Tech,0.12864,5
2020-04-09,Utilities,0.4777416666666667,4
2020-04-13,Comm,-0.11158333333333334,4
2020-04-13,Consumer,-0.057543163170163183,5
2020-04-13,Energy,-0.006358961538461541,5
2020-04-13,Financials,0.004229575757575753,5
2020-04-13,Healthcare,-0.08126442424242424,5
2020-04-13,Industrials,0.03093722222222221,5
2020-04-13,Materials,-0.06387809523809523,5
2020-04-13,RealEstate,-0.03842916666666667,4
2020-04-13,Tech,0.06324093137254902,4
2020-04-13,Utilities,-0.10273958333333333,4
2020-04-14,Comm,0.1356607142857143,4
2020-04-14,Consumer,0.18973199999999998,5
2020-04-14,Energy,-0.1777395833333333,4
2020-04-14,Financials,0.15363266899766898,4
2020-04-14,Healthcare,0.17448571428571427,4
2020-04-14,Industrials,0.16572555555555554,5
2020-04-14,Materials,-0.007933333333333336,3
2020-04-14,RealEstate,0.4728111111111111,3
2020-04-14,Tech,0.5258787619047619,5
2020-04-14,Utilities,0.13288285714285716,4
2020-04-15,Comm,0.002928750000000001,4
2020-04-15,Consumer,-0.019541484848484846,5
2020-04-15,Energy,-0.12896474358974358,5
2020-04-15,Financials,0.010020480769230764,5
2020-04-15,Healthcare,-0.03140095238095238,5
2020-04-15,Industrials,-0.06955333333333333,5
2020-04-15,Materials,-0.10060674603174602,3
2020-04-15,RealEstate,-0.13472499999999998,4
2020-04-15,Tech,0.014782500000000018,5
2020-04-15,Utilities,-0.21378375,4
2020-04-16,Comm,0.22121375,4
2020-04-16,Consumer,0.19147475845410628,4
2020-04-16,Energy,-0.025225850649350658,5
2020-04-16,Financials,0.03614877777777778,5
2020-04-16,Healthcare,0.24060738095238093,5
2020-04-16,Industrials,0.08218963636363637,5
2020-04-16,Materials,0.05165499999999999,5
2020-04-16,RealEstate,-0.080675,2
2020-04-16,Tech,0.26714011111111113,5
2020-04-16,Utilities,-0.0016687499999999966,4
2020-04-17,Comm,0.14001666666666668,4
2020-04-17,Consumer,0.09648166666666666,5
2020-04-17,Energy,-0.042256444444444444,5
2020-04-17,Financials,0.09704654545454545,5
2020-04-17,Healthcare,0.17116854882459315,5
2020-04-17,Industrials,0.06906969696969696,3
2020-04-17,Materials,0.32248333333333334,3
2020-04-17,RealEstate,0.3155,4
2020-04-17,Tech,0.012705928571428573,5
2020-04-17,Utilities,0.21097500000000002,4
2020-04-20,Comm,0.09098750000000001,4
2020-04-20,Consumer,0.03311857142857143,5
2020-04-20,Energy,-0.21006457556935815,5
2020-04-20,Financials,0.09827309523809523,5
2020-04-20,Healthcare,0.0333530354609929,5
2020-04-20,Industrials,0.03831166666666667,4
2020-04-20,Materials,0.023471428571428574,5
2020-04-20,RealEstate,0.01578333333333334,3
2020-04-20,Tech,0.16466499999999998,5
2020-04-20,Utilities,0.03189000000000001,5
2020-04-21,Comm,0.04266833333333334,5
2020-04-21,Consumer,-0.014864684684684682,5
2020-04-21,Energy,-0.2635079047619048,5
2020-04-21,Financials,-0.03554,5
2020-04-21,Healthcare,0.09691809523809523,5
2020-04-21,Industrials,-0.010016666666666669,5
2020-04-21,Materials,-0.13378333333333334,3
2020-04-21,RealEstate,-0.053925000000000015,4
2020-04-21,Tech,-0.2615766666666667,5
2020-04-21,Utilities,-0.20800999999999997,5
2020-04-22,Comm,0.0800002380952381,4
2020-04-22,Consumer,0.11903019607843138,5
2020-04-22,Energy,0.081721,5
2020-04-22,Financials,0.112755,4
2020-04-22,Healthcare,0.2513450427350427,5
2020-04-22,Industrials,-0.03249166666666667,4
2020-04-22,Materials,0.12249375,4
2020-04-22,RealEstate,0.017028124999999998,4
2020-04-22,Tech,0.3308878571428571,5
2020-04-22,Utilities,-0.05279019607843137,4
2020-04-23,Comm,-0.006843749999999999,4
2020-04-23,Consumer,-0.018421030303030307,5
2020-04-23,Energy,0.13230372222222225,5
2020-04-23,Financials,0.118025,5
2020-04-23,Healthcare,0.17039291666666667,5
2020-04-23,Industrials,0.133782,5
2020-04-23,Materials,0.011401523809523808,5
2020-04-23,RealEstate,0.03254444444444444,3
2020-04-23,Tech,0.20365547619047622,5
2020-04-23,Utilities,0.13092916666666668,4
2020-04-24,Comm,0.027957575757575757,4
2020-04-24,Consumer,0.00010099999999999276,5
2020-04-24,Energy,0.0422,4
2020-04-24,Financials,-0.032260416666666666,4
2020-04-24,Healthcare,0.002343035714285723,4
2020-04-24,Industrials,-0.03912279411764706,4
2020-04-24,Materials,0.050622222222222214,3
2020-04-24,RealEstate,0.0774125,4
2020-04-24,Tech,0.16351290322580647,4
2020-04-24,Utilities,-0.1123,3
2020-04-27,Comm,0.11120727272727274,5
2020-04-27,Consumer,0.12891488888888888,5
2020-04-27,Energy,-0.022790833333333333,5
2020-04-27,Financials,0.11516657142857142,5
2020-04-27,Healthcare,0.04257795238095238,5
2020-04-27,Industrials,0.058572575757575754,5
2020-04-27,Materials,0.11932666666666666,5
2020-04-27,RealEstate,0.014396666666666665,5
2020-04-27,Tech,0.18330944588744588,5
2020-04-27,Utilities,0.08853125,4
2020-04-28,Comm,0.023317525252525253,5
2020-04-28,Consumer,0.07987788461538461,4
2020-04-28,Energy,-0.08652083333333332,4
2020-04-28,Financials,0.22864500000000004,5
2020-04-28,Healthcare,0.024134476923076926,5
2020-04-28,Industrials,0.06702834210526316,5
2020-04-28,Materials,0.09663566666666668,5
2020-04-28,RealEstate,0.011200000000000002,5
2020-04-28,Tech,0.09224682539682541,4
2020-04-28,Utilities,0.17341666666666666,3
2020-04-29,Comm,0.11555714285714286,3
2020-04-29,Consumer,0.06024821978021978,5
2020-04-29,Energy,0.049788119047619046,5
2020-04-29,Financials,0.12639783333333335,5
2020-04-29,Healthcare,0.07480735632183909,4
2020-04-29,Industrials,0.09174938624338624,5
2020-04-29,Materials,0.30175393939393935,5
2020-04-29,RealEstate,0.07883560606060606,4
2020-04-29,Tech,0.17595485714285714,5
2020-04-29,Utilities,0.03632222222222223,3
2020-04-30,Comm,0.04805,4
2020-04-30,Consumer,0.027295416666666676,5
2020-04-30,Energy,0.07222251948051948,5
2020-04-30,Financials,0.008762666666666665,5
2020-04-30,Healthcare,0.08404902564102565,5
2020-04-30,Industrials,-0.04746512820512821,5
2020-04-30,Materials,0.07166833333333333,5
2020-04-30,RealEstate,0.07395833333333333,4
2020-04-30,Tech,0.043057,5
2020-04-30,Utilities,0.10910166666666667,4
2020-05-01,Comm,-0.042414583333333325,4
2020-05-01,Consumer,0.11268466666666668,5
2020-05-01,Energy,-0.11496107936507935,5
2020-05-01,Financials,-0.02515833333333333,5
2020-05-01,Healthcare,0.13921060575968222,5
2020-05-01,Industrials,-0.030538738095238094,5
2020-05-01,Materials,0.2427638888888889,3
2020-05-01,RealEstate,0.020195000000000008,3
2020-05-01,Tech,-0.13633066666666666,5
2020-05-01,Utilities,-0.04972499999999999,4
2020-05-04,Comm,0.05846074074074074,3
2020-05-04,Consumer,0.06100193406593406,5
2020-05-04,Energy,0.009889032634032634,5
2020-05-04,Financials,-0.011318,5
2020-05-04,Healthcare,0.14180205128205128,5
2020-05-04,Industrials,0.08873809523809524,5
2020-05-04,Materials,0.06034166666666666,5
2020-05-04,RealEstate,0.033375,4
2020-05-04,Tech,0.2910964705882353,5
2020-05-04,Utilities,0.06775,5
2020-05-05,Comm,0.19058285714285716,5
2020-05-05,Consumer,0.11389866666666668,5
2020-05-05,Energy,0.11433404040404041,5
2020-05-05,Financials,0.002096666666666666,5
2020-05-05,Healthcare,0.08161728758169935,5
2020-05-05,Industrials,0.21485222222222222,5
2020-05-05,Materials,0.1378301960784314,4
2020-05-05,RealEstate,0.207425,4
2020-05-05,Tech,0.19925937500000002,4
2020-05-05,Utilities,0.03296340909090909,4
2020-05-06,Comm,-0.012814583333333338,4
2020-05-06,Consumer,0.0737003431372549,4
2020-05-06,Energy,0.15378107142857145,4
2020-05-06,Financials,0.07794833333333333,5
2020-05-06,Healthcare,0.06935555555555556,5
2020-05-06,Industrials,-0.009599999999999997,4
2020-05-06,Materials,0.014085892857142863,4
2020-05-06,RealEstate,0.009783333333333333,4
2020-05-06,Tech,0.13365083333333333,4
2020-05-06,Utilities,0.024870833333333335,4
2020-05-07,Comm,0.1305325,4
2020-05-07,Consumer,0.09296777777777777,5
2020-05-07,Energy,0.1865614285714286,5
2020-05-07,Financials,0.05214399999999999,5
2020-05-07,Healthcare,0.10748333333333333,3
2020-05-07,Industrials,0.06901666666666666,3
2020-05-07,Materials,0.05096333333333333,3
2020-05-07,RealEstate,0.055498333333333344,4
2020-05-07,Tech,0.24233599999999997,5
2020-05-07,Utilities,0.008513333333333333,5
2020-05-08,Comm,0.17955000000000002,3
2020-05-08,Consumer,0.056439012987012996,5
2020-05-08,Energy,0.07531833333333333,5
2020-05-08,Financials,0.14566166666666666,5
2020-05-08,Healthcare,0.05686541666666667,5
2020-05-08,Industrials,0.170078125,4
2020-05-08,Materials,0.13292916666666665,3
2020-05-08,RealEstate,0.019983333333333332,2
2020-05-08,Tech,0.5284142857142857,4
2020-05-08,Utilities,-0.05212560606060607,4
2020-05-11,Comm,0.08634952380952383,5
2020-05-11,Consumer,0.05705129166666667,5
2020-05-11,Energy,-0.06533233333333333,5
2020-05-11,Financials,-0.003328666666666663,5
2020-05-11,Healthcare,0.06549347826086957,5
2020-05-11,Industrials,0.138615,5
2020-05-11,Materials,0.0389925,4
2020-05-11,RealEstate,0.019483333333333335,3
2020-05-11,Tech,0.05810977777777778,5
2020-05-11,Utilities,0.061700000000000005,4
2020-05-12,Comm,0.06129833333333333,5
2020-05-12,Consumer,0.0981265,4
2020-05-12,Energy,0.005630666666666667,5
2020-05-12,Financials,-0.16591314285714287,5
2020-05-12,Healthcare,0.009740952380952387,3
2020-05-12,Industrials,0.019804545454545457,4
2020-05-12,Materials,0.06928111111111111,3
2020-05-12,RealEstate,-0.2912416666666666,4
2020-05-12,Tech,-0.029849666666666656,5
2020-05-12,Utilities,0.017228333333333335,4
2020-05-13,Comm,-0.05286666666666667,3
2020-05-13,Consumer,0.0704356507936508,5
2020-05-13,Energy,-0.10073532467532469,5
2020-05-13,Financials,0.013097545454545455,5
2020-05-13,Healthcare,0.024329934731934733,5
2020-05-13,Industrials,-0.04413244444444444,5
2020-05-13,Materials,0.125762,5
2020-05-13,RealEstate,0.02213333333333333,4
2020-05-13,Tech,0.07198333333333333,4
2020-05-13,Utilities,0.17648333333333333,3
2020-05-14,Comm,0.02447333333333333,5
2020-05-14,Consumer,0.05096790196078431,5
2020-05-14,Energy,-0.08145166666666667,5
2020-05-14,Financials,0.10342016666666667,5
2020-05-14,Healthcare,0.03772,5
2020-05-14,Industrials,0.07344291666666666,4
2020-05-14,Materials,0.045355000000000006,5
2020-05-14,RealEstate,0.01544,5
2020-05-14,Tech,0.05025123809523809,5
2020-05-14,Utilities,0.08413166666666667,5
2020-05-15,Comm,0.03297166666666666,5
2020-05-15,Consumer,0.04326637037037037,5
2020-05-15,Energy,0.10089999999999999,5
2020-05-15,Financials,-0.02206095238095238,5
2020-05-15,Healthcare,-0.015300454545454534,5
2020-05-15,Industrials,-0.019510666666666662,5
2020-05-15,Materials,0.049763888888888885,4
2020-05-15,RealEstate,-0.054062500000000006,4
2020-05-15,Tech,-0.07823812030075188,5
2020-05-15,Utilities,0.023163809523809524,5
2020-05-18,Comm,0.017688000000000002,5
2020-05-18,Consumer,0.1069854871794872,5
2020-05-18,Energy,0.11972687301587304,5
2020-05-18,Financials,0.09190557142857143,5
2020-05-18,Healthcare,0.07302466666666667,5
2020-05-18,Industrials,0.2790734545454545,5
2020-05-18,Materials,0.13932291666666666,4
2020-05-18,RealEstate,0.4356375,4
2020-05-18,Tech,0.06240009523809524,5
2020-05-18,Utilities,0.2200416666666667,4
2020-05-19,Comm,0.131037,5
2020-05-19,Consumer,-0.02539507692307692,5
2020-05-19,Energy,0.1348675,4
2020-05-19,Financials,0.04289371428571428,5
2020-05-19,Healthcare,0.2029203333333333,5
2020-05-19,Industrials,-0.168240625,4
2020-05-19,Materials,0.061611111111111096,3
2020-05-19,RealEstate,0.06845,3
2020-05-19,Tech,0.037740833333333335,4
2020-05-19,Utilities,0.0077,1
2020-05-20,Comm,0.08712533333333332,5
2020-05-20,Consumer,0.016016071428571428,5
2020-05-20,Energy,0.022725476190476185,5
2020-05-20,Financials,0.32517333333333337,5
2020-05-20,Healthcare,0.11673479853479853,3
2020-05-20,Industrials,0.21412916666666665,4
2020-05-20,Materials,0.13886666666666667,3
2020-05-20,RealEstate,0.046009999999999995,5
2020-05-20,Tech,0.11587,5
2020-05-20,Utilities,0.04229166666666667,2
2020-05-21,Comm,0.038624000000000006,5
2020-05-21,Consumer,0.008754242424242423,5
2020-05-21,Energy,0.007386666666666666,5
2020-05-21,Financials,0.04961066666666667,5
2020-05-21,Healthcare,0.104582,5
2020-05-21,Industrials,-0.050987500000000005,4
2020-05-21,Materials,0.045763333333333336,5
2020-05-21,RealEstate,0.01615,2
2020-05-21,Tech,-0.030421111111111114,5
2020-05-21,Utilities,0.0671175,4
2020-05-22,Comm,0.09448500000000001,5
2020-05-22,Consumer,-0.006991111111111105,3
2020-05-22,Energy,-0.045506,5
2020-05-22,Financials,0.14580833333333332,4
2020-05-22,Healthcare,0.08113166666666667,5
2020-05-22,Industrials,-0.04566666666666667,3
2020-05-22,Materials,0.06102083333333334,4
2020-05-22,RealEstate,0.0949125,3
2020-05-22,Tech,-0.07866733333333334,5
2020-05-22,Utilities,0.10458333333333335,2
2020-05-26,Comm,0.120498,5
2020-05-26,Consumer,0.16909074999999998,5
2020-05-26,Energy,0.10566285714285714,5
2020-05-26,Financials,0.2418535714285714,5
2020-05-26,Healthcare,0.06365399999999999,5
2020-05-26,Industrials,0.17847083333333333,5
2020-05-26,Materials,0.12359722222222223,3
2020-05-26,RealEstate,0.20152222222222224,3
2020-05-26,Tech,0.05946111904761905,5
2020-05-26,Utilities,0.1735,3
2020-05-27,Comm,0.11563222222222222,5
2020-05-27,Consumer,0.027466893939393937,5
2020-05-27,Energy,0.05096875000000001,4
2020-05-27,Financials,0.2553374285714286,5
2020-05-27,Healthcare,-0.10457833333333333,4
2020-05-27,Industrials,0.23379571428571427,5
2020-05-27,Materials,0.07352500000000001,2
2020-05-27,RealEstate,0.0077,1
2020-05-27,Tech,0.18136000000000002,5
2020-05-27,Utilities,0.12078749999999999,4
2020-05-28,Comm,0.044736484848484845,5
2020-05-28,Consumer,0.072276,5
2020-05-28,Energy,0.03350499999999999,5
2020-05-28,Financials,-0.01368149999999999,5
2020-05-28,Healthcare,-0.007303333333333328,5
2020-05-28,Industrials,0.06483449206349207,5
2020-05-28,Materials,0.043887499999999996,4
2020-05-28,RealEstate,0.18380000000000002,4
2020-05-28,Tech,0.12253619047619049,5
2020-05-28,Utilities,-0.067195,4
2020-05-29,Comm,0.07754166666666668,4
2020-05-29,Consumer,0.08024990476190477,5
2020-05-29,Energy,0.070184,5
2020-05-29,Financials,0.015081999999999998,5
2020-05-29,Healthcare,0.17545381944444446,4
2020-05-29,Industrials,-0.0070458333333333345,4
2020-05-29,Materials,0.12771,2
2020-05-29,RealEstate,0.04607777777777777,3
2020-05-29,Tech,0.12765375,4
2020-05-29,Utilities,0.0866225,4
2020-06-01,Comm,0.052932,5
2020-06-01,Consumer,0.04882191866028708,5
2020-06-01,Energy,0.022071401515151516,4
2020-06-01,Financials,0.12786,5
2020-06-01,Healthcare,0.10399791666666668,4
2020-06-01,Industrials,0.09305666666666666,5
2020-06-01,Materials,0.03842000000000001,3
2020-06-01,RealEstate,0.205825,4
2020-06-01,Tech,0.06747666666666667,5
2020-06-01,Utilities,0.14627500000000002,4
2020-06-02,Comm,0.24737777777777778,3
2020-06-02,Consumer,-0.13008966666666666,5
2020-06-02,Energy,0.16705,4
2020-06-02,Financials,0.06546355555555555,5
2020-06-02,Healthcare,0.029472424242424244,5
2020-06-02,Industrials,0.28571166666666664,5
2020-06-02,Materials,0.21445,4
2020-06-02,RealEstate,0.07433333333333335,3
2020-06-02,Tech,0.165914,5
2020-06-02,Utilities,0.07401666666666666,3
2020-06-03,Comm,-0.024979999999999995,5
2020-06-03,Consumer,0.09213952380952381,5
2020-06-03,Energy,0.3774833333333333,4
2020-06-03,Financials,0.1598242380952381,5
2020-06-03,Healthcare,0.09609873015873016,5
2020-06-03,Industrials,0.2558250724637681,5
2020-06-03,Materials,0.08614166666666669,4
2020-06-03,RealEstate,0.17831000000000002,5
2020-06-03,Tech,0.32861,2
2020-06-03,Utilities,0.0,1
2020-06-04,Comm,0.05088499999999999,5
2020-06-04,Consumer,0.06515,4
2020-06-04,Energy,-0.018039333333333334,5
2020-06-04,Financials,0.18300666666666668,5
2020-06-04,Healthcare,0.07595857142857143,5
2020-06-04,Industrials,0.07155392857142857,4
2020-06-04,Materials,-0.027200000000000002,4
2020-06-04,RealEstate,0.17005,2
2020-06-04,Tech,0.09108333333333334,3
2020-06-04,Utilities,-0.08941333333333334,3
2020-06-05,Comm,0.1253675,4
2020-06-05,Consumer,0.026736666666666672,3
2020-06-05,Energy,0.19086759595959596,5
2020-06-05,Financials,0.3121916666666667,5
2020-06-05,Healthcare,0.04215555555555556,3
2020-06-05,Industrials,0.31247380952380954,5
2020-06-05,Materials,0.33881875,4
2020-06-05,RealEstate,0.0323,2
2020-06-05,Tech,0.15739351851851854,3
2020-06-05,Utilities,0.07433749999999999,2
2020-06-08,Comm,-0.1422275,5
2020-06-08,Consumer,0.04185666666666667,5
2020-06-08,Energy,0.11374866666666668,5
2020-06-08,Financials,-0.0047985714285714185,5
2020-06-08,Healthcare,0.05679063157894737,5
2020-06-08,Industrials,0.1153305882352941,5
2020-06-08,Materials,0.2201,2
2020-06-08,RealEstate,0.025449999999999997,2
2020-06-08,Tech,0.14850333333333335,5
2020-06-08,Utilities,0.745,2
2020-06-09,Comm,-0.004066666666666666,3
2020-06-09,Consumer,0.1445770634920635,3
2020-06-09,Energy,0.3021273333333333,5
2020-06-09,Financials,0.11791,5
2020-06-09,Healthcare,0.023248611111111112,3
2020-06-09,Industrials,0.1565560576923077,4
2020-06-09,Materials,0.2664,2
2020-06-09,RealEstate,0.0348,2
2020-06-09,Tech,0.18196333333333334,5
2020-06-09,Utilities,0.116725,2
2020-06-10,Comm,-0.09912499999999999,4
2020-06-10,Consumer,-0.010837136363636368,5
2020-06-10,Energy,-0.24050600000000003,5
2020-06-10,Financials,0.16331636904761906,4
2020-06-10,Healthcare,0.09118222222222222,4
2020-06-10,Industrials,-0.12485333333333334,2
2020-06-10,RealEstate,0.068825,1
2020-06-10,Tech,0.020419047619047608,4
2020-06-10,Utilities,-0.10883333333333334,3
2020-06-11,Comm,0.07463619047619048,5
2020-06-11,Consumer,0.011012056277056276,5
2020-06-11,Energy,-0.15887666666666667,5
2020-06-11,Financials,0.03194355555555556,5
2020-06-11,Healthcare,0.26938,5
2020-06-11,Industrials,0.06134238095238096,5
2020-06-11,Materials,0.10328333333333334,3
2020-06-11,RealEstate,0.3829833333333333,3
2020-06-11,Tech,0.034554166666666664,4
2020-06-11,Utilities,0.5603,2
2020-06-12,Comm,0.029433333333333336,3
2020-06-12,Consumer,0.02116266666666667,5
2020-06-12,Energy,0.116675,5
2020-06-12,Financials,0.18425,3
2020-06-12,Healthcare,0.0718875,4
2020-06-12,Industrials,-0.012745000000000003,4
2020-06-12,Materials,0.10718333333333334,3
2020-06-12,RealEstate,0.3094,1
2020-06-12,Tech,0.08400416666666666,4
2020-06-12,Utilities,0.0361,1
2020-06-15,Comm,0.003285416666666664,4
2020-06-15,Consumer,-0.008524545454545451,5
2020-06-15,Energy,-0.09132,3
2020-06-15,Financials,-0.00024375000000000655,4
2020-06-15,Healthcare,0.03199942857142857,5
2020-06-15,Industrials,-0.0048105952380952405,4
2020-06-15,Materials,0.2812,1
2020-06-15,RealEstate,0.01225,1
2020-06-15,Tech,0.18140416666666667,4
2020-06-15,Utilities,0.05805,2
2020-06-16,Comm,-7.7777777777778e-05,5
2020-06-16,Consumer,0.08229166666666668,4
2020-06-16,Energy,0.01780312500000001,4
2020-06-16,Financials,-0.028864583333333336,4
2020-06-16,Healthcare,-0.005079166666666662,4
2020-06-16,Industrials,0.23490458333333333,4
2020-06-16,Materials,0.0,1
2020-06-16,RealEstate,0.100775,2
2020-06-16,Tech,0.13420625,4
2020-06-16,Utilities,-0.26055,2
2020-06-17,Comm,0.12914833333333334,5
2020-06-17,Consumer,0.17406516666666666,5
2020-06-17,Energy,-0.019577499999999998,4
2020-06-17,Financials,-0.0101675,4
2020-06-17,Healthcare,-0.09114166666666668,4
2020-06-17,Industrials,0.010291666666666668,3
2020-06-17,Materials,-0.009,1
2020-06-17,RealEstate,0.086075,2
2020-06-17,Tech,0.0929625,4
2020-06-17,Utilities,0.0103,3
2020-06-18,Comm,0.0746425,4
2020-06-18,Consumer,0.03977247619047619,5
2020-06-18,Energy,0.021278333333333337,4
2020-06-18,Financials,-0.010845000000000004,5
2020-06-18,Healthcare,0.1776916666666667,4
2020-06-18,Industrials,-0.004623333333333331,3
2020-06-18,Materials,0.020233333333333336,3
2020-06-18,RealEstate,0.13203333333333334,3
2020-06-18,Tech,-0.090575,4
2020-06-18,Utilities,0.19519999999999998,1
2020-06-19,Comm,-0.01250833333333333,4
2020-06-19,Consumer,-0.04950488888888889,5
2020-06-19,Energy,0.010334126984126982,3
2020-06-19,Financials,-0.04777083333333333,4
2020-06-19,Healthcare,0.08357916666666666,4
2020-06-19,Industrials,0.1035875,4
2020-06-19,Materials,0.00065,2
2020-06-19,Tech,0.014416666666666668,3
2020-06-19,Utilities,0.023200000000000002,2
2020-06-22,Comm,0.0353,4
2020-06-22,Consumer,0.027109499999999998,5
2020-06-22,Energy,0.12802083333333333,4
2020-06-22,Financials,-0.06713333333333334,4
2020-06-22,Healthcare,0.21230833333333332,4
2020-06-22,Industrials,0.07941666666666668,3
2020-06-22,Materials,0.11991666666666666,2
2020-06-22,Tech,0.10771238095238096,3
2020-06-22,Utilities,0.00818888888888889,3
2020-06-23,Comm,0.09414444444444443,3
2020-06-23,Consumer,0.16102466666666668,5
2020-06-23,Energy,-0.038993749999999994,4
2020-06-23,Financials,0.080225,4
2020-06-23,Healthcare,0.013982291666666665,4
2020-06-23,Industrials,0.11644399999999999,5
2020-06-23,Materials,0.003016666666666667,3
2020-06-23,RealEstate,0.01915,3
2020-06-23,Tech,0.05390416666666667,4
2020-06-23,Utilities,0.0042,4
2020-06-24,Comm,-0.0033732323232323197,3
2020-06-24,Consumer,0.020888166666666663,5
2020-06-24,Energy,-0.0009557142857142858,5
2020-06-24,Financials,-0.048858888888888896,3
2020-06-24,Healthcare,0.027508333333333333,4
2020-06-24,Industrials,-0.014993333333333334,5
2020-06-24,Materials,0.0,1
2020-06-24,RealEstate,-0.0045,2
2020-06-24,Tech,-0.12979166666666667,4
2020-06-24,Utilities,0.0181,1
2020-06-25,Comm,0.05418,3
2020-06-25,Consumer,0.08746373333333335,5
2020-06-25,Energy,-0.015119999999999998,5
2020-06-25,Financials,0.07111385714285715,5
2020-06-25,Healthcare,0.027566666666666656,3
2020-06-25,Industrials,-0.002414705882352941,4
2020-06-25,Materials,0.0142,1
2020-06-25,Tech,-0.2862,3
2020-06-25,Utilities,-0.10815,1
2020-06-26,Comm,0.17455,2
2020-06-26,Consumer,0.06869313725490196,5
2020-06-26,Energy,0.04151666666666667,3
2020-06-26,Financials,-0.016471428571428567,4
2020-06-26,Healthcare,0.004238333333333337,3
2020-06-26,Industrials,0.0851148148148148,3
2020-06-26,Materials,0.3442,1
2020-06-26,RealEstate,0.2723,1
2020-06-26,Tech,-0.08887500000000001,2
2020-06-26,Utilities,0.1216,3
2020-06-29,Comm,0.06640628205128205,5
2020-06-29,Consumer,0.028983538461538456,5
2020-06-29,Energy,-0.03049166666666666,4
2020-06-29,Financials,0.08401833333333333,4
2020-06-29,Healthcare,0.09566291666666667,5
2020-06-29,Industrials,0.11815178571428571,2
2020-06-29,Materials,0.1903,2
2020-06-29,RealEstate,0.009,1
2020-06-29,Tech,0.013649999999999995,2
2020-06-29,Utilities,0.009,1
2020-06-30,Comm,0.0015428571428571427,3
2020-06-30,Consumer,0.11343133333333333,5
2020-06-30,Energy,0.03236583333333333,4
2020-06-30,Financials,0.07400309523809523,5
2020-06-30,Healthcare,0.01325,3
2020-06-30,Industrials,0.06835583333333332,4
2020-06-30,Materials,0.024533333333333334,3
2020-06-30,RealEstate,0.36040000000000005,2
2020-06-30,Tech,0.18428,2
2020-06-30,Utilities,0.18005,1
2020-07-01,Comm,0.0977875,4
2020-07-01,Consumer,0.035307857142857155,5
2020-07-01,Energy,0.05606249999999998,4
2020-07-01,Financials,-0.12769166666666668,3
2020-07-01,Healthcare,0.13669861111111112,4
2020-07-01,Industrials,0.13433055555555554,3
2020-07-01,Materials,0.0187,2
2020-07-01,RealEstate,0.0245,2
2020-07-01,Tech,0.10431666666666667,3
2020-07-01,Utilities,0.0253,4
2020-07-02,Comm,0.009891666666666667,3
2020-07-02,Consumer,0.131772,5
2020-07-02,Energy,-0.005678484848484849,5
2020-07-02,Financials,0.10437833333333332,5
2020-07-02,Healthcare,0.04018055555555556,3
2020-07-02,Industrials,0.08241041666666667,4
2020-07-02,Materials,0.0077,1
2020-07-02,RealEstate,0.09355000000000001,2
2020-07-02,Tech,0.28652500000000003,2
2020-07-02,Utilities,0.5927,2
2020-07-06,Comm,0.06571,5
2020-07-06,Consumer,0.028039095238095234,5
2020-07-06,Energy,0.06979761904761905,5
2020-07-06,Financials,0.144685,4
2020-07-06,Healthcare,0.048602,5
2020-07-06,Industrials,-0.04425181818181817,5
2020-07-06,Materials,-0.12064166666666669,2
2020-07-06,RealEstate,0.02815000000000001,2
2020-07-06,Tech,0.047286742424242426,4
2020-07-06,Utilities,0.007375603864734303,3
2020-07-07,Comm,0.08569166666666667,5
2020-07-07,Consumer,0.11318931818181818,4
2020-07-07,Energy,-0.12475119047619049,3
2020-07-07,Financials,-0.21372500000000003,2
2020-07-07,Healthcare,0.052697916666666664,4
2020-07-07,Industrials,-0.06412142857142858,2
2020-07-07,Materials,-0.3612,1
2020-07-07,RealEstate,0.4796,1
2020-07-07,Tech,0.011000000000000001,2
2020-07-07,Utilities,-0.1796,2
2020-07-08,Comm,0.04640624999999999,4
2020-07-08,Consumer,0.06966416666666667,5
2020-07-08,Energy,0.0207,1
2020-07-08,Financials,0.09615833333333333,4
2020-07-08,Healthcare,0.1306970238095238,4
2020-07-08,Industrials,0.02472,5
2020-07-08,Materials,0.0155,1
2020-07-08,RealEstate,-0.3071,1
2020-07-08,Tech,0.010851111111111105,3
2020-07-08,Utilities,0.008575000000000001,3
2020-07-09,Comm,0.0859625,2
2020-07-09,Consumer,0.04728535714285714,5
2020-07-09,Energy,0.06766875000000001,4
2020-07-09,Financials,0.08355902777777778,4
2020-07-09,Healthcare,0.1253888888888889,3
2020-07-09,Industrials,-0.06960000000000001,3
2020-07-09,Materials,0.0077,2
2020-07-09,RealEstate,0.0,2
2020-07-09,Tech,0.10712698412698413,3
2020-07-09,Utilities,0.18843333333333334,3
2020-07-10,Comm,0.014216666666666667,2
2020-07-10,Consumer,-0.0069642857142857145,5
2020-07-10,Energy,0.10475999999999999,5
2020-07-10,Financials,0.11571777777777778,5
2020-07-10,Healthcare,0.012493636363636363,5
2020-07-10,Industrials,0.015395238095238092,3
2020-07-10,Materials,-0.0142,1
2020-07-10,RealEstate,0.0348,1
2020-07-10,Tech,0.10111111111111111,3
2020-07-10,Utilities,0.03605,2
2020-07-13,Comm,0.0413888888888889,3
2020-07-13,Consumer,0.009322761904761907,5
2020-07-13,Energy,-0.05438333333333334,3
2020-07-13,Financials,0.016202666666666664,5
2020-07-13,Healthcare,0.080375,5
2020-07-13,Industrials,0.09672499999999999,4
2020-07-13,Materials,0.0,2
2020-07-13,RealEstate,0.0323,1
2020-07-13,Tech,0.19955625000000002,4
2020-07-13,Utilities,0.07964166666666667,4
2020-07-14,Comm,0.04336071428571429,4
2020-07-14,Consumer,0.05972047619047619,5
2020-07-14,Energy,0.00645,1
2020-07-14,Financials,0.071243125,4
2020-07-14,Healthcare,0.1766,5
2020-07-14,Industrials,0.0969395,5
2020-07-14,RealEstate,0.0,1
2020-07-14,Tech,0.012812500000000001,4
2020-07-14,Utilities,0.0168,2
2020-07-15,Comm,0.13748333333333332,4
2020-07-15,Consumer,0.09048257142857144,5
2020-07-15,Energy,-0.1624833333333333,3
2020-07-15,Financials,0.1657875652173913,5
2020-07-15,Healthcare,0.23228333333333334,2
2020-07-15,Industrials,0.10982,5
2020-07-15,RealEstate,0.04481666666666667,3
2020-07-15,Tech,0.03696250000000001,4
2020-07-15,Utilities,0.21056666666666668,3
2020-07-16,Comm,0.06002916666666666,4
2020-07-16,Consumer,0.1316243650793651,5
2020-07-16,Energy,-0.014741666666666665,3
2020-07-16,Financials,-0.1793888888888889,3
2020-07-16,Healthcare,0.2086075,4
2020-07-16,Industrials,0.0198125,4
2020-07-16,Materials,0.0258,3
2020-07-16,Tech,0.03949166666666667,4
2020-07-16,Utilities,0.025500000000000002,4
2020-07-17,Comm,-0.53915,1
2020-07-17,Consumer,0.05696444444444445,5
2020-07-17,Energy,-0.10470833333333332,4
2020-07-17,Financials,-0.03078404761904762,4
2020-07-17,Healthcare,0.08885833333333332,4
2020-07-17,Industrials,0.1199625,2
2020-07-17,Materials,0.19675,2
2020-07-17,Tech,-0.039119999999999995,3
2020-07-17,Utilities,0.16653333333333334,3
2020-07-20,Comm,0.05641666666666667,3
2020-07-20,Consumer,0.09947308441558442,4
2020-07-20,Energy,0.05840277777777778,5
2020-07-20,Financials,0.16940158730158728,3
2020-07-20,Healthcare,0.050083333333333334,3
2020-07-20,Industrials,0.2915181818181818,3
2020-07-20,Materials,0.0103,1
2020-07-20,RealEstate,0.030299999999999997,4
2020-07-20,Tech,0.10013858974358975,4
2020-07-20,Utilities,-0.1446111111111111,3
2020-07-21,Comm,0.15707333333333334,5
2020-07-21,Consumer,0.203759751552795,5
2020-07-21,Energy,-0.004075848595848597,5
2020-07-21,Financials,0.15245833333333333,4
2020-07-21,Healthcare,0.08031250000000001,4
2020-07-21,Industrials,-0.10262142857142857,2
2020-07-21,RealEstate,0.07792,1
2020-07-21,Tech,0.16562416666666668,4
2020-07-21,Utilities,0.021325,2
2020-07-22,Comm,0.06514166666666667,4
2020-07-22,Consumer,0.087928,5
2020-07-22,Energy,0.14691666666666667,5
2020-07-22,Financials,-0.015862499999999995,4
2020-07-22,Healthcare,0.15664999999999998,3
2020-07-22,Industrials,-0.09705740740740741,3
2020-07-22,Materials,0.2787,2
2020-07-22,RealEstate,0.01355,1
2020-07-22,Tech,0.16169999999999998,3
2020-07-23,Comm,0.0036791666666666696,3
2020-07-23,Consumer,0.05485903846153846,5
2020-07-23,Energy,-0.039349999999999996,4
2020-07-23,Financials,0.024530000000000003,5
2020-07-23,Healthcare,-0.06013,5
2020-07-23,Industrials,0.08783250000000001,5
2020-07-23,Materials,-0.013040833333333335,4
2020-07-23,RealEstate,0.00485,2
2020-07-23,Tech,0.16319999999999998,3
2020-07-23,Utilities,0.2539,2
2020-07-24,Comm,-0.009243749999999998,4
2020-07-24,Consumer,-0.021718833333333333,5
2020-07-24,Energy,0.15937788461538463,4
2020-07-24,Financials,0.019125,4
2020-07-24,Healthcare,0.010510000000000002,5
2020-07-24,Industrials,-0.016540625000000003,4
2020-07-24,Materials,-0.051383333333333336,3
2020-07-24,RealEstate,0.0,1
2020-07-24,Tech,-0.0462281746031746,3
2020-07-24,Utilities,0.4077611111111111,3
2020-07-27,Comm,0.077675,2
2020-07-27,Consumer,0.01718611111111111,4
2020-07-27,Energy,-0.11697333333333333,4
2020-07-27,Financials,0.07168541666666667,4
2020-07-27,Healthcare,0.08931785714285714,4
2020-07-27,Industrials,0.11555,4
2020-07-27,Materials,-0.010447500000000002,4
2020-07-27,RealEstate,-0.05590000000000001,2
2020-07-27,Tech,0.061351190476190476,4
2020-07-27,Utilities,-0.041318750000000015,4
2020-07-28,Comm,0.12196000000000001,2
2020-07-28,Consumer,0.06920504761904762,5
2020-07-28,Energy,0.0207,2
2020-07-28,Financials,0.01975285714285714,4
2020-07-28,Healthcare,0.07098958333333333,4
2020-07-28,Industrials,0.049689407894736845,4
2020-07-28,Materials,0.31339375,2
2020-07-28,Tech,0.014110119047619043,3
2020-07-28,Utilities,0.125,1
2020-07-29,Comm,0.06004999999999999,4
2020-07-29,Consumer,0.05920388888888889,5
2020-07-29,Energy,0.0232125,4
2020-07-29,Financials,-0.11168928571428571,4
2020-07-29,Healthcare,0.07966,5
2020-07-29,Industrials,0.06982395833333334,4
2020-07-29,Materials,0.06526666666666667,3
2020-07-29,RealEstate,0.09859,5
2020-07-29,Tech,0.22102986660079052,4
2020-07-29,Utilities,0.03611111111111111,3
2020-07-30,Comm,0.06031499999999999,5
2020-07-30,Consumer,0.05456066666666667,5
2020-07-30,Energy,0.006316222222222226,5
2020-07-30,Financials,0.10526444444444444,3
2020-07-30,Healthcare,0.006046875,4
2020-07-30,Industrials,0.03953255189255189,5
2020-07-30,Materials,0.03723,5
2020-07-30,RealEstate,0.09356249999999999,4
2020-07-30,Tech,-0.011874242424242426,4
2020-07-30,Utilities,0.12443333333333334,3
2020-07-31,Comm,0.01035,3
2020-07-31,Consumer,0.04630428571428571,5
2020-07-31,Energy,-0.1241009523809524,2
2020-07-31,Financials,0.041466666666666666,3
2020-07-31,Healthcare,0.009303988603988603,3
2020-07-31,Industrials,-0.06812933333333333,5
2020-07-31,Materials,0.3538,1
2020-07-31,RealEstate,0.0216,2
2020-07-31,Tech,0.26084999999999997,2
2020-07-31,Utilities,0.03648333333333333,2
2020-08-03,Comm,0.045426,5
2020-08-03,Consumer,0.009408705882352944,5
2020-08-03,Energy,0.08128450000000001,5
2020-08-03,Financials,-0.034736666666666666,5
2020-08-03,Healthcare,0.05675285714285714,5
2020-08-03,Industrials,-0.06899851515151514,5
2020-08-03,Materials,0.5388999999999999,2
2020-08-03,RealEstate,-0.08185,2
2020-08-03,Tech,0.08030722222222222,3
2020-08-03,Utilities,0.13493333333333332,2
2020-08-04,Comm,0.09231974358974358,5
2020-08-04,Consumer,0.15952474747474749,5
2020-08-04,Energy,-0.008433333333333334,2
2020-08-04,Financials,0.00783166666666667,5
2020-08-04,Healthcare,-0.05081666666666667,4
2020-08-04,Industrials,-0.03857407407407407,3
2020-08-04,Materials,0.07315,4
2020-08-04,RealEstate,-0.14579999999999999,1
2020-08-04,Tech,0.21724515151515153,3
2020-08-04,Utilities,0.28531666666666666,3
2020-08-05,Comm,0.14981875,4
2020-08-05,Consumer,0.07067094117647059,5
2020-08-05,Energy,-0.0737138888888889,3
2020-08-05,Financials,0.08924499999999998,3
2020-08-05,Healthcare,0.12943333333333334,3
2020-08-05,Industrials,0.005179999999999998,5
2020-08-05,Materials,0.02001666666666667,3
2020-08-05,RealEstate,0.17205,2
2020-08-05,Tech,0.07147053571428572,4
2020-08-05,Utilities,0.0084,3
2020-08-06,Comm,0.15064761904761906,3
2020-08-06,Consumer,0.023632666666666663,5
2020-08-06,Energy,0.12457499999999999,2
2020-08-06,Financials,0.10410833333333333,4
2020-08-06,Healthcare,0.18496,3
2020-08-06,Industrials,0.14672222222222223,3
2020-08-06,Materials,0.12756666666666666,3
2020-08-06,RealEstate,0.0045,2
2020-08-06,Tech,-0.012858333333333328,3
2020-08-06,Utilities,-0.029062500000000005,2
2020-08-07,Comm,0.018535897435897435,2
2020-08-07,Consumer,0.1513625,4
2020-08-07,Energy,0.0029866666666666665,3
2020-08-07,Financials,-0.05986666666666667,3
2020-08-07,Healthcare,0.051621428571428575,5
2020-08-07,Industrials,0.01723333333333333,4
2020-08-07,RealEstate,0.19568750000000001,4
2020-08-07,Tech,0.192325,2
2020-08-07,Utilities,0.0,1
2020-08-10,Comm,0.18227333333333334,5
2020-08-10,Consumer,0.06529536796536797,5
2020-08-10,Energy,0.11762555555555557,5
2020-08-10,Financials,0.14541666666666667,5
2020-08-10,Healthcare,0.018338888888888887,3
2020-08-10,Industrials,0.1340977777777778,3
2020-08-10,Materials,0.11984444444444443,3
2020-08-10,RealEstate,0.0077,1
2020-08-10,Tech,0.10753541666666666,4
2020-08-10,Utilities,-0.03613888888888889,3
2020-08-11,Comm,0.13285555555555553,3
2020-08-11,Consumer,0.00022437499999999888,4
2020-08-11,Energy,0.08755357142857143,4
2020-08-11,Financials,0.03836142857142857,4
2020-08-11,Healthcare,0.20759444444444444,3
2020-08-11,Industrials,-0.013174074074074069,3
2020-08-11,Materials,-0.000325,1
2020-08-11,RealEstate,0.0181,1
2020-08-11,Tech,0.168265,3
2020-08-11,Utilities,0.01935,2
2020-08-12,Comm,0.0086,3
2020-08-12,Consumer,0.0795875,4
2020-08-12,Energy,0.11122833333333333,5
2020-08-12,Financials,-0.012176388888888893,4
2020-08-12,Healthcare,0.02045,3
2020-08-12,Industrials,0.006324999999999996,4
2020-08-12,RealEstate,0.0155,1
2020-08-12,Tech,0.003902976190476191,4
2020-08-12,Utilities,0.004739999999999999,5
2020-08-13,Comm,0.14936875,4
2020-08-13,Consumer,-0.02278404761904763,5
2020-08-13,Energy,-0.080325,2
2020-08-13,Financials,-0.02427833333333334,5
2020-08-13,Healthcare,-0.1499,5
2020-08-13,Industrials,-0.04630666666666666,3
2020-08-13,Materials,0.3705,1
2020-08-13,RealEstate,-0.00575,1
2020-08-13,Tech,0.0002873015873015871,3
2020-08-13,Utilities,0.0,2
2020-08-14,Comm,-0.075525,4
2020-08-14,Consumer,-0.046771875,4
2020-08-14,Energy,0.24855833333333333,3
2020-08-14,Financials,0.1001875,4
2020-08-14,Healthcare,0.00805,2
2020-08-14,Industrials,0.08605500000000002,5
2020-08-14,Materials,0.0099,3
2020-08-14,RealEstate,-0.11206666666666666,3
2020-08-14,Tech,0.13439166666666666,4
2020-08-14,Utilities,0.3839,2
2020-08-17,Comm,0.14206333333333332,5
2020-08-17,Consumer,0.0611751851851852,5
2020-08-17,Energy,-0.13175416666666667,4
2020-08-17,Financials,0.05786833333333335,4
2020-08-17,Healthcare,0.01688,5
2020-08-17,Industrials,0.2037616666666667,3
2020-08-17,Materials,0.31015833333333337,3
2020-08-17,RealEstate,0.192,2
2020-08-17,Tech,0.004815000000000007,4
2020-08-17,Utilities,0.12764999999999999,2
2020-08-18,Comm,0.15536333333333335,5
2020-08-18,Consumer,0.06116080357142857,5
2020-08-18,Energy,0.041479166666666664,4
2020-08-18,Financials,0.13892916666666666,4
2020-08-18,Healthcare,-0.03195,3
2020-08-18,Industrials,0.14,2
2020-08-18,Materials,0.0,3
2020-08-18,RealEstate,0.18169999999999997,1
2020-08-18,Tech,0.00043333333333333245,4
2020-08-18,Utilities,0.009,1
2020-08-19,Comm,-0.0077,1
2020-08-19,Consumer,0.12965636363636363,5
2020-08-19,Energy,0.05134444444444444,3
2020-08-19,Financials,0.08718999999999999,3
2020-08-19,Healthcare,0.09595208333333334,4
2020-08-19,Industrials,0.12300166666666666,4
2020-08-19,Materials,0.01615,1
2020-08-19,RealEstate,0.0168,3
2020-08-19,Tech,0.15343333333333334,2
2020-08-20,Comm,0.103455,4
2020-08-20,Consumer,0.10902,5
2020-08-20,Energy,-0.006322500000000005,4
2020-08-20,Financials,0.11660785714285715,5
2020-08-20,Healthcare,0.06355,5
2020-08-20,Industrials,0.11165,4
2020-08-20,Materials,0.005588888888888889,3
2020-08-20,RealEstate,0.010950000000000001,2
2020-08-20,Tech,-0.16099722222222224,2
2020-08-20,Utilities,0.00978,5
2020-08-21,Comm,0.14484444444444447,3
2020-08-21,Consumer,0.18183033333333332,5
2020-08-21,Energy,0.011949999999999999,2
2020-08-21,Financials,0.27515833333333334,4
2020-08-21,Healthcare,0.007424999999999994,2
2020-08-21,Industrials,-0.106362,5
2020-08-21,Materials,-0.3324,1
2020-08-21,RealEstate,0.35001666666666664,2
2020-08-21,Tech,-0.05527583333333333,4
2020-08-21,Utilities,0.18885000000000002,2
2020-08-24,Comm,-0.18252500000000002,2
2020-08-24,Consumer,0.04461285714285714,5
2020-08-24,Energy,0.08006074074074075,3
2020-08-24,Financials,0.25717666666666666,5
2020-08-24,Healthcare,0.17548750000000002,4
2020-08-24,Industrials,0.07351124999999999,4
2020-08-24,Materials,0.019766666666666665,3
2020-08-24,RealEstate,0.01,4
2020-08-24,Tech,0.01523333333333334,3
2020-08-24,Utilities,-0.09275,3
2020-08-25,Comm,0.11716666666666667,2
2020-08-25,Consumer,0.08678749999999999,4
2020-08-25,Energy,0.039953333333333334,2
2020-08-25,Financials,0.05067222222222223,3
2020-08-25,Healthcare,0.053487037037037034,3
2020-08-25,Industrials,0.044533333333333334,5
2020-08-25,Materials,-0.1444,1
2020-08-25,RealEstate,0.02325,2
2020-08-25,Tech,0.20223000000000002,4
2020-08-25,Utilities,0.19440000000000002,2
2020-08-26,Comm,0.1429725,4
2020-08-26,Consumer,-0.0040303571428571446,4
2020-08-26,Energy,0.09919404761904761,3
2020-08-26,Financials,0.026743749999999997,4
2020-08-26,Healthcare,0.10392799999999999,5
2020-08-26,Industrials,-0.20194374999999998,4
2020-08-26,Materials,0.0,1
2020-08-26,RealEstate,0.015050000000000001,3
2020-08-26,Tech,0.11022777777777777,3
2020-08-26,Utilities,0.26475,3
2020-08-27,Comm,0.0019249999999999996,2
2020-08-27,Consumer,-0.00482175438596491,5
2020-08-27,Energy,-0.07820714285714285,5
2020-08-27,Financials,-0.055799999999999995,3
2020-08-27,Healthcare,0.09778466666666667,5
2020-08-27,Industrials,0.06569833333333333,5
2020-08-27,Materials,0.014525,2
2020-08-27,RealEstate,0.12396666666666667,3
2020-08-27,Tech,0.07599583333333335,4
2020-08-27,Utilities,0.0097,2
2020-08-28,Comm,0.021779166666666662,2
2020-08-28,Consumer,-0.03474900284900285,3
2020-08-28,Energy,-0.010625,3
2020-08-28,Financials,0.04655333333333333,5
2020-08-28,Healthcare,0.044956,5
2020-08-28,Industrials,0.05963333333333334,3
2020-08-28,Materials,-0.04053333333333334,2
2020-08-28,RealEstate,0.0155,1
2020-08-28,Tech,0.3836,2
2020-08-31,Comm,0.05545555555555556,3
2020-08-31,Consumer,0.017386176470588238,5
2020-08-31,Energy,0.04428619047619048,5
2020-08-31,Financials,0.062329999999999997,5
2020-08-31,Healthcare,0.061255555555555556,4
2020-08-31,Industrials,0.032102000000000006,5
2020-08-31,Materials,0.0038499999999999997,2
2020-08-31,RealEstate,0.1964,2
2020-08-31,Tech,0.16780833333333334,4
2020-08-31,Utilities,0.035166666666666666,5
2020-09-01,Comm,0.06508333333333333,3
2020-09-01,Consumer,0.07842410714285714,4
2020-09-01,Energy,0.19383958333333334,4
2020-09-01,Financials,0.07273666666666666,5
2020-09-01,Healthcare,0.0215625,4
2020-09-01,Industrials,0.17908333333333334,3
2020-09-01,RealEstate,-0.08325,3
2020-09-01,Tech,0.025043749999999993,4
2020-09-01,Utilities,0.0194,1
2020-09-02,Comm,0.17952222222222222,3
2020-09-02,Consumer,0.10792333333333334,5
2020-09-02,Energy,-0.08072,2
2020-09-02,Financials,0.08837222222222223,3
2020-09-02,Healthcare,-0.08304375,4
2020-09-02,Industrials,0.23895555555555556,3
2020-09-02,Materials,-0.02723333333333333,3
2020-09-02,RealEstate,0.0,1
2020-09-02,Tech,0.14468412698412697,3
2020-09-02,Utilities,0.025833333333333333,3
2020-09-03,Comm,-0.020588095238095235,3
2020-09-03,Consumer,0.09764732142857142,4
2020-09-03,Energy,0.012199999999999997,3
2020-09-03,Financials,-0.0012699999999999975,5
2020-09-03,Healthcare,-0.08587333333333332,3
2020-09-03,Industrials,0.10068333333333333,4
2020-09-03,Materials,0.0057875,2
2020-09-03,RealEstate,-0.009,1
2020-09-03,Tech,-0.027575000000000002,3
2020-09-03,Utilities,0.1411,1
2020-09-04,Comm,0.013958333333333333,2
2020-09-04,Consumer,0.035274,5
2020-09-04,Energy,0.13854375000000002,4
2020-09-04,Financials,-0.028768666666666665,5
2020-09-04,Healthcare,0.04933571428571429,2
2020-09-04,Industrials,0.009044444444444445,3
2020-09-04,Materials,0.08020000000000001,3
2020-09-04,RealEstate,0.024522222222222223,3
2020-09-04,Tech,0.0096375,4
2020-09-04,Utilities,0.0219,1
2020-09-08,Comm,0.08745,2
2020-09-08,Consumer,0.0094539696969697,5
2020-09-08,Energy,-0.14831228571428573,5
2020-09-08,Financials,0.003725000000000006,5
2020-09-08,Healthcare,0.03778666666666667,5
2020-09-08,Industrials,-0.083606,5
2020-09-08,Materials,0.17635,2
2020-09-08,RealEstate,0.025150000000000002,1
2020-09-08,Tech,0.10496458333333333,4
2020-09-08,Utilities,0.010291428571428573,5
2020-09-09,Comm,0.23929999999999998,3
2020-09-09,Consumer,0.11436212121212122,4
2020-09-09,Energy,0.20049999999999998,1
2020-09-09,Financials,-0.11049999999999999,4
2020-09-09,Healthcare,0.2021333333333333,3
2020-09-09,Industrials,0.05893333333333334,3
2020-09-09,RealEstate,-0.3485,1
2020-09-09,Tech,0.05466875,4
2020-09-09,Utilities,0.0413,1
2020-09-10,Comm,-0.076625,2
2020-09-10,Consumer,0.19368124999999997,4
2020-09-10,Energy,0.016800000000000002,2
2020-09-10,Financials,0.22007500000000002,4
2020-09-10,Healthcare,0.3839,1
2020-09-10,Industrials,0.04619333333333333,2
2020-09-10,Materials,-0.23775,2
2020-09-10,Tech,0.03526666666666667,3
2020-09-10,Utilities,0.0097,2
2020-09-11,Comm,0.02363333333333333,3
2020-09-11,Consumer,0.07267708333333334,4
2020-09-11,Energy,0.0782888888888889,3
2020-09-11,Financials,-0.04530555555555555,3
2020-09-11,Healthcare,-0.025616666666666666,5
2020-09-11,Industrials,-0.08723000000000002,3
2020-09-11,Materials,-0.0387,1
2020-09-11,RealEstate,0.0097,2
2020-09-11,Tech,-0.053266666666666684,3
2020-09-11,Utilities,0.0194,1
2020-09-14,Comm,0.19844166666666666,3
2020-09-14,Consumer,0.040295761904761904,5
2020-09-14,Energy,-0.11555714285714284,2
2020-09-14,Financials,-0.015316666666666673,4
2020-09-14,Healthcare,0.1614575072463768,5
2020-09-14,Industrials,0.007853333333333332,3
2020-09-14,Materials,0.0659625,2
2020-09-14,RealEstate,0.1948,1
2020-09-14,Tech,0.081218125,4
2020-09-14,Utilities,0.061149999999999996,2
2020-09-15,Comm,0.02804444444444445,3
2020-09-15,Consumer,0.17240595238095238,4
2020-09-15,Energy,-0.28678333333333333,2
2020-09-15,Financials,0.05973749999999999,2
2020-09-15,Healthcare,0.04999833333333333,5
2020-09-15,Industrials,-0.025346666666666667,5
2020-09-15,RealEstate,0.010550000000000002,2
2020-09-15,Tech,-0.02289166666666666,4
2020-09-15,Utilities,0.0010666666666666665,2
2020-09-16,Comm,-0.04089444444444445,3
2020-09-16,Consumer,-0.06546111111111112,3
2020-09-16,Energy,0.13089166666666666,2
2020-09-16,Financials,-0.08380666666666667,5
2020-09-16,Healthcare,0.0017333333333333333,3
2020-09-16,Industrials,0.13374621212121213,4
2020-09-16,Materials,0.0116,2
2020-09-16,RealEstate,0.0026,1
2020-09-16,Tech,0.08592499999999999,3
2020-09-16,Utilities,0.09058749999999999,2
2020-09-17,Comm,0.04615555555555556,3
2020-09-17,Consumer,0.17045458333333335,4
2020-09-17,Energy,0.041683333333333336,2
2020-09-17,Financials,0.07384500000000001,5
2020-09-17,Healthcare,0.04088333333333334,5
2020-09-17,Industrials,0.11077204545454547,5
2020-09-17,Materials,0.013016666666666668,3
2020-09-17,RealEstate,-0.3596,2
2020-09-17,Tech,-0.014085714285714285,3
2020-09-18,Comm,-0.0779625,4
2020-09-18,Consumer,0.0668240909090909,5
2020-09-18,Energy,-0.09410000000000002,2
2020-09-18,Financials,-0.06875624999999999,4
2020-09-18,Healthcare,0.0498625,4
2020-09-18,Industrials,0.171175,4
2020-09-18,RealEstate,0.009,2
2020-09-18,Tech,0.011516666666666668,2
2020-09-18,Utilities,0.0,1
2020-09-21,Comm,0.12578375,4
2020-09-21,Consumer,0.08963433333333333,4
2020-09-21,Energy,-0.06273888888888891,3
2020-09-21,Financials,-0.016155833333333335,4
2020-09-21,Healthcare,-0.015847499999999994,4
2020-09-21,Industrials,0.11082833333333333,4
2020-09-21,Materials,0.16308333333333333,3
2020-09-21,RealEstate,0.0026,1
2020-09-21,Tech,0.22797222222222224,3
2020-09-21,Utilities,0.0077,1
2020-09-22,Comm,0.05355000000000001,3
2020-09-22,Consumer,0.06683833333333333,5
2020-09-22,Energy,0.27616666666666667,3
2020-09-22,Financials,0.09733750000000001,4
2020-09-22,Healthcare,0.35845,4
2020-09-22,Industrials,0.018726666666666662,5
2020-09-22,RealEstate,0.0,1
2020-09-22,Tech,0.08343333333333335,3
2020-09-22,Utilities,0.0207,1
2020-09-23,Comm,0.0213,2
2020-09-23,Consumer,0.10913166666666667,4
2020-09-23,Energy,-0.06616944444444445,3
2020-09-23,Financials,0.1908875,4
2020-09-23,Healthcare,0.06665833333333333,2
2020-09-23,Industrials,0.027802777777777777,3
2020-09-23,Materials,0.0181,1
2020-09-23,Tech,0.14175,2
2020-09-23,Utilities,0.009,3
2020-09-24,Comm,0.10736500000000002,2
2020-09-24,Consumer,0.18320238095238095,4
2020-09-24,Energy,0.09435833333333332,4
2020-09-24,Financials,0.219740625,4
2020-09-24,Healthcare,-0.11286666666666667,3
2020-09-24,Industrials,0.05812777777777778,3
2020-09-24,Materials,0.3612,1
2020-09-24,RealEstate,0.0,1
2020-09-24,Tech,-0.0013750000000000004,4
2020-09-24,Utilities,-0.0013,1
2020-09-25,Comm,0.009325,2
2020-09-25,Consumer,0.051304166666666665,4
2020-09-25,Energy,0.0283,4
2020-09-25,Financials,0.021355555555555555,3
2020-09-25,Healthcare,0.26466666666666666,2
2020-09-25,Industrials,0.12649583333333334,4
2020-09-25,Materials,0.3798,1
2020-09-25,Tech,-0.0026875000000000002,4
2020-09-28,Comm,0.010724374999999998,4
2020-09-28,Consumer,0.05991515151515151,5
2020-09-28,Energy,0.029023809523809525,3
2020-09-28,Financials,0.23825333333333334,5
2020-09-28,Healthcare,-0.050965,4
2020-09-28,Industrials,0.05854607843137254,4
2020-09-28,Materials,0.0017875,4
2020-09-28,RealEstate,0.1903,2
2020-09-28,Tech,0.030670833333333335,4
2020-09-28,Utilities,0.15589999999999998,3
2020-09-29,Comm,0.06786666666666667,1
2020-09-29,Consumer,0.13686349206349208,5
2020-09-29,Energy,0.20027,5
2020-09-29,Financials,-0.10090416666666667,4
2020-09-29,Healthcare,0.09610178571428571,4
2020-09-29,Industrials,0.1587,5
2020-09-29,RealEstate,0.0155,1
2020-09-29,Tech,0.11034444444444447,3
2020-09-29,Utilities,0.0012499999999999998,2
2020-09-30,Comm,-0.028787499999999997,4
2020-09-30,Consumer,0.07428467532467534,5
2020-09-30,Energy,-0.11538888888888887,3
2020-09-30,Financials,0.010202380952380954,3
2020-09-30,Healthcare,0.14864375,4
2020-09-30,Industrials,0.05601133333333332,5
2020-09-30,Materials,-0.17865,2
2020-09-30,RealEstate,0.0271,1
2020-09-30,Tech,0.08511666666666667,4
2020-09-30,Utilities,0.06622333333333333,3
2020-10-01,Comm,0.047502777777777776,3
2020-10-01,Consumer,0.024470000000000002,3
2020-10-01,Energy,0.03877222222222222,5
2020-10-01,Financials,0.15439666666666665,4
2020-10-01,Healthcare,0.04055208333333333,4
2020-10-01,Industrials,0.07000625,4
2020-10-01,Tech,-0.0077,1
2020-10-01,Utilities,0.3674,2
2020-10-02,Comm,0.028975000000000008,4
2020-10-02,Consumer,0.06831636904761904,4
2020-10-02,Energy,0.024966666666666668,4
2020-10-02,Financials,0.07278148148148149,3
2020-10-02,Healthcare,-0.1251,4
2020-10-02,Industrials,0.007724999999999999,2
2020-10-02,Tech,0.02058999999999999,2
2020-10-02,Utilities,0.3242666666666667,3
2020-10-05,Comm,0.047808333333333335,3
2020-10-05,Consumer,0.07650266666666668,5
2020-10-05,Energy,-0.006539374999999999,4
2020-10-05,Financials,0.023645,5
2020-10-05,Healthcare,0.020560000000000002,5
2020-10-05,Industrials,0.11118202380952381,4
2020-10-05,Materials,-0.09855000000000001,2
2020-10-05,RealEstate,0.2033,2
2020-10-05,Tech,0.011346666666666666,3
2020-10-05,Utilities,0.4573375,2
2020-10-06,Comm,0.0430375,4
2020-10-06,Consumer,0.08606555555555556,5
2020-10-06,Energy,0.009616666666666671,3
2020-10-06,Financials,0.19711666666666666,4
2020-10-06,Healthcare,0.0010916666666666666,4
2020-10-06,Industrials,-0.019755555555555557,3
2020-10-06,RealEstate,0.0426,1
2020-10-06,Tech,0.004866666666666666,3
2020-10-06,Utilities,-0.2248,3
2020-10-07,Comm,-0.07332500000000002,2
2020-10-07,Consumer,0.10205982142857142,4
2020-10-07,Energy,-0.07916,2
2020-10-07,Financials,-0.03153,3
2020-10-07,Healthcare,0.053592261904761906,4
2020-10-07,Industrials,0.001088888888888891,2
2020-10-07,Materials,0.0142,1
2020-10-07,Tech,0.14698333333333335,4
2020-10-07,Utilities,0.012249999999999999,3
2020-10-08,Comm,0.0022066666666666697,3
2020-10-08,Consumer,0.08023547619047619,5
2020-10-08,Energy,0.24025,3
2020-10-08,Financials,0.2516598958333333,4
2020-10-08,Healthcare,-0.012086805555555559,4
2020-10-08,Industrials,0.008291666666666664,3
2020-10-08,Materials,0.3612,1
2020-10-08,Tech,0.06314761904761904,3
2020-10-08,Utilities,0.12673333333333334,3
2020-10-09,Comm,0.09906696428571429,4
2020-10-09,Consumer,0.07509428571428571,5
2020-10-09,Financials,0.07761666666666667,5
2020-10-09,Healthcare,-0.11221333333333335,3
2020-10-09,Industrials,0.2912333333333333,3
2020-10-09,Materials,0.0,1
2020-10-09,Tech,0.23371583333333332,4
2020-10-09,Utilities,0.3378,2
2020-10-12,Comm,-0.04395606060606061,3
2020-10-12,Consumer,0.14782948717948716,5
2020-10-12,Energy,-0.03413437499999999,4
2020-10-12,Financials,0.23140467032967033,4
2020-10-12,Healthcare,0.04387083333333334,4
2020-10-12,Industrials,0.026523809523809533,5
2020-10-12,Materials,-0.0023999999999999976,2
2020-10-12,RealEstate,0.0077,2
2020-10-12,Tech,0.12575833333333333,4
2020-10-12,Utilities,0.3767,2
2020-10-13,Comm,-0.04802857142857143,3
2020-10-13,Consumer,0.005007192982456138,5
2020-10-13,Energy,-0.0021500000000000004,3
2020-10-13,Financials,0.04912166666666666,5
2020-10-13,Healthcare,0.07328124999999999,4
2020-10-13,Industrials,0.0670575,4
2020-10-13,Materials,0.0168,1
2020-10-13,Tech,-0.029633333333333334,3
2020-10-13,Utilities,0.0129,2
2020-10-14,Comm,0.2065846666666667,5
2020-10-14,Consumer,0.13617008928571428,4
2020-10-14,Energy,-0.011386666666666661,3
2020-10-14,Financials,0.00803858695652174,4
2020-10-14,Healthcare,0.126225,4
2020-10-14,Industrials,0.12336250000000001,4
2020-10-14,Materials,0.0413,1
2020-10-14,RealEstate,0.02,1
2020-10-14,Tech,0.06394444444444446,3
2020-10-14,Utilities,0.0271,3
2020-10-15,Comm,0.012233333333333332,2
2020-10-15,Consumer,0.033221818181818186,4
2020-10-15,Energy,0.1661375,4
2020-10-15,Financials,0.08694199999999999,5
2020-10-15,Healthcare,0.10867,5
2020-10-15,Industrials,0.01854499999999999,5
2020-10-15,Materials,0.0245,2
2020-10-15,Tech,0.09857708333333334,4
2020-10-15,Utilities,0.5768,1
2020-10-16,Comm,0.12573333333333334,3
2020-10-16,Consumer,0.11083333333333334,4
2020-10-16,Energy,0.07702708333333333,3
2020-10-16,Financials,0.33407,5
2020-10-16,Healthcare,0.014402564102564108,3
2020-10-16,Industrials,0.08303504273504274,3
2020-10-16,Materials,0.2712,1
2020-10-16,Tech,0.07803333333333334,3
2020-10-19,Comm,0.2282433333333333,5
2020-10-19,Consumer,0.1524895238095238,5
2020-10-19,Energy,0.025028787878787883,5
2020-10-19,Financials,0.13361499999999998,5
2020-10-19,Healthcare,0.12809666666666666,5
2020-10-19,Industrials,0.1476975,4
2020-10-19,Materials,0.19519999999999998,2
2020-10-19,RealEstate,0.0,1
2020-10-19,Tech,0.018121874999999996,4
2020-10-19,Utilities,0.09110000000000001,1
2020-10-20,Comm,0.0051333333333333335,1
2020-10-20,Consumer,0.1890125,4
2020-10-20,Energy,0.1535277777777778,3
2020-10-20,Financials,0.08866041666666667,4
2020-10-20,Healthcare,0.20314166666666666,4
2020-10-20,Industrials,0.06882777777777778,3
2020-10-20,RealEstate,0.32763333333333333,2
2020-10-20,Tech,0.1371125,2
2020-10-20,Utilities,0.007725,2
2020-10-21,Comm,-0.058550000000000005,2
2020-10-21,Consumer,0.1434976785714286,4
2020-10-21,Energy,0.0244,5
2020-10-21,Financials,-0.010825000000000001,4
2020-10-21,Healthcare,0.07030888888888889,3
2020-10-21,Industrials,0.11904999999999999,4
2020-10-21,Materials,0.17408333333333334,2
2020-10-21,RealEstate,0.01095,1
2020-10-21,Tech,0.16293125,4
2020-10-21,Utilities,0.04723333333333334,3
2020-10-22,Comm,0.029408333333333335,4
2020-10-22,Consumer,0.1137856283891547,5
2020-10-22,Energy,0.09854999999999998,3
2020-10-22,Financials,0.16039642857142858,4
2020-10-22,Healthcare,-0.135925,2
2020-10-22,Industrials,0.027997619047619045,3
2020-10-22,Materials,0.08451250000000002,2
2020-10-22,RealEstate,-0.13715,2
2020-10-22,Tech,0.18013125,2
2020-10-22,Utilities,0.2589666666666666,3
2020-10-23,Comm,-0.007518750000000003,2
2020-10-23,Consumer,0.23327166666666668,5
2020-10-23,Energy,0.23814166666666667,3
2020-10-23,Financials,0.206275,2
2020-10-23,Healthcare,0.0019850000000000054,3
2020-10-23,Industrials,0.19979375,4
2020-10-23,Materials,0.0194,1
2020-10-23,RealEstate,0.0,1
2020-10-23,Tech,0.14597500000000002,2
2020-10-23,Utilities,0.23726666666666668,2
2020-10-26,Comm,0.07369400000000001,5
2020-10-26,Consumer,0.03533000000000001,5
2020-10-26,Energy,-0.0028216666666666694,5
2020-10-26,Financials,-0.030169999999999995,4
2020-10-26,Healthcare,0.02481388888888889,4
2020-10-26,Industrials,0.11451166666666665,5
2020-10-26,Materials,0.01355,2
2020-10-26,RealEstate,0.24453333333333335,3
2020-10-26,Tech,0.056417410714285715,4
2020-10-26,Utilities,-0.028887499999999997,2
2020-10-27,Comm,0.009,2
2020-10-27,Consumer,0.16576500000000002,5
2020-10-27,Energy,-0.1320888888888889,3
2020-10-27,Financials,0.08425,4
2020-10-27,Healthcare,0.00783571428571428,5
2020-10-27,Industrials,-0.013121495726495725,5
2020-10-27,Materials,0.0545125,2
2020-10-27,Tech,0.05603635714285714,4
2020-10-27,Utilities,-0.15555000000000002,2
2020-10-28,Comm,0.10998999999999999,3
2020-10-28,Consumer,-0.010984999999999998,4
2020-10-28,Energy,-0.06261968253968254,5
2020-10-28,Financials,-0.03922485714285715,5
2020-10-28,Healthcare,0.05401333333333334,5
2020-10-28,Industrials,0.07992921212121212,5
2020-10-28,RealEstate,0.0045,2
2020-10-28,Tech,0.01947633928571428,4
2020-10-28,Utilities,0.0026,2
2020-10-29,Comm,0.174656,5
2020-10-29,Consumer,0.04081976190476191,4
2020-10-29,Energy,-0.05876696428571429,4
2020-10-29,Financials,0.09775625,4
2020-10-29,Healthcare,0.12949566666666668,5
2020-10-29,Industrials,0.023691999999999998,5
2020-10-29,Materials,0.12282666666666665,3
2020-10-29,RealEstate,0.00775,2
2020-10-29,Tech,0.08144625,4
2020-10-29,Utilities,0.1469666666666667,2
2020-10-30,Comm,0.25378333333333336,4
2020-10-30,Consumer,0.1453228888888889,5
2020-10-30,Energy,-0.01821583333333333,3
2020-10-30,Financials,0.09782666666666667,5
2020-10-30,Healthcare,0.11077386363636363,4
2020-10-30,Industrials,0.04178,4
2020-10-30,RealEstate,0.0,1
2020-10-30,Tech,0.06561666666666667,3
2020-10-30,Utilities,0.009899999999999999,3
2020-11-02,Comm,0.03973,5
2020-11-02,Consumer,0.0571738888888889,5
2020-11-02,Energy,0.017356666666666673,5
2020-11-02,Financials,0.017579166666666663,4
2020-11-02,Healthcare,0.15691220238095238,4
2020-11-02,Industrials,0.05339375,4
2020-11-02,Materials,0.1707,2
2020-11-02,RealEstate,0.1913,1
2020-11-02,Tech,-0.026967499999999995,4
2020-11-02,Utilities,-0.15579583333333333,3
2020-11-03,Comm,0.03117266666666666,5
2020-11-03,Consumer,0.07048971428571428,5
2020-11-03,Energy,-0.0015083333333333383,3
2020-11-03,Financials,0.024752827380952382,4
2020-11-03,Healthcare,-0.012026666666666675,4
2020-11-03,Industrials,0.17403250000000003,4
2020-11-03,Materials,0.009,1
2020-11-03,RealEstate,0.0155,1
2020-11-03,Tech,0.0048000000000000004,2
2020-11-03,Utilities,0.3699,1
2020-11-04,Comm,-0.011595555555555553,3
2020-11-04,Consumer,0.06254952380952382,3
2020-11-04,Energy,0.00789875,4
2020-11-04,Financials,0.08495,5
2020-11-04,Healthcare,0.1082611111111111,3
2020-11-04,Industrials,0.23331666666666667,4
2020-11-04,Materials,0.0,1
2020-11-04,RealEstate,0.00775,2
2020-11-04,Tech,0.09282333333333334,4
2020-11-04,Utilities,-0.07056666666666667,3
2020-11-05,Comm,-0.03838933333333334,5
2020-11-05,Consumer,-0.006129999999999998,5
2020-11-05,Energy,0.030873333333333343,5
2020-11-05,Financials,0.029258,5
2020-11-05,Healthcare,-0.051020833333333335,4
2020-11-05,Industrials,0.03973,5
2020-11-05,RealEstate,0.022833333333333334,1
2020-11-05,Tech,0.08027243589743589,4
2020-11-05,Utilities,0.196325,4
2020-11-06,Comm,0.006842401960784313,5
2020-11-06,Consumer,0.06907178571428571,5
2020-11-06,Energy,0.087475,1
2020-11-06,Financials,-0.0559125,4
2020-11-06,Healthcare,0.006125,2
2020-11-06,Industrials,0.06441904761904761,3
2020-11-06,Materials,0.1401666666666667,3
2020-11-06,RealEstate,0.005475,4
2020-11-06,Tech,0.01718333333333333,3
2020-11-06,Utilities,0.08501,5
2020-11-09,Comm,0.21002628571428575,5
2020-11-09,Consumer,0.06604499999999999,5
2020-11-09,Energy,0.13282820512820512,5
2020-11-09,Financials,0.049214464285714285,4
2020-11-09,Healthcare,0.24359333333333333,5
2020-11-09,Industrials,0.19498733333333332,5
2020-11-09,RealEstate,0.3425,3
2020-11-09,Tech,-0.11776666666666667,4
2020-11-09,Utilities,0.03255,2
2020-11-10,Comm,0.034534999999999996,5
2020-11-10,Consumer,0.1502638888888889,4
2020-11-10,Energy,-0.06794533333333333,5
2020-11-10,Financials,0.08976666666666666,4
2020-11-10,Healthcare,0.173488,5
2020-11-10,Industrials,0.043673194444444445,4
2020-11-10,Materials,-0.1602,2
2020-11-10,Tech,0.005345000000000001,4
2020-11-10,Utilities,0.0077,1
2020-11-11,Comm,0.001775,4
2020-11-11,Consumer,0.08131333333333333,4
2020-11-11,Energy,0.011086666666666667,3
2020-11-11,Financials,0.13428,4
2020-11-11,Healthcare,0.0632,3
2020-11-11,Industrials,0.017705,5
2020-11-11,Materials,0.0,2
2020-11-11,RealEstate,0.30395,1
2020-11-11,Tech,0.20531904761904762,3
2020-11-11,Utilities,0.02125,2
2020-11-12,Comm,-0.04253125,4
2020-11-12,Consumer,0.012726764069264065,4
2020-11-12,Energy,0.15435666666666667,5
2020-11-12,Financials,0.047876153846153846,4
2020-11-12,Healthcare,0.06015,2
2020-11-12,Industrials,-0.018743333333333334,5
2020-11-12,Materials,-0.033625,4
2020-11-12,Tech,0.14792916666666667,4
2020-11-12,Utilities,0.10713333333333334,3
2020-11-13,Comm,0.04451666666666667,3
2020-11-13,Consumer,0.18568281573498965,3
2020-11-13,Energy,0.21948333333333334,2
2020-11-13,Financials,-0.0158125,4
2020-11-13,Healthcare,0.18278333333333333,3
2020-11-13,Industrials,0.13377499999999998,5
2020-11-13,Materials,0.194,4
2020-11-13,RealEstate,0.2691,2
2020-11-13,Tech,-0.00594,3
2020-11-16,Comm,0.08647600000000001,5
2020-11-16,Consumer,0.020287500000000003,5
2020-11-16,Energy,0.18105312499999998,4
2020-11-16,Financials,0.12433999999999998,4
2020-11-16,Healthcare,0.018031000000000005,5
2020-11-16,Industrials,0.10705892857142857,4
2020-11-16,Materials,0.01615,3
2020-11-16,RealEstate,0.0387,3
2020-11-16,Tech,0.1350125,4
2020-11-16,Utilities,-6.666666666666626e-05,3
2020-11-17,Comm,-0.055211249999999996,4
2020-11-17,Consumer,0.20896631578947367,5
2020-11-17,Energy,-0.263775,2
2020-11-17,Financials,-0.17892166666666665,4
2020-11-17,Healthcare,0.012993749999999991,4
2020-11-17,Industrials,0.0947875,4
2020-11-17,Materials,0.1933,2
2020-11-17,Tech,0.23430555555555554,3
2020-11-18,Comm,0.008654,5
2020-11-18,Consumer,0.09068333333333334,3
2020-11-18,Energy,0.16334722222222223,3
2020-11-18,Financials,0.04327916666666667,4
2020-11-18,Healthcare,0.1737,4
2020-11-18,Industrials,0.0067599999999999995,5
2020-11-18,RealEstate,0.3849,1
2020-11-18,Tech,0.2312125,4
2020-11-18,Utilities,-0.0089,3
2020-11-19,Comm,0.06098809523809524,3
2020-11-19,Consumer,-0.15655333333333335,5
2020-11-19,Energy,-0.018625,2
2020-11-19,Financials,0.09337333333333334,5
2020-11-19,Healthcare,0.04799166666666667,4
2020-11-19,Industrials,0.01683809523809524,3
2020-11-19,Materials,0.16453333333333334,3
2020-11-19,RealEstate,0.0077,1
2020-11-19,Tech,-0.12221250000000002,4
2020-11-19,Utilities,-0.083375,4
2020-11-20,Comm,0.004177500000000001,5
2020-11-20,Consumer,0.041802529761904766,4
2020-11-20,Energy,0.0194,2
2020-11-20,Financials,0.051388,5
2020-11-20,Healthcare,0.021309375000000002,4
2020-11-20,Industrials,0.09464666666666666,3
2020-11-20,Tech,-0.03482222222222223,3
2020-11-20,Utilities,0.06658333333333333,2
2020-11-23,Comm,0.004391111111111123,3
2020-11-23,Consumer,0.12246493406593409,5
2020-11-23,Energy,-0.08639607142857143,4
2020-11-23,Financials,0.012682500000000003,4
2020-11-23,Healthcare,0.08124480952380952,5
2020-11-23,Industrials,0.05750171428571429,5
2020-11-23,Materials,0.058896000000000004,5
2020-11-23,RealEstate,0.009,1
2020-11-23,Tech,0.13621875,4
2020-11-23,Utilities,0.11353333333333335,2
2020-11-24,Comm,0.013770833333333336,4
2020-11-24,Consumer,0.04571875,4
2020-11-24,Energy,0.10384333333333333,5
2020-11-24,Financials,0.09016833333333334,5
2020-11-24,Healthcare,0.139525,2
2020-11-24,Industrials,0.024012142857142857,5
2020-11-24,Materials,0.0168,1
2020-11-24,RealEstate,0.08866666666666667,3
2020-11-24,Tech,0.0,1
2020-11-24,Utilities,0.0129,1
2020-11-25,Comm,0.32593000000000005,2
2020-11-25,Consumer,0.12543125,4
2020-11-25,Energy,0.031775,4
2020-11-25,Financials,0.08836666666666668,4
2020-11-25,Healthcare,-0.0130125,4
2020-11-25,Industrials,0.2844116666666667,5
2020-11-25,Materials,0.012700000000000001,2
2020-11-25,Tech,0.07317222222222222,3
2020-11-25,Utilities,0.22516666666666668,2
2020-11-27,Comm,0.13426666666666667,3
2020-11-27,Consumer,0.13417600000000002,5
2020-11-27,Energy,0.0782875,2
2020-11-27,Financials,0.2999777777777778,3
2020-11-27,Healthcare,-0.08816111111111113,3
2020-11-27,Industrials,0.06335238095238095,3
2020-11-27,Materials,0.0194,1
2020-11-27,RealEstate,0.0975,2
2020-11-27,Tech,0.013933333333333325,3
2020-11-27,Utilities,0.0155,1
2020-11-30,Comm,0.012611111111111113,3
2020-11-30,Consumer,0.12468375000000001,4
2020-11-30,Energy,0.053713333333333335,5
2020-11-30,Financials,-0.18086625,4
2020-11-30,Healthcare,0.033644999999999994,5
2020-11-30,Industrials,-0.09213257142857142,5
2020-11-30,Materials,0.022600000000000002,2
2020-11-30,RealEstate,0.02323333333333333,3
2020-11-30,Tech,-0.07776041666666667,4
2020-11-30,Utilities,-0.014570833333333331,4
2020-12-01,Comm,0.10223750000000001,4
2020-12-01,Consumer,0.04109166666666667,3
2020-12-01,Energy,0.13486333333333334,5
2020-12-01,Financials,0.2185,3
2020-12-01,Healthcare,0.19283333333333333,3
2020-12-01,Industrials,0.0538,4
2020-12-01,Materials,0.31105,2
2020-12-01,RealEstate,0.3442,1
2020-12-01,Tech,0.11324999999999999,4
2020-12-01,Utilities,0.0077,1
2020-12-02,Comm,-0.24355,2
2020-12-02,Consumer,0.046773555555555554,5
2020-12-02,Energy,0.03481541666666667,4
2020-12-02,Financials,0.01647916666666667,4
2020-12-02,Healthcare,-0.011106250000000012,4
2020-12-02,Industrials,0.025072222222222218,3
2020-12-02,Materials,0.15538333333333335,3
2020-12-02,RealEstate,0.0284,1
2020-12-02,Tech,0.09525624999999999,4
2020-12-02,Utilities,0.0681125,4
2020-12-03,Comm,0.023985714285714284,2
2020-12-03,Consumer,0.07715583333333333,4
2020-12-03,Energy,-0.07588333333333334,3
2020-12-03,Financials,0.14034166666666667,4
2020-12-03,Healthcare,0.19687500000000002,2
2020-12-03,Industrials,0.15365182072829134,5
2020-12-03,Materials,0.0077,1
2020-12-03,RealEstate,0.2504,3
2020-12-03,Tech,0.05698333333333333,3
2020-12-04,Comm,0.031188095238095237,3
2020-12-04,Consumer,0.039920833333333336,4
2020-12-04,Energy,0.06635220779220778,5
2020-12-04,Financials,-0.02415416666666667,4
2020-12-04,Healthcare,0.0931111111111111,3
2020-12-04,Industrials,0.0834375,5
2020-12-04,RealEstate,0.0,1
2020-12-04,Tech,0.19929166666666667,4
2020-12-04,Utilities,0.147,2
2020-12-07,Comm,0.15344444444444444,3
2020-12-07,Consumer,0.034422190476190474,5
2020-12-07,Energy,0.1057475,4
2020-12-07,Financials,0.08350333333333333,4
2020-12-07,Healthcare,0.010755555555555558,3
2020-12-07,Industrials,0.046270833333333324,4
2020-12-07,Materials,0.0,1
2020-12-07,RealEstate,0.0207,1
2020-12-07,Tech,0.050263888888888886,4
2020-12-07,Utilities,0.0168,1
2020-12-08,Comm,0.12810909090909092,3
2020-12-08,Consumer,0.09968611111111111,5
2020-12-08,Energy,0.04741666666666666,3
2020-12-08,Financials,0.101362,5
2020-12-08,Healthcare,0.05057222222222222,3
2020-12-08,Industrials,-0.13964305555555553,4
2020-12-08,Materials,0.2482,1
2020-12-08,RealEstate,-0.3612,1
2020-12-08,Tech,0.07072083333333332,4
2020-12-08,Utilities,0.021933333333333332,3
2020-12-09,Comm,0.10319062500000001,4
2020-12-09,Consumer,0.041069469696969695,4
2020-12-09,Energy,-0.032690000000000004,3
2020-12-09,Financials,0.179685,5
2020-12-09,Healthcare,-0.00435,2
2020-12-09,Industrials,0.009282777777777777,5
2020-12-09,Materials,0.035550000000000005,2
2020-12-09,RealEstate,0.0142,2
2020-12-09,Tech,0.14743333333333333,4
2020-12-09,Utilities,0.17875,2
2020-12-10,Comm,0.09418125,4
2020-12-10,Consumer,0.057187809523809516,5
2020-12-10,Energy,0.11297666666666667,4
2020-12-10,Financials,0.002717,5
2020-12-10,Healthcare,0.05746875,4
2020-12-10,Industrials,-0.008884,5
2020-12-10,Materials,0.0,1
2020-12-10,RealEstate,0.0451,1
2020-12-10,Tech,0.23475416666666668,4
2020-12-10,Utilities,0.0074666666666666675,2
2020-12-11,Comm,0.048246428571428565,4
2020-12-11,Consumer,0.05407143859649122,5
2020-12-11,Energy,-0.21738400000000002,5
2020-12-11,Financials,0.04366333333333332,5
2020-12-11,Healthcare,0.217347,5
2020-12-11,Industrials,-0.10584133333333334,5
2020-12-11,Materials,0.0323,1
2020-12-11,RealEstate,0.0121125,4
2020-12-11,Tech,0.011715833333333335,4
2020-12-11,Utilities,0.19540000000000002,1
2020-12-14,Comm,0.03759330357142858,4
2020-12-14,Consumer,0.05790533333333333,5
2020-12-14,Energy,0.0840875,4
2020-12-14,Financials,0.10683749999999999,4
2020-12-14,Healthcare,0.10664,5
2020-12-14,Industrials,0.12302589285714285,4
2020-12-14,RealEstate,0.07327,2
2020-12-14,Tech,0.05490833333333334,4
2020-12-14,Utilities,-0.05705,3
2020-12-15,Comm,0.14320714285714287,2
2020-12-15,Consumer,0.05631571428571428,5
2020-12-15,Energy,0.06975555555555556,3
2020-12-15,Financials,0.0676375,4
2020-12-15,Healthcare,0.05804444444444443,3
2020-12-15,Industrials,-0.003587500000000002,4
2020-12-15,Materials,0.001925,2
2020-12-15,RealEstate,0.0441375,4
2020-12-15,Tech,-0.08342,3
2020-12-16,Comm,0.12441666666666668,1
2020-12-16,Consumer,0.09171866666666666,5
2020-12-16,Energy,-0.07549166666666667,2
2020-12-16,Financials,0.22496,5
2020-12-16,Healthcare,0.1897875,2
2020-12-16,Industrials,-0.09040555555555556,4
2020-12-16,Materials,0.00835,2
2020-12-16,RealEstate,0.016966666666666668,3
2020-12-16,Tech,0.0096,3
2020-12-16,Utilities,0.0,1
2020-12-17,Comm,0.0386625,1
2020-12-17,Consumer,0.176637,5
2020-12-17,Energy,0.14119,5
2020-12-17,Financials,0.176805,4
2020-12-17,Healthcare,0.12771333333333332,5
2020-12-17,Industrials,0.1355361111111111,3
2020-12-17,Materials,0.25193333333333334,3
2020-12-17,RealEstate,0.1806,2
2020-12-17,Tech,0.142025,4
2020-12-17,Utilities,0.014122222222222222,3
2020-12-18,Comm,0.223655,4
2020-12-18,Consumer,0.12048466666666666,5
2020-12-18,Energy,0.015166666666666667,3
2020-12-18,Financials,0.1832666666666667,3
2020-12-18,Healthcare,0.06898333333333333,3
2020-12-18,Industrials,0.081615,4
2020-12-18,Materials,0.11816249999999999,4
2020-12-18,RealEstate,0.18125000000000002,1
2020-12-18,Tech,0.02033125,4
2020-12-18,Utilities,0.0206,1
2020-12-21,Comm,0.07942333333333335,4
2020-12-21,Consumer,0.09608633333333334,5
2020-12-21,Energy,0.06230066666666667,5
2020-12-21,Financials,0.18885168421052628,5
2020-12-21,Healthcare,0.22155,5
2020-12-21,Industrials,0.0961715,5
2020-12-21,Materials,0.0120125,4
2020-12-21,RealEstate,0.024999999999999998,4
2020-12-21,Tech,0.08532952380952381,3
2020-12-21,Utilities,0.153225,4
2020-12-22,Comm,0.03746666666666667,3
2020-12-22,Consumer,0.033398,5
2020-12-22,Energy,-0.0749065,5
2020-12-22,Financials,0.23921666666666666,3
2020-12-22,Healthcare,0.017564999999999997,4
2020-12-22,Industrials,0.100275,4
2020-12-22,Materials,0.018750000000000003,2
2020-12-22,Tech,0.21016666666666667,4
2020-12-22,Utilities,0.15965000000000001,1
2020-12-23,Comm,0.1297625,2
2020-12-23,Consumer,0.119937,5
2020-12-23,Energy,0.16169999999999998,3
2020-12-23,Financials,0.09071458333333333,4
2020-12-23,Healthcare,0.11321203703703704,3
2020-12-23,Industrials,0.1770875,4
2020-12-23,RealEstate,0.00065,2
2020-12-23,Tech,0.07501666666666666,3
2020-12-23,Utilities,0.012899999999999998,2
2020-12-24,Comm,0.008674999999999999,1
2020-12-24,Consumer,0.12125875,4
2020-12-24,Energy,0.08313333333333334,3
2020-12-24,Financials,0.252525,4
2020-12-24,Healthcare,0.41523333333333334,3
2020-12-24,Industrials,0.22744999999999999,2
2020-12-24,RealEstate,0.02,2
2020-12-24,Tech,0.18106666666666668,3
2020-12-28,Comm,0.19542083333333335,3
2020-12-28,Consumer,0.11161654545454547,5
2020-12-28,Energy,0.19151916666666666,4
2020-12-28,Financials,0.14399744444444446,5
2020-12-28,Healthcare,-0.004295833333333346,4
2020-12-28,Industrials,0.10658928571428572,4
2020-12-28,Materials,0.0,2
2020-12-28,RealEstate,0.0,1
2020-12-28,Tech,0.14983194444444442,3
2020-12-28,Utilities,0.06055000000000003,3
2020-12-29,Comm,0.012166666666666666,3
2020-12-29,Consumer,0.1398507777777778,5
2020-12-29,Energy,0.1476875,2
2020-12-29,Financials,-0.3161125,4
2020-12-29,Healthcare,0.014416666666666666,3
2020-12-29,Industrials,0.16568125,5
2020-12-29,Materials,0.0152,2
2020-12-29,RealEstate,0.0181,1
2020-12-29,Tech,-0.02954750000000001,2
2020-12-30,Comm,0.24512499999999998,2
2020-12-30,Consumer,0.23922083333333333,4
2020-12-30,Energy,0.09135,3
2020-12-30,Financials,0.27645,4
2020-12-30,Healthcare,0.22525,2
2020-12-30,Industrials,0.06860000000000001,5
2020-12-30,Materials,0.0194,1
2020-12-30,RealEstate,0.02248,5
2020-12-30,Tech,0.10368541666666667,4
2020-12-30,Utilities,0.0,1
2020-12-31,Comm,0.026333333333333334,3
2020-12-31,Consumer,0.2062755555555556,5
2020-12-31,Energy,0.07290833333333335,4
2020-12-31,Financials,0.14263166666666666,4
2020-12-31,Healthcare,0.11641666666666667,3
2020-12-31,Industrials,0.023941666666666663,4
2020-12-31,Materials,0.0142,1
2020-12-31,RealEstate,0.13246666666666668,1
2020-12-31,Tech,0.12105,3
2020-12-31,Utilities,0.0451,1
2021-01-04,Comm,0.025838888888888897,3
2021-01-04,Consumer,0.0213148888888889,5
2021-01-04,Energy,0.010089583333333334,4
2021-01-04,Financials,0.2907875,4
2021-01-04,Healthcare,0.10176875,4
2021-01-04,Industrials,0.09333749999999999,2
2021-01-04,Materials,0.022216666666666666,3
2021-01-04,RealEstate,0.009,1
2021-01-04,Tech,0.11864333333333334,3
2021-01-04,Utilities,0.024175,1
2021-01-05,Comm,0.09771666666666667,5
2021-01-05,Consumer,0.03788166666666667,5
2021-01-05,Energy,0.092525,5
2021-01-05,Financials,0.29652166666666663,3
2021-01-05,Healthcare,0.06894444444444445,3
2021-01-05,Industrials,0.2116240740740741,3
2021-01-05,Materials,0.11873333333333332,3
2021-01-05,RealEstate,0.0059375,4
2021-01-05,Tech,0.10762916666666666,4
2021-01-05,Utilities,0.1799333333333333,3
2021-01-06,Comm,0.1251847619047619,3
2021-01-06,Consumer,0.045183333333333325,5
2021-01-06,Energy,-0.008569999999999998,5
2021-01-06,Financials,0.1991875,4
2021-01-06,Healthcare,-0.014325000000000004,4
2021-01-06,Industrials,0.023733666666666663,5
2021-01-06,Materials,0.4215,1
2021-01-06,RealEstate,0.15855,1
2021-01-06,Tech,0.160865,3
2021-01-07,Comm,0.12009,5
2021-01-07,Consumer,0.052100333333333325,5
2021-01-07,Energy,-0.14996666666666666,3
2021-01-07,Financials,0.17286178571428573,4
2021-01-07,Healthcare,-0.07236,5
2021-01-07,Industrials,0.06664,5
2021-01-07,Materials,-0.12825,2
2021-01-07,RealEstate,0.0155,3
2021-01-07,Tech,-0.03170333333333334,3
2021-01-07,Utilities,0.010175,2
2021-01-08,Comm,-0.05441666666666667,3
2021-01-08,Consumer,0.18000100000000002,5
2021-01-08,Energy,0.030842857142857144,4
2021-01-08,Financials,0.13142500000000001,3
2021-01-08,Healthcare,0.0284,2
2021-01-08,Industrials,0.025335555555555556,5
2021-01-08,Materials,0.00116,2
2021-01-08,RealEstate,0.0077,1
2021-01-08,Tech,0.15557500000000002,4
2021-01-08,Utilities,0.07891666666666668,3
2021-01-11,Comm,0.07097500000000001,4
2021-01-11,Consumer,0.11077666666666666,5
2021-01-11,Energy,-0.009986666666666673,5
2021-01-11,Financials,0.036391545893719804,3
2021-01-11,Healthcare,0.038315714285714286,5
2021-01-11,Industrials,0.06943437499999999,4
2021-01-11,Materials,0.1162,4
2021-01-11,RealEstate,0.3408333333333333,3
2021-01-11,Tech,0.20951187500000001,4
2021-01-11,Utilities,0.2697,2
2021-01-12,Comm,-0.04706666666666667,3
2021-01-12,Consumer,0.07829666666666665,5
2021-01-12,Energy,-0.025120833333333335,4
2021-01-12,Financials,0.10573986111111111,4
2021-01-12,Healthcare,0.18223333333333333,4
2021-01-12,Industrials,0.14399166666666668,4
2021-01-12,Materials,0.0,2
2021-01-12,RealEstate,0.007333333333333334,2
2021-01-12,Tech,-0.055549999999999995,2
2021-01-12,Utilities,0.33945000000000003,3
2021-01-13,Comm,-0.15038749999999998,4
2021-01-13,Consumer,-0.020394999999999996,4
2021-01-13,Energy,0.0537375,2
2021-01-13,Financials,0.10027604166666668,4
2021-01-13,Healthcare,0.046745833333333334,4
2021-01-13,Industrials,0.1144284090909091,4
2021-01-13,Materials,0.01615,2
2021-01-13,RealEstate,0.36395,2
2021-01-13,Tech,0.054275698757763974,4
2021-01-13,Utilities,0.023944444444444445,3
2021-01-14,Comm,0.011871666666666666,4
2021-01-14,Consumer,0.031535,5
2021-01-14,Energy,0.005958333333333334,3
2021-01-14,Financials,0.15842857142857142,4
2021-01-14,Healthcare,0.04220000000000001,4
2021-01-14,Industrials,0.05194166666666667,3
2021-01-14,Materials,0.0194,1
2021-01-14,RealEstate,0.0077,1
2021-01-14,Tech,0.08266666666666665,3
2021-01-14,Utilities,-0.5676,1
2021-01-15,Comm,0.015916666666666666,1
2021-01-15,Consumer,0.011461666666666662,5
2021-01-15,Energy,-0.015342307692307693,4
2021-01-15,Financials,0.009346753246753246,4
2021-01-15,Healthcare,0.18468333333333334,3
2021-01-15,Industrials,-0.050293333333333336,5
2021-01-15,Materials,-0.05038888888888889,3
2021-01-15,RealEstate,0.1031125,4
2021-01-15,Tech,0.054517499999999997,4
2021-01-15,Utilities,0.0207,1
2021-01-19,Comm,-0.04298,4
2021-01-19,Consumer,0.05317109090909091,5
2021-01-19,Energy,0.14099791666666667,4
2021-01-19,Financials,0.12108888888888888,4
2021-01-19,Healthcare,0.07205800000000001,5
2021-01-19,Industrials,0.023925098039215685,5
2021-01-19,Materials,0.0475,2
2021-01-19,RealEstate,0.18705000000000002,2
2021-01-19,Tech,0.11445403846153847,4
2021-01-19,Utilities,0.01895,3
2021-01-20,Comm,-0.1760125,4
2021-01-20,Consumer,-0.02241375,4
2021-01-20,Energy,-0.08537499999999999,1
2021-01-20,Financials,0.09914163865546219,5
2021-01-20,Healthcare,0.31666666666666665,3
2021-01-20,Industrials,0.05005999999999999,5
2021-01-20,Materials,0.0194,1
2021-01-20,RealEstate,0.0884375,4
2021-01-20,Tech,0.07783333333333332,4
2021-01-20,Utilities,0.01065,2
2021-01-21,Comm,0.03079166666666666,4
2021-01-21,Consumer,0.058905625,4
2021-01-21,Energy,0.02124,5
2021-01-21,Financials,0.14171166666666668,5
2021-01-21,Healthcare,0.00038333333333333334,3
2021-01-21,Industrials,0.14607499999999998,2
2021-01-21,Materials,-0.058699999999999995,4
2021-01-21,Tech,0.11985833333333333,4
2021-01-21,Utilities,0.009,1
2021-01-22,Comm,0.18289999999999998,3
2021-01-22,Consumer,0.05479375,4
2021-01-22,Energy,-0.1909225,5
2021-01-22,Financials,0.12379250000000001,4
2021-01-22,Healthcare,0.0,2
2021-01-22,Industrials,0.09797499999999999,2
2021-01-22,Materials,-0.1852,1
2021-01-22,Tech,0.09213833333333334,4
2021-01-22,Utilities,0.0073,3
2021-01-25,Comm,0.05551380952380952,5
2021-01-25,Consumer,0.0406925,5
2021-01-25,Energy,0.17308888888888888,3
2021-01-25,Financials,0.17917916666666667,4
2021-01-25,Healthcare,0.062469,5
2021-01-25,Industrials,0.17159083333333336,5
2021-01-25,Materials,-0.05056666666666667,3
2021-01-25,RealEstate,0.08065,3
2021-01-25,Tech,0.09402884615384616,4
2021-01-25,Utilities,-0.05748888888888889,3
2021-01-26,Comm,-0.05106428571428571,3
2021-01-26,Consumer,0.03357,5
2021-01-26,Energy,0.06810999999999999,5
2021-01-26,Financials,-0.007361805555555559,4
2021-01-26,Healthcare,0.06286833333333333,4
2021-01-26,Industrials,0.16304813738892687,4
2021-01-26,Materials,0.0034333333333333334,1
2021-01-26,RealEstate,0.09525833333333333,2
2021-01-26,Tech,0.2195877777777778,3
2021-01-26,Utilities,0.053412499999999995,1
2021-01-27,Comm,-0.0027599999999999986,2
2021-01-27,Consumer,-0.058402857142857145,5
2021-01-27,Energy,0.0939388888888889,3
2021-01-27,Financials,0.012189999999999993,5
2021-01-27,Healthcare,0.07227857142857143,4
2021-01-27,Industrials,-0.05030905797101449,4
2021-01-27,Materials,0.0,2
2021-01-27,RealEstate,0.17840000000000003,2
2021-01-27,Tech,0.0679583333333333,3
2021-01-27,Utilities,0.0804,3
2021-01-28,Comm,0.13768229166666668,4
2021-01-28,Consumer,0.10682580952380953,5
2021-01-28,Energy,0.056487499999999996,4
2021-01-28,Financials,-0.02848611111111111,4
2021-01-28,Healthcare,0.19891999999999999,4
2021-01-28,Industrials,0.0445915,5
2021-01-28,Materials,0.202225,4
2021-01-28,RealEstate,0.108825,2
2021-01-28,Tech,-0.06426388888888888,4
2021-01-28,Utilities,0.13433333333333333,3
2021-01-29,Comm,0.05554999999999999,5
2021-01-29,Consumer,0.08837847222222221,4
2021-01-29,Energy,-0.3344805555555556,3
2021-01-29,Financials,0.09934625,4
2021-01-29,Healthcare,0.06735000000000001,4
2021-01-29,Industrials,-0.017858333333333337,4
2021-01-29,Materials,-0.07185,2
2021-01-29,RealEstate,0.043425,2
2021-01-29,Tech,0.09478125,4
2021-01-29,Utilities,0.015066666666666667,3
2021-02-01,Comm,0.27318333333333333,5
2021-02-01,Consumer,0.04089333333333334,5
2021-02-01,Energy,-0.03981878787878788,5
2021-02-01,Financials,0.08186375,4
2021-02-01,Healthcare,0.1953,5
2021-02-01,Industrials,0.03031771428571429,5
2021-02-01,Materials,0.15877500000000003,4
2021-02-01,RealEstate,0.0236,3
2021-02-01,Tech,0.21886464285714285,4
2021-02-01,Utilities,0.2015,1
2021-02-02,Comm,0.06943666666666667,5
2021-02-02,Consumer,0.07493666666666667,5
2021-02-02,Energy,0.06969473684210527,3
2021-02-02,Financials,0.22232708333333334,4
2021-02-02,Healthcare,0.02794166666666667,3
2021-02-02,Industrials,0.02127836538461538,4
2021-02-02,Materials,0.0,1
2021-02-02,RealEstate,0.008577777777777778,3
2021-02-02,Tech,0.1887875,4
2021-02-02,Utilities,0.0168,1
2021-02-03,Comm,0.004394444444444445,3
2021-02-03,Consumer,-0.005812500000000002,4
2021-02-03,Energy,-0.021191666666666668,3
2021-02-03,Financials,0.14870916666666667,4
2021-02-03,Healthcare,0.13548083333333333,4
2021-02-03,Industrials,0.03495416666666667,4
2021-02-03,Materials,0.04086666666666667,3
2021-02-03,RealEstate,0.07441666666666667,2
2021-02-03,Tech,0.07382083333333335,3
2021-02-03,Utilities,-0.023633333333333326,3
2021-02-04,Comm,0.09448541666666667,4
2021-02-04,Consumer,0.06805333333333333,5
2021-02-04,Energy,-0.08099999999999999,4
2021-02-04,Financials,-0.0653975,4
2021-02-04,Healthcare,0.03299590909090909,5
2021-02-04,Industrials,0.1451,3
2021-02-04,RealEstate,0.0,2
2021-02-04,Tech,0.03848556998556999,3
2021-02-04,Utilities,0.25766666666666665,1
2021-02-05,Comm,0.099341,5
2021-02-05,Consumer,-0.015886666666666664,5
2021-02-05,Energy,-0.09150916666666667,4
2021-02-05,Financials,0.13809166666666667,4
2021-02-05,Healthcare,0.29886833333333335,4
2021-02-05,Industrials,-0.052062500000000005,4
2021-02-05,Materials,0.0071,2
2021-02-05,RealEstate,0.1977,1
2021-02-05,Tech,0.018470833333333325,4
2021-02-05,Utilities,0.03106666666666667,3
2021-02-08,Comm,-0.03685166666666667,5
2021-02-08,Consumer,0.08497771428571428,5
2021-02-08,Energy,0.13439500000000001,5
2021-02-08,Financials,0.05698642857142856,4
2021-02-08,Healthcare,0.008050000000000002,4
2021-02-08,Industrials,0.11143928571428571,4
2021-02-08,Materials,-0.157125,2
2021-02-08,RealEstate,0.11366666666666668,3
2021-02-08,Tech,0.09966249999999999,2
2021-02-08,Utilities,0.16369999999999998,2
2021-02-09,Comm,0.07745297619047618,4
2021-02-09,Consumer,-0.003075952380952382,5
2021-02-09,Energy,-0.050624999999999996,1
2021-02-09,Financials,-0.0165375,4
2021-02-09,Healthcare,0.24447916666666664,4
2021-02-09,Industrials,0.0017520833333333381,4
2021-02-09,Materials,0.43385,2
2021-02-09,RealEstate,-0.0013,1
2021-02-09,Tech,0.0679388888888889,3
2021-02-09,Utilities,0.0077,1
2021-02-10,Comm,0.051449999999999996,3
2021-02-10,Consumer,0.15900208333333332,4
2021-02-10,Energy,-0.15543333333333334,3
2021-02-10,Financials,0.0659875,4
2021-02-10,Healthcare,0.108729,5
2021-02-10,Industrials,0.026631547619047617,4
2021-02-10,Materials,-0.0858,2
2021-02-10,Tech,-0.010449999999999994,2
2021-02-10,Utilities,0.13492500000000002,2
2021-02-11,Comm,0.102065,5
2021-02-11,Consumer,0.019048333333333323,5
2021-02-11,Energy,0.06931875000000001,4
2021-02-11,Financials,0.16226666666666667,3
2021-02-11,Healthcare,0.0841625,4
2021-02-11,Industrials,-0.041466666666666666,4
2021-02-11,RealEstate,0.06372000000000001,5
2021-02-11,Tech,0.044628333333333325,3
2021-02-11,Utilities,0.0014375,4
2021-02-12,Comm,0.02775,2
2021-02-12,Consumer,0.022622,5
2021-02-12,Energy,-0.19486333333333333,5
2021-02-12,Financials,0.012816666666666665,3
2021-02-12,Healthcare,0.09030833333333332,4
2021-02-12,Industrials,0.18194583333333333,4
2021-02-12,RealEstate,0.20155,4
2021-02-12,Tech,0.20530416666666668,4
2021-02-12,Utilities,-0.005399999999999999,3
2021-02-16,Comm,0.12924575757575757,5
2021-02-16,Consumer,0.0717542380952381,5
2021-02-16,Energy,0.094275,4
2021-02-16,Financials,0.0487465,5
2021-02-16,Healthcare,-0.13511666666666666,3
2021-02-16,Industrials,-0.14191071428571428,4
2021-02-16,Materials,-0.10706666666666668,3
2021-02-16,RealEstate,0.0271,1
2021-02-16,Tech,0.050925,4
2021-02-16,Utilities,0.2060625,4
2021-02-17,Comm,0.04674444444444445,3
2021-02-17,Consumer,0.06024833333333333,5
2021-02-17,Energy,-0.061850909090909095,2
2021-02-17,Financials,0.14558988095238096,4
2021-02-17,Healthcare,0.16175925925925927,3
2021-02-17,Industrials,-0.027114285714285712,2
2021-02-17,Materials,-0.06641666666666667,3
2021-02-17,RealEstate,0.011600000000000001,2
2021-02-17,Tech,0.009151111111111124,3
2021-02-17,Utilities,0.34943,5
2021-02-18,Comm,0.0016083333333333331,3
2021-02-18,Consumer,0.05209961904761905,5
2021-02-18,Energy,0.046288888888888886,3
2021-02-18,Financials,0.012766666666666667,4
2021-02-18,Healthcare,0.11803000000000001,5
2021-02-18,Industrials,0.11092714285714286,5
2021-02-18,Materials,0.09057916666666666,2
2021-02-18,Tech,0.1912833333333333,4
2021-02-18,Utilities,0.03045,4
2021-02-19,Comm,0.2365,4
2021-02-19,Consumer,0.08289444444444445,3
2021-02-19,Energy,0.110925,4
2021-02-19,Financials,0.207425,4
2021-02-19,Healthcare,0.221,2
2021-02-19,Industrials,0.06346583333333333,4
2021-02-19,Materials,-0.11626666666666667,3
2021-02-19,RealEstate,0.06225,4
2021-02-19,Tech,0.16150208333333332,4
2021-02-19,Utilities,0.48310000000000003,2
2021-02-22,Comm,0.114985,4
2021-02-22,Consumer,0.07813083333333333,4
2021-02-22,Energy,0.09421388888888887,4
2021-02-22,Financials,0.04699107142857143,4
2021-02-22,Healthcare,0.127962,5
2021-02-22,Industrials,0.12555166666666667,5
2021-02-22,Materials,0.09399166666666668,4
2021-02-22,RealEstate,0.12453333333333333,3
2021-02-22,Tech,0.1586425,4
2021-02-22,Utilities,0.024944444444444446,3
2021-02-23,Comm,0.18078888888888892,3
2021-02-23,Consumer,0.0666172619047619,4
2021-02-23,Energy,0.16023958333333332,4
2021-02-23,Financials,-0.0023236111111111096,4
2021-02-23,Healthcare,0.03735416666666667,4
2021-02-23,Industrials,0.12543055555555557,3
2021-02-23,Materials,0.10672500000000001,4
2021-02-23,RealEstate,0.129,3
2021-02-23,Tech,0.13604791666666669,4
2021-02-23,Utilities,0.012055555555555555,3
2021-02-24,Comm,0.09209107142857142,4
2021-02-24,Consumer,0.084078125,4
2021-02-24,Energy,0.14397166666666666,5
2021-02-24,Financials,0.11706166666666667,4
2021-02-24,Healthcare,0.07213333333333333,3
2021-02-24,Industrials,0.062503,5
2021-02-24,Materials,0.008075,2
2021-02-24,RealEstate,0.17042500000000002,4
2021-02-24,Tech,0.26837222222222223,3
2021-02-24,Utilities,-0.05308333333333334,3
2021-02-25,Comm,-0.04490555555555556,4
2021-02-25,Consumer,0.0357407380952381,5
2021-02-25,Energy,0.0105625,4
2021-02-25,Financials,0.13553291666666667,4
2021-02-25,Healthcare,0.33945625,2
2021-02-25,Industrials,0.14839999999999998,4
2021-02-25,Materials,0.06735000000000001,3
2021-02-25,RealEstate,0.008266666666666667,3
2021-02-25,Tech,0.0208125,4
2021-02-25,Utilities,-0.10846666666666667,3
2021-02-26,Comm,0.05084166666666667,3
2021-02-26,Consumer,0.0853095,5
2021-02-26,Energy,-0.06065277777777778,3
2021-02-26,Financials,-0.005816666666666668,4
2021-02-26,Healthcare,-0.002308333333333336,3
2021-02-26,Industrials,0.11210416666666667,3
2021-02-26,Materials,0.11739999999999999,3
2021-02-26,RealEstate,0.014199999999999999,2
2021-02-26,Tech,0.12283888888888889,3
2021-02-26,Utilities,-0.0951,3
2021-03-01,Comm,0.02354166666666667,4
2021-03-01,Consumer,0.1733875,4
2021-03-01,Energy,0.04674433333333334,5
2021-03-01,Financials,0.002947142857142859,5
2021-03-01,Healthcare,0.1272625,4
2021-03-01,Industrials,-0.020488249999999986,5
2021-03-01,Materials,-0.155075,4
2021-03-01,RealEstate,0.19058750000000002,4
2021-03-01,Tech,0.08426666666666667,4
2021-03-01,Utilities,0.11076666666666668,3
2021-03-02,Comm,0.07625555555555555,3
2021-03-02,Consumer,0.06038999999999999,4
2021-03-02,Energy,0.006496666666666668,2
2021-03-02,Financials,0.18975416666666667,4
2021-03-02,Healthcare,0.06099444444444444,3
2021-03-02,Industrials,0.0027066666666666662,3
2021-03-02,Materials,0.010133333333333334,2
2021-03-02,RealEstate,0.0155,1
2021-03-02,Tech,-0.08230416666666665,4
2021-03-02,Utilities,-0.10827499999999998,4
2021-03-03,Comm,-0.0231475,4
2021-03-03,Consumer,0.02657071428571428,5
2021-03-03,Energy,-0.11499659090909091,2
2021-03-03,Financials,-0.016270714285714288,5
2021-03-03,Healthcare,0.04446666666666666,3
2021-03-03,Industrials,0.008195535714285714,4
2021-03-03,RealEstate,0.0064444444444444445,3
2021-03-03,Tech,0.18215,2
2021-03-03,Utilities,0.0129,1
2021-03-04,Comm,0.16138750000000002,4
2021-03-04,Consumer,-0.06785909090909091,4
2021-03-04,Energy,0.12084999999999999,5
2021-03-04,Financials,0.11050499999999999,4
2021-03-04,Healthcare,0.023668750000000002,4
2021-03-04,Industrials,0.03994583333333333,4
2021-03-04,Materials,0.0065,1
2021-03-04,RealEstate,0.5537,1
2021-03-04,Tech,-0.06538333333333335,3
2021-03-04,Utilities,0.3027,1
2021-03-05,Comm,0.08680266666666667,5
2021-03-05,Consumer,0.11156250000000001,3
2021-03-05,Energy,0.09293333333333334,5
2021-03-05,Financials,0.13218833333333335,4
2021-03-05,Healthcare,0.026974999999999996,4
2021-03-05,Industrials,-0.03528214285714285,4
2021-03-05,Materials,-0.3023,2
2021-03-05,RealEstate,0.011200000000000002,3
2021-03-05,Tech,0.11668055555555557,3
2021-03-05,Utilities,0.0129,1
2021-03-08,Comm,-0.059132,5
2021-03-08,Consumer,0.1489625,4
2021-03-08,Energy,0.06666666666666667,4
2021-03-08,Financials,0.15664375,4
2021-03-08,Healthcare,0.073485,4
2021-03-08,Industrials,0.21983333333333333,5
2021-03-08,Materials,0.08954444444444444,3
2021-03-08,RealEstate,0.031733333333333356,3
2021-03-08,Tech,0.16928500000000002,4
2021-03-08,Utilities,0.0012749999999999997,2
2021-03-09,Comm,-0.046875,4
2021-03-09,Consumer,0.06272666666666665,4
2021-03-09,Energy,-0.1652015873015873,3
2021-03-09,Financials,0.012016666666666669,4
2021-03-09,Healthcare,0.053761111111111114,3
2021-03-09,Industrials,0.06489166666666667,3
2021-03-09,Materials,0.0,1
2021-03-09,Tech,0.014443750000000002,4
2021-03-09,Utilities,0.0339,2
2021-03-10,Comm,0.12485520833333333,4
2021-03-10,Consumer,0.10306966233766235,5
2021-03-10,Energy,0.01594375,4
2021-03-10,Financials,0.0934888888888889,3
2021-03-10,Healthcare,0.06523333333333332,3
2021-03-10,Industrials,0.09276554487179488,4
2021-03-10,Materials,0.22945,1
2021-03-10,RealEstate,0.1962,1
2021-03-10,Tech,0.008166666666666668,3
2021-03-10,Utilities,0.19415000000000002,2
2021-03-11,Comm,0.006486666666666669,3
2021-03-11,Consumer,0.0694052380952381,5
2021-03-11,Energy,0.06870555555555555,3
2021-03-11,Financials,0.03354375,4
2021-03-11,Healthcare,-0.060511999999999996,5
2021-03-11,Industrials,0.22721200000000003,5
2021-03-11,Materials,0.19135,2
2021-03-11,RealEstate,0.0194,2
2021-03-11,Tech,0.12318214285714285,4
2021-03-12,Comm,0.11861428571428573,4
2021-03-12,Consumer,0.017530952380952387,5
2021-03-12,Energy,0.3094,1
2021-03-12,Financials,0.14600333333333332,5
2021-03-12,Healthcare,-0.12300000000000001,1
2021-03-12,Industrials,-0.010544444444444434,3
2021-03-12,Materials,0.00515,2
2021-03-12,RealEstate,0.12040000000000001,3
2021-03-12,Tech,0.012483333333333332,3
2021-03-12,Utilities,0.18705000000000002,2
2021-03-15,Comm,0.177078125,4
2021-03-15,Consumer,0.09107785714285714,5
2021-03-15,Energy,-0.0028624999999999987,4
2021-03-15,Financials,0.13946041666666664,4
2021-03-15,Healthcare,0.12854914285714286,5
2021-03-15,Industrials,0.03367916666666666,4
2021-03-15,Materials,0.00195,2
2021-03-15,RealEstate,0.20750000000000002,4
2021-03-15,Tech,0.021606666666666663,3
2021-03-15,Utilities,0.05865,3
2021-03-16,Comm,0.05178,3
2021-03-16,Consumer,0.1265445,5
2021-03-16,Energy,0.08485000000000001,2
2021-03-16,Financials,0.16485500000000003,5
2021-03-16,Healthcare,0.07345,4
2021-03-16,Industrials,0.015041666666666667,3
2021-03-16,Materials,0.3674,1
2021-03-16,RealEstate,0.09074166666666666,4
2021-03-16,Tech,-0.008004999999999998,4
2021-03-16,Utilities,0.009588888888888892,3
2021-03-17,Comm,0.02046,5
2021-03-17,Consumer,0.126465,5
2021-03-17,Energy,0.09071666666666668,2
2021-03-17,Financials,0.15224499999999996,5
2021-03-17,Healthcare,0.13033333333333333,3
2021-03-17,Industrials,-0.01844375,4
2021-03-17,Materials,0.00385,1
2021-03-17,RealEstate,0.003225,4
2021-03-17,Tech,0.08764444444444443,3
2021-03-18,Comm,0.14285,4
2021-03-18,Consumer,0.07053266666666667,5
2021-03-18,Energy,-0.1282083333333333,4
2021-03-18,Financials,-0.04395416666666666,3
2021-03-18,Healthcare,0.11937916666666668,4
2021-03-18,Industrials,-0.13461499999999998,5
2021-03-18,RealEstate,0.01805,4
2021-03-18,Tech,0.2918444444444444,3
2021-03-18,Utilities,0.17450000000000002,2
2021-03-19,Comm,0.3084966666666667,5
2021-03-19,Consumer,0.049834285714285706,5
2021-03-19,Energy,0.26818888888888887,3
2021-03-19,Financials,-0.023432291666666667,4
2021-03-19,Healthcare,0.14668333333333336,3
2021-03-19,Industrials,-0.013224999999999999,2
2021-03-19,Materials,0.1721,2
2021-03-19,Tech,0.15705,2
2021-03-22,Comm,0.007941666666666666,3
2021-03-22,Consumer,0.104698,5
2021-03-22,Energy,0.016729166666666666,4
2021-03-22,Financials,0.12423999999999999,5
2021-03-22,Healthcare,-0.09256333333333333,3
2021-03-22,Industrials,0.07531875,4
2021-03-22,Materials,0.02065,2
2021-03-22,Tech,0.04967916666666667,4
2021-03-23,Comm,0.03768,2
2021-03-23,Consumer,0.17171499999999998,3
2021-03-23,Energy,-0.09178861111111111,5
2021-03-23,Financials,0.13611041666666668,4
2021-03-23,Healthcare,0.13093333333333332,3
2021-03-23,Industrials,0.102075,4
2021-03-23,Materials,0.014825,2
2021-03-23,RealEstate,0.00775,2
2021-03-23,Tech,0.21915416666666665,4
2021-03-23,Utilities,0.013250000000000001,2
2021-03-24,Comm,0.10001249999999999,4
2021-03-24,Consumer,0.1195784090909091,4
2021-03-24,Energy,0.23990583333333332,4
2021-03-24,Financials,0.07867222222222221,3
2021-03-24,Healthcare,0.08612499999999998,4
2021-03-24,Industrials,-0.014599999999999998,4
2021-03-24,Materials,0.0116,2
2021-03-24,Tech,-0.07456911764705883,4
2021-03-25,Comm,0.0088525,4
2021-03-25,Consumer,0.03043314285714286,5
2021-03-25,Energy,-0.02332291666666667,4
2021-03-25,Financials,0.010306071428571423,4
2021-03-25,Healthcare,0.164,4
2021-03-25,Industrials,0.04371111111111111,3
2021-03-25,Materials,0.259375,2
2021-03-25,RealEstate,0.017725,2
2021-03-25,Tech,-0.09429916666666666,4
2021-03-25,Utilities,0.08618333333333333,2
2021-03-26,Comm,0.08635,2
2021-03-26,Consumer,0.028021031746031745,4
2021-03-26,Energy,0.29287277777777776,3
2021-03-26,Financials,0.17199599999999998,5
2021-03-26,Healthcare,0.056347222222222215,3
2021-03-26,Industrials,0.12113035714285714,2
2021-03-26,Materials,0.05818888888888888,3
2021-03-26,Tech,0.10615416666666667,4
2021-03-26,Utilities,0.3049,1
2021-03-29,Comm,0.08150486111111112,4
2021-03-29,Consumer,0.03622028571428571,5
2021-03-29,Energy,0.15936499999999998,4
2021-03-29,Financials,-0.11394200000000002,5
2021-03-29,Healthcare,0.22528333333333334,5
2021-03-29,Industrials,0.03952866666666667,5
2021-03-29,RealEstate,0.0303125,4
2021-03-29,Tech,0.0420375,4
2021-03-29,Utilities,0.140225,2
2021-03-30,Comm,0.15387499999999998,4
2021-03-30,Consumer,0.08961,5
2021-03-30,Energy,0.31335,4
2021-03-30,Financials,-0.034577051282051276,5
2021-03-30,Healthcare,-0.042899999999999994,4
2021-03-30,Industrials,0.025179166666666662,4
2021-03-30,RealEstate,0.1255666666666667,3
2021-03-30,Tech,0.0487,3
2021-03-30,Utilities,0.0,1
2021-03-31,Comm,-0.030111111111111116,3
2021-03-31,Consumer,0.12532666666666667,5
2021-03-31,Energy,0.10758124999999999,4
2021-03-31,Financials,0.040565,5
2021-03-31,Healthcare,0.12447,5
2021-03-31,Industrials,0.24371666666666666,3
2021-03-31,Materials,0.1806,2
2021-03-31,RealEstate,0.0077,1
2021-03-31,Tech,0.022077777777777776,3
2021-03-31,Utilities,0.0071,2
2021-04-01,Comm,0.14460250000000002,4
2021-04-01,Consumer,-0.022365000000000003,5
2021-04-01,Energy,-0.13063,5
2021-04-01,Financials,0.158972,5
2021-04-01,Healthcare,0.10351000000000002,5
2021-04-01,Industrials,0.1410625,4
2021-04-01,Materials,-0.10729999999999999,3
2021-04-01,RealEstate,-0.0765,1
2021-04-01,Tech,0.0900725,4
2021-04-01,Utilities,0.07612222222222222,3
2021-04-05,Comm,0.04996799999999999,5
2021-04-05,Consumer,0.17382666666666666,5
2021-04-05,Energy,0.012821666666666667,4
2021-04-05,Financials,0.1655525974025974,4
2021-04-05,Healthcare,0.1140125,4
2021-04-05,Industrials,0.17824874999999998,4
2021-04-05,Materials,0.1699,2
2021-04-05,RealEstate,0.0008666666666666666,1
2021-04-05,Tech,0.2059185897435897,3
2021-04-05,Utilities,0.00816111111111111,3
2021-04-06,Comm,0.03430952380952381,3
2021-04-06,Consumer,0.03868805555555555,4
2021-04-06,Energy,0.06885374999999999,4
2021-04-06,Financials,-0.01664375,4
2021-04-06,Healthcare,0.11916666666666666,3
2021-04-06,Industrials,0.063497,5
2021-04-06,Materials,0.2453,1
2021-04-06,RealEstate,0.4897,1
2021-04-06,Tech,0.05694444444444444,3
2021-04-06,Utilities,0.246775,2
2021-04-07,Comm,0.008835,2
2021-04-07,Consumer,0.011946000000000002,5
2021-04-07,Energy,-0.16956666666666667,3
2021-04-07,Financials,0.20975625,4
2021-04-07,Healthcare,0.19508333333333336,3
2021-04-07,Industrials,0.17569166666666666,4
2021-04-07,Materials,-0.17745,2
2021-04-07,RealEstate,0.4157,1
2021-04-07,Tech,-0.054,3
2021-04-07,Utilities,0.36845,2
2021-04-08,Comm,0.048806666666666665,5
2021-04-08,Consumer,0.20576957142857144,5
2021-04-08,Energy,0.0029599999999999995,5
2021-04-08,Financials,0.013035416666666667,4
2021-04-08,Healthcare,-0.010575000000000001,4
2021-04-08,Industrials,-0.013691666666666664,4
2021-04-08,Materials,0.099925,4
2021-04-08,RealEstate,0.0,1
2021-04-08,Tech,0.07981833333333334,4
2021-04-08,Utilities,0.2553666666666667,3
2021-04-09,Comm,0.05162875,4
2021-04-09,Consumer,0.13042142857142858,4
2021-04-09,Energy,-0.0764125,4
2021-04-09,Financials,0.11977857142857143,4
2021-04-09,Healthcare,-0.1138,3
2021-04-09,Industrials,0.11567238095238097,5
2021-04-09,RealEstate,0.0,1
2021-04-09,Tech,0.18525,3
2021-04-09,Utilities,0.0168,1
2021-04-12,Comm,0.025013333333333332,3
2021-04-12,Consumer,0.17604380952380955,5
2021-04-12,Energy,0.0002999999999999999,2
2021-04-12,Financials,0.13204339682539684,5
2021-04-12,Healthcare,0.08950333333333334,5
2021-04-12,Industrials,0.022583333333333334,3
2021-04-12,Materials,0.0159,3
2021-04-12,RealEstate,0.36605,2
2021-04-12,Tech,-0.03590625,4
2021-04-12,Utilities,0.14843333333333333,3
2021-04-13,Comm,0.18297333333333335,3
2021-04-13,Consumer,0.1398633333333333,5
2021-04-13,Energy,0.09538333333333332,3
2021-04-13,Financials,0.15095089743589743,5
2021-04-13,Healthcare,0.02653958333333333,4
2021-04-13,Industrials,0.21556666666666666,3
2021-04-13,RealEstate,0.0077,1
2021-04-13,Tech,0.15684444444444443,3
2021-04-13,Utilities,0.16413888888888892,3
2021-04-14,Comm,0.146795,5
2021-04-14,Consumer,0.049459166666666665,5
2021-04-14,Energy,0.013125000000000001,4
2021-04-14,Financials,0.13017035190615836,5
2021-04-14,Healthcare,-0.01302,5
2021-04-14,Industrials,0.1087375,4
2021-04-14,Materials,0.17965,4
2021-04-14,RealEstate,0.1806,2
2021-04-14,Tech,0.06233333333333334,4
2021-04-14,Utilities,0.0857625,4
2021-04-15,Comm,-0.037608333333333334,2
2021-04-15,Consumer,-0.05360023809523809,4
2021-04-15,Energy,0.01213,5
2021-04-15,Financials,0.2291975,4
2021-04-15,Healthcare,0.047439999999999996,5
2021-04-15,Industrials,0.15390555555555555,3
2021-04-15,RealEstate,0.032100000000000004,4
2021-04-15,Tech,0.04196875,4
2021-04-15,Utilities,0.03675,1
2021-04-16,Comm,0.100425,2
2021-04-16,Consumer,0.16574645833333335,4
2021-04-16,Energy,0.15060833333333334,4
2021-04-16,Financials,0.1924252380952381,5
2021-04-16,Healthcare,-0.13405,2
2021-04-16,Industrials,-0.011527777777777776,3
2021-04-16,Materials,-0.1769,2
2021-04-16,RealEstate,0.0,1
2021-04-16,Tech,0.008549999999999995,3
2021-04-19,Comm,-0.01608125,4
2021-04-19,Consumer,0.10649607843137257,5
2021-04-19,Energy,0.08459166666666666,3
2021-04-19,Financials,0.08612535714285714,5
2021-04-19,Healthcare,0.012305238095238097,5
2021-04-19,Industrials,0.07359375,4
2021-04-19,Materials,0.19726666666666667,3
2021-04-19,RealEstate,0.09025,2
2021-04-19,Tech,0.07983619047619048,4
2021-04-19,Utilities,0.029924999999999997,2
2021-04-20,Comm,-0.10611904761904761,4
2021-04-20,Consumer,0.04415650793650793,5
2021-04-20,Energy,0.0668,3
2021-04-20,Financials,0.16133,5
2021-04-20,Healthcare,0.1400736111111111,4
2021-04-20,Industrials,0.025946969696969698,4
2021-04-20,Materials,-0.4137,1
2021-04-20,Tech,0.0605375,3
2021-04-20,Utilities,0.024499999999999997,3
2021-04-21,Comm,-0.13837222222222223,3
2021-04-21,Consumer,0.07903333333333333,5
2021-04-21,Energy,0.06364375,4
2021-04-21,Financials,0.08905416666666667,4
2021-04-21,Healthcare,0.10338,5
2021-04-21,Industrials,-0.04010000000000001,5
2021-04-21,Materials,0.186525,4
2021-04-21,RealEstate,0.094175,2
2021-04-21,Tech,0.04334166666666667,4
2021-04-21,Utilities,0.0970357142857143,2
2021-04-22,Comm,0.18976666666666664,3
2021-04-22,Consumer,0.13971250000000002,4
2021-04-22,Energy,-0.010983333333333336,3
2021-04-22,Financials,0.076625,4
2021-04-22,Healthcare,-0.0034099999999999985,5
2021-04-22,Industrials,0.080096,5
2021-04-22,Materials,0.1407607142857143,2
2021-04-22,RealEstate,0.1515,3
2021-04-22,Tech,0.350085,4
2021-04-22,Utilities,0.20375000000000001,3
2021-04-23,Comm,0.010026666666666661,3
2021-04-23,Consumer,0.02822466666666667,5
2021-04-23,Energy,0.028797499999999997,5
2021-04-23,Financials,0.012808333333333333,4
2021-04-23,Healthcare,0.18245,2
2021-04-23,Industrials,0.2222738095238095,3
2021-04-23,Materials,0.225875,2
2021-04-23,RealEstate,0.3839,1
2021-04-23,Tech,0.06152019230769231,4
2021-04-23,Utilities,0.011166666666666667,3
2021-04-26,Comm,-0.06704583333333333,4
2021-04-26,Consumer,0.07747254901960784,5
2021-04-26,Energy,0.009946666666666677,5
2021-04-26,Financials,0.08864666666666668,5
2021-04-26,Healthcare,0.12007399999999999,5
2021-04-26,Industrials,0.10078769841269841,3
2021-04-26,Materials,0.0,1
2021-04-26,RealEstate,0.057499999999999996,4
2021-04-26,Tech,0.18888888888888888,3
2021-04-26,Utilities,0.16676666666666665,3
2021-04-27,Comm,-0.09092592592592592,3
2021-04-27,Consumer,0.04885571428571429,4
2021-04-27,Energy,0.0011555555555555555,3
2021-04-27,Financials,0.12312142857142858,4
2021-04-27,Healthcare,0.09037833333333334,5
2021-04-27,Industrials,0.06056101190476191,4
2021-04-27,Materials,0.08635833333333333,2
2021-04-27,Tech,0.021740000000000002,4
2021-04-27,Utilities,0.13976666666666668,3
2021-04-28,Comm,0.08393333333333335,4
2021-04-28,Consumer,0.11154850000000001,5
2021-04-28,Energy,0.21947333333333333,3
2021-04-28,Financials,0.057835000000000004,4
2021-04-28,Healthcare,0.07353533333333333,5
2021-04-28,Industrials,-0.029814105263157885,5
2021-04-28,Materials,0.5775,1
2021-04-28,RealEstate,0.17926666666666669,3
2021-04-28,Tech,0.04491558441558442,4
2021-04-28,Utilities,0.06266666666666668,3
2021-04-29,Comm,0.24058374999999999,4
2021-04-29,Consumer,0.14494041666666668,4
2021-04-29,Energy,0.08725555555555553,3
2021-04-29,Financials,0.30404166666666665,3
2021-04-29,Healthcare,0.16924961904761907,5
2021-04-29,Industrials,-0.01707653846153846,5
2021-04-29,Materials,0.04733333333333334,2
2021-04-29,RealEstate,0.10342666666666667,4
2021-04-29,Tech,0.07970357142857143,4
2021-04-29,Utilities,0.1806,1
2021-04-30,Comm,0.04694444444444445,3
2021-04-30,Consumer,0.085034375,4
2021-04-30,Energy,-0.009022142857142857,5
2021-04-30,Financials,0.09296388888888889,3
2021-04-30,Healthcare,0.03059938461538461,5
2021-04-30,Industrials,0.062905,4
2021-04-30,Materials,0.1531,1
2021-04-30,RealEstate,0.12684444444444445,3
2021-04-30,Tech,-0.001016666666666664,2
2021-04-30,Utilities,-0.11392000000000002,5
2021-05-03,Comm,0.14438666666666666,5
2021-05-03,Consumer,0.06674361904761905,5
2021-05-03,Energy,0.07165375,4
2021-05-03,Financials,0.044921666666666665,5
2021-05-03,Healthcare,0.06935133333333333,5
2021-05-03,Industrials,-0.016787619047619055,5
2021-05-03,Materials,0.002566666666666667,3
2021-05-03,RealEstate,0.27299999999999996,3
2021-05-03,Tech,0.04851944444444445,3
2021-05-03,Utilities,0.250725,2
2021-05-04,Comm,0.21406000000000003,4
2021-05-04,Consumer,0.096998125,4
2021-05-04,Energy,0.07147761904761905,3
2021-05-04,Financials,0.11156119047619047,5
2021-05-04,Healthcare,0.20220000000000002,5
2021-05-04,Industrials,0.044515000000000006,4
2021-05-04,Materials,0.16724687500000002,4
2021-05-04,Tech,0.19624166666666665,3
2021-05-04,Utilities,0.08236666666666667,3
2021-05-05,Comm,0.20438583333333332,4
2021-05-05,Consumer,0.04278472222222223,3
2021-05-05,Energy,0.03127708333333333,4
2021-05-05,Financials,0.19600499999999998,4
2021-05-05,Healthcare,0.26067,5
2021-05-05,Industrials,0.187982,5
2021-05-05,Materials,0.5461,1
2021-05-05,RealEstate,0.027125000000000003,4
2021-05-05,Tech,-0.011816666666666665,3
2021-05-05,Utilities,0.009033333333333332,3
2021-05-06,Comm,-0.07887499999999999,2
2021-05-06,Consumer,0.062096,5
2021-05-06,Energy,0.12717083333333334,4
2021-05-06,Financials,0.08224,4
2021-05-06,Healthcare,0.0048375,2
2021-05-06,Industrials,0.1563,4
2021-05-06,Materials,0.172475,4
2021-05-06,RealEstate,0.004250000000000004,1
2021-05-06,Tech,0.04768333333333333,3
2021-05-06,Utilities,0.0103,1
2021-05-07,Comm,0.06613333333333334,4
2021-05-07,Consumer,-0.07042666666666667,3
2021-05-07,Energy,-0.0827,2
2021-05-07,Financials,-0.007347916666666662,4
2021-05-07,Healthcare,0.012899999999999998,2
2021-05-07,Industrials,-0.0055809523809523766,3
2021-05-07,Tech,0.04871388888888889,3
2021-05-07,Utilities,0.12363333333333333,3
2021-05-10,Comm,0.02085366666666667,5
2021-05-10,Consumer,0.007541666666666669,5
2021-05-10,Energy,0.14538485714285715,5
2021-05-10,Financials,-0.02974,3
2021-05-10,Healthcare,0.10722266666666666,5
2021-05-10,Industrials,0.1814375,4
2021-05-10,Materials,0.2113,4
2021-05-10,Tech,-0.05854444444444445,3
2021-05-10,Utilities,0.09750357142857144,4
2021-05-11,Comm,0.09981333333333332,5
2021-05-11,Consumer,0.04430533333333333,5
2021-05-11,Energy,0.03834750000000001,4
2021-05-11,Financials,-0.045183333333333325,3
2021-05-11,Healthcare,0.009899999999999999,3
2021-05-11,Industrials,-0.004629166666666666,3
2021-05-11,Materials,0.0239,1
2021-05-11,RealEstate,0.5803,1
2021-05-11,Tech,0.04072833333333334,4
2021-05-12,Comm,0.05911333333333333,5
2021-05-12,Consumer,-0.020612500000000002,4
2021-05-12,Energy,0.11326666666666667,4
2021-05-12,Financials,-0.05117916666666667,4
2021-05-12,Healthcare,0.1951625,4
2021-05-12,Industrials,0.12159714285714288,5
2021-05-12,Materials,0.0323,1
2021-05-12,RealEstate,0.1618,2
2021-05-12,Tech,0.12281666666666667,3
2021-05-12,Utilities,0.013766666666666668,3
2021-05-13,Comm,0.0168,1
2021-05-13,Consumer,0.2735,3
2021-05-13,Energy,0.04282777777777778,3
2021-05-13,Financials,-0.1393875,4
2021-05-13,Healthcare,0.006700000000000001,3
2021-05-13,Industrials,0.03267333333333333,3
2021-05-13,Materials,0.0045,1
2021-05-13,RealEstate,0.012933333333333333,3
2021-05-13,Tech,-0.0459125,4
2021-05-13,Utilities,0.1837,2
2021-05-14,Comm,0.0,2
2021-05-14,Consumer,-0.02725394021739131,4
2021-05-14,Energy,-0.09951666666666666,3
2021-05-14,Financials,0.06891875,4
2021-05-14,Healthcare,0.13535833333333333,4
2021-05-14,Industrials,-0.009875000000000002,2
2021-05-14,Materials,0.15255000000000002,2
2021-05-14,Tech,-0.05361666666666667,3
2021-05-14,Utilities,0.3027,1
2021-05-17,Comm,0.0372165811965812,5
2021-05-17,Consumer,0.005691137770897832,4
2021-05-17,Energy,0.11419333333333334,4
2021-05-17,Financials,0.17201304761904762,5
2021-05-17,Healthcare,-0.054959,5
2021-05-17,Industrials,0.07569107142857143,4
2021-05-17,Materials,0.07987,2
2021-05-17,RealEstate,0.0,1
2021-05-17,Tech,-0.007183333333333333,2
2021-05-17,Utilities,0.015525,2
2021-05-18,Comm,-0.05804,5
2021-05-18,Consumer,0.12366919642857144,4
2021-05-18,Energy,-0.0801375,2
2021-05-18,Financials,0.2522277777777778,3
2021-05-18,Healthcare,0.09341666666666666,3
2021-05-18,Industrials,0.096846,5
2021-05-18,Materials,0.1783888888888889,3
2021-05-18,RealEstate,0.0181,1
2021-05-18,Tech,0.17807499999999998,2
2021-05-18,Utilities,0.18175000000000002,2
2021-05-19,Comm,0.02938,3
2021-05-19,Consumer,0.0019246666666666635,5
2021-05-19,Energy,-0.0701375,2
2021-05-19,Financials,0.11430277777777777,3
2021-05-19,Healthcare,0.009049999999999999,2
2021-05-19,Industrials,0.08451249999999999,2
2021-05-19,Materials,-0.0026,2
2021-05-19,RealEstate,0.0,1
2021-05-19,Tech,0.031971428571428574,3
2021-05-19,Utilities,-0.0155,1
2021-05-20,Comm,0.11903999999999999,5
2021-05-20,Consumer,0.09605166666666667,5
2021-05-20,Energy,0.11470000000000001,2
2021-05-20,Financials,0.13596666666666668,3
2021-05-20,Healthcare,0.0759,2
2021-05-20,Industrials,0.26356666666666667,3
2021-05-20,Materials,0.00485,2
2021-05-20,Tech,0.15392958333333334,4
2021-05-20,Utilities,0.018340000000000002,5
2021-05-21,Comm,0.07385428571428572,5
2021-05-21,Consumer,-0.007571130952380955,4
2021-05-21,Energy,-0.01561000000000001,4
2021-05-21,Financials,-0.04034166666666667,4
2021-05-21,Healthcare,0.02184,5
2021-05-21,Industrials,0.091625,2
2021-05-21,Materials,0.17070000000000002,1
2021-05-21,Tech,0.1842375,4
2021-05-21,Utilities,0.12573333333333334,3
2021-05-24,Comm,0.13756600000000002,5
2021-05-24,Consumer,0.12555188888888888,5
2021-05-24,Energy,0.13616166666666665,5
2021-05-24,Financials,0.099275,4
2021-05-24,Healthcare,0.07992500000000001,4
2021-05-24,Industrials,0.17253333333333334,3
2021-05-24,Materials,0.12066249999999999,4
2021-05-24,RealEstate,0.210125,2
2021-05-24,Tech,0.012886111111111112,3
2021-05-24,Utilities,0.0743,3
2021-05-25,Comm,0.10876249999999998,4
2021-05-25,Consumer,0.12312291666666667,4
2021-05-25,Energy,-0.05247361111111111,4
2021-05-25,Financials,0.06683611111111111,3
2021-05-25,Healthcare,0.005912500000000001,4
2021-05-25,Industrials,0.0161,2
2021-05-25,Materials,0.0026,3
2021-05-25,RealEstate,0.281775,2
2021-05-25,Tech,-0.008124444444444443,3
2021-05-25,Utilities,0.0077,1
2021-05-26,Comm,0.059771428571428566,3
2021-05-26,Consumer,0.1412784090909091,4
2021-05-26,Energy,0.1289475,5
2021-05-26,Financials,-0.049797916666666664,4
2021-05-26,Healthcare,0.006066666666666667,3
2021-05-26,Industrials,0.07778333333333333,3
2021-05-26,Materials,0.0,2
2021-05-26,RealEstate,0.008166666666666668,3
2021-05-26,Tech,0.18998749999999998,4
2021-05-26,Utilities,0.20215000000000002,1
2021-05-27,Comm,0.10634999999999999,5
2021-05-27,Consumer,0.07371999999999998,5
2021-05-27,Energy,0.1366488888888889,3
2021-05-27,Financials,-0.02795833333333333,4
2021-05-27,Healthcare,0.03974583333333333,4
2021-05-27,Industrials,0.06515694444444445,4
2021-05-27,Materials,0.2497,3
2021-05-27,RealEstate,0.00775,1
2021-05-27,Tech,0.04005625,4
2021-05-27,Utilities,0.2031,2
2021-05-28,Comm,0.08505866666666667,5
2021-05-28,Consumer,0.25740833333333335,5
2021-05-28,Energy,0.0135575,4
2021-05-28,Financials,0.09000666666666667,5
2021-05-28,Healthcare,0.07581666666666667,2
2021-05-28,Industrials,0.092225,4
2021-05-28,Materials,0.012700000000000001,3
2021-05-28,RealEstate,0.0232,2
2021-05-28,Tech,0.093075,4
2021-05-28,Utilities,0.0219,1
2021-06-01,Comm,0.153455,2
2021-06-01,Consumer,0.17556294871794872,5
2021-06-01,Energy,0.07000866666666668,5
2021-06-01,Financials,0.14161944444444444,4
2021-06-01,Healthcare,0.08138,5
2021-06-01,Industrials,0.0871375,4
2021-06-01,Materials,0.009883333333333334,2
2021-06-01,RealEstate,0.06375,3
2021-06-01,Tech,0.004536666666666665,3
2021-06-01,Utilities,0.16356666666666667,3
2021-06-02,Comm,0.168595,5
2021-06-02,Consumer,0.043362857142857134,5
2021-06-02,Energy,0.11321,4
2021-06-02,Financials,0.20398199999999997,5
2021-06-02,Healthcare,0.11728749999999999,4
2021-06-02,Industrials,-0.1422,2
2021-06-02,Materials,0.0,1
2021-06-02,RealEstate,0.0297,1
2021-06-02,Tech,0.08511666666666666,4
2021-06-02,Utilities,0.022366666666666663,3
2021-06-03,Comm,0.24978333333333336,2
2021-06-03,Consumer,0.11261333333333332,5
2021-06-03,Energy,0.20820333333333335,5
2021-06-03,Financials,0.026021666666666665,5
2021-06-03,Healthcare,0.0347,5
2021-06-03,Industrials,0.14760833333333334,4
2021-06-03,Materials,0.0112875,4
2021-06-03,RealEstate,0.04426666666666667,3
2021-06-03,Tech,0.1312,3
2021-06-03,Utilities,0.017612500000000003,4
2021-06-04,Comm,0.143315,5
2021-06-04,Consumer,0.029129333333333333,5
2021-06-04,Energy,0.04501111111111111,3
2021-06-04,Financials,0.09515833333333334,4
2021-06-04,Healthcare,0.1106,2
2021-06-04,Industrials,0.1709166666666667,4
2021-06-04,Materials,0.0045,1
2021-06-04,RealEstate,0.3193,1
2021-06-04,Tech,0.07297,3
2021-06-04,Utilities,0.554,1
2021-06-07,Comm,0.11433333333333333,5
2021-06-07,Consumer,0.02577916666666667,5
2021-06-07,Energy,-0.22472666666666669,5
2021-06-07,Financials,-0.02341619047619048,5
2021-06-07,Healthcare,-0.041793333333333335,5
2021-06-07,Industrials,0.26854374999999997,4
2021-06-07,Materials,0.03828541666666666,4
2021-06-07,RealEstate,0.3439,1
2021-06-07,Tech,0.151335,4
2021-06-08,Comm,0.26595416666666666,4
2021-06-08,Consumer,-0.06260520833333333,4
2021-06-08,Energy,0.02061666666666667,3
2021-06-08,Financials,0.10603333333333334,4
2021-06-08,Healthcare,0.00615,4
2021-06-08,Industrials,0.03236666666666666,3
2021-06-08,Materials,0.12486666666666667,3
2021-06-08,Tech,0.4545,2
2021-06-08,Utilities,-0.019522222222222222,3
2021-06-09,Comm,-0.1732,1
2021-06-09,Consumer,-0.023383333333333336,3
2021-06-09,Energy,0.012145,2
2021-06-09,Financials,0.25922,3
2021-06-09,Healthcare,0.018493181818181815,4
2021-06-09,Industrials,0.1169375,4
2021-06-09,Materials,0.0155,1
2021-06-09,RealEstate,0.017775,2
2021-06-09,Tech,0.011,4
2021-06-09,Utilities,0.02065,2
2021-06-10,Comm,-0.06098085714285715,5
2021-06-10,Consumer,0.022729833333333328,5
2021-06-10,Energy,0.052635,5
2021-06-10,Financials,0.05387083333333333,4
2021-06-10,Healthcare,0.20510416666666667,4
2021-06-10,Industrials,0.06119166666666667,4
2021-06-10,Materials,0.0,1
2021-06-10,RealEstate,0.09028,5
2021-06-10,Tech,0.13249687500000001,4
2021-06-10,Utilities,0.3612,1
2021-06-11,Comm,0.140775,2
2021-06-11,Consumer,0.03107833333333333,5
2021-06-11,Energy,0.019308333333333334,3
2021-06-11,Financials,0.22065833333333335,2
2021-06-11,Healthcare,0.01887291666666667,4
2021-06-11,Industrials,0.1458,3
2021-06-11,Materials,0.0,2
2021-06-11,RealEstate,0.0097,1
2021-06-11,Tech,0.026749999999999996,4
2021-06-11,Utilities,0.0071,2
2021-06-14,Comm,0.09441666666666666,4
2021-06-14,Consumer,0.03514825396825397,5
2021-06-14,Energy,0.30417933333333336,5
2021-06-14,Financials,0.005393749999999999,4
2021-06-14,Healthcare,0.13783166666666669,5
2021-06-14,Industrials,-0.11136666666666666,3
2021-06-14,Materials,0.30763333333333337,3
2021-06-14,RealEstate,-0.00325,2
2021-06-14,Tech,-0.15624625,4
2021-06-14,Utilities,0.06956666666666667,3
2021-06-15,Comm,0.013620000000000002,5
2021-06-15,Consumer,0.08708333333333333,4
2021-06-15,Energy,0.05760333333333333,4
2021-06-15,Financials,0.25962,5
2021-06-15,Healthcare,0.15380000000000002,3
2021-06-15,Industrials,-0.07703333333333333,3
2021-06-15,Materials,0.0284,1
2021-06-15,RealEstate,-0.148,2
2021-06-15,Tech,0.006866666666666667,3
2021-06-15,Utilities,0.0181,1
2021-06-16,Comm,0.262,4
2021-06-16,Consumer,0.0995237142857143,5
2021-06-16,Energy,0.047144000000000005,5
2021-06-16,Financials,0.10361333333333334,5
2021-06-16,Healthcare,0.0,2
2021-06-16,Industrials,0.0803,3
2021-06-16,Materials,0.00775,2
2021-06-16,RealEstate,0.0028888888888888888,3
2021-06-16,Tech,0.09072916666666668,4
2021-06-16,Utilities,0.0194,2
2021-06-17,Comm,0.18220000000000003,3
2021-06-17,Consumer,-0.027425,3
2021-06-17,Energy,-0.04622166666666667,4
2021-06-17,Financials,-0.05584233333333334,5
2021-06-17,Healthcare,0.088575,4
2021-06-17,Industrials,0.0074555555555555555,3
2021-06-17,Materials,0.0021275,4
2021-06-17,RealEstate,0.2006,2
2021-06-17,Tech,0.021519999999999997,3
2021-06-17,Utilities,-0.1977,1
2021-06-18,Comm,0.0027833333333333334,3
2021-06-18,Consumer,0.2652816666666667,5
2021-06-18,Energy,0.12141249999999999,4
2021-06-18,Financials,0.17352291666666667,4
2021-06-18,Healthcare,0.11331666666666666,3
2021-06-18,Industrials,-0.04816666666666666,3
2021-06-18,Materials,-0.11715000000000002,3
2021-06-18,RealEstate,0.11651666666666667,3
2021-06-18,Tech,0.05084,4
2021-06-18,Utilities,0.0,1
2021-06-21,Comm,0.17255555555555557,3
2021-06-21,Consumer,0.013358492063492067,5
2021-06-21,Energy,0.21067399999999997,5
2021-06-21,Financials,0.13569333333333333,5
2021-06-21,Healthcare,0.19513166666666665,4
2021-06-21,Industrials,0.05672777777777779,3
2021-06-21,Materials,-0.11581111111111113,3
2021-06-21,Tech,0.08934553571428572,4
2021-06-21,Utilities,0.031529166666666664,4
2021-06-22,Comm,0.094775,2
2021-06-22,Consumer,0.056401,5
2021-06-22,Energy,0.15083749999999999,2
2021-06-22,Financials,-0.0174125,4
2021-06-22,Healthcare,0.0,2
2021-06-22,Industrials,-0.24241666666666664,3
2021-06-22,Materials,-0.086425,2
2021-06-22,RealEstate,0.0116,1
2021-06-22,Tech,-0.009209999999999977,3
2021-06-23,Comm,0.026210833333333336,4
2021-06-23,Consumer,0.08662966666666667,5
2021-06-23,Energy,0.42168874999999995,4
2021-06-23,Financials,0.14651666666666666,4
2021-06-23,Healthcare,0.23803333333333332,3
2021-06-23,Industrials,0.012900000000000002,3
2021-06-23,Tech,0.06585666666666666,3
2021-06-23,Utilities,-0.39394999999999997,2
2021-06-24,Comm,-0.06577500000000001,4
2021-06-24,Consumer,0.13457499999999997,5
2021-06-24,Energy,-0.08288166666666667,5
2021-06-24,Financials,0.08153821428571428,5
2021-06-24,Healthcare,0.17085000000000003,3
2021-06-24,Industrials,0.08043333333333333,3
2021-06-24,Materials,0.00805,4
2021-06-24,RealEstate,0.04235,2
2021-06-24,Tech,0.22377291666666668,4
2021-06-24,Utilities,0.534275,2
2021-06-25,Comm,-0.01,3
2021-06-25,Consumer,0.17041833333333334,5
2021-06-25,Energy,0.079575,2
2021-06-25,Financials,0.012742261904761916,4
2021-06-25,Healthcare,0.041708,5
2021-06-25,Industrials,0.17488888888888887,3
2021-06-25,Materials,0.0819,2
2021-06-25,RealEstate,0.3612,1
2021-06-25,Tech,0.3546833333333333,3
2021-06-25,Utilities,0.3798,1
2021-06-28,Comm,0.20274,4
2021-06-28,Consumer,0.03256730158730158,5
2021-06-28,Energy,-0.10074333333333334,5
2021-06-28,Financials,-0.011164333333333335,5
2021-06-28,Healthcare,0.03671666666666667,3
2021-06-28,Industrials,0.156775,2
2021-06-28,Materials,0.1806,2
2021-06-28,RealEstate,0.11816666666666668,1
2021-06-28,Tech,0.11228708333333333,4
2021-06-28,Utilities,0.245,3
2021-06-29,Comm,0.14234999999999998,2
2021-06-29,Consumer,0.000351428571428572,5
2021-06-29,Energy,0.33798,5
2021-06-29,Financials,0.1811866666666667,4
2021-06-29,Healthcare,0.154175,4
2021-06-29,Industrials,0.19574999999999998,4
2021-06-29,Materials,-0.3116,1
2021-06-29,RealEstate,0.0155,1
2021-06-29,Tech,0.19955416666666667,4
2021-06-29,Utilities,-0.11913333333333335,3
2021-06-30,Comm,0.11787424242424242,3
2021-06-30,Consumer,-0.10069399999999998,5
2021-06-30,Energy,0.08359166666666668,4
2021-06-30,Financials,0.09170733333333334,5
2021-06-30,Healthcare,0.1672833333333333,3
2021-06-30,Industrials,0.0009999999999999998,3
2021-06-30,RealEstate,0.36945,1
2021-06-30,Tech,0.03145888888888889,3
2021-06-30,Utilities,0.02,1
2021-07-01,Comm,-0.006329166666666668,4
2021-07-01,Consumer,0.029523333333333335,5
2021-07-01,Energy,0.18545,5
2021-07-01,Financials,0.16857757575757573,3
2021-07-01,Healthcare,0.0071,1
2021-07-01,Industrials,0.181275,3
2021-07-01,Materials,0.011166666666666667,3
2021-07-01,RealEstate,0.32426666666666665,3
2021-07-01,Tech,0.1003375,4
2021-07-01,Utilities,-0.00065,1
2021-07-02,Comm,0.16005999999999998,5
2021-07-02,Consumer,0.252825,4
2021-07-02,Energy,0.25813,5
2021-07-02,Financials,0.24382916666666668,4
2021-07-02,Healthcare,0.25170000000000003,4
2021-07-02,Industrials,0.018533333333333346,3
2021-07-02,Materials,0.0065,1
2021-07-02,RealEstate,0.1939,2
2021-07-02,Tech,0.03978333333333333,3
2021-07-02,Utilities,0.0194,1
2021-07-06,Comm,0.1239875,4
2021-07-06,Consumer,0.105436,5
2021-07-06,Energy,-0.12695555555555552,3
2021-07-06,Financials,0.017898124999999997,4
2021-07-06,Healthcare,0.03816,2
2021-07-06,Industrials,0.007316666666666667,2
2021-07-06,Materials,0.110475,4
2021-07-06,RealEstate,0.0,3
2021-07-06,Tech,0.17084166666666667,3
2021-07-06,Utilities,0.098625,2
2021-07-07,Comm,0.01549,2
2021-07-07,Consumer,0.11741333333333333,5
2021-07-07,Energy,-0.007940000000000006,5
2021-07-07,Financials,0.14284107142857144,4
2021-07-07,Healthcare,0.044725,4
2021-07-07,Industrials,0.18481666666666668,2
2021-07-07,Materials,0.0,1
2021-07-07,RealEstate,0.19996666666666665,3
2021-07-07,Tech,0.19598333333333331,3
2021-07-07,Utilities,0.3094,1
2021-07-08,Comm,-0.02700625,4
2021-07-08,Consumer,0.07237,5
2021-07-08,Energy,-0.03239333333333334,5
2021-07-08,Financials,0.050575347222222226,4
2021-07-08,Healthcare,0.02286875,4
2021-07-08,Industrials,0.005833333333333333,2
2021-07-08,Materials,-0.03225,4
2021-07-08,RealEstate,0.0245,1
2021-07-08,Tech,0.21198666666666668,3
2021-07-08,Utilities,0.4507,1
2021-07-09,Comm,0.2197666666666667,3
2021-07-09,Consumer,0.113155,5
2021-07-09,Energy,0.22047866666666666,5
2021-07-09,Financials,0.1674038095238095,5
2021-07-09,Healthcare,0.08282500000000001,4
2021-07-09,Industrials,0.013762499999999999,4
2021-07-09,RealEstate,0.00065,1
2021-07-09,Tech,0.15540833333333334,3
2021-07-09,Utilities,0.0084,1
2021-07-12,Comm,0.04738833333333333,5
2021-07-12,Consumer,-0.028342222222222224,5
2021-07-12,Energy,-0.043816666666666663,3
2021-07-12,Financials,0.06259666666666666,5
2021-07-12,Healthcare,0.0839875,4
2021-07-12,Industrials,0.2484666666666667,3
2021-07-12,Materials,0.3612,1
2021-07-12,RealEstate,0.3612,1
2021-07-12,Tech,0.07273333333333334,4
2021-07-12,Utilities,0.06828333333333333,2
2021-07-13,Comm,0.04977999999999999,5
2021-07-13,Consumer,0.1731225,5
2021-07-13,Energy,0.094825,4
2021-07-13,Financials,0.061578632478632475,4
2021-07-13,Healthcare,-0.011583333333333334,3
2021-07-13,Industrials,-0.04083333333333332,3
2021-07-13,Materials,-0.00065,2
2021-07-13,RealEstate,0.009,1
2021-07-13,Tech,0.12771666666666667,3
2021-07-13,Utilities,-0.05595,2
2021-07-14,Comm,0.004208333333333333,4
2021-07-14,Consumer,-0.027685333333333333,5
2021-07-14,Energy,0.019674999999999998,2
2021-07-14,Financials,0.16023317307692309,4
2021-07-14,Healthcare,0.105975,4
2021-07-14,Industrials,0.06849999999999999,3
2021-07-14,Materials,0.0077,1
2021-07-14,RealEstate,0.0027375,4
2021-07-14,Tech,0.140425,4
2021-07-14,Utilities,0.3653,1
2021-07-15,Comm,0.007499999999999997,3
2021-07-15,Consumer,0.007449999999999998,5
2021-07-15,Energy,-0.06375333333333334,2
2021-07-15,Financials,0.00019622222222221987,5
2021-07-15,Healthcare,-0.18705000000000002,1
2021-07-15,Industrials,-0.04425,4
2021-07-15,Materials,0.0187,2
2021-07-15,RealEstate,0.1806,2
2021-07-15,Tech,0.08723714285714286,2
2021-07-15,Utilities,-0.3038,1
2021-07-16,Comm,-0.017632499999999995,4
2021-07-16,Consumer,0.08300793650793652,3
2021-07-16,Energy,0.23842066666666667,5
2021-07-16,Financials,0.30848,4
2021-07-16,Healthcare,0.3726,1
2021-07-16,Industrials,0.1182,2
2021-07-16,Materials,0.11903333333333334,3
2021-07-16,RealEstate,0.00325,2
2021-07-16,Tech,-0.02327326923076923,4
2021-07-16,Utilities,0.42214999999999997,3
2021-07-19,Comm,0.15502,5
2021-07-19,Consumer,0.07317472727272728,5
2021-07-19,Energy,-0.142428,5
2021-07-19,Financials,0.003431558441558437,4
2021-07-19,Healthcare,0.11919166666666667,4
2021-07-19,Industrials,0.057766071428571424,4
2021-07-19,Materials,-0.10783333333333334,3
2021-07-19,RealEstate,-0.1292,4
2021-07-19,Tech,-0.09140446428571429,4
2021-07-19,Utilities,-0.11496666666666668,3
2021-07-20,Comm,0.30168666666666666,3
2021-07-20,Consumer,0.07105375,4
2021-07-20,Energy,0.35969666666666666,5
2021-07-20,Financials,0.18752,5
2021-07-20,Healthcare,0.0623375,4
2021-07-20,Industrials,0.0,1
2021-07-20,Materials,-0.07193333333333334,3
2021-07-20,RealEstate,0.0284,1
2021-07-20,Tech,0.02765625,4
2021-07-20,Utilities,0.0084,2
2021-07-21,Comm,-0.0656875,4
2021-07-21,Consumer,0.028478749999999997,5
2021-07-21,Energy,0.12923333333333334,5
2021-07-21,Financials,0.18915833333333332,4
2021-07-21,Healthcare,0.0013,4
2021-07-21,Industrials,-0.04450833333333334,3
2021-07-21,Materials,0.048211111111111114,3
2021-07-21,RealEstate,0.0,1
2021-07-21,Tech,0.09445535714285715,4
2021-07-21,Utilities,-0.082275,2
2021-07-22,Comm,0.12743125000000002,4
2021-07-22,Consumer,0.022590000000000002,4
2021-07-22,Energy,0.16191499999999998,5
2021-07-22,Financials,0.037587999999999996,5
2021-07-22,Healthcare,-0.0015839285714285684,4
2021-07-22,Industrials,0.03986666666666667,3
2021-07-22,Materials,0.14933,4
2021-07-22,RealEstate,0.005175,2
2021-07-22,Tech,0.13170277777777778,3
2021-07-22,Utilities,0.05071250000000001,2
2021-07-23,Comm,0.1151826388888889,4
2021-07-23,Consumer,0.0890425,4
2021-07-23,Energy,0.2976683333333333,4
2021-07-23,Financials,0.178315,5
2021-07-23,Healthcare,0.08353333333333333,3
2021-07-23,Industrials,0.3125972222222222,3
2021-07-23,Materials,0.01745,2
2021-07-23,Tech,0.12242583333333334,4
2021-07-23,Utilities,0.14108333333333334,2
2021-07-26,Comm,0.022809999999999997,2
2021-07-26,Consumer,0.11093125,4
2021-07-26,Energy,0.05783666666666667,2
2021-07-26,Financials,-0.015673214285714283,4
2021-07-26,Healthcare,0.17656666666666668,3
2021-07-26,Industrials,0.05662777777777778,3
2021-07-26,Materials,0.09649999999999999,3
2021-07-26,RealEstate,0.45730000000000004,1
2021-07-26,Tech,0.05562235576923077,4
2021-07-26,Utilities,0.3359,4
2021-07-27,Comm,-0.08825555555555555,3
2021-07-27,Consumer,0.0006822916666666679,4
2021-07-27,Energy,0.0207,1
2021-07-27,Financials,0.08617380952380951,4
2021-07-27,Healthcare,0.0015437500000000104,4
2021-07-27,Industrials,0.07563248677248678,3
2021-07-27,Materials,0.1691,3
2021-07-27,Tech,0.09000481481481482,3
2021-07-27,Utilities,0.0,1
2021-07-28,Comm,-0.08064583333333333,4
2021-07-28,Consumer,0.10123333333333334,4
2021-07-28,Energy,0.047808333333333335,3
2021-07-28,Financials,0.06005866666666667,5
2021-07-28,Healthcare,-0.005658333333333333,4
2021-07-28,Industrials,0.14880000000000002,2
2021-07-28,RealEstate,0.0798,2
2021-07-28,Tech,0.12248214285714286,3
2021-07-28,Utilities,0.0,1
2021-07-29,Comm,0.13466785714285714,3
2021-07-29,Consumer,0.08264438095238094,5
2021-07-29,Energy,-0.03691666666666667,4
2021-07-29,Financials,0.204925,4
2021-07-29,Healthcare,0.12085816666666667,5
2021-07-29,Industrials,0.08852222222222222,3
2021-07-29,Materials,-0.016362500000000006,4
2021-07-29,RealEstate,0.038400000000000004,3
2021-07-29,Tech,0.04924791666666667,4
2021-07-29,Utilities,0.0632,3
2021-07-30,Comm,0.04337777777777777,3
2021-07-30,Consumer,0.06275761904761905,5
2021-07-30,Energy,0.08672386363636364,2
2021-07-30,Financials,-0.174675,2
2021-07-30,Healthcare,0.035312222222222224,3
2021-07-30,Industrials,0.08842499999999999,3
2021-07-30,Materials,0.296,1
2021-07-30,RealEstate,0.0,2
2021-07-30,Tech,0.11520000000000001,2
2021-07-30,Utilities,0.0,2
2021-08-02,Comm,0.012432291666666668,4
2021-08-02,Consumer,0.08538257575757574,4
2021-08-02,Energy,-0.07257866666666665,5
2021-08-02,Financials,0.22570533333333334,5
2021-08-02,Healthcare,0.10730500000000001,5
2021-08-02,Industrials,0.060661375661375666,3
2021-08-02,Materials,0.0,2
2021-08-02,RealEstate,0.19669999999999999,2
2021-08-02,Tech,0.002773015873015875,3
2021-08-02,Utilities,0.006233333333333334,3
2021-08-03,Comm,0.0927275,4
2021-08-03,Consumer,0.16279464285714287,4
2021-08-03,Energy,0.13371666666666668,4
2021-08-03,Financials,0.24718500000000002,3
2021-08-03,Healthcare,0.10270555555555555,3
2021-08-03,Industrials,-0.1753,1
2021-08-03,Materials,0.1141611111111111,3
2021-08-03,RealEstate,0.00935,2
2021-08-03,Tech,0.13240416666666666,3
2021-08-03,Utilities,0.3612,1
2021-08-04,Comm,0.01118333333333333,4
2021-08-04,Consumer,-0.056454166666666666,4
2021-08-04,Energy,0.00205,3
2021-08-04,Financials,0.162386,5
2021-08-04,Healthcare,-0.010300000000000002,5
2021-08-04,Industrials,0.22343333333333334,3
2021-08-04,Materials,-0.16897500000000001,4
2021-08-04,RealEstate,0.0071,2
2021-08-04,Tech,-0.03211666666666666,3
2021-08-04,Utilities,0.1806,1
2021-08-05,Comm,0.06964375,4
2021-08-05,Consumer,0.18742166666666665,5
2021-08-05,Energy,0.017741666666666666,2
2021-08-05,Financials,0.05568066666666667,5
2021-08-05,Healthcare,0.11176666666666667,3
2021-08-05,Industrials,0.060875,4
2021-08-05,Materials,0.00385,2
2021-08-05,Tech,0.04184910714285714,4
2021-08-05,Utilities,0.029380000000000007,5
2021-08-06,Comm,-0.2104125,4
2021-08-06,Consumer,0.06594166666666668,4
2021-08-06,Energy,-0.00645833333333333,4
2021-08-06,Financials,0.06724999999999999,3
2021-08-06,Healthcare,0.130125,4
2021-08-06,Industrials,-0.14902500000000002,1
2021-08-06,Materials,0.009,1
2021-08-06,RealEstate,0.0028166666666666665,3
2021-08-06,Tech,0.017334166666666664,4
2021-08-06,Utilities,0.013712499999999999,2
2021-08-09,Comm,0.018851666666666673,5
2021-08-09,Consumer,0.04914121212121212,5
2021-08-09,Energy,-0.14924583333333336,4
2021-08-09,Financials,0.22566770833333333,4
2021-08-09,Healthcare,0.07951875,4
2021-08-09,Industrials,0.1069,3
2021-08-09,Materials,0.005166666666666667,1
2021-08-09,RealEstate,0.002425,2
2021-08-09,Tech,0.0506625,4
2021-08-09,Utilities,0.0077333333333333325,3
2021-08-10,Comm,0.17647083333333333,4
2021-08-10,Consumer,0.05045833333333333,4
2021-08-10,Energy,-0.09474285714285714,3
2021-08-10,Financials,0.05463333333333333,5
2021-08-10,Healthcare,0.0226625,4
2021-08-10,Industrials,0.13068333333333335,3
2021-08-10,Materials,0.092225,1
2021-08-10,RealEstate,0.2743,2
2021-08-10,Tech,0.057640000000000004,2
2021-08-10,Utilities,0.19046666666666667,3
2021-08-11,Comm,-0.09093333333333331,3
2021-08-11,Consumer,0.12892,4
2021-08-11,Energy,0.13831583333333333,4
2021-08-11,Financials,0.13625,4
2021-08-11,Healthcare,0.18558333333333335,3
2021-08-11,Industrials,-0.09575,4
2021-08-11,Materials,-0.23098333333333335,2
2021-08-11,RealEstate,0.09590000000000001,2
2021-08-11,Tech,0.0,2
2021-08-11,Utilities,0.016475,2
2021-08-12,Comm,0.22063666666666668,5
2021-08-12,Consumer,0.057917916666666666,5
2021-08-12,Energy,0.061086666666666664,5
2021-08-12,Financials,0.05804357142857144,5
2021-08-12,Healthcare,0.14023750000000001,4
2021-08-12,Industrials,0.2977,2
2021-08-12,Materials,0.20836666666666667,3
2021-08-12,RealEstate,0.5683,1
2021-08-12,Tech,0.16590833333333335,2
2021-08-12,Utilities,0.022175,2
2021-08-13,Comm,0.02458333333333333,3
2021-08-13,Consumer,0.11718894736842105,5
2021-08-13,Energy,0.18254166666666669,3
2021-08-13,Financials,0.048266666666666666,4
2021-08-13,Healthcare,0.18655,3
2021-08-13,Industrials,-0.111225,2
2021-08-13,Materials,0.0097,2
2021-08-13,Tech,0.127525,3
2021-08-13,Utilities,0.0656111111111111,3
2021-08-16,Comm,0.08243928571428571,4
2021-08-16,Consumer,0.0018011403508771963,5
2021-08-16,Energy,-0.07831857142857145,5
2021-08-16,Financials,-0.07295208333333333,4
2021-08-16,Healthcare,0.025684000000000002,5
2021-08-16,Industrials,0.02768541666666667,4
2021-08-16,Materials,0.055869999999999996,5
2021-08-16,RealEstate,0.1907375,4
2021-08-16,Tech,0.030219999999999997,3
2021-08-16,Utilities,0.012770833333333334,4
2021-08-17,Comm,0.0990125,4
2021-08-17,Consumer,0.006526296296296298,3
2021-08-17,Energy,-0.11551499999999999,5
2021-08-17,Financials,-0.06163678571428571,4
2021-08-17,Healthcare,-0.09182,5
2021-08-17,Industrials,0.1255666666666667,3
2021-08-17,Materials,0.17215,2
2021-08-17,RealEstate,0.0065,1
2021-08-17,Tech,-0.09940333333333332,5
2021-08-17,Utilities,0.296,1
2021-08-18,Comm,-0.028871428571428576,4
2021-08-18,Consumer,0.11823145833333334,4
2021-08-18,Energy,-0.09702,5
2021-08-18,Financials,0.010737500000000007,4
2021-08-18,Healthcare,0.103775,4
2021-08-18,Industrials,-0.06175625,4
2021-08-18,Materials,0.31173333333333336,3
2021-08-18,RealEstate,0.11261666666666666,3
2021-08-18,Tech,0.151592,5
2021-08-19,Comm,-0.09755,2
2021-08-19,Consumer,0.06703333333333333,3
2021-08-19,Energy,-0.043116071428571434,4
2021-08-19,Financials,0.08172083333333334,4
2021-08-19,Healthcare,-0.02730000000000002,2
2021-08-19,Industrials,0.10930000000000001,2
2021-08-19,Materials,-0.07965000000000001,3
2021-08-19,RealEstate,0.0284,1
2021-08-19,Tech,0.03241142857142858,5
2021-08-20,Comm,0.027633333333333333,3
2021-08-20,Consumer,0.10013333333333332,4
2021-08-20,Energy,-0.17437333333333335,3
2021-08-20,Financials,0.040711111111111115,3
2021-08-20,Healthcare,0.3023,2
2021-08-20,Industrials,-0.2114666666666667,3
2021-08-20,Materials,-0.17085,2
2021-08-20,RealEstate,0.5719,1
2021-08-20,Tech,-0.02307333333333333,3
2021-08-20,Utilities,0.26356666666666667,3
2021-08-23,Comm,0.08181333333333334,5
2021-08-23,Consumer,0.022129166666666665,5
2021-08-23,Energy,0.0408580303030303,5
2021-08-23,Financials,0.033479999999999996,5
2021-08-23,Healthcare,0.0433875,4
2021-08-23,Industrials,-0.04277222222222223,3
2021-08-23,Materials,0.132375,4
2021-08-23,RealEstate,0.0,1
2021-08-23,Tech,0.2520460227272727,4
2021-08-23,Utilities,0.09763333333333335,3
2021-08-24,Comm,0.21593333333333334,3
2021-08-24,Consumer,0.018405357142857143,4
2021-08-24,Energy,0.12234583333333333,4
2021-08-24,Financials,0.087725,4
2021-08-24,Healthcare,0.06869166666666666,2
2021-08-24,Industrials,0.1023375,4
2021-08-24,Materials,0.0,1
2021-08-24,RealEstate,0.0258,1
2021-08-24,Tech,0.03857671957671958,3
2021-08-24,Utilities,-0.18645555555555557,3
2021-08-25,Comm,0.19295,1
2021-08-25,Consumer,0.15036791666666666,4
2021-08-25,Energy,0.012249999999999999,2
2021-08-25,Financials,0.12269166666666668,3
2021-08-25,Healthcare,0.04316,5
2021-08-25,Industrials,0.27930555555555553,3
2021-08-25,Materials,0.0097,1
2021-08-25,RealEstate,-0.0038499999999999997,2
2021-08-25,Tech,0.0031215277777777786,4
2021-08-25,Utilities,-0.16235,2
2021-08-26,Comm,0.06789166666666667,3
2021-08-26,Consumer,0.020220833333333334,5
2021-08-26,Energy,-0.0177,5
2021-08-26,Financials,0.0010680000000000093,5
2021-08-26,Healthcare,0.1490375,4
2021-08-26,Industrials,0.0077375000000000005,4
2021-08-26,Materials,0.0077,1
2021-08-26,Tech,0.13945333333333335,3
2021-08-27,Comm,0.30062083333333334,4
2021-08-27,Consumer,0.032878787878787875,3
2021-08-27,Energy,0.16057083333333333,4
2021-08-27,Financials,0.06546249999999999,4
2021-08-27,Healthcare,0.24809583333333335,4
2021-08-27,Industrials,0.07314166666666667,2
2021-08-27,Materials,0.1806,2
2021-08-27,RealEstate,0.104375,2
2021-08-27,Tech,0.021169999999999987,4
2021-08-27,Utilities,0.0,1
2021-08-30,Comm,0.07667625,4
2021-08-30,Consumer,0.13707940476190475,5
2021-08-30,Energy,0.11058428571428572,5
2021-08-30,Financials,0.19155,2
2021-08-30,Healthcare,0.10504999999999999,4
2021-08-30,Industrials,0.04383888888888889,3
2021-08-30,Materials,0.19287500000000002,4
2021-08-30,RealEstate,0.06693333333333334,1
2021-08-30,Tech,0.16687416666666666,4
2021-08-30,Utilities,0.07003333333333334,3
2021-08-31,Comm,0.012383333333333333,2
2021-08-31,Consumer,-0.009732857142857144,5
2021-08-31,Energy,0.0065833333333333325,5
2021-08-31,Financials,0.08564464285714285,4
2021-08-31,Healthcare,-0.017544999999999998,5
2021-08-31,Industrials,0.220975,2
2021-08-31,Materials,0.06531666666666668,2
2021-08-31,RealEstate,0.18510000000000001,2
2021-08-31,Tech,0.026183333333333333,3
2021-08-31,Utilities,-0.002599999999999999,2
2021-09-01,Consumer,0.18071666666666666,5
2021-09-01,Energy,0.10045476190476191,4
2021-09-01,Financials,0.16741875,4
2021-09-01,Healthcare,0.06337583333333333,4
2021-09-01,Industrials,0.0097,2
2021-09-01,Materials,0.0,1
2021-09-01,RealEstate,0.2982,1
2021-09-01,Tech,-0.05214444444444444,3
2021-09-01,Utilities,0.011166666666666667,3
2021-09-02,Comm,0.06666666666666667,3
2021-09-02,Consumer,0.037965000000000006,4
2021-09-02,Energy,0.2658378974358975,5
2021-09-02,Financials,0.18886677777777777,5
2021-09-02,Healthcare,0.09091666666666667,4
2021-09-02,Industrials,-0.03786666666666666,3
2021-09-02,Materials,0.00385,2
2021-09-02,Tech,0.3299125,4
2021-09-02,Utilities,0.050949999999999995,2
2021-09-03,Comm,0.020872222222222223,3
2021-09-03,Consumer,0.14561000000000002,4
2021-09-03,Energy,0.005679910714285714,4
2021-09-03,Financials,0.11519374999999998,4
2021-09-03,Industrials,-0.013088888888888895,3
2021-09-03,RealEstate,0.0516,1
2021-09-03,Tech,0.08387083333333334,4
2021-09-03,Utilities,0.0077,1
2021-09-07,Comm,0.1273277777777778,3
2021-09-07,Consumer,0.073485,5
2021-09-07,Energy,0.17787833333333333,5
2021-09-07,Financials,-0.03913333333333333,5
2021-09-07,Healthcare,0.008918333333333334,5
2021-09-07,Industrials,0.10445333333333331,4
2021-09-07,Materials,0.13396666666666665,1
2021-09-07,RealEstate,0.04498958333333334,4
2021-09-07,Tech,0.05221452380952381,5
2021-09-07,Utilities,0.19291666666666668,4
2021-09-08,Comm,0.040772916666666666,4
2021-09-08,Consumer,0.06882833333333334,5
2021-09-08,Energy,0.07939761904761904,4
2021-09-08,Financials,0.03812,5
2021-09-08,Healthcare,-0.12136333333333334,5
2021-09-08,Industrials,0.20518333333333336,3
2021-09-08,Materials,-0.1601,3
2021-09-08,RealEstate,0.008075,2
2021-09-08,Tech,-0.012254166666666667,4
2021-09-08,Utilities,0.3695,2
2021-09-09,Comm,-0.12737885714285718,5
2021-09-09,Consumer,0.03913333333333333,5
2021-09-09,Energy,0.17578114285714286,5
2021-09-09,Financials,-0.11109714285714287,5
2021-09-09,Healthcare,0.12162928571428573,5
2021-09-09,Industrials,0.0045,2
2021-09-09,Materials,0.3469,2
2021-09-09,RealEstate,0.3612,1
2021-09-09,Tech,0.052805000000000005,5
2021-09-10,Comm,0.10086250000000001,4
2021-09-10,Consumer,0.0421775,4
2021-09-10,Energy,0.13632916666666667,4
2021-09-10,Financials,0.06207083333333333,4
2021-09-10,Healthcare,-0.050350000000000006,2
2021-09-10,Industrials,0.005599999999999999,4
2021-09-10,Materials,0.0,2
2021-09-10,RealEstate,0.02861666666666667,2
2021-09-10,Tech,0.0071925,5
2021-09-10,Utilities,0.203725,2
2021-09-13,Comm,0.23813285714285715,5
2021-09-13,Consumer,0.08141316017316017,5
2021-09-13,Energy,0.07267098214285715,4
2021-09-13,Financials,0.01815416666666667,4
2021-09-13,Healthcare,0.07133444444444445,5
2021-09-13,Industrials,-0.020455555555555553,3
2021-09-13,Materials,0.08299666666666668,5
2021-09-13,RealEstate,-0.005174999999999998,4
2021-09-13,Tech,0.023425333333333336,5
2021-09-13,Utilities,0.0811,2
2021-09-14,Comm,0.054217916666666664,4
2021-09-14,Consumer,0.09666833333333333,5
2021-09-14,Energy,-0.045697499999999995,4
2021-09-14,Financials,0.07354,5
2021-09-14,Healthcare,0.01645,2
2021-09-14,Industrials,0.014922222222222224,3
2021-09-14,Materials,0.12376666666666668,3
2021-09-14,RealEstate,0.015033333333333334,3
2021-09-14,Tech,0.02904333333333333,5
2021-09-14,Utilities,0.00485,2
2021-09-15,Comm,-0.06300833333333335,3
2021-09-15,Consumer,0.06972166666666665,5
2021-09-15,Energy,0.05658333333333333,4
2021-09-15,Financials,0.05208166666666667,5
2021-09-15,Healthcare,0.043008333333333336,4
2021-09-15,Industrials,-0.055883333333333333,3
2021-09-15,RealEstate,0.0097,3
2021-09-15,Tech,0.0025217261904761923,4
2021-09-15,Utilities,0.534875,4
2021-09-16,Comm,0.040912500000000004,4
2021-09-16,Consumer,-0.078058,5
2021-09-16,Energy,-0.04130000000000001,3
2021-09-16,Financials,0.04901875,4
2021-09-16,Healthcare,0.10139166666666669,4
2021-09-16,Industrials,0.014433333333333333,2
2021-09-16,Materials,0.2639,2
2021-09-16,RealEstate,-0.15163333333333334,3
2021-09-16,Tech,0.07098,5
2021-09-16,Utilities,-0.013700000000000002,3
2021-09-17,Comm,0.017853690476190474,4
2021-09-17,Consumer,0.21404833333333334,4
2021-09-17,Energy,0.0146,1
2021-09-17,Financials,0.09051000000000001,5
2021-09-17,Healthcare,-0.011710000000000002,5
2021-09-17,Industrials,0.0,2
2021-09-17,Materials,-0.008866666666666667,3
2021-09-17,RealEstate,0.0045,3
2021-09-17,Tech,0.06158333333333332,5
2021-09-17,Utilities,-0.0052,1
2021-09-20,Comm,0.19987575757575757,5
2021-09-20,Consumer,0.09572595604395603,5
2021-09-20,Energy,0.08000375,4
2021-09-20,Financials,-0.05137619047619048,5
2021-09-20,Healthcare,-0.02266666666666666,5
2021-09-20,Industrials,-0.07875833333333333,4
2021-09-20,Materials,0.01725416666666666,4
2021-09-20,RealEstate,0.019325000000000002,4
2021-09-20,Tech,0.07959250000000001,5
2021-09-20,Utilities,0.00675,2
2021-09-21,Comm,-0.02451666666666667,3
2021-09-21,Consumer,-0.002750476190476192,5
2021-09-21,Energy,0.01489,5
2021-09-21,Financials,-0.040782,5
2021-09-21,Healthcare,0.0228,3
2021-09-21,Industrials,-0.037283333333333335,3
2021-09-21,Materials,0.009,1
2021-09-21,RealEstate,0.18135,1
2021-09-21,Tech,0.11066095238095237,5
2021-09-21,Utilities,0.0271,1
2021-09-22,Comm,0.025987999999999983,5
2021-09-22,Consumer,0.17579666666666666,5
2021-09-22,Energy,0.05246166666666667,5
2021-09-22,Financials,-0.004635714285714287,4
2021-09-22,Healthcare,-0.15754,5
2021-09-22,Industrials,-0.012624999999999997,4
2021-09-22,Materials,-0.07944999999999999,5
2021-09-22,RealEstate,0.017075,2
2021-09-22,Tech,0.008546666666666657,5
2021-09-22,Utilities,0.2046,1
2021-09-23,Comm,0.14879,5
2021-09-23,Consumer,0.1056047619047619,5
2021-09-23,Energy,0.12605833333333333,5
2021-09-23,Financials,0.0902975,4
2021-09-23,Healthcare,0.027875,4
2021-09-23,Industrials,0.11746666666666668,4
2021-09-23,Materials,0.009,1
2021-09-23,RealEstate,0.0245,1
2021-09-23,Tech,-0.014115000000000003,5
2021-09-23,Utilities,0.274,2
2021-09-24,Comm,-0.072675,3
2021-09-24,Consumer,0.004783437500000005,4
2021-09-24,Energy,-0.10636507936507937,3
2021-09-24,Financials,0.06935,5
2021-09-24,Healthcare,-0.08082500000000001,4
2021-09-24,Industrials,0.025027777777777777,3
2021-09-24,Materials,0.025825,2
2021-09-24,RealEstate,0.0,1
2021-09-24,Tech,0.15480666666666668,5
2021-09-27,Comm,0.15460416666666668,4
2021-09-27,Consumer,0.08821380952380953,5
2021-09-27,Energy,0.03570666666666667,5
2021-09-27,Financials,0.1301185,5
2021-09-27,Healthcare,0.09681,5
2021-09-27,Industrials,0.06605,4
2021-09-27,Materials,0.1147,2
2021-09-27,RealEstate,0.2333166666666667,3
2021-09-27,Tech,0.07859200000000001,5
2021-09-27,Utilities,0.15508125,4
2021-09-28,Comm,0.010003999999999999,5
2021-09-28,Consumer,0.11322833333333335,5
2021-09-28,Energy,0.007483333333333333,5
2021-09-28,Financials,0.16500285714285715,5
2021-09-28,Healthcare,0.09390533333333333,5
2021-09-28,Industrials,0.30616666666666664,1
2021-09-28,Materials,-0.1806,2
2021-09-28,RealEstate,0.0258,1
2021-09-28,Tech,-0.06409566666666668,5
2021-09-28,Utilities,0.0058000000000000005,3
2021-09-29,Comm,-0.078175,4
2021-09-29,Consumer,0.25709000000000004,4
2021-09-29,Energy,-0.11905595238095239,3
2021-09-29,Financials,-0.038625,2
2021-09-29,Healthcare,0.040558333333333335,5
2021-09-29,Industrials,0.183175,2
2021-09-29,Materials,0.0,2
2021-09-29,RealEstate,0.18835000000000002,1
2021-09-29,Tech,0.13143666666666667,4
2021-09-29,Utilities,0.1935,1
2021-09-30,Comm,-0.0202,5
2021-09-30,Consumer,0.02436119047619048,5
2021-09-30,Energy,0.07696166666666666,5
2021-09-30,Financials,0.07460133333333334,5
2021-09-30,Healthcare,0.008491666666666668,4
2021-09-30,Industrials,0.0327,4
2021-09-30,Materials,0.017766666666666667,3
2021-09-30,RealEstate,0.01745,2
2021-09-30,Tech,0.07051,5
2021-09-30,Utilities,0.04243333333333333,3
2021-10-01,Comm,0.0087125,4
2021-10-01,Consumer,0.1426938095238095,4
2021-10-01,Energy,0.32171250000000007,2
2021-10-01,Financials,0.13114222222222224,3
2021-10-01,Healthcare,0.01480987654320988,3
2021-10-01,Industrials,0.2154,2
2021-10-01,Materials,-0.0155,1
2021-10-01,RealEstate,0.0323,2
2021-10-01,Tech,-0.03304,5
2021-10-01,Utilities,0.27,3
2021-10-04,Comm,0.024210000000000002,5
2021-10-04,Consumer,0.046968333333333334,5
2021-10-04,Energy,0.15805,3
2021-10-04,Financials,0.07495000000000002,4
2021-10-04,Healthcare,0.10656533333333333,4
2021-10-04,Industrials,0.127975,4
2021-10-04,RealEstate,-0.1806,2
2021-10-04,Tech,0.07538857142857143,5
2021-10-04,Utilities,-0.18230000000000002,2
2021-10-05,Comm,0.03812857142857143,4
2021-10-05,Consumer,0.002930333333333332,5
2021-10-05,Energy,0.176765,5
2021-10-05,Financials,0.088918,5
2021-10-05,Healthcare,0.06638416666666666,4
2021-10-05,Industrials,0.11906666666666667,4
2021-10-05,Materials,-0.11626666666666667,3
2021-10-05,RealEstate,0.3612,1
2021-10-05,Tech,0.07993333333333333,5
2021-10-05,Utilities,0.01515,1
2021-10-06,Comm,0.025779761904761903,4
2021-10-06,Consumer,0.12604933333333332,5
2021-10-06,Energy,0.19183055555555553,3
2021-10-06,Financials,0.09085416666666665,4
2021-10-06,Healthcare,0.10379259259259259,3
2021-10-06,Industrials,-0.256245,3
2021-10-06,Materials,-0.01671587301587301,3
2021-10-06,RealEstate,0.25685,2
2021-10-06,Tech,-0.006940208333333336,4
2021-10-07,Comm,0.04882499999999999,5
2021-10-07,Consumer,0.048624999999999995,4
2021-10-07,Energy,0.04354714285714286,5
2021-10-07,Financials,0.028867999999999998,5
2021-10-07,Healthcare,0.09518444444444445,3
2021-10-07,Industrials,0.009,1
2021-10-07,Materials,0.12419999999999999,3
2021-10-07,RealEstate,0.0,1
2021-10-07,Tech,0.11259666666666668,5
2021-10-07,Utilities,0.009,1
2021-10-08,Comm,0.0056812500000000005,2
2021-10-08,Consumer,0.16103125000000001,4
2021-10-08,Energy,0.08622222222222221,4
2021-10-08,Financials,0.12907,5
2021-10-08,Healthcare,-0.018699999999999998,3
2021-10-08,Industrials,-0.15885000000000002,2
2021-10-08,Materials,0.00043749999999999995,4
2021-10-08,RealEstate,0.3612,2
2021-10-08,Tech,0.06608466666666667,5
2021-10-11,Comm,0.09204,5
2021-10-11,Consumer,0.05944121212121212,5
2021-10-11,Energy,-0.04941190476190477,4
2021-10-11,Financials,0.093398021978022,5
2021-10-11,Healthcare,-0.004500961538461537,4
2021-10-11,Industrials,0.372275,4
2021-10-11,Materials,0.16892000000000001,5
2021-10-11,RealEstate,0.156225,4
2021-10-11,Tech,0.12941111111111112,3
2021-10-11,Utilities,0.1926466666666667,5
2021-10-12,Comm,0.12673333333333334,3
2021-10-12,Consumer,0.07396312499999999,4
2021-10-12,Energy,0.10216666666666667,3
2021-10-12,Financials,0.09023541666666667,4
2021-10-12,Healthcare,0.014253333333333335,5
2021-10-12,Industrials,0.3559,1
2021-10-12,Materials,-0.18125000000000002,1
2021-10-12,RealEstate,0.0284,1
2021-10-12,Tech,0.15128111111111112,5
2021-10-12,Utilities,-0.009,1
2021-10-13,Comm,0.03985555555555555,3
2021-10-13,Consumer,0.029568749999999998,4
2021-10-13,Energy,0.11379166666666667,4
2021-10-13,Financials,0.17341955555555555,5
2021-10-13,Healthcare,-0.0433475,4
2021-10-13,Industrials,0.228875,4
2021-10-13,Materials,-0.048141666666666666,3
2021-10-13,RealEstate,0.248475,2
2021-10-13,Tech,0.08982333333333332,5
2021-10-13,Utilities,0.0,2
2021-10-14,Comm,-0.03571666666666667,3
2021-10-14,Consumer,0.15574613095238096,4
2021-10-14,Energy,0.16910555555555554,3
2021-10-14,Financials,0.21855516666666666,5
2021-10-14,Healthcare,0.002475,4
2021-10-14,Industrials,0.25793333333333335,3
2021-10-14,Materials,-0.12705,2
2021-10-14,RealEstate,0.03606666666666667,3
2021-10-14,Tech,0.111765,4
2021-10-14,Utilities,0.14930000000000002,1
2021-10-15,Comm,0.15605,2
2021-10-15,Consumer,0.09481666666666667,3
2021-10-15,Energy,0.21812399999999998,5
2021-10-15,Financials,0.14588698412698414,5
2021-10-15,Healthcare,0.10285000000000001,4
2021-10-15,Industrials,0.07983749999999999,2
2021-10-15,Materials,-0.08375,2
2021-10-15,RealEstate,0.2627,3
2021-10-15,Tech,0.0750875,4
2021-10-15,Utilities,0.12846666666666665,3
2021-10-18,Comm,0.18651666666666666,3
2021-10-18,Consumer,0.01003371212121212,4
2021-10-18,Energy,0.015122000000000005,5
2021-10-18,Financials,-0.06328900000000001,5
2021-10-18,Healthcare,0.07966333333333334,5
2021-10-18,Industrials,0.06489583333333333,4
2021-10-18,Materials,0.0129,2
2021-10-18,RealEstate,0.009,1
2021-10-18,Tech,0.08976854761904762,5
2021-10-18,Utilities,0.23995,2
2021-10-19,Comm,0.19281666666666666,4
2021-10-19,Consumer,0.09653385416666667,4
2021-10-19,Energy,0.07772799999999999,5
2021-10-19,Financials,-0.051149999999999994,3
2021-10-19,Healthcare,0.11715267857142857,4
2021-10-19,Industrials,0.024605555555555558,3
2021-10-19,Materials,0.0,1
2021-10-19,RealEstate,0.2106,2
2021-10-19,Tech,0.29072333333333333,5
2021-10-19,Utilities,0.08139,5
2021-10-20,Comm,-0.02668333333333333,2
2021-10-20,Consumer,0.16916874999999998,4
2021-10-20,Energy,-0.1101361111111111,3
2021-10-20,Financials,0.027445833333333336,4
2021-10-20,Healthcare,0.062872,5
2021-10-20,Industrials,0.004187499999999999,4
2021-10-20,Materials,0.0090375,4
2021-10-20,RealEstate,0.12735,2
2021-10-20,Tech,0.20328999999999997,5
2021-10-20,Utilities,0.26708,3
2021-10-21,Comm,0.03417714285714286,5
2021-10-21,Consumer,-0.057347999999999996,5
2021-10-21,Energy,-0.029458333333333336,4
2021-10-21,Financials,-0.04932857142857143,5
2021-10-21,Healthcare,0.05900333333333334,5
2021-10-21,Industrials,-0.007211666666666672,4
2021-10-21,Materials,0.05827708333333333,4
2021-10-21,RealEstate,0.03613333333333333,3
2021-10-21,Tech,0.04217283333333333,5
2021-10-22,Comm,0.049475000000000005,4
2021-10-22,Consumer,-0.02467999999999999,5
2021-10-22,Energy,0.08462685714285714,5
2021-10-22,Financials,-0.021614999999999995,4
2021-10-22,Healthcare,0.050890000000000005,4
2021-10-22,Industrials,0.005583333333333333,3
2021-10-22,Materials,0.0168,3
2021-10-22,RealEstate,0.3736,1
2021-10-22,Tech,0.09743833333333334,3
2021-10-22,Utilities,-0.08405,2
2021-10-25,Comm,0.020525000000000005,4
2021-10-25,Consumer,0.14969,5
2021-10-25,Energy,0.07451458333333333,4
2021-10-25,Financials,0.12594083333333334,5
2021-10-25,Healthcare,-0.01663888888888889,4
2021-10-25,Industrials,0.024052083333333342,4
2021-10-25,Materials,0.00255,3
2021-10-25,RealEstate,0.18705000000000002,1
2021-10-25,Tech,-0.04193958333333333,4
2021-10-25,Utilities,0.25676666666666664,2
2021-10-26,Comm,0.18363142857142858,5
2021-10-26,Consumer,0.06786933333333332,5
2021-10-26,Energy,0.19035119047619045,3
2021-10-26,Financials,0.20420208333333334,4
2021-10-26,Healthcare,-0.03328333333333334,3
2021-10-26,Industrials,0.24150833333333332,4
2021-10-26,Materials,-0.001625,2
2021-10-26,RealEstate,0.36265000000000003,2
2021-10-26,Tech,0.08184833333333333,5
2021-10-26,Utilities,0.0161,2
2021-10-27,Comm,0.0529,2
2021-10-27,Consumer,0.09282583333333334,5
2021-10-27,Energy,-0.005961428571428569,5
2021-10-27,Financials,0.037521428571428574,4
2021-10-27,Healthcare,-0.005019642857142856,4
2021-10-27,Industrials,0.027566666666666663,4
2021-10-27,Materials,0.27504999999999996,2
2021-10-27,RealEstate,0.00195,2
2021-10-27,Tech,0.012469285714285721,4
2021-10-27,Utilities,0.021099999999999997,3
2021-10-28,Comm,0.035562500000000004,4
2021-10-28,Consumer,0.03217361111111111,4
2021-10-28,Energy,0.12998437499999999,4
2021-10-28,Financials,0.10085,2
2021-10-28,Healthcare,0.09717323076923076,5
2021-10-28,Industrials,0.08105079545454544,4
2021-10-28,Materials,-0.14520833333333333,2
2021-10-28,RealEstate,0.05923333333333334,3
2021-10-28,Tech,0.053849999999999995,5
2021-10-28,Utilities,0.002575,2
2021-10-29,Comm,0.058177083333333324,4
2021-10-29,Consumer,0.02285770833333334,4
2021-10-29,Energy,0.2805783333333333,5
2021-10-29,Financials,0.17680083333333335,4
2021-10-29,Healthcare,0.060678361344537815,4
2021-10-29,Industrials,0.17023333333333332,3
2021-10-29,Materials,0.0284,1
2021-10-29,RealEstate,0.057350000000000005,3
2021-10-29,Tech,-0.05742000000000001,4
2021-10-29,Utilities,0.0168,1
2021-11-01,Comm,0.08392500000000001,3
2021-11-01,Consumer,0.08418833333333334,5
2021-11-01,Energy,-0.01089270833333333,4
2021-11-01,Financials,0.207405,4
2021-11-01,Healthcare,0.20424800000000004,5
2021-11-01,Industrials,0.12843333333333334,1
2021-11-01,Materials,0.12763333333333332,3
2021-11-01,RealEstate,0.04323333333333334,3
2021-11-01,Tech,0.13074166666666667,5
2021-11-01,Utilities,0.0668,3
2021-11-02,Comm,0.031338333333333336,5
2021-11-02,Consumer,0.028133,5
2021-11-02,Energy,0.03273148148148148,3
2021-11-02,Financials,0.08649821428571429,4
2021-11-02,Healthcare,0.04031041666666666,4
2021-11-02,Industrials,0.11768333333333332,3
2021-11-02,Materials,-0.0205625,4
2021-11-02,RealEstate,0.0241,2
2021-11-02,Tech,0.1108152380952381,5
2021-11-02,Utilities,0.007775000000000001,2
2021-11-03,Comm,0.0822885,5
2021-11-03,Consumer,0.10341523809523809,5
2021-11-03,Energy,0.07462,2
2021-11-03,Financials,0.18934722222222225,3
2021-11-03,Healthcare,0.15133333333333335,4
2021-11-03,Industrials,0.009683333333333334,3
2021-11-03,RealEstate,0.00775,1
2021-11-03,Tech,0.11869,5
2021-11-03,Utilities,0.0483,3
2021-11-04,Comm,0.1337637142857143,5
2021-11-04,Consumer,0.07101666666666666,5
2021-11-04,Energy,0.023278333333333335,4
2021-11-04,Financials,0.09353500000000001,5
2021-11-04,Healthcare,0.04534090909090909,4
2021-11-04,Industrials,0.145,2
2021-11-04,Materials,0.00385,2
2021-11-04,RealEstate,0.04979999999999999,3
2021-11-04,Tech,0.09188254818865346,5
2021-11-04,Utilities,0.08855,3
2021-11-05,Comm,0.026220833333333336,4
2021-11-05,Consumer,0.266125,5
2021-11-05,Energy,0.2165083333333333,3
2021-11-05,Financials,0.07313333333333333,3
2021-11-05,Healthcare,0.3451611111111111,3
2021-11-05,Industrials,0.31755,2
2021-11-05,Materials,0.19111666666666668,3
2021-11-05,Tech,0.013610000000000008,5
2021-11-05,Utilities,0.13165,2
2021-11-08,Comm,-0.044660000000000005,5
2021-11-08,Consumer,0.07364033333333334,5
2021-11-08,Energy,0.06068333333333333,5
2021-11-08,Financials,-0.036257083333333336,4
2021-11-08,Healthcare,0.043815230769230766,5
2021-11-08,Industrials,-0.02135833333333334,4
2021-11-08,Materials,0.20174,2
2021-11-08,RealEstate,-0.03783333333333334,3
2021-11-08,Tech,0.148987,5
2021-11-08,Utilities,0.01676666666666667,3
2021-11-09,Comm,0.14565,4
2021-11-09,Consumer,0.06769166666666666,4
2021-11-09,Energy,-0.006130833333333335,4
2021-11-09,Financials,0.03691666666666666,4
2021-11-09,Healthcare,0.03500833333333334,3
2021-11-09,Industrials,0.0544265625,4
2021-11-09,Materials,0.296,1
2021-11-09,RealEstate,0.437975,2
2021-11-09,Tech,-0.05531250000000001,4
2021-11-09,Utilities,0.0054625,4
2021-11-10,Comm,0.0742111111111111,3
2021-11-10,Consumer,0.17871897435897438,5
2021-11-10,Energy,-0.07501666666666668,3
2021-11-10,Financials,-0.03637416666666667,3
2021-11-10,Healthcare,0.045775,4
2021-11-10,Industrials,-0.18604895833333335,4
2021-11-10,Materials,0.4282333333333333,1
2021-11-10,Tech,0.11708333333333334,5
2021-11-10,Utilities,0.018375000000000002,2
2021-11-11,Comm,0.0022749999999999992,4
2021-11-11,Consumer,0.059277199999999995,5
2021-11-11,Energy,0.0047666666666666664,5
2021-11-11,Financials,0.090896,5
2021-11-11,Healthcare,0.026053333333333335,5
2021-11-11,Industrials,0.10701875000000001,4
2021-11-11,Materials,0.00385,1
2021-11-11,RealEstate,0.19226666666666667,3
2021-11-11,Tech,0.11715909090909092,4
2021-11-11,Utilities,0.06531666666666668,3
2021-11-12,Comm,0.03751249999999999,4
2021-11-12,Consumer,-0.08931333333333333,5
2021-11-12,Financials,0.13676666666666668,1
2021-11-12,Healthcare,0.0921125,4
2021-11-12,Industrials,0.122225,4
2021-11-12,Materials,0.07162222222222221,3
2021-11-12,RealEstate,0.0155,2
2021-11-12,Tech,0.009781249999999998,4
2021-11-12,Utilities,0.3612,1
2021-11-15,Comm,0.10281,5
2021-11-15,Consumer,-0.03197005263157894,5
2021-11-15,Energy,-0.25179583333333333,4
2021-11-15,Financials,0.16029285714285715,4
2021-11-15,Healthcare,0.02115583333333333,4
2021-11-15,Industrials,0.10217708333333334,4
2021-11-15,Materials,0.19195,2
2021-11-15,RealEstate,0.0781788888888889,3
2021-11-15,Tech,0.10828541666666668,4
2021-11-15,Utilities,0.19083333333333333,3
2021-11-16,Comm,0.12970357142857142,4
2021-11-16,Consumer,0.07144551630434783,4
2021-11-16,Energy,0.044912499999999994,2
2021-11-16,Financials,0.129241,5
2021-11-16,Healthcare,0.11284666666666666,3
2021-11-16,Industrials,0.10495124999999998,4
2021-11-16,Materials,0.07593749999999999,4
2021-11-16,RealEstate,0.018099999999999998,1
2021-11-16,Tech,0.1712810606060606,2
2021-11-16,Utilities,0.1816,2
2021-11-17,Comm,0.004546666666666667,3
2021-11-17,Consumer,0.0646225238095238,5
2021-11-17,Energy,-0.10344404761904763,2
2021-11-17,Financials,-0.02480751879699248,5
2021-11-17,Healthcare,0.07333333333333333,3
2021-11-17,Industrials,0.009250000000000001,4
2021-11-17,Materials,0.02065,2
2021-11-17,RealEstate,0.016774999999999998,1
2021-11-17,Tech,0.028100000000000003,3
2021-11-17,Utilities,0.18215,2
2021-11-18,Comm,0.05434666666666667,5
2021-11-18,Consumer,0.15168714285714285,5
2021-11-18,Energy,-0.04736333333333333,5
2021-11-18,Financials,0.1771971428571429,5
2021-11-18,Healthcare,-0.013750000000000002,4
2021-11-18,Industrials,0.120225,2
2021-11-18,Materials,0.0077,1
2021-11-18,RealEstate,0.31973333333333337,3
2021-11-18,Tech,0.09827701149425289,3
2021-11-18,Utilities,0.0129,3
2021-11-19,Comm,0.0009875000000000023,4
2021-11-19,Consumer,0.060594333333333326,5
2021-11-19,Energy,0.1924634920634921,3
2021-11-19,Financials,0.17542299999999997,5
2021-11-19,Healthcare,0.028620833333333335,4
2021-11-19,Industrials,-0.0009999999999999998,2
2021-11-19,Materials,-0.0058,1
2021-11-19,Tech,0.05341929824561403,4
2021-11-19,Utilities,0.2112,2
2021-11-22,Comm,0.11169166666666666,2
2021-11-22,Consumer,0.16049504761904762,5
2021-11-22,Energy,0.25222916666666667,2
2021-11-22,Financials,0.19550535714285713,4
2021-11-22,Healthcare,0.05390625,4
2021-11-22,Industrials,0.09214375,4
2021-11-22,Materials,0.14226,5
2021-11-22,RealEstate,0.12658333333333333,4
2021-11-22,Tech,0.09660204545454545,5
2021-11-22,Utilities,0.12167222222222222,3
2021-11-23,Comm,0.009232000000000008,5
2021-11-23,Consumer,-0.004884166666666669,4
2021-11-23,Energy,0.1938125,4
2021-11-23,Financials,0.07122937500000001,4
2021-11-23,Healthcare,0.15042916666666667,4
2021-11-23,Industrials,0.18155000000000002,2
2021-11-23,Materials,0.1372,2
2021-11-23,Tech,0.27601200000000004,5
2021-11-23,Utilities,0.0194,1
2021-11-24,Comm,0.03391875,4
2021-11-24,Consumer,0.03622083333333333,4
2021-11-24,Energy,0.014922222222222224,3
2021-11-24,Financials,0.08192916666666666,4
2021-11-24,Healthcare,-0.0121,3
2021-11-24,Industrials,0.0025666666666666667,3
2021-11-24,Materials,0.0034333333333333334,3
2021-11-24,RealEstate,0.5719,1
2021-11-24,Tech,0.03251180555555556,4
2021-11-24,Utilities,0.09,1
2021-11-26,Comm,-0.10455999999999999,5
2021-11-26,Consumer,0.20476533333333333,5
2021-11-26,Energy,-0.15137083333333332,4
2021-11-26,Financials,-0.21968200000000002,5
2021-11-26,Healthcare,-0.07875555555555555,3
2021-11-26,Industrials,-0.033612500000000003,2
2021-11-26,Materials,0.0,2
2021-11-26,RealEstate,0.20845,1
2021-11-26,Tech,0.030370000000000005,3
2021-11-29,Comm,-0.18366666666666664,3
2021-11-29,Consumer,0.02085339393939394,5
2021-11-29,Energy,-0.18147708333333332,4
2021-11-29,Financials,0.014125416666666661,4
2021-11-29,Healthcare,0.08066378205128205,4
2021-11-29,Industrials,0.053750000000000006,4
2021-11-29,Materials,0.0903,2
2021-11-29,RealEstate,0.0184,4
2021-11-29,Tech,0.12814145454545453,5
2021-11-29,Utilities,0.15822499999999998,1
2021-11-30,Comm,0.05798181818181817,3
2021-11-30,Consumer,0.07127222222222222,4
2021-11-30,Energy,-0.10035000000000001,4
2021-11-30,Financials,0.07621583333333333,4
2021-11-30,Healthcare,0.10851428571428572,3
2021-11-30,Industrials,0.0032416666666666666,2
2021-11-30,Materials,0.014499999999999999,2
2021-11-30,RealEstate,-0.00104,5
2021-11-30,Tech,-0.03335944444444443,5
2021-11-30,Utilities,0.0103,2
2021-12-01,Comm,0.20207083333333334,4
2021-12-01,Consumer,-0.06514133333333333,5
2021-12-01,Energy,0.008953333333333332,5
2021-12-01,Financials,-0.0904375,4
2021-12-01,Healthcare,-0.20618333333333333,4
2021-12-01,Industrials,-0.042766666666666654,3
2021-12-01,Materials,-0.24866666666666667,1
2021-12-01,RealEstate,0.00645,2
2021-12-01,Tech,0.004910000000000003,5
2021-12-01,Utilities,0.0012833333333333334,3
2021-12-02,Comm,0.0005299999999999999,5
2021-12-02,Consumer,0.12527232142857142,4
2021-12-02,Energy,0.08070404761904762,5
2021-12-02,Financials,-0.03175833333333333,5
2021-12-02,Healthcare,-0.05260833333333333,4
2021-12-02,Industrials,-0.018166666666666668,3
2021-12-02,Materials,-0.09213333333333333,3
2021-12-02,RealEstate,0.08076666666666667,2
2021-12-02,Tech,0.20494030303030306,5
2021-12-02,Utilities,0.0103,1
2021-12-03,Comm,-0.07116666666666666,2
2021-12-03,Consumer,0.04533678571428572,4
2021-12-03,Energy,-0.004962500000000002,2
2021-12-03,Financials,-0.05933333333333333,4
2021-12-03,Healthcare,0.14152499999999998,4
2021-12-03,Industrials,0.12496666666666667,3
2021-12-03,Materials,0.014491666666666668,2
2021-12-03,RealEstate,-0.04063333333333333,3
2021-12-03,Tech,0.03471078869047619,4
2021-12-03,Utilities,0.0281,2
2021-12-06,Comm,0.0402,4
2021-12-06,Consumer,0.08267190476190477,5
2021-12-06,Energy,-0.20314642857142856,5
2021-12-06,Financials,0.0124025,4
2021-12-06,Healthcare,0.14763666666666667,5
2021-12-06,Industrials,0.04324000000000001,2
2021-12-06,Materials,0.1085,2
2021-12-06,RealEstate,0.0086,3
2021-12-06,Tech,0.007333035353535355,5
2021-12-06,Utilities,0.13616666666666666,3
2021-12-07,Comm,0.1295625,4
2021-12-07,Consumer,0.021223333333333334,5
2021-12-07,Energy,0.13201708333333334,4
2021-12-07,Financials,0.07097500000000001,5
2021-12-07,Healthcare,0.10396666666666667,3
2021-12-07,Industrials,0.12488750000000001,4
2021-12-07,Materials,0.00775,1
2021-12-07,RealEstate,0.007516666666666667,3
2021-12-07,Tech,0.14168039215686273,5
2021-12-07,Utilities,-0.0888,2
2021-12-08,Comm,0.273,4
2021-12-08,Consumer,0.14777708333333334,4
2021-12-08,Energy,0.18344404761904762,4
2021-12-08,Financials,-0.071376,5
2021-12-08,Healthcare,0.06355555555555556,3
2021-12-08,Industrials,0.16965833333333336,3
2021-12-08,Materials,0.22255,2
2021-12-08,RealEstate,0.0834625,4
2021-12-08,Tech,0.015186607142857139,4
2021-12-08,Utilities,-0.3612,1
2021-12-09,Comm,0.008783333333333334,3
2021-12-09,Consumer,0.07699533333333333,5
2021-12-09,Energy,-0.02325,4
2021-12-09,Financials,0.05359666666666667,5
2021-12-09,Healthcare,-0.041987500000000004,4
2021-12-09,Industrials,0.07706666666666667,3
2021-12-09,Materials,0.13226,5
2021-12-09,RealEstate,0.1858,2
2021-12-09,Tech,0.04993151515151515,5
2021-12-10,Comm,0.10558333333333333,5
2021-12-10,Consumer,0.1003,4
2021-12-10,Energy,0.14493999999999999,3
2021-12-10,Financials,0.02241499999999999,4
2021-12-10,Healthcare,0.06344,5
2021-12-10,Industrials,0.006883333333333333,2
2021-12-10,Materials,0.3442,1
2021-12-10,RealEstate,-0.057449999999999994,4
2021-12-10,Tech,0.06483181818181817,3
2021-12-10,Utilities,0.3049,1
2021-12-13,Comm,0.00781,5
2021-12-13,Consumer,0.07715238095238096,5
2021-12-13,Energy,0.033489285714285714,4
2021-12-13,Financials,0.17394,5
2021-12-13,Healthcare,0.13870833333333335,5
2021-12-13,Industrials,-0.042916666666666665,3
2021-12-13,Materials,0.00385,1
2021-12-13,RealEstate,0.00615,5
2021-12-13,Tech,0.07622819696969696,5
2021-12-13,Utilities,0.011083333333333332,2
2021-12-14,Comm,0.01158888888888889,3
2021-12-14,Consumer,0.08703666666666668,5
2021-12-14,Energy,0.015483333333333333,3
2021-12-14,Financials,0.02646666666666667,4
2021-12-14,Healthcare,0.04187,5
2021-12-14,Industrials,0.089725,4
2021-12-14,Materials,0.03689166666666667,3
2021-12-14,RealEstate,0.43650000000000005,3
2021-12-14,Tech,-0.013165000000000005,5
2021-12-14,Utilities,0.1488,3
2021-12-15,Comm,0.17711333333333334,3
2021-12-15,Consumer,0.183825,5
2021-12-15,Energy,0.13893333333333333,3
2021-12-15,Financials,0.029755416666666652,4
2021-12-15,Healthcare,-0.04710625,4
2021-12-15,Industrials,0.07490416666666666,4
2021-12-15,Materials,0.06605833333333334,3
2021-12-15,RealEstate,0.020183333333333334,3
2021-12-15,Tech,0.16566095238095238,5
2021-12-15,Utilities,0.016366666666666668,3
2021-12-16,Comm,0.0252075,5
2021-12-16,Consumer,0.05665833333333334,4
2021-12-16,Energy,-0.07565,4
2021-12-16,Financials,0.06560625,4
2021-12-16,Healthcare,-0.004024000000000005,5
2021-12-16,Industrials,0.022763333333333333,5
2021-12-16,Materials,-0.06575,2
2021-12-16,RealEstate,0.0801875,4
2021-12-16,Tech,0.10982624999999999,5
2021-12-16,Utilities,-0.0045,2
2021-12-17,Comm,0.0476857142857143,4
2021-12-17,Consumer,0.06534380952380953,5
2021-12-17,Energy,0.12304999999999999,3
2021-12-17,Financials,0.07274266666666666,5
2021-12-17,Healthcare,0.07597333333333331,3
2021-12-17,Industrials,-0.06355571428571428,4
2021-12-17,Materials,-0.3612,1
2021-12-17,RealEstate,0.095175,2
2021-12-17,Tech,-0.11886809523809524,5
2021-12-17,Utilities,0.00225,4
2021-12-20,Comm,-0.0549875,5
2021-12-20,Consumer,0.13618242835595779,5
2021-12-20,Energy,-0.022166666666666657,3
2021-12-20,Financials,-0.08471373737373737,3
2021-12-20,Healthcare,0.054689999999999996,5
2021-12-20,Industrials,-0.078945,5
2021-12-20,Materials,0.0103,3
2021-12-20,RealEstate,0.16297499999999998,2
2021-12-20,Tech,-0.039426,5
2021-12-20,Utilities,0.06508333333333333,3
2021-12-21,Comm,-0.01316875,4
2021-12-21,Consumer,0.12086685463659148,4
2021-12-21,Energy,0.0,1
2021-12-21,Financials,0.08472,5
2021-12-21,Healthcare,0.06247761904761904,5
2021-12-21,Industrials,0.115395,4
2021-12-21,RealEstate,0.019025,4
2021-12-21,Tech,0.13650444444444446,5
2021-12-21,Utilities,0.31435,2
2021-12-22,Comm,0.10643333333333334,2
2021-12-22,Consumer,-0.042112500000000004,4
2021-12-22,Energy,0.06346666666666667,3
2021-12-22,Financials,0.0419625,4
2021-12-22,Healthcare,0.10162291666666667,4
2021-12-22,Industrials,0.1799625,4
2021-12-22,RealEstate,0.0074,2
2021-12-22,Tech,0.29383,5
2021-12-22,Utilities,0.009,1
2021-12-23,Comm,0.14427666666666666,3
2021-12-23,Consumer,0.050022500000000004,5
2021-12-23,Energy,0.0201,5
2021-12-23,Financials,0.10878866666666667,5
2021-12-23,Healthcare,0.19754117647058825,5
2021-12-23,Industrials,0.04612666666666667,3
2021-12-23,Materials,0.05221,5
2021-12-23,RealEstate,0.009,1
2021-12-23,Tech,0.060143333333333326,5
2021-12-23,Utilities,-0.1847,1
2021-12-27,Comm,0.03517499999999999,1
2021-12-27,Consumer,0.06791749999999999,5
2021-12-27,Energy,0.09071458333333335,4
2021-12-27,Financials,0.09661333333333334,5
2021-12-27,Healthcare,0.20457145833333334,4
2021-12-27,Industrials,0.16681166666666666,4
2021-12-27,Materials,0.0,1
2021-12-27,RealEstate,0.14295,4
2021-12-27,Tech,0.09325125,4
2021-12-27,Utilities,0.0058,1
2021-12-28,Comm,0.01929375,2
2021-12-28,Consumer,0.07988875000000001,4
2021-12-28,Energy,-0.01743888888888889,3
2021-12-28,Financials,0.24596666666666667,3
2021-12-28,Healthcare,0.20733888888888888,3
2021-12-28,Industrials,0.11402083333333334,3
2021-12-28,Materials,0.23226875,4
2021-12-28,RealEstate,0.01225,2
2021-12-28,Tech,0.17881622727272728,5
2021-12-28,Utilities,0.07373333333333332,3
2021-12-29,Comm,-0.04471666666666667,2
2021-12-29,Consumer,0.13820312499999998,4
2021-12-29,Energy,0.045375,4
2021-12-29,Financials,0.05329666666666667,5
2021-12-29,Healthcare,0.17800000000000002,1
2021-12-29,Industrials,0.07617499999999999,3
2021-12-29,Materials,0.3726,1
2021-12-29,RealEstate,0.25243333333333334,3
2021-12-29,Tech,0.008066666666666672,3
2021-12-29,Utilities,0.1735833333333333,3
2021-12-30,Comm,0.02360166666666667,4
2021-12-30,Consumer,0.0630675,5
2021-12-30,Energy,0.04165625,4
2021-12-30,Financials,0.16340416666666666,4
2021-12-30,Healthcare,0.1406136904761905,4
2021-12-30,Industrials,0.112375,4
2021-12-30,Materials,0.18309999999999998,2
2021-12-30,RealEstate,0.21806666666666666,3
2021-12-30,Tech,0.071908,5
2021-12-30,Utilities,0.2688,2
2021-12-31,Comm,0.07955555555555556,3
2021-12-31,Consumer,0.020306666666666664,5
2021-12-31,Energy,0.18545333333333333,3
2021-12-31,Financials,0.091605,5
2021-12-31,Healthcare,0.1561,4
2021-12-31,Industrials,0.3097,2
2021-12-31,RealEstate,0.30079999999999996,2
2021-12-31,Tech,0.12357442857142857,5
2021-12-31,Utilities,0.014849999999999999,2
2022-01-03,Comm,-0.08882692307692308,2
2022-01-03,Consumer,0.006964000000000002,5
2022-01-03,Energy,0.07255476190476191,5
2022-01-03,Financials,0.12483095238095239,4
2022-01-03,Healthcare,0.09493157142857142,5
2022-01-03,Industrials,0.1925666666666667,5
2022-01-03,Materials,0.01095,2
2022-01-03,RealEstate,0.1303,3
2022-01-03,Tech,0.2889806547619047,4
2022-01-03,Utilities,-0.08743333333333335,3
2022-01-04,Comm,0.06340625,2
2022-01-04,Consumer,0.01195,3
2022-01-04,Energy,0.03349166666666667,4
2022-01-04,Financials,0.20961055555555555,5
2022-01-04,Healthcare,0.04441166666666667,4
2022-01-04,Industrials,0.1279625,4
2022-01-04,Materials,0.00225,2
2022-01-04,RealEstate,0.38382499999999997,2
2022-01-04,Tech,-0.00234127450980392,5
2022-01-04,Utilities,0.1793,5
2022-01-05,Comm,0.10681041666666666,4
2022-01-05,Consumer,0.03674722222222222,5
2022-01-05,Energy,-0.017816666666666665,3
2022-01-05,Financials,0.17397,4
2022-01-05,Healthcare,0.0513625,4
2022-01-05,Industrials,0.13953888888888888,3
2022-01-05,Materials,0.0021333333333333334,1
2022-01-05,RealEstate,0.0153,3
2022-01-05,Tech,-0.020665803030303024,5
2022-01-05,Utilities,0.2947,2
2022-01-06,Comm,0.035782666666666664,5
2022-01-06,Consumer,0.10212133333333333,5
2022-01-06,Energy,-0.060863999999999994,5
2022-01-06,Financials,0.029946666666666667,5
2022-01-06,Healthcare,0.14062666666666668,5
2022-01-06,Industrials,0.02986190476190476,3
2022-01-06,Materials,0.12504444444444443,3
2022-01-06,RealEstate,0.00605,3
2022-01-06,Tech,0.07027399999999999,5
2022-01-06,Utilities,0.5775,1
2022-01-07,Comm,0.026385,5
2022-01-07,Consumer,0.06978633333333333,5
2022-01-07,Energy,0.14336666666666667,5
2022-01-07,Financials,0.12699166666666667,4
2022-01-07,Healthcare,0.027249999999999996,3
2022-01-07,Industrials,0.0704275,4
2022-01-07,Materials,0.38155,1
2022-01-07,RealEstate,0.0084,2
2022-01-07,Tech,-0.03231666666666666,3
2022-01-07,Utilities,0.20540000000000003,3
2022-01-10,Comm,0.016726964285714286,5
2022-01-10,Consumer,0.08456233333333332,5
2022-01-10,Energy,0.08828253968253968,3
2022-01-10,Financials,0.2232195357142857,5
2022-01-10,Healthcare,0.06549333333333333,5
2022-01-10,Industrials,0.22276904761904764,5
2022-01-10,Materials,0.28595,2
2022-01-10,RealEstate,0.18425,2
2022-01-10,Tech,0.08260833333333334,5
2022-01-10,Utilities,0.33881666666666665,4
2022-01-11,Comm,-0.05584,5
2022-01-11,Consumer,0.10466,5
2022-01-11,Energy,0.09062857142857143,3
2022-01-11,Financials,0.286485,5
2022-01-11,Healthcare,0.04510555555555556,3
2022-01-11,Industrials,0.11054249999999999,4
2022-01-11,Materials,0.0,1
2022-01-11,RealEstate,-0.00475,3
2022-01-11,Tech,0.17947244444444443,5
2022-01-11,Utilities,0.26745,2
2022-01-12,Comm,0.15532133333333334,5
2022-01-12,Consumer,0.09936633333333333,5
2022-01-12,Energy,0.19317395833333334,4
2022-01-12,Financials,0.2026987878787879,5
2022-01-12,Healthcare,0.05482,5
2022-01-12,Industrials,0.3251479166666667,4
2022-01-12,Materials,0.00775,2
2022-01-12,RealEstate,-0.0638375,4
2022-01-12,Tech,0.13111166666666665,5
2022-01-12,Utilities,0.0077,1
2022-01-13,Comm,0.07606,4
2022-01-13,Consumer,0.090175,5
2022-01-13,Energy,0.15042300000000003,5
2022-01-13,Financials,0.058695523809523795,5
2022-01-13,Healthcare,0.06804,5
2022-01-13,Industrials,0.11597301587301588,3
2022-01-13,Materials,0.17601666666666668,2
2022-01-13,RealEstate,0.12823333333333334,3
2022-01-13,Tech,0.19516336507936508,5
2022-01-13,Utilities,0.21293333333333334,3
2022-01-14,Comm,0.036624000000000004,5
2022-01-14,Consumer,0.010119999999999999,5
2022-01-14,Energy,0.19918833333333333,4
2022-01-14,Financials,0.0995130402930403,5
2022-01-14,Healthcare,0.16572,5
2022-01-14,Industrials,0.16482222222222223,4
2022-01-14,Materials,0.34459999999999996,2
2022-01-14,RealEstate,0.057133333333333335,3
2022-01-14,Tech,0.07742761904761905,5
2022-01-14,Utilities,0.10825,4
2022-01-18,Comm,0.014320749299719904,5
2022-01-18,Consumer,0.08271796736596737,5
2022-01-18,Energy,0.24100535714285715,5
2022-01-18,Financials,0.16800183752417794,5
2022-01-18,Healthcare,0.15263066666666666,5
2022-01-18,Industrials,0.09728717948717949,5
2022-01-18,Materials,0.07976666666666667,3
2022-01-18,RealEstate,0.026062500000000002,4
2022-01-18,Tech,0.1660402380952381,5
2022-01-18,Utilities,0.28844,5
2022-01-19,Comm,0.053596,5
2022-01-19,Consumer,0.04623066666666667,5
2022-01-19,Energy,0.08646000000000001,5
2022-01-19,Financials,0.191114489549666,5
2022-01-19,Healthcare,0.061531999999999996,5
2022-01-19,Industrials,0.1426073015873016,3
2022-01-19,Materials,0.10936111111111112,3
2022-01-19,RealEstate,0.36290833333333333,3
2022-01-19,Tech,0.10569297619047618,4
2022-01-19,Utilities,0.13507666666666668,5
2022-01-20,Comm,0.3358919191919192,3
2022-01-20,Consumer,0.06499412698412699,5
2022-01-20,Energy,0.20960104166666665,4
2022-01-20,Financials,0.11579809523809523,5
2022-01-20,Healthcare,-0.011472,5
2022-01-20,Industrials,0.10298133333333334,5
2022-01-20,Materials,-0.046275,4
2022-01-20,RealEstate,0.22191,5
2022-01-20,Tech,0.17090745238095237,5
2022-01-20,Utilities,0.14020000000000002,4
2022-01-21,Comm,0.21920416666666667,4
2022-01-21,Consumer,0.046827843137254896,5
2022-01-21,Energy,0.05475625,4
2022-01-21,Financials,0.258807380952381,5
2022-01-21,Healthcare,0.05339733333333334,5
2022-01-21,Industrials,0.08390625,4
2022-01-21,Materials,0.009783333333333333,4
2022-01-21,RealEstate,0.3208625,4
2022-01-21,Tech,0.033819602272727275,4
2022-01-21,Utilities,0.056056666666666664,5
2022-01-24,Comm,0.10914722222222221,5
2022-01-24,Consumer,0.0951153492063492,5
2022-01-24,Energy,0.007115833333333324,5
2022-01-24,Financials,0.0776325,4
2022-01-24,Healthcare,-0.015384444444444442,5
2022-01-24,Industrials,0.07133942857142858,5
2022-01-24,Materials,0.11579999999999999,5
2022-01-24,RealEstate,0.08917333333333333,5
2022-01-24,Tech,0.01746283993783994,5
2022-01-24,Utilities,0.051649999999999995,3
2022-01-25,Comm,0.045420833333333334,4
2022-01-25,Consumer,0.07306766666666667,5
2022-01-25,Energy,0.037605000000000006,4
2022-01-25,Financials,0.12475742857142857,5
2022-01-25,Healthcare,0.013191666666666671,4
2022-01-25,Industrials,0.04708708898944193,5
2022-01-25,Materials,0.093625,4
2022-01-25,RealEstate,0.18978333333333333,3
2022-01-25,Tech,0.07145833333333333,5
2022-01-25,Utilities,0.15252708333333334,4
2022-01-26,Comm,0.2770233333333333,5
2022-01-26,Consumer,0.0853978431372549,5
2022-01-26,Energy,0.13683805555555556,5
2022-01-26,Financials,0.04289666666666666,5
2022-01-26,Healthcare,0.08517276785714285,4
2022-01-26,Industrials,0.06521782608695652,5
2022-01-26,Materials,0.00365,3
2022-01-26,RealEstate,-0.09946666666666666,1
2022-01-26,Tech,0.05275830713146503,5
2022-01-26,Utilities,0.011166666666666667,3
2022-01-27,Comm,0.07288720238095238,4
2022-01-27,Consumer,0.013092142857142854,5
2022-01-27,Energy,0.238760641025641,5
2022-01-27,Financials,0.20500528571428572,5
2022-01-27,Healthcare,0.10559166666666667,5
2022-01-27,Industrials,0.14664166666666667,4
2022-01-27,Materials,0.1316125,5
2022-01-27,RealEstate,0.22168333333333332,5
2022-01-27,Tech,0.1389971590909091,4
2022-01-27,Utilities,0.31875,4
2022-01-28,Comm,-0.13058,5
2022-01-28,Consumer,0.007912500000000001,4
2022-01-28,Energy,0.151034375,4
2022-01-28,Financials,0.10446882783882783,5
2022-01-28,Healthcare,0.2025047619047619,5
2022-01-28,Industrials,0.10060091666666668,5
2022-01-28,Materials,0.0,1
2022-01-28,RealEstate,-0.14276250000000001,4
2022-01-28,Tech,0.12184676190476189,5
2022-01-28,Utilities,0.20781999999999998,5
2022-01-31,Comm,0.05192457142857143,5
2022-01-31,Consumer,0.11277790476190477,5
2022-01-31,Energy,0.14595083333333334,5
2022-01-31,Financials,0.07279333333333333,5
2022-01-31,Healthcare,0.053134571428571434,5
2022-01-31,Industrials,0.03506250000000001,5
2022-01-31,Materials,-0.1144,3
2022-01-31,RealEstate,0.22344,5
2022-01-31,Tech,0.1433625,5
2022-01-31,Utilities,0.091725,4
2022-02-01,Comm,-0.09332285714285712,5
2022-02-01,Consumer,-0.041575999999999995,5
2022-02-01,Energy,0.03757369565217391,4
2022-02-01,Financials,0.022053666666666666,5
2022-02-01,Healthcare,0.1854709401709402,5
2022-02-01,Industrials,-0.0003929824561403547,4
2022-02-01,Materials,0.16976666666666665,3
2022-02-01,RealEstate,0.04195,1
2022-02-01,Tech,0.08394203703703704,5
2022-02-01,Utilities,0.2628,4
2022-02-02,Comm,0.03468047619047619,5
2022-02-02,Consumer,0.014825476190476194,5
2022-02-02,Energy,0.25156266666666666,5
2022-02-02,Financials,0.17284400000000003,5
2022-02-02,Healthcare,0.09945409523809524,5
2022-02-02,Industrials,0.08784583333333333,4
2022-02-02,Materials,0.2424666666666667,3
2022-02-02,RealEstate,0.08885,4
2022-02-02,Tech,0.06978479229989869,5
2022-02-02,Utilities,0.22856666666666667,3
2022-02-03,Comm,-0.00809095238095238,5
2022-02-03,Consumer,0.005973333333333329,5
2022-02-03,Energy,0.06707388888888889,5
2022-02-03,Financials,0.18275999999999998,5
2022-02-03,Healthcare,0.15903666666666666,5
2022-02-03,Industrials,0.12691249999999998,4
2022-02-03,Materials,-0.023566666666666663,3
2022-02-03,RealEstate,0.220325,2
2022-02-03,Tech,0.15654809523809526,5
2022-02-03,Utilities,0.2811875,4
2022-02-04,Comm,-0.026054666666666677,5
2022-02-04,Consumer,0.07748333333333332,5
2022-02-04,Energy,0.1858216666666667,5
2022-02-04,Financials,0.17323809523809525,4
2022-02-04,Healthcare,0.030459999999999997,5
2022-02-04,Industrials,0.17335,3
2022-02-04,Materials,0.0029,2
2022-02-04,RealEstate,0.0,1
2022-02-04,Tech,0.08079166666666668,4
2022-02-04,Utilities,0.16072083333333334,4
2022-02-07,Comm,0.08348533333333334,5
2022-02-07,Consumer,0.05950481818181817,5
2022-02-07,Energy,0.1137686507936508,5
2022-02-07,Financials,0.024561666666666662,4
2022-02-07,Healthcare,0.24954484126984128,4
2022-02-07,Industrials,0.04889642857142856,4
2022-02-07,Materials,0.29225,2
2022-02-07,RealEstate,0.0535375,4
2022-02-07,Tech,0.07007571428571428,5
2022-02-07,Utilities,0.05852666666666666,5
2022-02-08,Comm,0.10326666666666666,5
2022-02-08,Consumer,0.15297927272727274,5
2022-02-08,Energy,0.13651999999999997,4
2022-02-08,Financials,0.14432333333333336,5
2022-02-08,Healthcare,0.15284285714285714,4
2022-02-08,Industrials,0.04440208333333334,4
2022-02-08,Materials,-0.03724090909090909,4
2022-02-08,RealEstate,0.12543333333333334,3
2022-02-08,Tech,0.10418797619047619,5
2022-02-08,Utilities,0.07135,3
2022-02-09,Comm,0.05007400000000001,5
2022-02-09,Consumer,0.05251080952380952,5
2022-02-09,Energy,0.0974,5
2022-02-09,Financials,0.13202708333333332,4
2022-02-09,Healthcare,0.23595333333333332,5
2022-02-09,Industrials,0.009025,2
2022-02-09,Materials,0.01355,2
2022-02-09,RealEstate,0.0071933333333333346,5
2022-02-09,Tech,-0.0071476923076923046,5
2022-02-09,Utilities,0.2379111111111111,3
2022-02-10,Comm,0.2915375,4
2022-02-10,Consumer,0.11729114078674949,5
2022-02-10,Energy,0.09988785714285715,5
2022-02-10,Financials,-0.002075000000000002,4
2022-02-10,Healthcare,0.019726333333333332,5
2022-02-10,Industrials,-0.0030320000000000004,5
2022-02-10,Materials,0.0683,3
2022-02-10,RealEstate,0.18707500000000002,4
2022-02-10,Tech,0.0035675000000000012,5
2022-02-10,Utilities,0.079417,5
2022-02-11,Comm,0.03716,5
2022-02-11,Consumer,0.008024761904761904,5
2022-02-11,Energy,0.15572666666666668,3
2022-02-11,Financials,-0.00953133333333334,5
2022-02-11,Healthcare,0.14856666666666665,5
2022-02-11,Industrials,0.12305666666666666,5
2022-02-11,Materials,0.0223,2
2022-02-11,RealEstate,-0.08905,2
2022-02-11,Tech,0.0074316666666666645,5
2022-02-11,Utilities,0.09879199999999999,5
2022-02-14,Comm,0.05287666666666666,5
2022-02-14,Consumer,0.06868746031746031,5
2022-02-14,Energy,0.23607777777777778,5
2022-02-14,Financials,-0.03329055555555556,5
2022-02-14,Healthcare,0.0014961904761904815,5
2022-02-14,Industrials,-0.10201041666666667,4
2022-02-14,Materials,0.3506,2
2022-02-14,RealEstate,0.258675,4
2022-02-14,Tech,0.051674743589743596,5
2022-02-14,Utilities,0.044689999999999994,5
2022-02-15,Comm,0.11343666666666667,4
2022-02-15,Consumer,0.17660111111111113,5
2022-02-15,Energy,-0.010717952380952371,5
2022-02-15,Financials,0.11306233333333333,5
2022-02-15,Healthcare,0.08353541666666667,4
2022-02-15,Industrials,-0.002816666666666667,3
2022-02-15,Materials,0.0,2
2022-02-15,RealEstate,0.18171666666666667,3
2022-02-15,Tech,0.07455606535947713,5
2022-02-15,Utilities,0.18222,5
2022-02-16,Comm,0.014183333333333334,3
2022-02-16,Consumer,0.180104,5
2022-02-16,Energy,0.13266066666666668,5
2022-02-16,Financials,0.016390740740740744,3
2022-02-16,Healthcare,0.10863958333333333,4
2022-02-16,Industrials,-0.014554464285714285,4
2022-02-16,Materials,0.0008666666666666672,3
2022-02-16,RealEstate,0.44110000000000005,3
2022-02-16,Tech,0.08868560784313725,5
2022-02-16,Utilities,0.024358333333333336,4
2022-02-17,Comm,0.14301285714285714,5
2022-02-17,Consumer,0.086374,5
2022-02-17,Energy,0.07692249999999999,4
2022-02-17,Financials,-0.11407812121212121,5
2022-02-17,Healthcare,0.02983035714285714,4
2022-02-17,Industrials,0.043120666666666675,5
2022-02-17,Materials,0.0588,4
2022-02-17,RealEstate,0.03578,5
2022-02-17,Tech,0.03351044444444444,5
2022-02-17,Utilities,0.07237666666666667,5
2022-02-18,Comm,0.3030333333333333,3
2022-02-18,Consumer,0.06321083333333333,5
2022-02-18,Energy,0.08229333333333334,4
2022-02-18,Financials,0.04151,5
2022-02-18,Healthcare,0.19896,5
2022-02-18,Industrials,-0.06794166666666666,5
2022-02-18,Materials,-0.04599,5
2022-02-18,RealEstate,-0.11670000000000001,3
2022-02-18,Tech,0.13459933333333335,5
2022-02-18,Utilities,-0.06453125000000001,4
2022-02-22,Comm,-0.06312857142857144,3
2022-02-22,Consumer,0.08086214285714285,5
2022-02-22,Energy,0.007454687499999998,4
2022-02-22,Financials,-0.013923214285714289,4
2022-02-22,Healthcare,0.04514714285714286,5
2022-02-22,Industrials,-0.037778124999999996,4
2022-02-22,Materials,0.149175,4
2022-02-22,RealEstate,0.15180875,4
2022-02-22,Tech,0.06899070238095237,5
2022-02-22,Utilities,0.03484866666666667,5
2022-02-23,Comm,-0.04455,4
2022-02-23,Consumer,0.06109666666666667,5
2022-02-23,Energy,0.10152883333333333,5
2022-02-23,Financials,0.07852708333333333,4
2022-02-23,Healthcare,0.006925000000000001,4
2022-02-23,Industrials,-0.1587025,4
2022-02-23,Materials,0.10432499999999999,4
2022-02-23,RealEstate,0.06997666666666666,5
2022-02-23,Tech,0.12227000000000002,5
2022-02-23,Utilities,0.03573333333333334,3
2022-02-24,Comm,-0.004166666666666652,3
2022-02-24,Consumer,0.016035000000000008,5
2022-02-24,Energy,-0.140998,5
2022-02-24,Financials,0.060899999999999996,5
2022-02-24,Healthcare,0.11989166666666666,3
2022-02-24,Industrials,-0.08756666666666668,4
2022-02-24,Materials,-0.07085000000000001,1
2022-02-24,RealEstate,0.3710166666666666,3
2022-02-24,Tech,0.07057416666666667,5
2022-02-24,Utilities,0.19865,4
2022-02-25,Comm,0.30551249999999996,4
2022-02-25,Consumer,0.057050000000000003,5
2022-02-25,Energy,0.16676794871794873,4
2022-02-25,Financials,0.03536583333333333,4
2022-02-25,Healthcare,0.02198333333333333,5
2022-02-25,Industrials,-0.006491666666666661,5
2022-02-25,Materials,0.004316666666666667,3
2022-02-25,RealEstate,-0.0187375,4
2022-02-25,Tech,-0.05959047619047619,4
2022-02-25,Utilities,0.1868,2
2022-02-28,Comm,0.08921388888888888,4
2022-02-28,Consumer,0.052618527472527474,5
2022-02-28,Energy,0.11170333333333335,5
2022-02-28,Financials,0.02149717261904762,4
2022-02-28,Healthcare,0.10748333333333333,3
2022-02-28,Industrials,0.0248875,4
2022-02-28,Materials,-0.11223333333333334,3
2022-02-28,RealEstate,0.0257,3
2022-02-28,Tech,0.046042878787878785,5
2022-02-28,Utilities,0.010994444444444454,3
2022-03-01,Comm,0.012612500000000006,4
2022-03-01,Consumer,0.05492095238095238,5
2022-03-01,Energy,0.04028320488721805,5
2022-03-01,Financials,-0.0466652380952381,4
2022-03-01,Healthcare,0.06979,5
2022-03-01,Industrials,0.0992525,4
2022-03-01,Materials,0.13093333333333332,3
2022-03-01,RealEstate,0.099175,4
2022-03-01,Tech,-0.01669,5
2022-03-01,Utilities,0.1891875,4
2022-03-02,Comm,0.12372999999999999,2
2022-03-02,Consumer,0.06032460317460316,5
2022-03-02,Energy,0.10969095238095236,5
2022-03-02,Financials,0.10196488095238095,4
2022-03-02,Healthcare,-0.008487499999999995,4
2022-03-02,Industrials,0.13164833333333334,4
2022-03-02,Materials,0.47155,1
2022-03-02,RealEstate,0.18104,5
2022-03-02,Tech,0.22277875,4
2022-03-02,Utilities,0.0,2
2022-03-03,Comm,-0.030522000000000004,5
2022-03-03,Consumer,0.049261999999999986,5
2022-03-03,Energy,0.04009450549450548,5
2022-03-03,Financials,0.15069375,4
2022-03-03,Healthcare,-0.0659625,4
2022-03-03,Industrials,0.04400833333333334,4
2022-03-03,Materials,0.0077,1
2022-03-03,RealEstate,0.1167625,4
2022-03-03,Tech,0.035840000000000004,5
2022-03-03,Utilities,0.1748,2
2022-03-04,Comm,0.0672375,4
2022-03-04,Consumer,0.06902971428571428,5
2022-03-04,Energy,0.12537625000000002,4
2022-03-04,Financials,-0.011269791666666671,4
2022-03-04,Healthcare,0.12886000000000003,5
2022-03-04,Industrials,0.12619666666666668,5
2022-03-04,Materials,-0.001800000000000003,4
2022-03-04,RealEstate,0.2714833333333333,2
2022-03-04,Tech,0.017455095238095242,5
2022-03-04,Utilities,0.015579166666666668,4
2022-03-07,Comm,0.22679166666666667,4
2022-03-07,Consumer,0.12276130952380952,5
2022-03-07,Energy,0.03193907326007326,5
2022-03-07,Financials,0.02171942307692308,4
2022-03-07,Healthcare,0.16907333333333333,5
2022-03-07,Industrials,0.26398541666666664,4
2022-03-07,Materials,0.005475000000000001,4
2022-03-07,RealEstate,0.07778333333333336,3
2022-03-07,Tech,-0.03992007142857144,5
2022-03-07,Utilities,0.006208333333333334,3
2022-03-08,Comm,-0.07238888888888889,3
2022-03-08,Consumer,0.09313,5
2022-03-08,Energy,0.09682155555555556,5
2022-03-08,Financials,0.13065625,4
2022-03-08,Healthcare,0.05950833333333333,5
2022-03-08,Industrials,-0.017170000000000008,5
2022-03-08,Materials,0.06419166666666667,3
2022-03-08,RealEstate,0.17765,2
2022-03-08,Tech,0.08180852272727272,4
2022-03-08,Utilities,-0.0909,2
2022-03-09,Comm,0.011992000000000003,5
2022-03-09,Consumer,-0.02828235714285714,5
2022-03-09,Energy,0.086724,5
2022-03-09,Financials,0.09146766666666667,5
2022-03-09,Healthcare,-0.08067733333333334,5
2022-03-09,Industrials,0.11943190476190477,5
2022-03-09,Materials,0.004299999999999999,3
2022-03-09,RealEstate,-0.11136666666666667,3
2022-03-09,Tech,0.03876914285714285,5
2022-03-09,Utilities,0.0103,1
2022-03-10,Comm,0.03969583333333333,4
2022-03-10,Consumer,0.018410666666666665,5
2022-03-10,Energy,-0.001054357142857144,5
2022-03-10,Financials,0.006192857142857146,5
2022-03-10,Healthcare,0.04921944444444445,3
2022-03-10,Industrials,0.08861923809523811,5
2022-03-10,Materials,0.04768,5
2022-03-10,RealEstate,0.05712916666666667,4
2022-03-10,Tech,0.11183041025641025,5
2022-03-10,Utilities,-0.02667,5
2022-03-11,Comm,0.0103375,3
2022-03-11,Consumer,0.0015713333333333274,5
2022-03-11,Energy,-0.010496388888888892,5
2022-03-11,Financials,0.08509107142857142,4
2022-03-11,Healthcare,0.12572666666666668,5
2022-03-11,Industrials,0.04934,5
2022-03-11,Materials,0.15254444444444445,3
2022-03-11,RealEstate,0.098875,2
2022-03-11,Tech,0.05625933333333333,5
2022-03-11,Utilities,0.3736,1
2022-03-14,Comm,0.12009761904761902,3
2022-03-14,Consumer,0.04133328571428572,5
2022-03-14,Energy,0.11551105555555555,5
2022-03-14,Financials,0.20216000000000003,5
2022-03-14,Healthcare,0.07471666666666668,4
2022-03-14,Industrials,0.14961000000000002,5
2022-03-14,Materials,0.13085,2
2022-03-14,RealEstate,0.17592000000000002,5
2022-03-14,Tech,0.09311266666666666,5
2022-03-14,Utilities,0.012058333333333332,4
2022-03-15,Comm,0.1214075,4
2022-03-15,Consumer,0.11301666666666668,5
2022-03-15,Energy,0.23932616666666667,5
2022-03-15,Financials,-0.11189211111111111,5
2022-03-15,Healthcare,-0.06128399999999999,5
2022-03-15,Industrials,0.05532291666666668,4
2022-03-15,Materials,0.2801,2
2022-03-15,RealEstate,0.19005833333333336,4
2022-03-15,Tech,0.15283599711399712,5
2022-03-15,Utilities,0.014849999999999999,2
2022-03-16,Comm,-0.022750000000000003,2
2022-03-16,Consumer,0.009156666666666664,5
2022-03-16,Energy,0.10575931818181819,5
2022-03-16,Financials,0.09036,3
2022-03-16,Healthcare,0.0932452380952381,5
2022-03-16,Industrials,-0.08379722222222223,3
2022-03-16,Materials,0.30905,2
2022-03-16,RealEstate,0.13133333333333336,2
2022-03-16,Tech,0.15463146645021647,4
2022-03-16,Utilities,-0.0391125,4
2022-03-17,Comm,-0.021733333333333327,4
2022-03-17,Consumer,0.04192833333333333,5
2022-03-17,Energy,0.1455676767676768,4
2022-03-17,Financials,0.055672321428571425,4
2022-03-17,Healthcare,0.03367111111111112,3
2022-03-17,Industrials,0.01487159090909091,4
2022-03-17,Materials,0.09960000000000001,2
2022-03-17,RealEstate,0.0026,1
2022-03-17,Tech,0.05385983333333334,5
2022-03-17,Utilities,0.048275000000000005,2
2022-03-18,Comm,0.10883000000000001,5
2022-03-18,Consumer,0.04733714285714286,5
2022-03-18,Energy,0.0185,5
2022-03-18,Financials,0.14899,5
2022-03-18,Healthcare,0.01646111111111111,3
2022-03-18,Industrials,0.11457307692307693,3
2022-03-18,Materials,0.11511249999999999,4
2022-03-18,RealEstate,0.07169,5
2022-03-18,Tech,0.114092,5
2022-03-18,Utilities,0.0245,1
2022-03-21,Comm,0.016645,4
2022-03-21,Consumer,0.128049,5
2022-03-21,Energy,0.026883506493506494,5
2022-03-21,Financials,0.06373733333333334,5
2022-03-21,Healthcare,0.18948666666666666,5
2022-03-21,Industrials,-0.03361333333333333,5
2022-03-21,Materials,0.17706666666666665,4
2022-03-21,RealEstate,0.17032833333333333,5
2022-03-21,Tech,0.10291666666666668,5
2022-03-21,Utilities,0.042743333333333335,5
2022-03-22,Comm,0.1053888888888889,3
2022-03-22,Consumer,0.16185694444444443,4
2022-03-22,Energy,0.14213933333333334,5
2022-03-22,Financials,0.09055,2
2022-03-22,Healthcare,0.008416666666666678,5
2022-03-22,Industrials,-0.1118125,4
2022-03-22,Materials,0.20753333333333335,3
2022-03-22,RealEstate,0.088825,4
2022-03-22,Tech,0.1853037142857143,5
2022-03-22,Utilities,0.38249999999999995,2
2022-03-23,Comm,0.24509999999999998,4
2022-03-23,Consumer,0.07214374999999999,4
2022-03-23,Energy,-0.01361,5
2022-03-23,Financials,0.20062083333333336,4
2022-03-23,Healthcare,-0.01388333333333334,3
2022-03-23,Industrials,0.030050000000000004,3
2022-03-23,Materials,-0.3705,1
2022-03-23,RealEstate,0.3685,1
2022-03-23,Tech,0.05911615151515152,5
2022-03-23,Utilities,0.0077,1
2022-03-24,Comm,0.007131250000000004,4
2022-03-24,Consumer,-0.040530476190476186,5
2022-03-24,Energy,0.07854384615384616,5
2022-03-24,Financials,0.09885494047619048,4
2022-03-24,Healthcare,0.07393125,4
2022-03-24,Industrials,-0.03788095238095238,3
2022-03-24,Materials,0.189,2
2022-03-24,RealEstate,0.04981111111111111,3
2022-03-24,Tech,0.07752287645687646,5
2022-03-24,Utilities,0.3736,2
2022-03-25,Comm,0.0,1
2022-03-25,Consumer,0.0813425,5
2022-03-25,Energy,0.11659233333333334,5
2022-03-25,Financials,0.123072,5
2022-03-25,Healthcare,0.020466666666666664,3
2022-03-25,Industrials,0.15784791666666667,4
2022-03-25,Materials,0.27928333333333333,2
2022-03-25,RealEstate,0.11958333333333333,3
2022-03-25,Tech,0.019763333333333327,5
2022-03-25,Utilities,-0.0005499999999999949,1
2022-03-28,Comm,0.036686666666666666,4
2022-03-28,Consumer,0.07107238095238096,5
2022-03-28,Energy,0.12867555555555557,5
2022-03-28,Financials,0.07606761904761905,5
2022-03-28,Healthcare,-0.04667708333333333,4
2022-03-28,Industrials,0.10295916666666668,4
2022-03-28,Materials,0.11763333333333335,1
2022-03-28,RealEstate,0.06957500000000001,3
2022-03-28,Tech,0.1513995238095238,5
2022-03-28,Utilities,0.12964666666666666,3
2022-03-29,Comm,0.07982291666666667,4
2022-03-29,Consumer,0.12755833333333336,5
2022-03-29,Energy,0.027059818181818185,5
2022-03-29,Financials,0.112955,5
2022-03-29,Healthcare,0.04538000000000001,5
2022-03-29,Industrials,0.09087466666666669,5
2022-03-29,Materials,-0.05333333333333334,3
2022-03-29,RealEstate,0.048725000000000004,4
2022-03-29,Tech,0.08888416666666667,4
2022-03-29,Utilities,0.20118000000000003,3
2022-03-30,Comm,0.16483333333333333,3
2022-03-30,Consumer,0.007032142857142857,4
2022-03-30,Energy,0.15035416666666668,4
2022-03-30,Financials,-0.009876388888888884,3
2022-03-30,Healthcare,0.03991666666666666,4
2022-03-30,Industrials,0.12277777777777778,4
2022-03-30,Materials,0.11893333333333334,3
2022-03-30,RealEstate,0.19176666666666667,3
2022-03-30,Tech,0.09083766666666666,5
2022-03-30,Utilities,0.30315000000000003,3
2022-03-31,Comm,0.08014583333333333,4
2022-03-31,Consumer,0.04547333333333333,5
2022-03-31,Energy,-0.02084666666666667,5
2022-03-31,Financials,0.0495425,4
2022-03-31,Healthcare,0.18212708333333333,4
2022-03-31,Industrials,0.24211333333333332,5
2022-03-31,Materials,0.2278,3
2022-03-31,RealEstate,0.094775,4
2022-03-31,Tech,0.08083666666666667,5
2022-03-31,Utilities,-0.030125000000000002,4
2022-04-01,Comm,0.020416666666666677,3
2022-04-01,Consumer,-0.01653654761904762,4
2022-04-01,Energy,-0.05218433333333333,5
2022-04-01,Financials,0.2095358333333333,4
2022-04-01,Healthcare,0.2200375,4
2022-04-01,Industrials,-0.03283166666666667,4
2022-04-01,Materials,0.3327333333333333,3
2022-04-01,RealEstate,0.189725,2
2022-04-01,Tech,0.07564797202797202,5
2022-04-01,Utilities,0.021533333333333335,1
2022-04-04,Comm,0.16870375,4
2022-04-04,Consumer,0.07806353641456583,5
2022-04-04,Energy,-0.056505555555555545,5
2022-04-04,Financials,-0.0027953846153846162,4
2022-04-04,Healthcare,-0.014001999999999997,5
2022-04-04,Industrials,0.11648499999999999,5
2022-04-04,Materials,0.06988333333333334,3
2022-04-04,RealEstate,0.157225,4
2022-04-04,Tech,0.07684587719298246,5
2022-04-04,Utilities,0.13813333333333333,3
2022-04-05,Comm,-0.032884,5
2022-04-05,Consumer,0.013065238095238097,5
2022-04-05,Energy,0.064445,5
2022-04-05,Financials,-0.004438000000000003,5
2022-04-05,Healthcare,0.16462933333333335,5
2022-04-05,Industrials,-0.04059333333333333,5
2022-04-05,Materials,-0.0332375,4
2022-04-05,RealEstate,0.10410666666666667,4
2022-04-05,Tech,-0.032967948717948725,4
2022-04-05,Utilities,0.1732,2
2022-04-06,Comm,0.09175,2
2022-04-06,Consumer,0.07304,5
2022-04-06,Energy,0.07759375,4
2022-04-06,Financials,0.09089375,4
2022-04-06,Healthcare,0.008058333333333334,3
2022-04-06,Industrials,0.0805325,4
2022-04-06,Materials,0.2138875,4
2022-04-06,RealEstate,0.1638777777777778,3
2022-04-06,Tech,0.029762190476190477,5
2022-04-06,Utilities,0.37346666666666667,3
2022-04-07,Comm,0.08826875,4
2022-04-07,Consumer,-0.025301555555555556,5
2022-04-07,Energy,0.11000250000000002,4
2022-04-07,Financials,0.030557333333333332,5
2022-04-07,Healthcare,-0.08172499999999999,4
2022-04-07,Industrials,0.09533214285714285,4
2022-04-07,Materials,0.28415,2
2022-04-07,RealEstate,0.14748,5
2022-04-07,Tech,0.04804392857142857,4
2022-04-07,Utilities,0.13863333333333333,3
2022-04-08,Comm,0.06922500000000001,2
2022-04-08,Consumer,0.04946233333333333,5
2022-04-08,Energy,0.19828785714285715,4
2022-04-08,Financials,0.08615333333333333,5
2022-04-08,Healthcare,0.137446,5
2022-04-08,Industrials,0.165975,3
2022-04-08,Materials,0.032233333333333336,3
2022-04-08,RealEstate,0.1332,3
2022-04-08,Tech,0.22835866666666665,5
2022-04-11,Comm,0.037146078431372555,3
2022-04-11,Consumer,0.08861614285714285,5
2022-04-11,Energy,0.19321458333333336,4
2022-04-11,Financials,0.057855357142857146,5
2022-04-11,Healthcare,0.12799633333333332,5
2022-04-11,Industrials,0.05884861111111111,4
2022-04-11,Materials,0.07988333333333333,2
2022-04-11,RealEstate,0.06696666666666667,4
2022-04-11,Tech,0.05623710256410256,5
2022-04-11,Utilities,0.2349333333333333,3
2022-04-12,Comm,0.0411952380952381,3
2022-04-12,Consumer,0.10964999999999998,3
2022-04-12,Energy,0.12612733333333334,5
2022-04-12,Financials,0.0652018181818182,4
2022-04-12,Healthcare,0.03687833333333333,5
2022-04-12,Industrials,0.04549333333333333,4
2022-04-12,Materials,0.11413458333333334,4
2022-04-12,RealEstate,0.19233333333333333,5
2022-04-12,Tech,0.03991428571428572,5
2022-04-12,Utilities,0.41775,4
2022-04-13,Comm,0.08364375,4
2022-04-13,Consumer,0.06778999999999999,5
2022-04-13,Energy,0.18236652777777776,4
2022-04-13,Financials,0.1497676666666667,5
2022-04-13,Healthcare,0.13861166666666666,5
2022-04-13,Industrials,0.00658333333333333,3
2022-04-13,Materials,0.15054166666666668,4
2022-04-13,RealEstate,0.09720833333333334,2
2022-04-13,Tech,0.068755,5
2022-04-13,Utilities,0.3612,1
2022-04-14,Comm,-0.0895,4
2022-04-14,Consumer,0.11209166666666667,5
2022-04-14,Energy,0.0758375,4
2022-04-14,Financials,0.13513834285714285,5
2022-04-14,Healthcare,0.04129035714285714,4
2022-04-14,Industrials,0.08466666666666667,3
2022-04-14,Materials,0.10878333333333332,5
2022-04-14,RealEstate,0.053394444444444446,3
2022-04-14,Tech,0.06639333333333333,5
2022-04-14,Utilities,0.28604999999999997,2
2022-04-18,Comm,0.16566142857142857,5
2022-04-18,Consumer,0.16941833333333334,5
2022-04-18,Energy,0.20136388888888887,4
2022-04-18,Financials,0.22043707792207795,5
2022-04-18,Healthcare,0.008349999999999998,3
2022-04-18,Industrials,0.161375,4
2022-04-18,Materials,0.207655,5
2022-04-18,RealEstate,0.03403333333333333,3
2022-04-18,Tech,-0.11344233333333334,5
2022-04-18,Utilities,0.009562500000000002,2
2022-04-19,Comm,-0.023722666666666656,5
2022-04-19,Consumer,0.09364916666666666,5
2022-04-19,Energy,0.21350100000000002,5
2022-04-19,Financials,0.22471257142857146,5
2022-04-19,Healthcare,-0.013284095238095216,5
2022-04-19,Industrials,0.010985000000000016,4
2022-04-19,Materials,0.05823750000000001,4
2022-04-19,RealEstate,0.008876000000000005,5
2022-04-19,Tech,0.15274533333333334,5
2022-04-19,Utilities,0.010333333333333333,3
2022-04-20,Comm,0.16590277777777776,3
2022-04-20,Consumer,-0.017406666666666664,5
2022-04-20,Energy,0.18329,5
2022-04-20,Financials,0.03276,5
2022-04-20,Healthcare,0.19755729166666666,4
2022-04-20,Industrials,0.17170999999999997,5
2022-04-20,Materials,0.026797777777777778,3
2022-04-20,RealEstate,0.028558333333333335,3
2022-04-20,Tech,0.0746675,4
2022-04-20,Utilities,-0.0116,2
2022-04-21,Comm,0.1549542105263158,4
2022-04-21,Consumer,0.07367133333333334,5
2022-04-21,Energy,0.10082500000000001,4
2022-04-21,Financials,0.03745833333333334,5
2022-04-21,Healthcare,0.12754,5
2022-04-21,Industrials,0.14735666666666666,5
2022-04-21,Materials,0.0697888888888889,5
2022-04-21,RealEstate,-0.010338333333333333,5
2022-04-21,Tech,-0.012131285714285716,5
2022-04-21,Utilities,0.27672833333333335,5
2022-04-22,Comm,-0.0038214285714285694,4
2022-04-22,Consumer,0.04148857142857143,5
2022-04-22,Energy,0.19173500000000004,5
2022-04-22,Financials,0.19335933333333333,5
2022-04-22,Healthcare,0.20491250000000003,4
2022-04-22,Industrials,-0.012653333333333332,5
2022-04-22,Materials,-0.0017694444444444465,4
2022-04-22,RealEstate,0.00645,2
2022-04-22,Tech,0.06625,5
2022-04-22,Utilities,0.006056000000000001,5
2022-04-25,Comm,0.1283133333333333,3
2022-04-25,Consumer,0.02140986666666667,5
2022-04-25,Energy,0.15641435497835499,5
2022-04-25,Financials,0.034082,5
2022-04-25,Healthcare,0.17495733333333333,5
2022-04-25,Industrials,0.055830000000000005,5
2022-04-25,Materials,0.18755333333333332,5
2022-04-25,RealEstate,0.14175333333333334,5
2022-04-25,Tech,0.043921571428571435,5
2022-04-25,Utilities,0.08215416666666667,4
2022-04-26,Comm,0.0697325,4
2022-04-26,Consumer,0.09062,5
2022-04-26,Energy,0.11222857142857143,4
2022-04-26,Financials,0.08419866666666667,5
2022-04-26,Healthcare,0.02363321428571429,5
2022-04-26,Industrials,-0.045750705627705626,5
2022-04-26,Materials,0.03384687500000002,4
2022-04-26,RealEstate,0.0109875,4
2022-04-26,Tech,0.04875266666666668,5
2022-04-26,Utilities,0.224975,4
2022-04-27,Comm,0.11930654761904762,4
2022-04-27,Consumer,0.06697077777777778,5
2022-04-27,Energy,0.27921666666666667,5
2022-04-27,Financials,-0.04440888888888889,4
2022-04-27,Healthcare,0.07713000000000002,5
2022-04-27,Industrials,0.05301363636363636,5
2022-04-27,Materials,0.179875,2
2022-04-27,RealEstate,0.11525833333333332,4
2022-04-27,Tech,0.10382333333333334,5
2022-04-27,Utilities,0.039700000000000006,3
2022-04-28,Comm,0.12722,5
2022-04-28,Consumer,0.06447166666666666,5
2022-04-28,Energy,0.23318714285714287,5
2022-04-28,Financials,0.22477380952380957,5
2022-04-28,Healthcare,0.10738066666666665,5
2022-04-28,Industrials,0.12055023809523809,5
2022-04-28,Materials,0.06530000000000001,3
2022-04-28,RealEstate,0.256425,2
2022-04-28,Tech,0.12051051136363637,4
2022-04-28,Utilities,0.18800833333333333,5
2022-04-29,Comm,-0.04437000000000001,4
2022-04-29,Consumer,0.0749591038961039,5
2022-04-29,Energy,0.041111703703703706,5
2022-04-29,Financials,0.05675555555555556,3
2022-04-29,Healthcare,0.18334533333333333,5
2022-04-29,Industrials,0.16233266666666668,5
2022-04-29,Materials,0.3622,1
2022-04-29,RealEstate,0.028625,4
2022-04-29,Tech,-0.04819965367965368,5
2022-04-29,Utilities,0.20060555555555556,3
2022-05-02,Comm,-0.03816599999999999,5
2022-05-02,Consumer,0.01853904761904762,5
2022-05-02,Energy,0.09910717948717948,4
2022-05-02,Financials,-0.06392500000000001,4
2022-05-02,Healthcare,0.064411,5
2022-05-02,Industrials,0.10843666666666667,5
2022-05-02,Materials,-0.05553333333333333,3
2022-05-02,RealEstate,0.13011666666666669,3
2022-05-02,Tech,0.14571181818181816,5
2022-05-02,Utilities,0.025935000000000003,3
2022-05-03,Comm,0.17306666666666667,3
2022-05-03,Consumer,0.025335999999999997,5
2022-05-03,Energy,0.21705466666666667,5
2022-05-03,Financials,0.06218,5
2022-05-03,Healthcare,-0.08579999999999999,2
2022-05-03,Industrials,0.08494166666666667,4
2022-05-03,Materials,-0.12738888888888888,1
2022-05-03,RealEstate,0.15516666666666667,2
2022-05-03,Tech,-0.03794928571428571,5
2022-05-03,Utilities,0.19169,5
2022-05-04,Comm,-0.1363625,4
2022-05-04,Consumer,0.05278362318840579,5
2022-05-04,Energy,0.1353338888888889,4
2022-05-04,Financials,0.12183333333333335,3
2022-05-04,Healthcare,0.006599999999999995,4
2022-05-04,Industrials,0.10228000000000001,5
2022-05-04,Materials,-0.20939999999999998,2
2022-05-04,RealEstate,0.05467500000000001,4
2022-05-04,Tech,-0.007496875000000005,4
2022-05-04,Utilities,0.24094920634920636,3
2022-05-05,Comm,0.12058333333333335,4
2022-05-05,Consumer,0.02002761904761904,5
2022-05-05,Energy,0.29388016666666666,5
2022-05-05,Financials,0.10230999999999998,5
2022-05-05,Healthcare,0.24348999999999998,5
2022-05-05,Industrials,0.04629866666666667,5
2022-05-05,Materials,0.08627499999999999,2
2022-05-05,RealEstate,0.0699,2
2022-05-05,Tech,0.08301361111111112,5
2022-05-05,Utilities,0.17037666666666668,5
2022-05-06,Comm,0.030067,5
2022-05-06,Consumer,0.057062095238095245,5
2022-05-06,Energy,0.08837057142857144,5
2022-05-06,Financials,-0.09933666666666666,5
2022-05-06,Healthcare,-0.003233333333333324,4
2022-05-06,Industrials,0.12596666666666664,3
2022-05-06,Materials,0.07498333333333333,3
2022-05-06,RealEstate,0.10968333333333334,3
2022-05-06,Tech,0.062172261904761904,5
2022-05-06,Utilities,0.16709000000000002,4
2022-05-09,Comm,-0.05826,5
2022-05-09,Consumer,0.06571881818181818,5
2022-05-09,Energy,0.12221914502164502,4
2022-05-09,Financials,0.09153333333333334,4
2022-05-09,Healthcare,0.15156666666666666,2
2022-05-09,Industrials,0.038232,5
2022-05-09,Materials,0.02585,2
2022-05-09,RealEstate,0.06301999999999999,5
2022-05-09,Tech,-0.002292341880341886,5
2022-05-09,Utilities,0.11120625,4
2022-05-10,Comm,0.13582857142857144,4
2022-05-10,Consumer,0.10515666666666668,5
2022-05-10,Energy,0.06962642857142858,5
2022-05-10,Financials,0.08859479166666667,4
2022-05-10,Healthcare,0.05863733333333333,5
2022-05-10,Industrials,0.09825625,4
2022-05-10,Materials,0.343225,4
2022-05-10,RealEstate,0.15002333333333334,5
2022-05-10,Tech,0.04192179487179487,5
2022-05-10,Utilities,0.0,1
2022-05-11,Comm,-0.044430000000000004,3
2022-05-11,Consumer,-0.12204975,5
2022-05-11,Energy,0.16895208333333334,4
2022-05-11,Financials,0.07213166666666666,5
2022-05-11,Healthcare,0.07938666666666667,5
2022-05-11,Industrials,0.18089666666666665,5
2022-05-11,Materials,0.0168,1
2022-05-11,RealEstate,-0.06893333333333333,3
2022-05-11,Tech,0.033266785714285714,5
2022-05-11,Utilities,0.0036333333333333335,3
2022-05-12,Comm,0.01994083333333333,4
2022-05-12,Consumer,0.05097872549019609,5
2022-05-12,Energy,0.06307595238095239,5
2022-05-12,Financials,-0.016245833333333327,4
2022-05-12,Healthcare,-0.04295166666666666,5
2022-05-12,Industrials,0.021154166666666672,4
2022-05-12,Materials,0.09805833333333333,4
2022-05-12,RealEstate,0.16657777777777777,3
2022-05-12,Tech,-0.07041238095238095,5
2022-05-12,Utilities,-0.057324999999999994,3
2022-05-13,Comm,0.2657944444444445,3
2022-05-13,Consumer,0.03139285714285714,5
2022-05-13,Energy,-0.016747222222222226,4
2022-05-13,Financials,0.08885150000000001,5
2022-05-13,Healthcare,0.029004166666666668,4
2022-05-13,Industrials,0.056304999999999994,4
2022-05-13,Materials,0.094175,2
2022-05-13,RealEstate,0.0225625,4
2022-05-13,Tech,0.023390303030303025,5
2022-05-13,Utilities,0.195625,2
2022-05-16,Comm,-0.17697777777777776,3
2022-05-16,Consumer,0.006614666666666666,5
2022-05-16,Energy,0.012378339438339447,5
2022-05-16,Financials,-0.06056785714285715,5
2022-05-16,Healthcare,0.05063583333333334,5
2022-05-16,Industrials,0.072945,5
2022-05-16,Materials,0.10314999999999999,1
2022-05-16,RealEstate,0.06302083333333333,4
2022-05-16,Tech,0.06334533333333334,5
2022-05-16,Utilities,0.0077,2
2022-05-17,Comm,-0.022101333333333327,5
2022-05-17,Consumer,0.030401617647058822,4
2022-05-17,Energy,0.13689348484848485,4
2022-05-17,Financials,0.04838666666666666,5
2022-05-17,Healthcare,0.006272916666666663,4
2022-05-17,Industrials,0.075692,5
2022-05-17,Materials,0.02681875,4
2022-05-17,RealEstate,0.2428,4
2022-05-17,Tech,0.06605395604395606,5
2022-05-17,Utilities,0.08321999999999999,5
2022-05-18,Comm,0.00787,5
2022-05-18,Consumer,-0.10685790322580643,5
2022-05-18,Energy,0.09873125641025642,5
2022-05-18,Financials,-0.030523333333333336,5
2022-05-18,Healthcare,0.13452,5
2022-05-18,Industrials,-0.06693750000000001,5
2022-05-18,Materials,0.0,1
2022-05-18,RealEstate,-0.06833333333333332,3
2022-05-18,Tech,0.04117499999999998,5
2022-05-18,Utilities,0.0129,2
2022-05-19,Comm,0.06384444444444444,3
2022-05-19,Consumer,0.010025714285714292,5
2022-05-19,Energy,0.20061535714285714,4
2022-05-19,Financials,0.11833200000000002,5
2022-05-19,Healthcare,0.0326875,4
2022-05-19,Industrials,0.17114444444444443,3
2022-05-19,Materials,-0.03581111111111112,3
2022-05-19,RealEstate,-0.01576875,4
2022-05-19,Tech,0.0032664772727272733,4
2022-05-19,Utilities,0.155975,2
2022-05-20,Comm,-0.00039,5
2022-05-20,Consumer,0.039393024844720494,5
2022-05-20,Energy,0.029610000000000004,4
2022-05-20,Financials,-0.0025625000000000023,4
2022-05-20,Healthcare,0.01709333333333334,5
2022-05-20,Industrials,0.05730462962962963,3
2022-05-20,Materials,0.12805,3
2022-05-20,RealEstate,0.13811199999999998,5
2022-05-20,Tech,0.15194666666666667,5
2022-05-20,Utilities,0.011783333333333333,3
2022-05-23,Comm,0.1033875,4
2022-05-23,Consumer,0.028675872670807456,5
2022-05-23,Energy,0.141001,5
2022-05-23,Financials,0.09037966666666666,5
2022-05-23,Healthcare,0.23045,5
2022-05-23,Industrials,0.12165833333333334,4
2022-05-23,Materials,0.2597083333333334,3
2022-05-23,RealEstate,0.14770933333333333,5
2022-05-23,Tech,0.10617168922305764,5
2022-05-23,Utilities,0.0121125,4
2022-05-24,Comm,0.14484000000000002,5
2022-05-24,Consumer,0.1393585,5
2022-05-24,Energy,0.1446371111111111,5
2022-05-24,Financials,0.13109600000000002,5
2022-05-24,Healthcare,0.2017516666666667,4
2022-05-24,Industrials,0.20538,3
2022-05-24,Materials,-0.1806,2
2022-05-24,RealEstate,0.32338333333333336,3
2022-05-24,Tech,0.07937333333333334,5
2022-05-24,Utilities,0.05675,2
2022-05-25,Comm,0.08567142857142858,5
2022-05-25,Consumer,-0.011497428571428565,5
2022-05-25,Energy,0.05390059523809524,4
2022-05-25,Financials,-0.01743333333333334,3
2022-05-25,Healthcare,0.009812500000000005,4
2022-05-25,Industrials,0.002065833333333322,4
2022-05-25,Materials,-0.03282222222222223,3
2022-05-25,RealEstate,0.071025,4
2022-05-25,Tech,-0.02014242424242424,5
2022-05-25,Utilities,0.01891666666666667,3
2022-05-26,Comm,0.09483,5
2022-05-26,Consumer,-0.008145333333333343,5
2022-05-26,Energy,0.151149,5
2022-05-26,Financials,0.07876000000000001,5
2022-05-26,Healthcare,0.01323923809523809,5
2022-05-26,Industrials,0.0009583333333333388,4
2022-05-26,Materials,-0.06080000000000001,4
2022-05-26,RealEstate,0.003500000000000003,3
2022-05-26,Tech,0.09942736842105263,5
2022-05-26,Utilities,0.012875,2
2022-05-27,Comm,0.22437291666666667,4
2022-05-27,Consumer,0.05443,5
2022-05-27,Energy,0.07781761904761905,5
2022-05-27,Financials,0.05816,5
2022-05-27,Healthcare,-0.057376250000000004,4
2022-05-27,Industrials,0.08191,5
2022-05-27,Materials,-0.1858,2
2022-05-27,RealEstate,-0.043,4
2022-05-27,Tech,0.035250000000000004,5
2022-05-27,Utilities,0.3674,1
2022-05-31,Comm,0.020701111111111115,3
2022-05-31,Consumer,0.06174844444444444,5
2022-05-31,Energy,0.150991336996337,5
2022-05-31,Financials,-0.0010999999999999996,5
2022-05-31,Healthcare,0.2249225,5
2022-05-31,Industrials,0.11795749999999999,4
2022-05-31,Materials,0.06743333333333333,3
2022-05-31,RealEstate,0.18178333333333332,3
2022-05-31,Tech,0.20074388888888892,5
2022-05-31,Utilities,0.01763666666666667,5
2022-06-01,Comm,-0.20218750000000002,2
2022-06-01,Consumer,-0.005234999999999999,5
2022-06-01,Energy,0.08023642857142857,5
2022-06-01,Financials,0.20454750000000002,4
2022-06-01,Healthcare,0.01245,4
2022-06-01,Industrials,0.12489333333333334,5
2022-06-01,Materials,0.0747625,4
2022-06-01,RealEstate,0.09515000000000001,2
2022-06-01,Tech,0.13873472222222222,4
2022-06-01,Utilities,0.31867500000000004,4
2022-06-02,Comm,0.0045333333333333215,5
2022-06-02,Consumer,0.019831333333333333,5
2022-06-02,Energy,0.171298,5
2022-06-02,Financials,-0.036608749999999995,4
2022-06-02,Healthcare,-0.129992,5
2022-06-02,Industrials,0.033854166666666685,4
2022-06-02,Materials,-0.21093333333333333,3
2022-06-02,RealEstate,-0.04745000000000001,4
2022-06-02,Tech,0.10275095238095237,5
2022-06-02,Utilities,0.24907500000000002,2
2022-06-03,Comm,0.09719666666666667,4
2022-06-03,Consumer,-0.10438125000000001,4
2022-06-03,Energy,0.14383566666666664,5
2022-06-03,Financials,-0.017318749999999997,4
2022-06-03,Healthcare,0.07044166666666667,4
2022-06-03,Industrials,-0.0011833333333333325,3
2022-06-03,Materials,0.0013,2
2022-06-03,RealEstate,0.05241250000000001,4
2022-06-03,Tech,0.0462695238095238,5
2022-06-03,Utilities,0.24125,3
2022-06-06,Comm,0.05440666666666667,5
2022-06-06,Consumer,0.012227500000000006,4
2022-06-06,Energy,0.08311575091575091,4
2022-06-06,Financials,0.251935,5
2022-06-06,Healthcare,0.1465564761904762,5
2022-06-06,Industrials,-0.038578749999999995,4
2022-06-06,Materials,0.0574,4
2022-06-06,RealEstate,0.044986666666666654,3
2022-06-06,Tech,0.046481666666666664,5
2022-06-06,Utilities,-0.030644444444444436,3
2022-06-07,Comm,0.253775,2
2022-06-07,Consumer,0.061487499999999994,5
2022-06-07,Energy,0.07248942857142857,5
2022-06-07,Financials,0.055390666666666664,5
2022-06-07,Healthcare,0.10076666666666667,2
2022-06-07,Industrials,0.202965,5
2022-06-07,Materials,-0.134825,4
2022-06-07,RealEstate,0.04396333333333333,5
2022-06-07,Tech,0.05518000000000001,5
2022-06-07,Utilities,0.09713750000000002,4
2022-06-08,Comm,0.15027333333333334,3
2022-06-08,Consumer,0.13789761904761905,4
2022-06-08,Energy,0.11282015873015871,5
2022-06-08,Financials,0.06583333333333333,3
2022-06-08,Healthcare,0.08510000000000001,4
2022-06-08,Industrials,0.0031750000000000007,4
2022-06-08,Materials,0.072925,2
2022-06-08,RealEstate,0.16010500000000003,2
2022-06-08,Tech,-0.0394053125,4
2022-06-08,Utilities,0.0116,3
2022-06-09,Comm,0.06975866666666666,5
2022-06-09,Consumer,0.04606642857142858,5
2022-06-09,Energy,0.16124333333333335,4
2022-06-09,Financials,0.06295277777777779,3
2022-06-09,Healthcare,0.0001083333333333334,4
2022-06-09,Industrials,0.17631375,4
2022-06-09,Materials,0.1392875,4
2022-06-09,RealEstate,0.17358333333333334,2
2022-06-09,Tech,0.007939999999999997,5
2022-06-09,Utilities,0.05706,5
2022-06-10,Comm,0.012904000000000002,5
2022-06-10,Consumer,0.06649718181818182,5
2022-06-10,Energy,0.06462866666666665,5
2022-06-10,Financials,0.100555,4
2022-06-10,Healthcare,0.04173333333333334,4
2022-06-10,Industrials,0.005258333333333333,3
2022-06-10,Materials,0.01637777777777778,3
2022-06-10,RealEstate,0.02015625,4
2022-06-10,Tech,0.030515833333333325,5
2022-06-10,Utilities,0.05249166666666666,4
2022-06-13,Comm,0.10822000000000001,5
2022-06-13,Consumer,0.09016909090909091,5
2022-06-13,Energy,0.11702720959595961,4
2022-06-13,Financials,0.12185433333333333,5
2022-06-13,Healthcare,0.21815446428571428,4
2022-06-13,Industrials,-0.07986499999999999,5
2022-06-13,Materials,0.088725,3
2022-06-13,RealEstate,0.17077,4
2022-06-13,Tech,0.056961920634920636,5
2022-06-13,Utilities,0.0497,5
2022-06-14,Comm,0.2575,4
2022-06-14,Consumer,0.07871651785714287,4
2022-06-14,Energy,0.14656145833333334,4
2022-06-14,Financials,-0.0679855238095238,5
2022-06-14,Healthcare,0.033835,5
2022-06-14,Industrials,0.167826,5
2022-06-14,Materials,0.1062125,4
2022-06-14,RealEstate,0.13173,5
2022-06-14,Tech,0.07540595238095239,5
2022-06-14,Utilities,-0.058991666666666664,3
2022-06-15,Comm,0.022746666666666672,5
2022-06-15,Consumer,0.0032700000000000008,5
2022-06-15,Energy,0.18411750000000002,5
2022-06-15,Financials,0.09655333333333334,5
2022-06-15,Healthcare,0.059117333333333334,5
2022-06-15,Industrials,0.1386209090909091,5
2022-06-15,Materials,0.2430675,4
2022-06-15,RealEstate,-0.05780000000000001,3
2022-06-15,Tech,0.101799,5
2022-06-15,Utilities,-0.06205,3
2022-06-16,Comm,0.10038999999999998,5
2022-06-16,Consumer,0.12295888888888888,5
2022-06-16,Energy,0.00769333333333333,5
2022-06-16,Financials,0.032786666666666665,5
2022-06-16,Healthcare,0.21352500000000002,4
2022-06-16,Industrials,0.008589333333333334,5
2022-06-16,Materials,0.12678,2
2022-06-16,RealEstate,0.06313750000000001,4
2022-06-16,Tech,-0.017658571428571433,5
2022-06-16,Utilities,0.044225,5
2022-06-17,Comm,0.04364,4
2022-06-17,Consumer,0.080518,5
2022-06-17,Energy,0.12384166666666667,5
2022-06-17,Financials,0.0007500000000000007,5
2022-06-17,Healthcare,0.12788333333333332,4
2022-06-17,Industrials,0.14233333333333334,3
2022-06-17,Materials,0.030099999999999995,2
2022-06-17,RealEstate,0.26786,3
2022-06-17,Tech,0.09048625,4
2022-06-17,Utilities,0.09716,5
2022-06-21,Comm,0.07168571428571428,4
2022-06-21,Consumer,0.00591453463203463,5
2022-06-21,Energy,0.07356169400452489,4
2022-06-21,Financials,0.011103333333333337,5
2022-06-21,Healthcare,0.1897916666666667,4
2022-06-21,Industrials,0.14251,5
2022-06-21,Materials,-0.0004749999999999893,4
2022-06-21,RealEstate,0.13414166666666666,4
2022-06-21,Tech,0.05206588461538462,5
2022-06-21,Utilities,0.05940666666666666,3
2022-06-22,Comm,0.046158333333333336,3
2022-06-22,Consumer,0.07569645454545457,5
2022-06-22,Energy,0.022170000000000002,5
2022-06-22,Financials,0.1350111111111111,3
2022-06-22,Healthcare,0.05294333333333334,5
2022-06-22,Industrials,-0.08066999999999999,5
2022-06-22,Materials,0.06826111111111112,3
2022-06-22,RealEstate,0.08628333333333334,2
2022-06-22,Tech,0.10487714285714285,5
2022-06-22,Utilities,0.21832666666666664,5
2022-06-23,Comm,-0.0008733333333333324,3
2022-06-23,Consumer,0.0045973571428571435,5
2022-06-23,Energy,0.08865888888888888,5
2022-06-23,Financials,0.03446183333333334,5
2022-06-23,Healthcare,-0.04255633333333334,5
2022-06-23,Industrials,0.09773266666666666,5
2022-06-23,Materials,0.053246666666666664,5
2022-06-23,RealEstate,0.007300000000000015,4
2022-06-23,Tech,0.02809166666666667,5
2022-06-23,Utilities,0.13945555555555555,3
2022-06-24,Comm,-0.030339999999999995,2
2022-06-24,Consumer,0.08731333333333333,5
2022-06-24,Energy,-0.07087083333333333,5
2022-06-24,Financials,0.25074133333333337,5
2022-06-24,Healthcare,0.22192857142857145,4
2022-06-24,Industrials,0.1834888888888889,3
2022-06-24,Materials,0.0,2
2022-06-24,RealEstate,-0.12108333333333333,3
2022-06-24,Tech,-0.015289333333333332,5
2022-06-24,Utilities,0.0103,2
2022-06-27,Comm,0.06918125,4
2022-06-27,Consumer,0.06381711764705882,5
2022-06-27,Energy,0.048985,5
2022-06-27,Financials,0.03549633333333333,5
2022-06-27,Healthcare,0.219086875,4
2022-06-27,Industrials,0.11541642857142857,5
2022-06-27,Materials,0.223665,4
2022-06-27,RealEstate,0.02089,5
2022-06-27,Tech,0.09580961904761905,5
2022-06-27,Utilities,0.11880357142857143,2
2022-06-28,Comm,0.1570375,4
2022-06-28,Consumer,0.12730670175438596,5
2022-06-28,Energy,0.054554845938375354,5
2022-06-28,Financials,0.02847857142857143,4
2022-06-28,Healthcare,0.040100000000000004,3
2022-06-28,Industrials,0.02788714285714286,5
2022-06-28,Materials,0.24806666666666669,3
2022-06-28,RealEstate,0.05252,5
2022-06-28,Tech,0.029197499999999998,5
2022-06-28,Utilities,0.14905,4
2022-06-29,Comm,-0.0024958333333333343,2
2022-06-29,Consumer,-0.01241563636363636,5
2022-06-29,Energy,0.15069269230769233,4
2022-06-29,Financials,0.09171458333333332,4
2022-06-29,Healthcare,0.19823928571428573,4
2022-06-29,Industrials,0.091225,5
2022-06-29,Materials,0.08887500000000001,2
2022-06-29,RealEstate,0.021775000000000003,4
2022-06-29,Tech,-0.04167777777777778,5
2022-06-29,Utilities,0.16715,4
2022-06-30,Comm,0.09654333333333334,5
2022-06-30,Consumer,0.14711626373626374,5
2022-06-30,Energy,-0.03017249999999999,5
2022-06-30,Financials,0.04509571428571428,5
2022-06-30,Healthcare,0.11564166666666668,3
2022-06-30,Industrials,0.19784583333333333,4
2022-06-30,Materials,0.1977,2
2022-06-30,RealEstate,0.09864999999999999,2
2022-06-30,Tech,-0.006856666666666666,5
2022-06-30,Utilities,0.10533999999999999,5
2022-07-01,Comm,0.24518333333333334,4
2022-07-01,Consumer,0.07832455357142858,4
2022-07-01,Energy,0.13771692307692307,5
2022-07-01,Financials,0.032069999999999994,5
2022-07-01,Healthcare,0.11654375,4
2022-07-01,Industrials,0.0742111111111111,3
2022-07-01,Materials,0.20095,2
2022-07-01,RealEstate,0.05693999999999999,5
2022-07-01,Tech,-0.05082214285714285,5
2022-07-01,Utilities,0.3797833333333333,3
2022-07-05,Comm,0.19920624999999997,4
2022-07-05,Consumer,-0.0010547649572649532,5
2022-07-05,Energy,0.030800136946386947,5
2022-07-05,Financials,0.09058952380952381,4
2022-07-05,Healthcare,0.076339,5
2022-07-05,Industrials,0.055238541666666675,4
2022-07-05,Materials,0.34056041666666664,4
2022-07-05,RealEstate,0.1283375,4
2022-07-05,Tech,0.07727,4
2022-07-05,Utilities,0.065025,3
2022-07-06,Comm,-0.2021611111111111,3
2022-07-06,Consumer,0.006028666666666666,5
2022-07-06,Energy,0.1101027142857143,5
2022-07-06,Financials,-0.029198,5
2022-07-06,Healthcare,0.0218175,5
2022-07-06,Industrials,0.075015,5
2022-07-06,Materials,0.102425,4
2022-07-06,RealEstate,-0.014249999999999999,4
2022-07-06,Tech,0.04471,5
2022-07-06,Utilities,0.2330833333333333,3
2022-07-07,Comm,0.0077,1
2022-07-07,Consumer,-0.06684,5
2022-07-07,Energy,0.06965111111111111,5
2022-07-07,Financials,0.10072600000000001,5
2022-07-07,Healthcare,-0.1551392857142857,4
2022-07-07,Industrials,0.035102499999999995,5
2022-07-07,Materials,-0.04449999999999999,4
2022-07-07,RealEstate,0.12643333333333334,4
2022-07-07,Tech,0.082852,5
2022-07-07,Utilities,0.36273333333333335,3
2022-07-08,Comm,0.027958333333333335,2
2022-07-08,Consumer,0.04791625,4
2022-07-08,Energy,0.054505000000000005,4
2022-07-08,Financials,-0.006438666666666667,5
2022-07-08,Healthcare,0.33386,5
2022-07-08,Industrials,0.09392500000000001,4
2022-07-08,Materials,0.09922500000000001,2
2022-07-08,RealEstate,0.22918333333333332,3
2022-07-08,Tech,0.022126,5
2022-07-08,Utilities,0.09604583333333333,4
2022-07-11,Comm,0.033730666666666666,5
2022-07-11,Consumer,0.04842250000000001,4
2022-07-11,Energy,-0.07990576923076924,4
2022-07-11,Financials,0.025578882783882782,5
2022-07-11,Healthcare,0.06207857142857143,5
2022-07-11,Industrials,0.12223333333333333,4
2022-07-11,Materials,-0.04311,5
2022-07-11,RealEstate,0.19497,5
2022-07-11,Tech,0.10490347619047617,5
2022-07-11,Utilities,0.0601125,4
2022-07-12,Comm,0.19141333333333335,5
2022-07-12,Consumer,0.03377555194805194,5
2022-07-12,Energy,0.13888904761904763,5
2022-07-12,Financials,-0.08905166666666665,4
2022-07-12,Healthcare,0.04967714285714285,5
2022-07-12,Industrials,0.10125500000000001,4
2022-07-12,Materials,0.0,1
2022-07-12,RealEstate,0.092175,4
2022-07-12,Tech,-0.033677619047619047,5
2022-07-13,Comm,0.016254166666666674,4
2022-07-13,Consumer,0.10244190476190478,5
2022-07-13,Energy,0.125325,5
2022-07-13,Financials,-0.07615858974358974,5
2022-07-13,Healthcare,0.1887311904761905,5
2022-07-13,Industrials,0.14150222222222222,5
2022-07-13,Materials,0.06795000000000001,2
2022-07-13,RealEstate,0.21085,3
2022-07-13,Tech,0.06563380952380952,5
2022-07-13,Utilities,-0.17726666666666668,3
2022-07-14,Comm,-0.05409666666666666,3
2022-07-14,Consumer,0.025857142857142856,5
2022-07-14,Energy,0.06535514069264069,5
2022-07-14,Financials,-0.11892758928571429,4
2022-07-14,Healthcare,-0.061994999999999995,4
2022-07-14,Industrials,0.14117333333333332,5
2022-07-14,Materials,-0.03629166666666666,4
2022-07-14,RealEstate,0.008166666666666668,3
2022-07-14,Tech,0.16714964285714284,5
2022-07-14,Utilities,0.006933333333333329,3
2022-07-15,Comm,-0.23984999999999998,3
2022-07-15,Consumer,0.09052642424242424,5
2022-07-15,Energy,0.10438700000000001,5
2022-07-15,Financials,0.067786,5
2022-07-15,Healthcare,0.0283875,5
2022-07-15,Industrials,-0.0332625,4
2022-07-15,Materials,-0.0052,1
2022-07-15,RealEstate,-0.1728725,4
2022-07-15,Tech,0.11690357142857141,5
2022-07-15,Utilities,0.08565,3
2022-07-18,Comm,0.03842901785714286,4
2022-07-18,Consumer,0.089825,5
2022-07-18,Energy,0.21415690476190474,5
2022-07-18,Financials,0.13441236134453782,5
2022-07-18,Healthcare,0.13569828571428572,5
2022-07-18,Industrials,0.1401211111111111,3
2022-07-18,Materials,0.15819166666666667,2
2022-07-18,RealEstate,0.18555937500000003,4
2022-07-18,Tech,0.2628367142857143,5
2022-07-18,Utilities,0.024424,5
2022-07-19,Comm,0.1076125,4
2022-07-19,Consumer,0.07302928571428573,5
2022-07-19,Energy,0.184808,5
2022-07-19,Financials,0.19871666666666665,5
2022-07-19,Healthcare,0.05283523809523809,5
2022-07-19,Industrials,0.10896250000000002,4
2022-07-19,Materials,0.08720000000000001,4
2022-07-19,RealEstate,-0.10736666666666668,3
2022-07-19,Tech,0.09815666666666667,5
2022-07-19,Utilities,-0.06679583333333335,4
2022-07-20,Comm,-0.08796875,4
2022-07-20,Consumer,0.018917619047619055,5
2022-07-20,Energy,0.050697142857142864,5
2022-07-20,Financials,0.10181666666666667,5
2022-07-20,Healthcare,0.18626333333333334,5
2022-07-20,Industrials,0.08142857142857143,4
2022-07-20,Materials,0.18068333333333333,4
2022-07-20,RealEstate,0.18999333333333332,5
2022-07-20,Tech,0.09678892857142858,5
2022-07-20,Utilities,0.09885,4
2022-07-21,Comm,0.11896566666666668,5
2022-07-21,Consumer,0.030240000000000006,5
2022-07-21,Energy,0.14792833333333333,5
2022-07-21,Financials,0.037837499999999996,4
2022-07-21,Healthcare,0.00871666666666667,3
2022-07-21,Industrials,-0.08334444444444444,3
2022-07-21,Materials,0.06378214285714286,4
2022-07-21,RealEstate,0.26535555555555557,3
2022-07-21,Tech,0.09192559523809524,4
2022-07-21,Utilities,-0.087125,4
2022-07-22,Comm,0.06941166666666668,4
2022-07-22,Consumer,0.09908380952380953,5
2022-07-22,Energy,0.18850318181818182,5
2022-07-22,Financials,0.09054,5
2022-07-22,Healthcare,0.13001933333333332,5
2022-07-22,Industrials,0.0869375,4
2022-07-22,Materials,-0.05175,3
2022-07-22,RealEstate,0.3648666666666667,3
2022-07-22,Tech,0.09661488888888889,5
2022-07-22,Utilities,0.23400500000000002,5
2022-07-25,Comm,-0.020140555555555557,5
2022-07-25,Consumer,0.045381794871794875,5
2022-07-25,Energy,0.17238797113997112,5
2022-07-25,Financials,-0.02911600000000001,5
2022-07-25,Healthcare,0.166218,5
2022-07-25,Industrials,0.10644238095238095,3
2022-07-25,Materials,0.12128862745098039,5
2022-07-25,RealEstate,0.10741733333333334,5
2022-07-25,Tech,-0.013994318181818182,5
2022-07-25,Utilities,0.11617499999999999,3
2022-07-26,Comm,0.06271666666666666,2
2022-07-26,Consumer,-0.0646620231884058,5
2022-07-26,Energy,0.053515,5
2022-07-26,Financials,0.05731111111111112,3
2022-07-26,Healthcare,0.12233333333333334,5
2022-07-26,Industrials,0.08102229662698412,4
2022-07-26,Materials,-0.0432875,4
2022-07-26,RealEstate,0.1374375,4
2022-07-26,Tech,0.04562777777777777,3
2022-07-26,Utilities,0.10306000000000001,5
2022-07-27,Comm,0.06413777777777778,5
2022-07-27,Consumer,0.03992291666666667,4
2022-07-27,Energy,0.0737887619047619,5
2022-07-27,Financials,0.050570000000000004,5
2022-07-27,Healthcare,0.09958916666666666,5
2022-07-27,Industrials,0.0045,2
2022-07-27,Materials,0.11760714285714287,2
2022-07-27,RealEstate,0.12768333333333332,5
2022-07-27,Tech,0.06766363636363637,5
2022-07-27,Utilities,0.210765,5
2022-07-28,Comm,-0.02644537037037038,3
2022-07-28,Consumer,0.10733933333333331,5
2022-07-28,Energy,0.13024645454545455,5
2022-07-28,Financials,-0.008526,5
2022-07-28,Healthcare,0.147927,5
2022-07-28,Industrials,0.024825396825396823,3
2022-07-28,Materials,0.16163333333333332,3
2022-07-28,RealEstate,0.21448750000000003,4
2022-07-28,Tech,0.02536638257575758,4
2022-07-28,Utilities,0.21510619047619048,5
2022-07-29,Comm,0.15857500000000002,4
2022-07-29,Consumer,0.09414357142857144,5
2022-07-29,Energy,0.2648026923076923,5
2022-07-29,Financials,0.008549999999999999,5
2022-07-29,Healthcare,0.19540833333333335,4
2022-07-29,Industrials,0.01485,2
2022-07-29,Materials,0.024550000000000002,1
2022-07-29,RealEstate,0.09398000000000001,5
2022-07-29,Tech,0.18105830409356724,5
2022-07-29,Utilities,0.10594666666666666,5
2022-08-01,Comm,0.07074861111111111,4
2022-08-01,Consumer,0.04835742857142857,5
2022-08-01,Energy,0.1511230505050505,5
2022-08-01,Financials,0.065252,5
2022-08-01,Healthcare,0.060050000000000006,5
2022-08-01,Industrials,0.03388125000000001,4
2022-08-01,Materials,0.0,1
2022-08-01,RealEstate,0.08183541666666666,4
2022-08-01,Tech,0.17925611111111112,5
2022-08-01,Utilities,0.11134444444444443,3
2022-08-02,Comm,-0.037878125,4
2022-08-02,Consumer,0.04402133333333332,5
2022-08-02,Energy,0.10221785714285714,4
2022-08-02,Financials,0.010792499999999997,4
2022-08-02,Healthcare,0.10671499999999998,5
2022-08-02,Industrials,-0.06662692307692308,4
2022-08-02,Materials,0.02265333333333334,3
2022-08-02,RealEstate,0.056874999999999995,2
2022-08-02,Tech,-0.12355261904761905,5
2022-08-02,Utilities,0.2989875,2
2022-08-03,Comm,0.131666,5
2022-08-03,Consumer,0.12289748376623377,4
2022-08-03,Energy,0.19868481283422462,5
2022-08-03,Financials,0.0817625,4
2022-08-03,Healthcare,0.25791,5
2022-08-03,Industrials,0.19356666666666666,2
2022-08-03,Materials,0.10813333333333332,3
2022-08-03,RealEstate,0.010195833333333333,4
2022-08-03,Tech,0.14892142857142857,4
2022-08-03,Utilities,0.09480000000000001,5
2022-08-04,Comm,0.07512083333333335,4
2022-08-04,Consumer,0.08068375,4
2022-08-04,Energy,0.08515595238095239,5
2022-08-04,Financials,0.06381,2
2022-08-04,Healthcare,0.0639736111111111,4
2022-08-04,Industrials,0.0055000000000000005,2
2022-08-04,Materials,-0.02903000000000001,5
2022-08-04,RealEstate,0.27080000000000004,4
2022-08-04,Tech,-0.0016658333333333304,5
2022-08-04,Utilities,0.15225809523809525,5
2022-08-05,Comm,0.1257125,4
2022-08-05,Consumer,0.1479416666666667,4
2022-08-05,Energy,0.1868425,4
2022-08-05,Financials,0.2407166666666667,3
2022-08-05,Healthcare,0.17869375,4
2022-08-05,Industrials,0.12651666666666667,3
2022-08-05,Materials,0.2558,2
2022-08-05,RealEstate,0.35641666666666666,3
2022-08-05,Tech,0.02983416666666666,4
2022-08-05,Utilities,0.09928333333333333,4
2022-08-08,Comm,-0.12651133333333334,5
2022-08-08,Consumer,0.07233857142857143,5
2022-08-08,Energy,0.1436138888888889,3
2022-08-08,Financials,0.021692380952380953,5
2022-08-08,Healthcare,0.034620000000000005,3
2022-08-08,Industrials,0.06075333333333333,3
2022-08-08,Materials,0.35555000000000003,2
2022-08-08,RealEstate,-0.03662500000000001,4
2022-08-08,Tech,0.0902387962962963,4
2022-08-08,Utilities,0.2521825,4
2022-08-09,Comm,0.140975,4
2022-08-09,Consumer,0.14788,5
2022-08-09,Energy,0.03943566137566139,3
2022-08-09,Financials,0.01635,3
2022-08-09,Healthcare,-0.04938888888888889,3
2022-08-09,Industrials,0.14085,4
2022-08-09,Materials,0.0194,1
2022-08-09,RealEstate,0.1011,4
2022-08-09,Tech,-0.02775316239316239,5
2022-08-09,Utilities,0.10001499999999999,4
2022-08-10,Comm,0.10597133333333333,5
2022-08-10,Consumer,0.10584227272727273,4
2022-08-10,Energy,0.12434914285714287,5
2022-08-10,Financials,0.239675625,4
2022-08-10,Healthcare,0.15617499999999998,3
2022-08-10,Industrials,0.21435555555555555,3
2022-08-10,Materials,0.02325,2
2022-08-10,RealEstate,0.12783333333333333,3
2022-08-10,Tech,0.056005396825396826,5
2022-08-10,Utilities,0.18197,5
2022-08-11,Comm,0.06110000000000001,5
2022-08-11,Consumer,-0.04618166666666666,5
2022-08-11,Energy,0.042326666666666665,5
2022-08-11,Financials,-0.11863125000000001,4
2022-08-11,Healthcare,0.056694,5
2022-08-11,Industrials,-0.016916666666666663,3
2022-08-11,RealEstate,0.23890833333333333,4
2022-08-11,Tech,0.07096422077922078,5
2022-08-11,Utilities,0.3602166666666667,2
2022-08-12,Comm,0.07163333333333334,3
2022-08-12,Consumer,0.03154914285714285,5
2022-08-12,Energy,0.0012662499999999948,4
2022-08-12,Financials,0.177595,4
2022-08-12,Healthcare,0.05363000000000001,3
2022-08-12,Industrials,0.05474444444444445,3
2022-08-12,RealEstate,0.047093750000000004,4
2022-08-12,Tech,0.20626733333333336,5
2022-08-12,Utilities,0.0174,1
2022-08-15,Comm,0.03887999999999999,5
2022-08-15,Consumer,0.053484108225108226,5
2022-08-15,Energy,0.1153380505050505,5
2022-08-15,Financials,0.060771666666666654,5
2022-08-15,Healthcare,0.07547888888888889,3
2022-08-15,Industrials,0.11165,4
2022-08-15,Materials,0.06235000000000001,2
2022-08-15,RealEstate,0.013787500000000008,4
2022-08-15,Tech,0.12425561904761903,5
2022-08-15,Utilities,0.04018125,4
2022-08-16,Comm,0.00542222222222222,3
2022-08-16,Consumer,0.09074226190476191,5
2022-08-16,Energy,0.09782083333333333,4
2022-08-16,Financials,0.0017166666666666673,3
2022-08-16,Healthcare,0.14126666666666665,4
2022-08-16,Industrials,-0.14500000000000002,4
2022-08-16,Materials,0.0153375,4
2022-08-16,RealEstate,0.013966666666666667,3
2022-08-16,Tech,0.12992333333333334,5
2022-08-16,Utilities,0.17694166666666666,4
2022-08-17,Comm,-0.04501666666666666,4
2022-08-17,Consumer,0.02619925120772947,5
2022-08-17,Energy,0.26602499999999996,4
2022-08-17,Financials,0.07730833333333334,4
2022-08-17,Healthcare,0.15655833333333333,3
2022-08-17,Industrials,0.050216666666666666,3
2022-08-17,Materials,0.066,2
2022-08-17,RealEstate,0.14255208333333333,4
2022-08-17,Tech,0.06694444444444445,4
2022-08-17,Utilities,0.33313333333333334,3
2022-08-18,Comm,0.0075812499999999994,4
2022-08-18,Consumer,-0.010689999999999996,5
2022-08-18,Energy,-0.07461266666666666,5
2022-08-18,Financials,0.140856,5
2022-08-18,Healthcare,-0.005826,5
2022-08-18,Industrials,-0.08608333333333333,4
2022-08-18,Materials,0.004175,4
2022-08-18,RealEstate,0.19415000000000002,2
2022-08-18,Tech,0.05187200000000001,5
2022-08-18,Utilities,0.16453333333333334,3
2022-08-19,Comm,-0.04441875000000001,4
2022-08-19,Consumer,-0.052564,5
2022-08-19,Energy,0.12467777777777778,3
2022-08-19,Financials,0.15130416666666668,4
2022-08-19,Healthcare,-0.17009333333333335,5
2022-08-19,Industrials,-0.025691666666666668,3
2022-08-19,RealEstate,0.026575,4
2022-08-19,Tech,0.13417333333333334,5
2022-08-19,Utilities,0.01948888888888889,3
2022-08-22,Comm,0.09700666666666666,5
2022-08-22,Consumer,0.15351666666666666,5
2022-08-22,Energy,0.050291111111111106,5
2022-08-22,Financials,0.095429,5
2022-08-22,Healthcare,0.07819666666666666,5
2022-08-22,Industrials,0.1245547619047619,4
2022-08-22,Materials,-0.040562499999999994,4
2022-08-22,RealEstate,0.33809374999999997,4
2022-08-22,Tech,0.12528690476190477,5
2022-08-22,Utilities,0.22901666666666665,4
2022-08-23,Comm,0.020108333333333332,4
2022-08-23,Consumer,0.04184228571428571,5
2022-08-23,Energy,0.015244444444444444,5
2022-08-23,Financials,0.3093066666666667,3
2022-08-23,Healthcare,0.1569566666666667,5
2022-08-23,Industrials,0.0112,3
2022-08-23,Materials,0.0014333333333333333,3
2022-08-23,RealEstate,0.015050000000000001,3
2022-08-23,Tech,0.01867599999999999,5
2022-08-23,Utilities,-0.14375,4
2022-08-24,Comm,0.10275666666666665,5
2022-08-24,Consumer,0.010143999999999997,5
2022-08-24,Energy,-0.009934666666666666,5
2022-08-24,Financials,0.07587666666666668,5
2022-08-24,Healthcare,0.08089375,4
2022-08-24,Industrials,-0.012308333333333334,4
2022-08-24,Materials,-0.17675000000000002,2
2022-08-24,RealEstate,0.210105,5
2022-08-24,Tech,0.12620815126050422,5
2022-08-24,Utilities,0.11097499999999999,2
2022-08-25,Comm,-0.1303638888888889,3
2022-08-25,Consumer,0.09547400000000002,5
2022-08-25,Energy,0.1902039285714286,5
2022-08-25,Financials,0.068236,5
2022-08-25,Healthcare,0.04998630952380953,4
2022-08-25,Industrials,0.11883333333333333,3
2022-08-25,Materials,-0.0072250000000000005,4
2022-08-25,RealEstate,0.1436,4
2022-08-25,Tech,0.05021083333333334,4
2022-08-25,Utilities,-0.01867,2
2022-08-26,Comm,0.040844666666666675,5
2022-08-26,Consumer,0.020389047619047623,5
2022-08-26,Energy,0.13812222222222223,3
2022-08-26,Financials,0.10930416666666667,4
2022-08-26,Healthcare,0.0663875,4
2022-08-26,Industrials,-0.12190000000000001,3
2022-08-26,Materials,0.0077333333333333325,3
2022-08-26,RealEstate,0.0309,2
2022-08-26,Tech,0.04187590476190477,5
2022-08-26,Utilities,0.013575,2
2022-08-29,Comm,0.03504,5
2022-08-29,Consumer,0.045563035714285716,4
2022-08-29,Energy,0.10961111111111112,4
2022-08-29,Financials,0.04251875,4
2022-08-29,Healthcare,0.21379333333333334,5
2022-08-29,Industrials,0.08328,4
2022-08-29,Materials,-0.20296666666666666,3
2022-08-29,RealEstate,0.07965416666666666,4
2022-08-29,Tech,-0.05984666666666666,5
2022-08-29,Utilities,0.1004125,4
2022-08-30,Comm,-0.23815,2
2022-08-30,Consumer,0.09284833333333334,5
2022-08-30,Energy,0.04520857142857143,5
2022-08-30,Financials,-0.017341666666666658,4
2022-08-30,Healthcare,-0.05317499999999999,4
2022-08-30,Industrials,0.15176875,4
2022-08-30,Materials,-0.006383333333333334,3
2022-08-30,RealEstate,-0.00905,2
2022-08-30,Tech,0.1141385,5
2022-08-30,Utilities,0.0759375,4
2022-08-31,Comm,0.13906666666666667,5
2022-08-31,Consumer,0.02523250000000001,5
2022-08-31,Energy,0.21586795454545454,4
2022-08-31,Financials,0.11290333333333333,5
2022-08-31,Healthcare,-0.2230033333333333,5
2022-08-31,Industrials,0.12659444444444445,3
2022-08-31,Materials,-0.21081666666666665,3
2022-08-31,RealEstate,0.08888,5
2022-08-31,Tech,0.07348750000000001,4
2022-08-31,Utilities,0.0696,3
2022-09-01,Comm,-0.04186666666666668,4
2022-09-01,Consumer,0.121523,5
2022-09-01,Energy,0.045333,5
2022-09-01,Financials,0.124229,5
2022-09-01,Healthcare,0.05903833333333334,5
2022-09-01,Industrials,0.0793375,4
2022-09-01,Materials,0.0058,2
2022-09-01,RealEstate,0.0297,1
2022-09-01,Tech,-0.04031634453781512,5
2022-09-01,Utilities,0.007653333333333333,5
2022-09-02,Comm,0.006475,2
2022-09-02,Consumer,-0.029816666666666658,5
2022-09-02,Energy,0.06036714285714286,5
2022-09-02,Financials,0.12326633333333334,5
2022-09-02,Healthcare,0.04380833333333333,2
2022-09-02,Industrials,0.038041666666666654,4
2022-09-02,Materials,0.1027,2
2022-09-02,RealEstate,0.011333333333333327,2
2022-09-02,Tech,-0.028310761904761905,5
2022-09-02,Utilities,-0.11896666666666667,3
2022-09-06,Comm,0.10244375,4
2022-09-06,Consumer,0.1344526666666667,5
2022-09-06,Energy,0.013501666666666669,4
2022-09-06,Financials,0.013708333333333333,5
2022-09-06,Healthcare,0.16753625,4
2022-09-06,Industrials,0.052782499999999996,4
2022-09-06,Materials,0.0025666666666666667,3
2022-09-06,RealEstate,0.16686875,4
2022-09-06,Tech,0.07449791062801933,5
2022-09-06,Utilities,0.01159375,4
2022-09-07,Comm,-0.12683571428571427,4
2022-09-07,Consumer,0.11931696428571428,4
2022-09-07,Energy,0.07901166666666667,5
2022-09-07,Financials,0.0024333333333333316,5
2022-09-07,Healthcare,0.07893666666666667,4
2022-09-07,Industrials,0.05611875,4
2022-09-07,Materials,0.010849999999999999,2
2022-09-07,RealEstate,0.08502499999999999,4
2022-09-07,Tech,-0.001673333333333335,5
2022-09-07,Utilities,-0.00747000000000001,5
2022-09-08,Comm,0.13632828571428574,5
2022-09-08,Consumer,0.19724,5
2022-09-08,Energy,0.10269666666666666,5
2022-09-08,Financials,0.263865,4
2022-09-08,Healthcare,0.11241233333333334,5
2022-09-08,Industrials,0.11772291666666668,4
2022-09-08,Materials,0.11655,4
2022-09-08,RealEstate,0.23168333333333332,3
2022-09-08,Tech,0.01798333333333334,5
2022-09-08,Utilities,0.08698,5
2022-09-09,Comm,0.044725,5
2022-09-09,Consumer,0.12228166666666666,5
2022-09-09,Energy,-0.09911466666666666,5
2022-09-09,Financials,0.05119666666666666,3
2022-09-09,Healthcare,-0.025046666666666655,5
2022-09-09,Industrials,-0.015588888888888887,3
2022-09-09,Materials,0.1955,2
2022-09-09,RealEstate,0.029337500000000002,4
2022-09-09,Tech,0.11089266666666667,5
2022-09-09,Utilities,0.14673125,4
2022-09-12,Comm,0.03269702380952381,4
2022-09-12,Consumer,0.12216483333333335,5
2022-09-12,Energy,0.20296770833333333,4
2022-09-12,Financials,0.0262,4
2022-09-12,Healthcare,0.105392,5
2022-09-12,Industrials,0.028775,2
2022-09-12,Materials,-0.0922625,4
2022-09-12,RealEstate,0.21333055555555558,3
2022-09-12,Tech,0.04357414285714286,5
2022-09-12,Utilities,0.10003958333333333,4
2022-09-13,Comm,-0.11429166666666667,4
2022-09-13,Consumer,0.21525699999999998,5
2022-09-13,Energy,0.1441747142857143,5
2022-09-13,Financials,0.017737499999999996,4
2022-09-13,Healthcare,0.07259499999999999,5
2022-09-13,Industrials,0.11989375,4
2022-09-13,Materials,0.0,1
2022-09-13,RealEstate,0.049624999999999996,4
2022-09-13,Tech,-0.023861666666666666,5
2022-09-13,Utilities,0.018066666666666665,3
2022-09-14,Comm,0.097245,4
2022-09-14,Consumer,0.14555095238095236,5
2022-09-14,Energy,0.05725729166666667,4
2022-09-14,Financials,0.04033466666666667,5
2022-09-14,Healthcare,0.029150000000000002,4
2022-09-14,Industrials,0.03370625,4
2022-09-14,Materials,0.08204305555555556,3
2022-09-14,RealEstate,0.14649166666666666,3
2022-09-14,Tech,-0.05591050000000001,5
2022-09-14,Utilities,0.0032666666666666725,3
2022-09-15,Comm,0.10264166666666667,5
2022-09-15,Consumer,-0.03696964285714286,4
2022-09-15,Energy,0.07594833333333333,5
2022-09-15,Financials,0.17287589285714283,4
2022-09-15,Healthcare,0.11776666666666666,5
2022-09-15,Industrials,-0.015004166666666666,4
2022-09-15,Materials,-0.06730000000000001,3
2022-09-15,RealEstate,0.16572499999999998,4
2022-09-15,Tech,-0.021637391304347834,5
2022-09-15,Utilities,-0.08411166666666667,5
2022-09-16,Comm,0.08328333333333333,3
2022-09-16,Consumer,0.06892266666666669,5
2022-09-16,Energy,0.22305999999999998,5
2022-09-16,Financials,0.03638066666666666,5
2022-09-16,Healthcare,0.09429249999999999,4
2022-09-16,Industrials,0.06549999999999999,2
2022-09-16,Materials,0.0097,2
2022-09-16,RealEstate,0.22594999999999998,4
2022-09-16,Tech,0.05125442857142857,5
2022-09-16,Utilities,0.41257666666666665,5
2022-09-19,Comm,0.02510568181818182,4
2022-09-19,Consumer,0.22380685714285714,5
2022-09-19,Energy,0.043953857142857135,5
2022-09-19,Financials,0.0069999999999999975,5
2022-09-19,Healthcare,0.026099238095238102,5
2022-09-19,Industrials,0.132690873015873,3
2022-09-19,Materials,-0.070925,4
2022-09-19,RealEstate,0.05366666666666667,3
2022-09-19,Tech,-0.04038911111111112,5
2022-09-19,Utilities,0.06042666666666666,3
2022-09-20,Comm,-0.007762500000000003,4
2022-09-20,Consumer,-0.06996000000000002,5
2022-09-20,Energy,0.08328333333333333,5
2022-09-20,Financials,-0.12659375,4
2022-09-20,Healthcare,0.017066666666666674,4
2022-09-20,Industrials,0.033958333333333326,4
2022-09-20,RealEstate,0.05359166666666666,2
2022-09-20,Tech,-0.04012238095238095,4
2022-09-20,Utilities,0.1410875,4
2022-09-21,Comm,0.06454533333333334,5
2022-09-21,Consumer,0.09397916666666667,4
2022-09-21,Energy,0.07573375,4
2022-09-21,Financials,0.011269999999999999,5
2022-09-21,Healthcare,-0.0789,5
2022-09-21,Industrials,0.059199999999999996,3
2022-09-21,Materials,0.004400000000000007,4
2022-09-21,RealEstate,0.08458750000000001,4
2022-09-21,Tech,0.09307782051282051,5
2022-09-21,Utilities,0.35214999999999996,2
2022-09-22,Comm,0.0469,5
2022-09-22,Consumer,0.15200857142857144,5
2022-09-22,Energy,0.056312499999999995,4
2022-09-22,Financials,-0.021978333333333332,5
2022-09-22,Healthcare,0.06309333333333333,5
2022-09-22,Industrials,-0.09352583333333334,4
2022-09-22,Materials,0.08626666666666666,4
2022-09-22,RealEstate,0.04548,5
2022-09-22,Tech,0.12409957142857145,5
2022-09-22,Utilities,0.11237291666666666,4
2022-09-23,Comm,0.055682499999999996,4
2022-09-23,Consumer,-0.011028333333333326,5
2022-09-23,Energy,-0.13975520833333333,4
2022-09-23,Financials,-0.02391,5
2022-09-23,Healthcare,0.04481875,4
2022-09-23,Industrials,0.09532666666666667,3
2022-09-23,Materials,0.08299166666666666,4
2022-09-23,RealEstate,0.049077777777777776,3
2022-09-23,Tech,-4.142857142858114e-06,5
2022-09-23,Utilities,0.015483333333333335,3
2022-09-26,Comm,0.06302333333333333,5
2022-09-26,Consumer,0.1746647619047619,5
2022-09-26,Energy,-0.022977083333333318,4
2022-09-26,Financials,0.11656066666666667,5
2022-09-26,Healthcare,0.02008833333333334,5
2022-09-26,Industrials,0.09026250000000002,4
2022-09-26,Materials,0.10157777777777777,3
2022-09-26,RealEstate,-0.05088857142857143,5
2022-09-26,Tech,0.021797261904761906,5
2022-09-26,Utilities,0.37317,5
2022-09-27,Comm,0.13495208333333333,4
2022-09-27,Consumer,0.096345,5
2022-09-27,Energy,0.019035714285714288,3
2022-09-27,Financials,-0.024887083333333324,4
2022-09-27,Healthcare,0.1628966666666667,5
2022-09-27,Industrials,0.0007499999999999995,3
2022-09-27,Materials,-0.0039,1
2022-09-27,RealEstate,-0.09193333333333333,3
2022-09-27,Tech,0.09884346031746033,5
2022-09-27,Utilities,0.05368333333333333,3
2022-09-28,Comm,-0.07595142857142857,4
2022-09-28,Consumer,0.08861333333333334,5
2022-09-28,Energy,0.1164875,4
2022-09-28,Financials,0.035666666666666666,5
2022-09-28,Healthcare,0.16628500000000002,5
2022-09-28,Industrials,0.017300000000000006,3
2022-09-28,Materials,-0.14049166666666665,4
2022-09-28,RealEstate,-0.17958333333333332,4
2022-09-28,Tech,0.002783500000000011,5
2022-09-28,Utilities,-0.12657833333333332,5
2022-09-29,Comm,-0.1187,4
2022-09-29,Consumer,0.07119623809523809,5
2022-09-29,Energy,0.15041833333333335,4
2022-09-29,Financials,0.03750044444444444,5
2022-09-29,Healthcare,0.0989375,4
2022-09-29,Industrials,0.0015874999999999997,4
2022-09-29,Materials,0.0,1
2022-09-29,RealEstate,0.0,1
2022-09-29,Tech,0.0623564393939394,5
2022-09-29,Utilities,0.3674,1
2022-09-30,Comm,0.0194,3
2022-09-30,Consumer,0.09134909090909091,5
2022-09-30,Energy,0.1715269841269841,3
2022-09-30,Financials,0.2454333333333333,3
2022-09-30,Healthcare,0.010672222222222222,3
2022-09-30,Industrials,0.12276666666666668,3
2022-09-30,Materials,0.08627222222222224,3
2022-09-30,RealEstate,0.2857,2
2022-09-30,Tech,-0.010183333333333332,5
2022-09-30,Utilities,-0.04666666666666666,1
2022-10-03,Comm,0.200462,5
2022-10-03,Consumer,0.12836940476190478,5
2022-10-03,Energy,0.06984974358974358,5
2022-10-03,Financials,0.06645875,4
2022-10-03,Healthcare,0.04913333333333334,5
2022-10-03,Industrials,0.04123666666666667,3
2022-10-03,Materials,0.004333333333333333,3
2022-10-03,RealEstate,0.029950000000000004,2
2022-10-03,Tech,0.14752738095238097,4
2022-10-03,Utilities,0.006437499999999999,4
2022-10-04,Comm,-0.06743999999999999,5
2022-10-04,Consumer,-0.06330666666666666,5
2022-10-04,Energy,0.15210416666666668,4
2022-10-04,Financials,0.23891398809523812,4
2022-10-04,Healthcare,-0.07108999999999999,5
2022-10-04,Industrials,0.058812500000000004,4
2022-10-04,Materials,0.2097,2
2022-10-04,RealEstate,0.34803666666666666,5
2022-10-04,Tech,0.13234294372294372,5
2022-10-04,Utilities,-0.03588125,4
2022-10-05,Comm,0.20753333333333335,3
2022-10-05,Consumer,0.06284133333333333,5
2022-10-05,Energy,0.06580888888888889,5
2022-10-05,Financials,-0.004962500000000005,4
2022-10-05,Healthcare,0.10048888888888889,3
2022-10-05,Industrials,0.2766444444444444,3
2022-10-05,Materials,-0.08093333333333334,3
2022-10-05,RealEstate,-0.04394166666666666,4
2022-10-05,Tech,0.10240344444444445,5
2022-10-05,Utilities,0.14846666666666666,5
2022-10-06,Comm,0.1048375,4
2022-10-06,Consumer,0.13519333333333333,5
2022-10-06,Energy,0.10715699999999999,5
2022-10-06,Financials,0.05503885714285715,5
2022-10-06,Healthcare,-0.08933333333333333,2
2022-10-06,Industrials,0.016116666666666665,3
2022-10-06,Materials,-0.18756666666666666,3
2022-10-06,RealEstate,-0.03215,4
2022-10-06,Tech,-0.15911999999999998,4
2022-10-06,Utilities,0.027325000000000002,4
2022-10-07,Comm,0.09031666666666667,3
2022-10-07,Consumer,0.05157333333333334,5
2022-10-07,Energy,0.182672,5
2022-10-07,Financials,-0.063845,5
2022-10-07,Healthcare,0.040025000000000005,4
2022-10-07,Industrials,-0.0633125,4
2022-10-07,Materials,0.34299999999999997,2
2022-10-07,RealEstate,0.03176041666666667,4
2022-10-07,Tech,0.10066870015948963,5
2022-10-07,Utilities,0.2129633333333333,5
2022-10-10,Comm,0.0051625,4
2022-10-10,Consumer,0.049522500000000004,5
2022-10-10,Energy,0.04211285714285714,5
2022-10-10,Financials,-0.020238,5
2022-10-10,Healthcare,0.18482300000000002,5
2022-10-10,Industrials,0.19906666666666667,4
2022-10-10,Materials,0.04175000000000001,5
2022-10-10,RealEstate,0.012570000000000001,5
2022-10-10,Tech,0.0005003333333333304,5
2022-10-10,Utilities,0.26134999999999997,2
2022-10-11,Comm,0.11694,3
2022-10-11,Consumer,0.13974444444444445,3
2022-10-11,Energy,0.10115666666666667,3
2022-10-11,Financials,-0.12600083333333334,5
2022-10-11,Healthcare,0.15018828571428572,5
2022-10-11,Industrials,0.3001,3
2022-10-11,Materials,0.0023666666666666667,3
2022-10-11,RealEstate,-0.1366,3
2022-10-11,Tech,0.03997604166666666,4
2022-10-11,Utilities,0.12306666666666666,3
2022-10-12,Comm,-0.040490000000000005,5
2022-10-12,Consumer,0.048552142857142856,5
2022-10-12,Energy,0.042046538461538455,4
2022-10-12,Financials,0.034804166666666664,4
2022-10-12,Healthcare,0.13433333333333333,4
2022-10-12,Industrials,0.13349999999999998,3
2022-10-12,Materials,0.34,1
2022-10-12,RealEstate,0.004525,2
2022-10-12,Tech,0.0006641666666666685,5
2022-10-12,Utilities,0.015083333333333336,3
2022-10-13,Comm,0.0540125,4
2022-10-13,Consumer,0.013563499999999996,5
2022-10-13,Energy,-0.018503555555555558,5
2022-10-13,Financials,-0.002621333333333334,5
2022-10-13,Healthcare,0.004118750000000004,4
2022-10-13,Industrials,0.1653625,4
2022-10-13,Materials,-0.174475,4
2022-10-13,RealEstate,0.0155,1
2022-10-13,Tech,0.03133678571428571,5
2022-10-13,Utilities,0.00385,2
2022-10-14,Comm,0.24351666666666666,2
2022-10-14,Consumer,-0.011842222222222221,5
2022-10-14,Energy,0.1781198095238095,5
2022-10-14,Financials,0.01168233583208396,5
2022-10-14,Healthcare,0.27671999999999997,5
2022-10-14,Industrials,0.13971944444444445,3
2022-10-14,Materials,0.00775,2
2022-10-14,RealEstate,-0.13714999999999997,2
2022-10-14,Tech,0.031375,5
2022-10-14,Utilities,0.038925,4
2022-10-17,Comm,0.064325,4
2022-10-17,Consumer,0.10871009523809523,5
2022-10-17,Energy,0.02836600000000001,5
2022-10-17,Financials,0.2317215,5
2022-10-17,Healthcare,0.12174,5
2022-10-17,Industrials,-0.08563749999999999,4
2022-10-17,Materials,-0.15116249999999998,2
2022-10-17,RealEstate,0.1392175,4
2022-10-17,Tech,0.012894,5
2022-10-17,Utilities,-0.10623,5
2022-10-18,Comm,0.143636,5
2022-10-18,Consumer,-0.055064761904761894,5
2022-10-18,Energy,0.14112812500000002,4
2022-10-18,Financials,0.16451258620689654,5
2022-10-18,Healthcare,0.062053333333333335,5
2022-10-18,Industrials,0.11162083333333334,4
2022-10-18,Materials,0.08451111111111109,3
2022-10-18,RealEstate,0.036375,3
2022-10-18,Tech,0.06856966666666667,5
2022-10-18,Utilities,0.18390000000000004,3
2022-10-19,Comm,0.07618958333333332,4
2022-10-19,Consumer,0.105558,5
2022-10-19,Energy,0.15421733333333335,5
2022-10-19,Financials,0.08734083333333334,5
2022-10-19,Healthcare,0.0003585714285714303,5
2022-10-19,Industrials,0.12151666666666666,2
2022-10-19,Materials,-0.00021666666666666666,3
2022-10-19,RealEstate,0.1370625,4
2022-10-19,Tech,-0.18278833333333333,5
2022-10-19,Utilities,-0.04885833333333334,4
2022-10-20,Comm,0.06377222222222223,3
2022-10-20,Consumer,0.13783499999999999,5
2022-10-20,Energy,0.16064733333333334,5
2022-10-20,Financials,0.05703958333333334,4
2022-10-20,Healthcare,-0.05809333333333333,5
2022-10-20,Industrials,0.20405,4
2022-10-20,Materials,0.024106666666666672,5
2022-10-20,RealEstate,0.040108333333333336,4
2022-10-20,Tech,0.1408575,5
2022-10-20,Utilities,0.10436000000000001,5
2022-10-21,Comm,-0.13788333333333333,4
2022-10-21,Consumer,0.05333888888888889,3
2022-10-21,Energy,0.13871523809523809,5
2022-10-21,Financials,0.09819666666666668,4
2022-10-21,Healthcare,0.065962,5
2022-10-21,Industrials,0.13503333333333334,2
2022-10-21,Materials,0.27390000000000003,2
2022-10-21,RealEstate,0.15489999999999998,5
2022-10-21,Tech,0.038323,5
2022-10-21,Utilities,0.006130000000000002,5
2022-10-24,Comm,0.13731041666666668,4
2022-10-24,Consumer,0.071673,5
2022-10-24,Energy,0.15279183333333335,5
2022-10-24,Financials,-0.07841111111111111,4
2022-10-24,Healthcare,0.08726166666666665,5
2022-10-24,Industrials,0.15803611111111113,4
2022-10-24,Materials,0.13295416666666668,4
2022-10-24,RealEstate,0.050116666666666664,5
2022-10-24,Tech,-0.033339047619047615,5
2022-10-24,Utilities,0.06351,5
2022-10-25,Comm,0.02602888888888889,5
2022-10-25,Consumer,0.06211666666666667,5
2022-10-25,Energy,0.13928500000000002,4
2022-10-25,Financials,0.21026270833333333,4
2022-10-25,Healthcare,0.12899,5
2022-10-25,Industrials,0.07877977716727716,4
2022-10-25,Materials,-0.11065555555555555,3
2022-10-25,RealEstate,0.046830000000000004,5
2022-10-25,Tech,-0.05567166666666667,4
2022-10-25,Utilities,0.05158750000000001,4
2022-10-26,Comm,0.006633333333333331,2
2022-10-26,Consumer,0.06389500000000001,5
2022-10-26,Energy,0.04356750000000001,4
2022-10-26,Financials,-0.017784848484848483,3
2022-10-26,Healthcare,0.1530027777777778,3
2022-10-26,Industrials,0.08115666666666667,4
2022-10-26,Materials,0.0021000000000000185,2
2022-10-26,RealEstate,0.1187375,4
2022-10-26,Tech,0.16138,5
2022-10-26,Utilities,0.06725833333333334,4
2022-10-27,Comm,0.08354083333333334,4
2022-10-27,Consumer,-0.0414375,5
2022-10-27,Energy,0.07068460606060606,5
2022-10-27,Financials,0.11259800000000002,5
2022-10-27,Healthcare,0.03883230519480518,4
2022-10-27,Industrials,0.17496666666666666,4
2022-10-27,Materials,0.0101,3
2022-10-27,RealEstate,0.027586,5
2022-10-27,Tech,-0.05327333333333334,5
2022-10-27,Utilities,0.105765,4
2022-10-28,Comm,0.047776785714285716,4
2022-10-28,Consumer,-0.08109200000000001,5
2022-10-28,Energy,0.14887388888888892,5
2022-10-28,Financials,0.05253000000000001,5
2022-10-28,Healthcare,-0.005653333333333341,5
2022-10-28,Industrials,0.157575,4
2022-10-28,Materials,0.0097,2
2022-10-28,RealEstate,0.0017333333333333333,1
2022-10-28,Tech,0.08325568181818181,4
2022-10-28,Utilities,0.05082499999999999,4
2022-10-31,Comm,0.177025,4
2022-10-31,Consumer,0.026727083333333335,5
2022-10-31,Energy,0.07966083333333333,5
2022-10-31,Financials,0.16638166666666665,5
2022-10-31,Healthcare,0.06065,3
2022-10-31,Industrials,0.1913722222222222,3
2022-10-31,Materials,0.0129,1
2022-10-31,RealEstate,0.14787142857142857,5
2022-10-31,Tech,0.04582916666666666,5
2022-10-31,Utilities,0.30316,5
2022-11-01,Comm,0.046356249999999995,4
2022-11-01,Consumer,0.223995,5
2022-11-01,Energy,0.12914090909090908,4
2022-11-01,Financials,-0.11912083333333333,4
2022-11-01,Healthcare,0.24390833333333334,5
2022-11-01,Industrials,0.4421333333333333,3
2022-11-01,Materials,-0.235425,2
2022-11-01,RealEstate,0.34179583333333335,4
2022-11-01,Tech,-0.0016893333333333315,5
2022-11-01,Utilities,0.5868,2
2022-11-02,Comm,0.0018458333333333382,4
2022-11-02,Consumer,0.2029233333333333,5
2022-11-02,Energy,0.14085638095238096,5
2022-11-02,Financials,0.07607083333333332,4
2022-11-02,Healthcare,0.22012,5
2022-11-02,Industrials,0.1909,2
2022-11-02,Materials,-0.06616666666666668,2
2022-11-02,RealEstate,0.17666,3
2022-11-02,Tech,0.13615466666666667,5
2022-11-02,Utilities,0.126975,4
2022-11-03,Comm,0.11202999999999999,5
2022-11-03,Consumer,0.12744499999999997,5
2022-11-03,Energy,0.24373,5
2022-11-03,Financials,0.011137499999999998,4
2022-11-03,Healthcare,-0.10139000000000001,4
2022-11-03,Industrials,-0.08716,4
2022-11-03,Materials,-0.2051166666666667,3
2022-11-03,RealEstate,0.12216944444444444,3
2022-11-03,Tech,-0.018341666666666666,4
2022-11-03,Utilities,0.23504999999999998,4
2022-11-04,Comm,0.04725,4
2022-11-04,Consumer,0.03947392156862746,5
2022-11-04,Energy,0.19466666666666668,5
2022-11-04,Financials,0.18350833333333333,4
2022-11-04,Healthcare,0.23196,5
2022-11-04,Industrials,0.20302499999999998,4
2022-11-04,RealEstate,0.0013,1
2022-11-04,Tech,0.06608333333333334,4
2022-11-04,Utilities,0.2885,4
2022-11-07,Comm,0.043221333333333334,5
2022-11-07,Consumer,0.10036007142857142,5
2022-11-07,Energy,0.06394155844155844,5
2022-11-07,Financials,0.1655533333333333,5
2022-11-07,Healthcare,-0.039125,5
2022-11-07,Industrials,0.13845833333333335,4
2022-11-07,Materials,0.045925,4
2022-11-07,RealEstate,-0.000429166666666668,4
2022-11-07,Tech,0.05915676190476191,5
2022-11-07,Utilities,0.012321666666666672,5
2022-11-08,Comm,0.049910576923076926,4
2022-11-08,Consumer,0.07687966666666665,5
2022-11-08,Energy,0.08633958333333333,4
2022-11-08,Financials,0.03440000000000001,3
2022-11-08,Healthcare,-0.021207333333333342,5
2022-11-08,Industrials,0.111925,4
2022-11-08,Materials,0.023340476190476182,4
2022-11-08,RealEstate,0.19685,2
2022-11-08,Tech,0.08365061904761906,5
2022-11-08,Utilities,0.10466666666666664,3
2022-11-09,Comm,0.07333333333333335,3
2022-11-09,Consumer,0.08889999999999999,4
2022-11-09,Energy,-0.017174999999999992,4
2022-11-09,Financials,0.10814166666666666,4
2022-11-09,Healthcare,0.06394083333333334,4
2022-11-09,Industrials,0.25253333333333333,3
2022-11-09,Materials,0.00065,2
2022-11-09,RealEstate,0.010325,2
2022-11-09,Tech,-0.03164375,4
2022-11-09,Utilities,0.0727,4
2022-11-10,Comm,0.006840000000000001,5
2022-11-10,Consumer,-0.022899444444444444,5
2022-11-10,Energy,0.053234000000000004,5
2022-11-10,Financials,0.05782,5
2022-11-10,Healthcare,0.2558566666666667,5
2022-11-10,Industrials,0.3099388888888889,3
2022-11-10,Materials,0.0029000000000000007,2
2022-11-10,RealEstate,0.051625000000000004,4
2022-11-10,Tech,0.0334063076923077,5
2022-11-10,Utilities,0.188225,2
2022-11-11,Comm,0.0431,5
2022-11-11,Consumer,0.13000333333333333,5
2022-11-11,Energy,-0.001214571428571426,5
2022-11-11,Financials,0.15544333333333332,5
2022-11-11,Healthcare,0.28423333333333334,3
2022-11-11,Industrials,0.16983333333333334,2
2022-11-11,Materials,0.10970833333333334,2
2022-11-11,RealEstate,0.15286666666666668,3
2022-11-11,Tech,0.04144785714285714,5
2022-11-11,Utilities,0.04465,5
2022-11-14,Comm,0.09353880952380952,5
2022-11-14,Consumer,0.06505764705882353,5
2022-11-14,Energy,0.13179772727272726,5
2022-11-14,Financials,0.11232166666666668,5
2022-11-14,Healthcare,0.104596,5
2022-11-14,Industrials,0.03412916666666666,4
2022-11-14,Materials,0.21888333333333335,3
2022-11-14,RealEstate,0.05077777777777778,3
2022-11-14,Tech,0.09229708180708181,5
2022-11-14,Utilities,-0.00509333333333333,5
2022-11-15,Comm,-0.029570833333333324,4
2022-11-15,Consumer,0.07058077777777778,5
2022-11-15,Energy,0.1947542857142857,5
2022-11-15,Financials,0.26661666666666667,3
2022-11-15,Healthcare,0.16001333333333334,5
2022-11-15,Industrials,-0.020133333333333336,3
2022-11-15,Materials,0.2123375,4
2022-11-15,RealEstate,-0.3378,1
2022-11-15,Tech,0.031985000000000006,4
2022-11-15,Utilities,0.0212,1
2022-11-16,Comm,0.3184888888888889,3
2022-11-16,Consumer,0.05541333333333333,5
2022-11-16,Energy,0.102961,5
2022-11-16,Financials,0.17991333333333334,5
2022-11-16,Healthcare,0.053075000000000004,4
2022-11-16,Industrials,-0.034425000000000004,4
2022-11-16,RealEstate,0.10726666666666668,3
2022-11-16,Tech,-0.03771166666666667,5
2022-11-16,Utilities,0.1033625,4
2022-11-17,Comm,-0.025533333333333335,4
2022-11-17,Consumer,0.1931045,5
2022-11-17,Energy,-0.0017200000000000002,4
2022-11-17,Financials,0.166765,5
2022-11-17,Healthcare,-0.01977333333333333,5
2022-11-17,Industrials,0.11974166666666668,3
2022-11-17,Materials,0.3939,1
2022-11-17,Tech,-0.00031266666666666666,5
2022-11-18,Comm,0.0,1
2022-11-18,Consumer,-0.15152285714285715,5
2022-11-18,Energy,-0.07408333333333335,3
2022-11-18,Financials,0.08389166666666666,3
2022-11-18,Healthcare,0.04030333333333334,5
2022-11-18,Industrials,0.08979999999999999,1
2022-11-18,Materials,0.21720000000000003,3
2022-11-18,RealEstate,0.006866666666666667,3
2022-11-18,Tech,0.11330208333333333,4
2022-11-18,Utilities,0.0746125,4
2022-11-21,Comm,0.0080625,4
2022-11-21,Consumer,0.17807318518518517,5
2022-11-21,Energy,0.12102483333333333,5
2022-11-21,Financials,0.1477267857142857,4
2022-11-21,Healthcare,0.16935416666666667,4
2022-11-21,Industrials,-0.04311666666666667,3
2022-11-21,Materials,0.05648333333333333,3
2022-11-21,RealEstate,0.17489166666666667,4
2022-11-21,Tech,0.048433,5
2022-11-21,Utilities,0.033174999999999996,4
2022-11-22,Comm,0.36696666666666666,1
2022-11-22,Consumer,0.03083366666666667,5
2022-11-22,Energy,-0.08261166666666667,4
2022-11-22,Financials,0.05343500000000001,4
2022-11-22,Healthcare,0.07450166666666666,5
2022-11-22,Industrials,0.09203916666666667,4
2022-11-22,Materials,0.0,1
2022-11-22,RealEstate,-0.02005,2
2022-11-22,Tech,0.028013333333333328,5
2022-11-22,Utilities,0.0112,3
2022-11-23,Comm,0.0103,2
2022-11-23,Consumer,0.09336468253968254,4
2022-11-23,Energy,0.10573390476190477,5
2022-11-23,Financials,0.004644444444444447,3
2022-11-23,Healthcare,0.054584821428571434,4
2022-11-23,Industrials,0.02585,2
2022-11-23,Materials,0.1837,1
2022-11-23,RealEstate,0.19968333333333335,3
2022-11-23,Tech,0.15605916666666667,4
2022-11-23,Utilities,0.1415625,4
2022-11-25,Comm,0.16245833333333334,3
2022-11-25,Consumer,0.10203666666666669,5
2022-11-25,Energy,0.15059499999999998,5
2022-11-25,Financials,0.15766333333333335,5
2022-11-25,Healthcare,-0.016753214285714284,4
2022-11-25,Industrials,0.3612,3
2022-11-25,Materials,0.3612,2
2022-11-25,RealEstate,0.23336666666666664,3
2022-11-25,Tech,-0.07209666666666667,4
2022-11-25,Utilities,0.053825,4
2022-11-28,Comm,0.31953333333333334,2
2022-11-28,Consumer,0.002760467032967052,4
2022-11-28,Energy,-0.03693824999999999,5
2022-11-28,Financials,0.0214,4
2022-11-28,Healthcare,0.15883166666666668,5
2022-11-28,Industrials,-0.02775749999999999,4
2022-11-28,Materials,0.0219,1
2022-11-28,RealEstate,0.1135,2
2022-11-28,Tech,0.02579210256410256,5
2022-11-28,Utilities,0.1565,2
2022-11-29,Comm,0.30206666666666665,3
2022-11-29,Consumer,0.0639736111111111,4
2022-11-29,Energy,0.03551863636363637,5
2022-11-29,Financials,0.1948277777777778,3
2022-11-29,Healthcare,0.08966999999999999,5
2022-11-29,Industrials,0.118725,4
2022-11-29,Materials,0.006783333333333333,3
2022-11-29,Tech,-0.14405666666666667,5
2022-11-29,Utilities,0.03455,3
2022-11-30,Comm,0.19433333333333333,3
2022-11-30,Consumer,0.14821875,4
2022-11-30,Energy,0.14452309523809523,4
2022-11-30,Financials,-0.025244444444444448,3
2022-11-30,Healthcare,0.117435,5
2022-11-30,Industrials,0.17039583333333336,4
2022-11-30,Materials,0.01446,5
2022-11-30,RealEstate,-0.059250000000000004,3
2022-11-30,Tech,0.03846666666666666,5
2022-11-30,Utilities,0.18335,3
2022-12-01,Comm,0.08274666666666666,5
2022-12-01,Consumer,0.09669904761904762,5
2022-12-01,Energy,0.14911666666666668,5
2022-12-01,Financials,-0.045814,5
2022-12-01,Healthcare,0.10810333333333336,5
2022-12-01,Industrials,0.26894166666666663,4
2022-12-01,Materials,0.10864166666666669,4
2022-12-01,RealEstate,0.2755575,4
2022-12-01,Tech,0.09439266666666667,5
2022-12-01,Utilities,0.2686625,4
2022-12-02,Comm,0.20031,5
2022-12-02,Consumer,0.1333868181818182,4
2022-12-02,Energy,0.26645416666666666,4
2022-12-02,Financials,0.21196583333333333,4
2022-12-02,Healthcare,0.029236666666666668,5
2022-12-02,Industrials,0.009733333333333333,3
2022-12-02,Materials,-0.00385,2
2022-12-02,RealEstate,0.26688333333333336,3
2022-12-02,Tech,0.1040425,5
2022-12-02,Utilities,0.19849999999999998,2
2022-12-05,Comm,0.002437857142857141,4
2022-12-05,Consumer,0.0882570873015873,5
2022-12-05,Energy,0.0344890873015873,4
2022-12-05,Financials,0.26231875,4
2022-12-05,Healthcare,0.05671124999999999,4
2022-12-05,Industrials,-0.13761041666666668,4
2022-12-05,Materials,0.0045,2
2022-12-05,RealEstate,0.192475,2
2022-12-05,Tech,0.03620071428571429,5
2022-12-05,Utilities,0.0764625,4
2022-12-06,Comm,0.027124999999999993,4
2022-12-06,Consumer,0.012915,5
2022-12-06,Energy,0.18567633333333333,5
2022-12-06,Financials,-0.06304575757575759,3
2022-12-06,Healthcare,0.019840999999999998,5
2022-12-06,Industrials,-0.056499999999999995,3
2022-12-06,Materials,0.12098333333333333,2
2022-12-06,RealEstate,0.10429999999999999,2
2022-12-06,Tech,0.008328000000000002,5
2022-12-06,Utilities,-0.0319,2
2022-12-07,Comm,0.0934625,4
2022-12-07,Consumer,0.07162666666666666,5
2022-12-07,Energy,0.07407119047619047,5
2022-12-07,Financials,-0.036136666666666664,5
2022-12-07,Healthcare,-0.03167321428571428,4
2022-12-07,Industrials,0.0323,1
2022-12-07,RealEstate,0.31925000000000003,4
2022-12-07,Tech,0.20527638095238093,5
2022-12-07,Utilities,0.23416666666666666,3
2022-12-08,Comm,0.07583888888888889,3
2022-12-08,Consumer,0.06219533333333334,5
2022-12-08,Energy,0.07831451282051281,5
2022-12-08,Financials,0.0017400000000000026,5
2022-12-08,Healthcare,0.03055666666666667,5
2022-12-08,Industrials,0.21876874999999998,4
2022-12-08,Materials,0.3506,2
2022-12-08,RealEstate,0.00065,2
2022-12-08,Tech,0.10730416666666666,3
2022-12-08,Utilities,-0.1078,2
2022-12-09,Comm,0.05537500000000001,5
2022-12-09,Consumer,0.17935416666666665,5
2022-12-09,Energy,0.0230665873015873,5
2022-12-09,Financials,-0.045745,5
2022-12-09,Healthcare,0.1233125,4
2022-12-09,Industrials,0.092125,4
2022-12-09,Materials,0.098,2
2022-12-09,RealEstate,0.13353333333333334,3
2022-12-09,Tech,0.129790625,4
2022-12-09,Utilities,0.001275,4
2022-12-12,Comm,-0.06173888888888889,3
2022-12-12,Consumer,0.11290549999999999,5
2022-12-12,Energy,0.012571666666666667,5
2022-12-12,Financials,0.12752322222222223,5
2022-12-12,Healthcare,0.07603288220551378,5
2022-12-12,Industrials,-0.1951111111111111,3
2022-12-12,Materials,-0.1858,2
2022-12-12,RealEstate,0.0185,3
2022-12-12,Tech,0.1510104761904762,5
2022-12-12,Utilities,-0.026587500000000003,4
2022-12-13,Comm,0.04239999999999999,3
2022-12-13,Consumer,0.05859130952380953,5
2022-12-13,Energy,0.044855,5
2022-12-13,Financials,0.1556875,4
2022-12-13,Healthcare,0.11852,5
2022-12-13,Industrials,0.21002916666666666,4
2022-12-13,Materials,0.09997500000000001,2
2022-12-13,RealEstate,0.00385,2
2022-12-13,Tech,0.06449047619047618,4
2022-12-13,Utilities,0.23445,4
2022-12-14,Comm,0.15660277777777779,3
2022-12-14,Consumer,0.07595625,4
2022-12-14,Energy,0.0066106666666666675,5
2022-12-14,Financials,-0.022415833333333357,4
2022-12-14,Healthcare,0.22868750000000002,4
2022-12-14,Industrials,0.31930000000000003,4
2022-12-14,Materials,0.061066666666666665,3
2022-12-14,RealEstate,0.06575555555555555,3
2022-12-14,Tech,0.08618,5
2022-12-14,Utilities,0.3612,1
2022-12-15,Comm,0.008995,5
2022-12-15,Consumer,0.03698214285714285,4
2022-12-15,Energy,-5.533333333333432e-05,5
2022-12-15,Financials,0.250025,4
2022-12-15,Healthcare,0.2148195,5
2022-12-15,Industrials,0.05759500000000001,3
2022-12-15,Materials,0.10322500000000001,2
2022-12-15,RealEstate,0.12430000000000001,2
2022-12-15,Tech,-0.02390357142857143,5
2022-12-15,Utilities,0.1507875,4
2022-12-16,Comm,-0.19075499999999998,5
2022-12-16,Consumer,0.07829133333333335,5
2022-12-16,Energy,0.0322525,4
2022-12-16,Financials,-0.10225625,4
2022-12-16,Healthcare,0.029896666666666665,5
2022-12-16,Industrials,-0.028573333333333336,3
2022-12-16,Materials,-0.6597,1
2022-12-16,RealEstate,0.19410000000000002,2
2022-12-16,Tech,0.03674395833333333,4
2022-12-16,Utilities,0.1343625,2
2022-12-19,Comm,0.1008125,4
2022-12-19,Consumer,0.11952849816849817,5
2022-12-19,Energy,0.10149088888888888,5
2022-12-19,Financials,0.03492019047619048,5
2022-12-19,Healthcare,0.01017666666666668,5
2022-12-19,Industrials,0.188625,4
2022-12-19,Materials,0.01915,2
2022-12-19,RealEstate,0.11609499999999999,5
2022-12-19,Tech,0.019960666666666665,5
2022-12-19,Utilities,0.06573888888888889,3
2022-12-20,Comm,0.29696666666666666,3
2022-12-20,Consumer,0.11565779220779221,4
2022-12-20,Energy,0.15705249999999998,5
2022-12-20,Financials,0.20854545454545453,5
2022-12-20,Healthcare,0.1845638888888889,5
2022-12-20,Industrials,0.24836041666666664,4
2022-12-20,Materials,0.09786249999999999,4
2022-12-20,RealEstate,0.0022624999999999998,2
2022-12-20,Tech,0.16633333333333333,4
2022-12-20,Utilities,0.42368333333333336,4
2022-12-21,Comm,-0.11179444444444443,3
2022-12-21,Consumer,-0.09677954545454545,5
2022-12-21,Energy,0.05098958333333334,4
2022-12-21,Financials,0.06339642857142858,4
2022-12-21,Healthcare,0.12348833333333334,5
2022-12-21,Industrials,0.4469547619047619,4
2022-12-21,Materials,-0.04193333333333333,3
2022-12-21,RealEstate,-0.08233333333333333,3
2022-12-21,Tech,0.13923714285714286,5
2022-12-21,Utilities,0.4078,2
2022-12-22,Comm,-0.07348333333333333,3
2022-12-22,Consumer,0.10640833333333334,4
2022-12-22,Energy,0.19517500000000002,5
2022-12-22,Financials,0.2659513333333333,5
2022-12-22,Healthcare,0.13351458333333333,4
2022-12-22,Industrials,0.02244166666666666,4
2022-12-22,Materials,0.00905,2
2022-12-22,Tech,-0.131236,5
2022-12-22,Utilities,0.0,2
2022-12-23,Comm,0.08653333333333334,2
2022-12-23,Consumer,0.07219166666666667,4
2022-12-23,Energy,0.0402375,4
2022-12-23,Financials,0.10332249999999998,4
2022-12-23,Healthcare,0.11710833333333336,3
2022-12-23,Industrials,0.07005,4
2022-12-23,Materials,0.0,1
2022-12-23,Tech,0.09202666666666666,3
2022-12-23,Utilities,0.27912499999999996,2
2022-12-27,Comm,0.22173333333333334,3
2022-12-27,Consumer,0.19053795093795095,5
2022-12-27,Energy,0.12540820512820514,5
2022-12-27,Financials,0.05304333333333333,5
2022-12-27,Healthcare,0.07814966666666667,5
2022-12-27,Industrials,0.15498303571428573,4
2022-12-27,Materials,0.17970000000000003,2
2022-12-27,RealEstate,0.20333,5
2022-12-27,Tech,-0.04679806060606061,5
2022-12-27,Utilities,0.1290711111111111,3
2022-12-28,Comm,0.010498333333333332,3
2022-12-28,Consumer,0.04157500000000001,4
2022-12-28,Energy,0.07741904761904762,3
2022-12-28,Financials,0.05381666666666667,3
2022-12-28,Healthcare,0.070621,5
2022-12-28,Industrials,0.032619444444444444,3
2022-12-28,Materials,0.00775,3
2022-12-28,RealEstate,0.25456666666666666,2
2022-12-28,Tech,-0.082465,4
2022-12-28,Utilities,0.014183333333333334,3
2022-12-29,Comm,-0.047349999999999996,3
2022-12-29,Consumer,0.12891777777777777,5
2022-12-29,Energy,-0.07368363095238095,4
2022-12-29,Financials,0.024465000000000004,5
2022-12-29,Healthcare,0.03985375,4
2022-12-29,Industrials,0.074075,4
2022-12-29,Materials,-0.082875,2
2022-12-29,RealEstate,0.010325,4
2022-12-29,Tech,0.00928666666666667,5
2022-12-29,Utilities,0.018600000000000005,2
2022-12-30,Comm,0.05927666666666667,3
2022-12-30,Consumer,0.08948666666666667,5
2022-12-30,Energy,0.26858666666666664,5
2022-12-30,Financials,0.10405,2
2022-12-30,Healthcare,0.07002666666666667,3
2022-12-30,Industrials,0.14598333333333335,3
2022-12-30,Materials,-0.1591,1
2022-12-30,RealEstate,-0.0365,2
2022-12-30,Tech,-0.118299,5
2022-12-30,Utilities,0.12625999999999998,5
2023-01-03,Comm,0.05863952380952381,3
2023-01-03,Consumer,0.02542936507936508,5
2023-01-03,Energy,0.2645258253968254,5
2023-01-03,Financials,0.059775,5
2023-01-03,Healthcare,0.2584833333333333,5
2023-01-03,Industrials,0.03211875,4
2023-01-03,Materials,0.09417500000000001,4
2023-01-03,RealEstate,0.11969166666666665,4
2023-01-03,Tech,0.029803348416289593,5
2023-01-03,Utilities,0.0866,4
2023-01-04,Comm,0.003849999999999983,3
2023-01-04,Consumer,0.05017761904761906,5
2023-01-04,Energy,0.15492166666666668,5
2023-01-04,Financials,0.10087666666666667,4
2023-01-04,Healthcare,0.06353625000000002,4
2023-01-04,Industrials,0.10508333333333335,3
2023-01-04,Materials,0.008700000000000001,2
2023-01-04,RealEstate,0.02125,2
2023-01-04,Tech,0.054918928571428584,5
2023-01-04,Utilities,0.032025000000000005,4
2023-01-05,Comm,0.16378,3
2023-01-05,Consumer,0.11695222222222221,5
2023-01-05,Energy,0.0743075,5
2023-01-05,Financials,0.03775333333333334,5
2023-01-05,Healthcare,0.204785,5
2023-01-05,Industrials,0.1547625,4
2023-01-05,Materials,0.12366999999999999,5
2023-01-05,RealEstate,0.14403333333333332,2
2023-01-05,Tech,0.12680183333333334,5
2023-01-05,Utilities,0.166575,4
2023-01-06,Comm,0.14131,5
2023-01-06,Consumer,0.14576875,4
2023-01-06,Energy,0.07829409523809525,5
2023-01-06,Financials,0.042590625000000014,4
2023-01-06,Healthcare,-0.03042333333333333,5
2023-01-06,Industrials,0.0020499999999999997,2
2023-01-06,Materials,0.12858333333333333,2
2023-01-06,RealEstate,0.011874999999999991,1
2023-01-06,Tech,0.18142,5
2023-01-06,Utilities,-0.1681,1
2023-01-09,Comm,0.1665275,4
2023-01-09,Consumer,0.06129722222222223,4
2023-01-09,Energy,0.24254023809523811,5
2023-01-09,Financials,0.11561107142857144,5
2023-01-09,Healthcare,0.12508333333333332,4
2023-01-09,Industrials,0.10925000000000001,4
2023-01-09,Materials,0.06652,5
2023-01-09,RealEstate,0.009666666666666657,3
2023-01-09,Tech,0.10823466666666667,5
2023-01-09,Utilities,0.05711999999999999,5
2023-01-10,Comm,0.1708388888888889,3
2023-01-10,Consumer,-0.05762190476190476,5
2023-01-10,Energy,-0.03110685714285714,5
2023-01-10,Financials,-0.010222321428571428,4
2023-01-10,Healthcare,0.01862946428571429,4
2023-01-10,Industrials,0.21951607142857144,4
2023-01-10,Materials,0.011166666666666667,3
2023-01-10,RealEstate,0.23,4
2023-01-10,Tech,0.1617457142857143,5
2023-01-10,Utilities,-0.18425,1
2023-01-11,Comm,0.12788750000000002,4
2023-01-11,Consumer,0.021421000000000003,5
2023-01-11,Energy,0.11838333333333334,3
2023-01-11,Financials,0.02776944444444445,4
2023-01-11,Healthcare,0.08025866666666667,5
2023-01-11,Industrials,-0.04773333333333333,3
2023-01-11,Materials,0.27190416666666667,4
2023-01-11,RealEstate,0.08148333333333334,3
2023-01-11,Tech,0.044895000000000004,5
2023-01-11,Utilities,-0.07823333333333334,3
2023-01-12,Comm,0.14831833333333333,4
2023-01-12,Consumer,0.04639800000000001,5
2023-01-12,Energy,0.005078124999999999,4
2023-01-12,Financials,0.11295228571428573,5
2023-01-12,Healthcare,0.14311666666666667,4
2023-01-12,Industrials,0.12910208333333334,4
2023-01-12,Materials,0.136275,4
2023-01-12,RealEstate,0.28875,4
2023-01-12,Tech,0.006648333333333339,5
2023-01-12,Utilities,0.025850000000000005,4
2023-01-13,Comm,0.08825000000000001,1
2023-01-13,Consumer,0.16449333333333332,5
2023-01-13,Energy,0.2031419642857143,4
2023-01-13,Financials,0.0634197668997669,5
2023-01-13,Healthcare,0.08006250000000001,4
2023-01-13,Industrials,0.074635,4
2023-01-13,Materials,0.21714000000000003,5
2023-01-13,RealEstate,0.012449999999999998,3
2023-01-13,Tech,0.059614999999999994,5
2023-01-13,Utilities,0.18656666666666666,3
2023-01-17,Comm,0.22717500000000002,4
2023-01-17,Consumer,0.11214802857142858,5
2023-01-17,Energy,0.044414274509803925,5
2023-01-17,Financials,0.05009344200411805,5
2023-01-17,Healthcare,0.1417261111111111,5
2023-01-17,Industrials,0.31877291666666663,4
2023-01-17,Materials,0.1391888888888889,3
2023-01-17,RealEstate,0.08651249999999999,4
2023-01-17,Tech,0.072265,5
2023-01-17,Utilities,0.19089375,4
2023-01-18,Comm,0.015933333333333334,3
2023-01-18,Consumer,0.15792988888888887,5
2023-01-18,Energy,0.21044944444444447,5
2023-01-18,Financials,0.13571111111111112,5
2023-01-18,Healthcare,-0.031168749999999995,4
2023-01-18,Industrials,-0.1284375,4
2023-01-18,Materials,0.08274166666666666,3
2023-01-18,RealEstate,0.18775555555555556,3
2023-01-18,Tech,0.0955204761904762,5
2023-01-18,Utilities,0.013300000000000001,3
2023-01-19,Comm,0.12113055555555556,3
2023-01-19,Consumer,0.012129523809523807,5
2023-01-19,Energy,0.13351875000000002,4
2023-01-19,Financials,0.10438783333333332,5
2023-01-19,Healthcare,0.06451666666666667,4
2023-01-19,Industrials,0.06812499999999999,4
2023-01-19,Materials,0.16712916666666666,4
2023-01-19,RealEstate,0.06740833333333333,4
2023-01-19,Tech,-0.009672222222222212,3
2023-01-19,Utilities,0.0098,5
2023-01-20,Comm,0.10418571428571427,3
2023-01-20,Consumer,-0.007675000000000001,5
2023-01-20,Energy,0.1068866826923077,4
2023-01-20,Financials,0.06703244444444445,5
2023-01-20,Healthcare,0.125141,5
2023-01-20,Industrials,0.010283333333333339,3
2023-01-20,Materials,0.11575555555555557,3
2023-01-20,RealEstate,0.07550000000000001,3
2023-01-20,Tech,-0.011580666666666664,5
2023-01-20,Utilities,0.15780555555555556,3
2023-01-23,Comm,0.04909,3
2023-01-23,Consumer,0.13846928571428568,5
2023-01-23,Energy,0.13797329545454545,5
2023-01-23,Financials,-0.044650999999999996,5
2023-01-23,Healthcare,0.19427500000000003,5
2023-01-23,Industrials,0.23142946428571431,4
2023-01-23,Materials,0.0548888888888889,3
2023-01-23,RealEstate,0.07007166666666667,5
2023-01-23,Tech,0.24651137844611531,5
2023-01-23,Utilities,0.09164666666666668,5
2023-01-24,Comm,0.027105,5
2023-01-24,Consumer,0.049298190476190475,5
2023-01-24,Energy,0.22274857142857143,5
2023-01-24,Financials,0.06471666666666667,5
2023-01-24,Healthcare,0.25985416666666666,4
2023-01-24,Industrials,0.0763394696969697,4
2023-01-24,Materials,0.15926666666666667,3
2023-01-24,RealEstate,0.1128625,4
2023-01-24,Tech,-0.0020431249999999946,4
2023-01-24,Utilities,0.05580416666666667,4
2023-01-25,Comm,-0.06121428571428571,5
2023-01-25,Consumer,0.069946,5
2023-01-25,Energy,0.1443977777777778,5
2023-01-25,Financials,0.1036975,4
2023-01-25,Healthcare,-0.00927941176470589,4
2023-01-25,Industrials,0.19094999999999998,3
2023-01-25,Materials,-0.047682666666666665,5
2023-01-25,RealEstate,0.2888888888888889,3
2023-01-25,Tech,0.06415559523809525,5
2023-01-25,Utilities,0.1470175,4
2023-01-26,Comm,0.27855056818181817,4
2023-01-26,Consumer,0.024881999999999998,5
2023-01-26,Energy,0.23981282051282052,3
2023-01-26,Financials,0.08237555555555556,5
2023-01-26,Healthcare,0.078695,5
2023-01-26,Industrials,0.063595,4
2023-01-26,Materials,0.11262785714285714,5
2023-01-26,RealEstate,0.01457222222222222,3
2023-01-26,Tech,0.047630142857142864,5
2023-01-26,Utilities,0.05108833333333333,5
2023-01-27,Comm,0.08385600000000001,5
2023-01-27,Consumer,-0.07618000000000001,5
2023-01-27,Energy,0.03659152380952381,5
2023-01-27,Financials,0.008881249999999993,4
2023-01-27,Healthcare,0.05528333333333333,4
2023-01-27,Industrials,0.12822777777777777,3
2023-01-27,Materials,0.02195,2
2023-01-27,RealEstate,0.1842,2
2023-01-27,Tech,0.001003207070707075,4
2023-01-27,Utilities,0.09857500000000001,4
2023-01-30,Comm,0.0484,3
2023-01-30,Consumer,-0.030798888888888886,5
2023-01-30,Energy,-0.03445225108225108,5
2023-01-30,Financials,0.019671904761904765,5
2023-01-30,Healthcare,0.058745999999999986,5
2023-01-30,Industrials,-0.0148825,4
2023-01-30,Materials,0.0124125,2
2023-01-30,RealEstate,0.045879166666666665,4
2023-01-30,Tech,0.05205179487179488,5
2023-01-30,Utilities,0.08835,3
2023-01-31,Comm,-0.013524444444444447,5
2023-01-31,Consumer,0.05592057142857142,5
2023-01-31,Energy,0.042362410256410264,5
2023-01-31,Financials,0.007358333333333335,4
2023-01-31,Healthcare,0.04363583333333334,5
2023-01-31,Industrials,0.21363999999999997,3
2023-01-31,Materials,-0.08048333333333334,3
2023-01-31,RealEstate,0.017249999999999988,4
2023-01-31,Tech,-0.03611117424242425,4
2023-01-31,Utilities,-0.06083333333333333,4
2023-02-01,Comm,-0.06240363636363636,5
2023-02-01,Consumer,0.08661636363636363,5
2023-02-01,Energy,-0.04860455555555556,5
2023-02-01,Financials,0.1257,3
2023-02-01,Healthcare,0.11444801587301587,5
2023-02-01,Industrials,0.07642499999999999,4
2023-02-01,Materials,0.0,1
2023-02-01,RealEstate,0.02685,4
2023-02-01,Tech,-0.04881427917620138,5
2023-02-01,Utilities,-0.08763000000000001,5
2023-02-02,Comm,0.029126000000000003,5
2023-02-02,Consumer,0.05090933333333334,5
2023-02-02,Energy,0.11024714285714285,5
2023-02-02,Financials,0.13577533333333333,5
2023-02-02,Healthcare,0.17392708333333334,4
2023-02-02,Industrials,0.11565,4
2023-02-02,Materials,-0.07637499999999998,3
2023-02-02,RealEstate,0.05135000000000001,4
2023-02-02,Tech,0.06027166666666667,5
2023-02-02,Utilities,0.2842083333333333,4
2023-02-03,Comm,0.12014999999999998,5
2023-02-03,Consumer,0.04355323809523809,5
2023-02-03,Energy,-0.070055,5
2023-02-03,Financials,0.10093958333333333,4
2023-02-03,Healthcare,0.052345833333333334,3
2023-02-03,Industrials,0.1902125,4
2023-02-03,Materials,0.00894000000000001,4
2023-02-03,RealEstate,0.05895000000000001,3
2023-02-03,Tech,0.05687500000000001,5
2023-02-03,Utilities,0.2477666666666667,4
2023-02-06,Comm,0.0401025,5
2023-02-06,Consumer,0.043362333333333336,5
2023-02-06,Energy,0.0060077777777777785,5
2023-02-06,Financials,0.04836666666666666,4
2023-02-06,Healthcare,0.05699800000000001,5
2023-02-06,Industrials,0.24739444444444447,3
2023-02-06,Materials,0.09207499999999999,4
2023-02-06,RealEstate,0.018798095238095232,5
2023-02-06,Tech,0.01935833333333333,5
2023-02-06,Utilities,0.16176666666666667,5
2023-02-07,Comm,0.17452300000000004,5
2023-02-07,Consumer,0.23019583333333332,4
2023-02-07,Energy,-0.06697390476190475,5
2023-02-07,Financials,0.14752,5
2023-02-07,Healthcare,0.11291666666666667,5
2023-02-07,Industrials,0.00463750000000001,2
2023-02-07,Materials,-0.06162333333333333,5
2023-02-07,RealEstate,0.14248333333333332,3
2023-02-07,Tech,0.18917599999999998,5
2023-02-07,Utilities,0.07948541666666667,4
2023-02-08,Comm,0.0330375,4
2023-02-08,Consumer,0.13976380952380954,5
2023-02-08,Energy,0.07098000000000002,5
2023-02-08,Financials,-0.042054999999999995,5
2023-02-08,Healthcare,0.177683,5
2023-02-08,Industrials,0.25883333333333336,2
2023-02-08,Materials,0.0073,3
2023-02-08,RealEstate,0.008375,4
2023-02-08,Tech,0.12416553571428572,4
2023-02-08,Utilities,0.11645606060606062,3
2023-02-09,Comm,0.2987,3
2023-02-09,Consumer,0.19801798850574712,5
2023-02-09,Energy,0.06798657142857142,5
2023-02-09,Financials,0.03500833333333333,5
2023-02-09,Healthcare,0.2209532380952381,5
2023-02-09,Industrials,0.18095555555555554,3
2023-02-09,Materials,-0.07975,4
2023-02-09,RealEstate,0.2636875,4
2023-02-09,Tech,0.11261133333333335,5
2023-02-09,Utilities,0.165315,5
2023-02-10,Comm,0.034149999999999986,4
2023-02-10,Consumer,0.1104595,5
2023-02-10,Energy,0.12143291666666667,4
2023-02-10,Financials,0.103825,2
2023-02-10,Healthcare,0.06562222222222222,3
2023-02-10,Industrials,0.12941666666666668,3
2023-02-10,Materials,-0.043774999999999994,2
2023-02-10,RealEstate,0.23523333333333332,3
2023-02-10,Tech,-0.011619444444444446,4
2023-02-10,Utilities,0.07048333333333333,3
2023-02-13,Comm,0.11223999999999999,4
2023-02-13,Consumer,0.09531190151515152,5
2023-02-13,Energy,0.04074444444444445,5
2023-02-13,Financials,0.06644583333333334,4
2023-02-13,Healthcare,0.09208666666666666,5
2023-02-13,Industrials,0.135625,4
2023-02-13,Materials,-0.037387500000000004,4
2023-02-13,RealEstate,0.33789375,4
2023-02-13,Tech,0.05949894677871148,5
2023-02-13,Utilities,0.024127083333333334,4
2023-02-14,Comm,-0.04715,3
2023-02-14,Consumer,0.1276878181818182,5
2023-02-14,Energy,-0.06645333333333334,5
2023-02-14,Financials,0.099053,5
2023-02-14,Healthcare,0.1034525,4
2023-02-14,Industrials,0.049319999999999996,3
2023-02-14,Materials,0.0034333333333333334,3
2023-02-14,RealEstate,0.005550000000000001,5
2023-02-14,Tech,0.1946771212121212,5
2023-02-14,Utilities,0.145628,5
2023-02-15,Comm,0.28818,5
2023-02-15,Consumer,0.06598583333333333,4
2023-02-15,Energy,0.007716666666666667,3
2023-02-15,Financials,-0.20565937499999998,4
2023-02-15,Healthcare,0.1736388888888889,3
2023-02-15,Industrials,0.01661666666666667,3
2023-02-15,Materials,0.0583,2
2023-02-15,RealEstate,0.008577777777777776,3
2023-02-15,Tech,-0.028213999999999996,5
2023-02-15,Utilities,0.0975625,4
2023-02-16,Comm,-0.0035133333333333345,5
2023-02-16,Consumer,0.01509409523809524,5
2023-02-16,Energy,0.08503644444444444,5
2023-02-16,Financials,0.000538333333333331,5
2023-02-16,Healthcare,0.10218788888888888,5
2023-02-16,Industrials,0.08855,4
2023-02-16,Materials,0.12221249999999999,4
2023-02-16,RealEstate,-0.029383333333333327,3
2023-02-16,Tech,0.07626345454545455,5
2023-02-16,Utilities,0.131615625,4
2023-02-17,Comm,0.26785,3
2023-02-17,Consumer,0.0803625,4
2023-02-17,Energy,0.17317857142857143,4
2023-02-17,Financials,0.143478,5
2023-02-17,Healthcare,0.07805266666666666,5
2023-02-17,Industrials,-0.0054499999999999965,4
2023-02-17,Materials,0.1556,3
2023-02-17,RealEstate,0.07270000000000001,2
2023-02-17,Tech,-0.018135151515151517,5
2023-02-17,Utilities,0.16107500000000002,4
2023-02-21,Comm,0.06343666666666667,5
2023-02-21,Consumer,0.02871785714285714,5
2023-02-21,Energy,0.01649050505050505,5
2023-02-21,Financials,-0.0013463333333333372,5
2023-02-21,Healthcare,0.027997000000000005,5
2023-02-21,Industrials,0.10460791666666666,4
2023-02-21,Materials,0.05331666666666667,3
2023-02-21,RealEstate,0.015675,4
2023-02-21,Tech,0.0451419696969697,5
2023-02-21,Utilities,0.10163666666666667,5
2023-02-22,Comm,0.11335833333333334,3
2023-02-22,Consumer,0.041870000000000004,5
2023-02-22,Energy,-0.019436000000000002,5
2023-02-22,Financials,0.0300925,4
2023-02-22,Healthcare,0.088791,5
2023-02-22,Industrials,0.005625,4
2023-02-22,Materials,0.05766111111111111,3
2023-02-22,RealEstate,0.06057083333333333,4
2023-02-22,Tech,0.181434,5
2023-02-22,Utilities,-0.020316666666666663,3
2023-02-23,Comm,-0.006290000000000001,5
2023-02-23,Consumer,0.023500000000000007,5
2023-02-23,Energy,0.03777559523809524,4
2023-02-23,Financials,0.08429333333333333,5
2023-02-23,Healthcare,0.11933333333333335,3
2023-02-23,Industrials,-0.048654166666666665,4
2023-02-23,Materials,0.055904166666666665,4
2023-02-23,RealEstate,0.056143333333333344,5
2023-02-23,Tech,0.03279364837398374,5
2023-02-23,Utilities,0.15829333333333334,4
2023-02-24,Comm,0.0724,3
2023-02-24,Consumer,0.033916666666666664,4
2023-02-24,Energy,0.042355000000000004,5
2023-02-24,Financials,0.18436666666666665,5
2023-02-24,Healthcare,0.04573333333333333,3
2023-02-24,Industrials,0.06628888888888891,3
2023-02-24,Materials,0.14731666666666668,4
2023-02-24,RealEstate,0.010168749999999999,4
2023-02-24,Tech,0.007970666666666671,5
2023-02-24,Utilities,0.1980825,4
2023-02-27,Comm,0.008733333333333341,3
2023-02-27,Consumer,0.016453888888888886,5
2023-02-27,Energy,-0.020125857142857147,5
2023-02-27,Financials,0.12354785714285714,5
2023-02-27,Healthcare,0.08028285714285714,5
2023-02-27,Industrials,0.05553333333333333,4
2023-02-27,Materials,0.0948875,4
2023-02-27,RealEstate,0.03439333333333333,5
2023-02-27,Tech,0.08286896825396825,5
2023-02-27,Utilities,0.165763,5
2023-02-28,Comm,0.053287499999999995,4
2023-02-28,Consumer,0.078515,4
2023-02-28,Energy,0.22632592592592593,3
2023-02-28,Financials,0.06646111111111112,3
2023-02-28,Healthcare,0.013515555555555558,3
2023-02-28,Industrials,0.245175,3
2023-02-28,Materials,0.0194,1
2023-02-28,RealEstate,0.16455,2
2023-02-28,Tech,0.24613142857142856,4
2023-02-28,Utilities,0.15594999999999998,4
2023-03-01,Comm,-0.07891666666666666,5
2023-03-01,Consumer,0.07274533333333334,5
2023-03-01,Energy,0.04124166666666667,4
2023-03-01,Financials,0.06672,5
2023-03-01,Healthcare,0.017234,5
2023-03-01,Industrials,0.024709523809523806,4
2023-03-01,Materials,0.15574000000000002,3
2023-03-01,RealEstate,0.010862499999999997,4
2023-03-01,Tech,0.09016031746031745,5
2023-03-01,Utilities,0.22829999999999998,3
2023-03-02,Comm,0.141335,5
2023-03-02,Consumer,0.1659453246753247,5
2023-03-02,Energy,0.10125833333333334,5
2023-03-02,Financials,0.128701,5
2023-03-02,Healthcare,0.12686666666666666,5
2023-03-02,Industrials,0.21071666666666666,3
2023-03-02,Materials,-0.05559166666666667,4
2023-03-02,RealEstate,0.13418333333333335,3
2023-03-02,Tech,-0.02012833333333333,5
2023-03-02,Utilities,0.010333333333333333,3
2023-03-03,Comm,-0.36060000000000003,2
2023-03-03,Consumer,-0.05631111111111111,3
2023-03-03,Energy,0.08271875,4
2023-03-03,Financials,-0.048049999999999995,5
2023-03-03,Healthcare,0.0722,3
2023-03-03,Industrials,0.026162499999999995,4
2023-03-03,Materials,0.04081,4
2023-03-03,RealEstate,0.0704,1
2023-03-03,Tech,0.10263066666666665,5
2023-03-03,Utilities,-0.11213333333333332,3
2023-03-06,Comm,0.11872,5
2023-03-06,Consumer,-0.04813383333333333,5
2023-03-06,Energy,0.05104177777777778,5
2023-03-06,Financials,-0.011079761904761898,3
2023-03-06,Healthcare,0.021896,5
2023-03-06,Industrials,0.2175416666666667,4
2023-03-06,Materials,0.05233750000000001,4
2023-03-06,RealEstate,-0.034640000000000004,5
2023-03-06,Tech,0.019194153846153854,5
2023-03-06,Utilities,0.11585416666666667,4
2023-03-07,Comm,0.27165,4
2023-03-07,Consumer,0.12924933333333335,5
2023-03-07,Energy,0.08072333333333334,5
2023-03-07,Financials,0.04297666666666667,5
2023-03-07,Healthcare,0.17177499999999998,4
2023-03-07,Industrials,0.34058333333333335,2
2023-03-07,Materials,0.07394999999999999,4
2023-03-07,RealEstate,0.10477500000000001,2
2023-03-07,Tech,0.08492277777777776,5
2023-03-07,Utilities,0.12482333333333333,5
2023-03-08,Comm,-0.203325,2
2023-03-08,Consumer,0.10688333333333336,5
2023-03-08,Energy,0.10141,5
2023-03-08,Financials,0.1080915873015873,5
2023-03-08,Healthcare,0.041240000000000006,5
2023-03-08,Industrials,0.13115,4
2023-03-08,Materials,0.05825833333333334,4
2023-03-08,RealEstate,0.2265625,4
2023-03-08,Tech,0.03609333333333333,5
2023-03-08,Utilities,-0.068275,2
2023-03-09,Comm,-0.013066666666666671,4
2023-03-09,Consumer,0.12281800000000001,5
2023-03-09,Energy,0.06640850000000001,5
2023-03-09,Financials,0.07238166666666666,5
2023-03-09,Healthcare,0.06916333333333333,5
2023-03-09,Industrials,-0.004956250000000001,4
2023-03-09,Materials,-0.03462777777777778,3
2023-03-09,RealEstate,0.0493375,4
2023-03-09,Tech,0.07120878787878789,5
2023-03-09,Utilities,0.0811,2
2023-03-10,Comm,0.03317333333333334,3
2023-03-10,Consumer,0.029835666666666667,5
2023-03-10,Energy,0.05336666666666666,4
2023-03-10,Financials,-0.054468666666666665,5
2023-03-10,Healthcare,0.1331375,4
2023-03-10,Industrials,0.034842261904761904,4
2023-03-10,Materials,-0.0783375,4
2023-03-10,RealEstate,0.060719999999999996,5
2023-03-10,Tech,0.022819375000000003,4
2023-03-10,Utilities,-0.03708750000000001,4
2023-03-13,Comm,0.06689444444444444,3
2023-03-13,Consumer,0.05273619047619047,5
2023-03-13,Energy,0.06364416666666667,5
2023-03-13,Financials,-0.05205286363636363,5
2023-03-13,Healthcare,0.10549738095238095,5
2023-03-13,Industrials,0.006340000000000012,4
2023-03-13,Materials,0.06287999999999998,5
2023-03-13,RealEstate,0.069565,5
2023-03-13,Tech,0.028566666666666667,5
2023-03-13,Utilities,0.059925,2
2023-03-14,Comm,0.0038666666666666663,1
2023-03-14,Consumer,0.1615575,5
2023-03-14,Energy,0.09894666666666667,5
2023-03-14,Financials,0.2435892857142857,5
2023-03-14,Healthcare,-0.008584999999999999,5
2023-03-14,Industrials,0.20939583333333334,2
2023-03-14,Materials,0.08555625,4
2023-03-14,RealEstate,0.07645333333333335,5
2023-03-14,Tech,0.09343229166666667,4
2023-03-14,Utilities,-0.08842222222222222,3
2023-03-15,Comm,0.12963611111111112,3
2023-03-15,Consumer,0.06912833333333333,5
2023-03-15,Energy,0.04474892857142858,5
2023-03-15,Financials,-0.066963,5
2023-03-15,Healthcare,0.120852,5
2023-03-15,Industrials,-0.07790833333333333,4
2023-03-15,Materials,0.03200363636363636,5
2023-03-15,RealEstate,-0.07515749999999999,4
2023-03-15,Tech,0.07203352380952381,5
2023-03-15,Utilities,0.06106458333333333,4
2023-03-16,Comm,0.08076928571428571,4
2023-03-16,Consumer,-0.068435,5
2023-03-16,Energy,-0.024301000000000003,5
2023-03-16,Financials,-0.14348527777777778,5
2023-03-16,Healthcare,0.13715333333333332,5
2023-03-16,Industrials,0.17965833333333334,3
2023-03-16,Materials,0.15726666666666667,3
2023-03-16,RealEstate,0.22307500000000002,4
2023-03-16,Tech,0.03884356818181818,5
2023-03-16,Utilities,0.033449999999999994,5
2023-03-17,Comm,0.01825,2
2023-03-17,Consumer,-0.03482400000000001,5
2023-03-17,Energy,0.032108333333333336,4
2023-03-17,Financials,-0.04562942857142857,5
2023-03-17,Healthcare,-0.02099166666666666,3
2023-03-17,Industrials,0.16432222222222223,3
2023-03-17,Materials,0.05489404761904762,3
2023-03-17,RealEstate,0.13372499999999998,4
2023-03-17,Tech,0.03532125,5
2023-03-17,Utilities,0.01493125,4
2023-03-20,Comm,0.074002,5
2023-03-20,Consumer,0.05890698412698412,5
2023-03-20,Energy,0.06331133333333333,5
2023-03-20,Financials,-0.08434447619047618,5
2023-03-20,Healthcare,0.04911966666666667,5
2023-03-20,Industrials,0.041943749999999995,4
2023-03-20,Materials,0.10405000000000002,3
2023-03-20,RealEstate,0.162275,4
2023-03-20,Tech,0.029568666666666667,5
2023-03-20,Utilities,0.11135416666666667,4
2023-03-21,Comm,0.07568400000000002,5
2023-03-21,Consumer,0.1704027777777778,4
2023-03-21,Energy,-0.020669166666666662,4
2023-03-21,Financials,0.057682380952380964,5
2023-03-21,Healthcare,0.14036666666666667,5
2023-03-21,Industrials,0.41828333333333334,3
2023-03-21,Materials,0.1487725,4
2023-03-21,RealEstate,0.33735833333333337,4
2023-03-21,Tech,0.09304028571428571,5
2023-03-21,Utilities,-0.11281250000000001,4
2023-03-22,Comm,0.12071666666666665,3
2023-03-22,Consumer,0.045471538461538466,5
2023-03-22,Energy,0.16395283333333335,5
2023-03-22,Financials,0.11108928571428574,5
2023-03-22,Healthcare,0.014897999999999998,5
2023-03-22,Industrials,0.16746666666666665,3
2023-03-22,Materials,0.12401666666666666,4
2023-03-22,RealEstate,0.13460000000000003,3
2023-03-22,Tech,0.034421518796992484,5
2023-03-22,Utilities,0.007174999999999999,4
2023-03-23,Comm,0.2638125,4
2023-03-23,Consumer,0.04752800000000001,5
2023-03-23,Energy,-0.0008343333333333314,5
2023-03-23,Financials,0.041936666666666664,5
2023-03-23,Healthcare,0.08105,3
2023-03-23,Industrials,0.0674,3
2023-03-23,Materials,0.03135416666666667,4
2023-03-23,RealEstate,-0.010200000000000015,4
2023-03-23,Tech,0.09698761904761904,5
2023-03-23,Utilities,0.10030625,4
2023-03-24,Comm,0.18610000000000002,2
2023-03-24,Consumer,0.04470266666666667,5
2023-03-24,Energy,0.072556,5
2023-03-24,Financials,-0.030031818181818194,5
2023-03-24,Healthcare,0.12563083333333336,4
2023-03-24,Industrials,0.09436666666666667,4
2023-03-24,Materials,0.009,1
2023-03-24,RealEstate,0.17145,2
2023-03-24,Tech,0.06406714285714286,5
2023-03-24,Utilities,0.0309,2
2023-03-27,Comm,0.14463809523809526,3
2023-03-27,Consumer,0.12885833333333335,5
2023-03-27,Energy,0.030017500000000003,5
2023-03-27,Financials,0.047565476190476186,5
2023-03-27,Healthcare,0.07812,5
2023-03-27,Industrials,0.1526111111111111,4
2023-03-27,Materials,0.05888333333333334,2
2023-03-27,RealEstate,0.1156,3
2023-03-27,Tech,0.10471917948717949,5
2023-03-27,Utilities,0.03475,4
2023-03-28,Comm,0.08000416666666667,4
2023-03-28,Consumer,0.147588,5
2023-03-28,Energy,0.12492666666666667,5
2023-03-28,Financials,0.08715666666666667,5
2023-03-28,Healthcare,0.07075333333333335,5
2023-03-28,Industrials,0.1057875,2
2023-03-28,Materials,0.386625,2
2023-03-28,RealEstate,0.1547,2
2023-03-28,Tech,0.0735511111111111,5
2023-03-28,Utilities,0.21726875,4
2023-03-29,Comm,0.058850000000000006,4
2023-03-29,Consumer,0.09776133333333334,5
2023-03-29,Energy,0.029091222222222223,5
2023-03-29,Financials,0.1320045,5
2023-03-29,Healthcare,0.05374500000000001,5
2023-03-29,Industrials,0.07069583333333333,4
2023-03-29,Materials,0.08983333333333333,3
2023-03-29,RealEstate,0.1265888888888889,3
2023-03-29,Tech,0.10495999999999998,5
2023-03-29,Utilities,0.03175833333333333,4
2023-03-30,Comm,0.15470833333333334,4
2023-03-30,Consumer,0.040354102564102566,5
2023-03-30,Energy,0.02185466666666666,5
2023-03-30,Financials,0.09479107142857143,4
2023-03-30,Healthcare,0.04864166666666667,4
2023-03-30,Industrials,0.36027222222222227,3
2023-03-30,Materials,0.18655555555555556,3
2023-03-30,RealEstate,0.012055555555555555,3
2023-03-30,Tech,0.09517666666666666,5
2023-03-30,Utilities,0.2553125,4
2023-03-31,Comm,0.23312,3
2023-03-31,Consumer,0.05667035714285715,4
2023-03-31,Energy,0.030812000000000006,5
2023-03-31,Financials,0.05694266666666666,5
2023-03-31,Healthcare,0.03878750000000001,4
2023-03-31,Industrials,0.12882222222222223,3
2023-03-31,Materials,-0.04208333333333333,3
2023-03-31,RealEstate,0.07106666666666667,3
2023-03-31,Tech,0.09021300000000002,5
2023-03-31,Utilities,0.02015277777777778,3
2023-04-03,Comm,0.09303779761904762,4
2023-04-03,Consumer,0.09433397493734336,5
2023-04-03,Energy,-0.08666087719298246,5
2023-04-03,Financials,0.026657380952380953,5
2023-04-03,Healthcare,-0.02711199999999999,5
2023-04-03,Industrials,0.13449166666666668,4
2023-04-03,Materials,-0.040725000000000004,4
2023-04-03,RealEstate,0.1510175,4
2023-04-03,Tech,0.1374478181818182,5
2023-04-03,Utilities,0.1558625,4
2023-04-04,Comm,0.05649,5
2023-04-04,Consumer,0.09481666666666666,5
2023-04-04,Energy,0.26662549206349206,5
2023-04-04,Financials,0.04751211111111112,5
2023-04-04,Healthcare,0.2768069444444444,4
2023-04-04,Industrials,0.07331964285714285,4
2023-04-04,Materials,0.008944444444444444,3
2023-04-04,RealEstate,0.20938125000000002,4
2023-04-04,Tech,0.03910138311688312,5
2023-04-04,Utilities,0.191425,4
2023-04-05,Comm,0.0187125,2
2023-04-05,Consumer,0.048834523809523814,5
2023-04-05,Energy,0.014769523809523812,5
2023-04-05,Financials,0.031463000000000005,5
2023-04-05,Healthcare,0.08471000000000001,5
2023-04-05,Industrials,-0.010011111111111099,3
2023-04-05,Materials,0.23063333333333336,3
2023-04-05,RealEstate,0.09189999999999998,1
2023-04-05,Tech,-0.029307894736842113,4
2023-04-05,Utilities,0.08735,2
2023-04-06,Comm,0.04088,5
2023-04-06,Consumer,0.059865888888888885,5
2023-04-06,Energy,0.05697461538461539,4
2023-04-06,Financials,-0.012189999999999993,5
2023-04-06,Healthcare,0.08066166666666666,5
2023-04-06,Industrials,0.1324875,4
2023-04-06,Materials,0.1177,4
2023-04-06,RealEstate,0.0518375,4
2023-04-06,Tech,0.12131230769230769,5
2023-04-06,Utilities,0.23539166666666667,4
2023-04-10,Comm,0.06466333333333334,5
2023-04-10,Consumer,0.07265992673992674,5
2023-04-10,Energy,0.06352420666290232,5
2023-04-10,Financials,0.05669891233766235,4
2023-04-10,Healthcare,0.10324293939393939,5
2023-04-10,Industrials,0.15304437499999998,4
2023-04-10,Materials,0.1895857142857143,4
2023-04-10,RealEstate,0.0630397619047619,5
2023-04-10,Tech,0.11417663639868902,5
2023-04-10,Utilities,0.17362,3
2023-04-11,Comm,-0.01615625,4
2023-04-11,Consumer,0.0505775,4
2023-04-11,Energy,0.12048541666666666,4
2023-04-11,Financials,0.046785769230769235,5
2023-04-11,Healthcare,-0.0008966666666666678,5
2023-04-11,Industrials,-0.020795833333333333,4
2023-04-11,Materials,0.03225833333333333,4
2023-04-11,RealEstate,0.27825,4
2023-04-11,Tech,0.027017000000000003,5
2023-04-11,Utilities,0.04626,5
2023-04-12,Comm,0.11609333333333334,5
2023-04-12,Consumer,0.03806380952380952,5
2023-04-12,Energy,0.05460666666666667,5
2023-04-12,Financials,0.10079619047619048,5
2023-04-12,Healthcare,0.038698,5
2023-04-12,Industrials,0.06794583333333333,4
2023-04-12,Materials,0.0,1
2023-04-12,RealEstate,0.21407500000000002,2
2023-04-12,Tech,0.11352133333333334,5
2023-04-12,Utilities,0.1884,3
2023-04-13,Comm,0.09497619047619048,5
2023-04-13,Consumer,-0.049477999999999994,5
2023-04-13,Energy,0.07982125000000001,4
2023-04-13,Financials,-0.007015779448621549,5
2023-04-13,Healthcare,-0.1550767857142857,4
2023-04-13,Industrials,0.08241666666666668,3
2023-04-13,Materials,-0.0880875,4
2023-04-13,RealEstate,0.003875,2
2023-04-13,Tech,0.03959777777777778,5
2023-04-13,Utilities,0.028635,4
2023-04-14,Comm,0.033758333333333335,2
2023-04-14,Consumer,0.07736099999999999,5
2023-04-14,Energy,0.155235,5
2023-04-14,Financials,0.014513050505050504,5
2023-04-14,Healthcare,0.004556666666666665,5
2023-04-14,Industrials,0.11514375000000002,4
2023-04-14,Materials,0.08255,1
2023-04-14,RealEstate,-0.061950000000000005,3
2023-04-14,Tech,0.14189666666666667,5
2023-04-14,Utilities,0.01283,5
2023-04-17,Comm,0.029304444444444445,5
2023-04-17,Consumer,0.005493655462184876,5
2023-04-17,Energy,0.04836566666666666,5
2023-04-17,Financials,0.06384844210526316,5
2023-04-17,Healthcare,0.11637785714285716,5
2023-04-17,Industrials,0.10956541666666667,4
2023-04-17,Materials,0.20604999999999998,2
2023-04-17,RealEstate,0.0334875,4
2023-04-17,Tech,0.07609666666666666,5
2023-04-17,Utilities,0.14305,4
2023-04-18,Comm,0.11035357142857144,4
2023-04-18,Consumer,0.072245,5
2023-04-18,Energy,0.06758858585858586,5
2023-04-18,Financials,0.1586770476190476,5
2023-04-18,Healthcare,0.11293,5
2023-04-18,Industrials,0.13790416666666666,4
2023-04-18,Materials,0.051775000000000015,4
2023-04-18,RealEstate,0.150325,5
2023-04-18,Tech,0.1580327380952381,5
2023-04-18,Utilities,0.06691266666666666,5
2023-04-19,Comm,0.03838222222222221,3
2023-04-19,Consumer,0.06895666666666667,5
2023-04-19,Energy,0.13531016666666668,5
2023-04-19,Financials,0.16517938515406164,5
2023-04-19,Healthcare,0.09870223529411765,5
2023-04-19,Industrials,0.09061041666666667,4
2023-04-19,Materials,-0.02153888888888889,3
2023-04-19,RealEstate,-0.001243333333333315,4
2023-04-19,Tech,0.119882,5
2023-04-19,Utilities,0.2,5
2023-04-20,Comm,-0.0867880341880342,3
2023-04-20,Consumer,0.11266044444444445,5
2023-04-20,Energy,0.0099325,5
2023-04-20,Financials,0.06179904761904762,5
2023-04-20,Healthcare,0.2059975,4
2023-04-20,Industrials,0.07254000000000002,4
2023-04-20,Materials,0.06340885714285714,5
2023-04-20,RealEstate,0.03709583333333333,4
2023-04-20,Tech,-0.013227888888888905,5
2023-04-20,Utilities,0.01940666666666667,5
2023-04-21,Comm,0.19502045454545452,5
2023-04-21,Consumer,0.16006628571428572,5
2023-04-21,Energy,0.138348358974359,5
2023-04-21,Financials,0.09935,4
2023-04-21,Healthcare,0.16170600000000002,5
2023-04-21,Industrials,0.08733333333333333,3
2023-04-21,Materials,0.16222916666666667,4
2023-04-21,RealEstate,0.048749999999999995,3
2023-04-21,Tech,0.07883819047619048,5
2023-04-21,Utilities,0.06664444444444445,3
2023-04-24,Comm,0.004606385281385288,4
2023-04-24,Consumer,0.092206,5
2023-04-24,Energy,0.12433424242424243,5
2023-04-24,Financials,0.07692003896103897,5
2023-04-24,Healthcare,0.103559,5
2023-04-24,Industrials,0.1422510416666667,4
2023-04-24,Materials,0.01085,5
2023-04-24,RealEstate,0.06840333333333333,5
2023-04-24,Tech,0.11162022222222223,5
2023-04-24,Utilities,0.011071153846153847,4
2023-04-25,Comm,-0.00046666666666666384,4
2023-04-25,Consumer,0.063809,5
2023-04-25,Energy,0.07950267857142856,4
2023-04-25,Financials,0.01893045454545455,5
2023-04-25,Healthcare,0.23946357142857141,5
2023-04-25,Industrials,0.020682829670329667,4
2023-04-25,Materials,0.11416476190476191,5
2023-04-25,RealEstate,0.06988,5
2023-04-25,Tech,0.17040904761904763,5
2023-04-25,Utilities,0.03491714285714286,5
2023-04-26,Comm,0.05710611111111112,5
2023-04-26,Consumer,0.061656623376623386,5
2023-04-26,Energy,0.13219,4
2023-04-26,Financials,0.19883488888888892,5
2023-04-26,Healthcare,0.0938525,5
2023-04-26,Industrials,0.15564486607142858,4
2023-04-26,Materials,-0.06844875,4
2023-04-26,RealEstate,0.04766666666666667,3
2023-04-26,Tech,0.09292233333333334,5
2023-04-26,Utilities,0.1611654761904762,4
2023-04-27,Comm,0.1643531746031746,5
2023-04-27,Consumer,0.002510000000000001,5
2023-04-27,Energy,0.039357333333333334,5
2023-04-27,Financials,0.14356083333333333,4
2023-04-27,Healthcare,0.07248172619047619,5
2023-04-27,Industrials,0.0579625,4
2023-04-27,Materials,0.06790666666666667,5
2023-04-27,RealEstate,-0.0010124999999999995,2
2023-04-27,Tech,0.0893542857142857,5
2023-04-27,Utilities,-0.026182666666666653,5
2023-04-28,Comm,0.12959944444444446,3
2023-04-28,Consumer,0.07442066666666666,5
2023-04-28,Energy,0.25274254643206256,4
2023-04-28,Financials,-0.05870119047619049,5
2023-04-28,Healthcare,0.052879047619047624,5
2023-04-28,Industrials,0.0034895833333333367,4
2023-04-28,Materials,0.051074999999999995,4
2023-04-28,RealEstate,0.5286666666666667,3
2023-04-28,Tech,0.024914642857142854,5
2023-04-28,Utilities,0.08163333333333332,5
2023-05-01,Comm,-0.107985,5
2023-05-01,Consumer,0.0384562380952381,5
2023-05-01,Energy,0.07081726315789474,5
2023-05-01,Financials,-0.012427999999999998,5
2023-05-01,Healthcare,0.06076380952380953,5
2023-05-01,Industrials,0.11468958333333332,4
2023-05-01,Materials,0.03591666666666667,3
2023-05-01,RealEstate,-0.057066666666666675,3
2023-05-01,Tech,0.1528403650793651,5
2023-05-01,Utilities,0.03077,5
2023-05-02,Comm,0.076545,5
2023-05-02,Consumer,0.002485666666666668,5
2023-05-02,Energy,0.055001468253968254,4
2023-05-02,Financials,0.019235809523809527,5
2023-05-02,Healthcare,0.030781333333333338,5
2023-05-02,Industrials,0.06965833333333334,4
2023-05-02,Materials,-0.01364,3
2023-05-02,RealEstate,0.07354133333333333,5
2023-05-02,Tech,0.0019475000000000048,5
2023-05-02,Utilities,0.07337916666666668,4
2023-05-03,Comm,-0.0029124999999999984,4
2023-05-03,Consumer,-0.028201562499999996,4
2023-05-03,Energy,0.08303214285714286,4
2023-05-03,Financials,0.061071428571428575,5
2023-05-03,Healthcare,-0.020531249999999994,4
2023-05-03,Industrials,0.0916625,4
2023-05-03,Materials,-0.28154999999999997,2
2023-05-03,RealEstate,0.05243333333333333,3
2023-05-03,Tech,0.07677658297584769,5
2023-05-03,Utilities,0.27069,5
2023-05-04,Comm,0.00669,5
2023-05-04,Consumer,-0.014633047619047618,5
2023-05-04,Energy,0.1271891666666667,4
2023-05-04,Financials,0.06479333333333333,5
2023-05-04,Healthcare,0.031336666666666665,5
2023-05-04,Industrials,0.3211583333333333,4
2023-05-04,Materials,0.006322916666666668,4
2023-05-04,RealEstate,0.03499583333333334,4
2023-05-04,Tech,0.016275388888888888,5
2023-05-04,Utilities,0.04653666666666667,3
2023-05-05,Comm,0.1562,3
2023-05-05,Consumer,0.011351333333333335,5
2023-05-05,Energy,0.04179125,4
2023-05-05,Financials,0.10319166666666667,4
2023-05-05,Healthcare,0.01162,5
2023-05-05,Industrials,-0.23270000000000002,4
2023-05-05,Materials,-0.1054,2
2023-05-05,RealEstate,0.08043999999999998,5
2023-05-05,Tech,0.03704095238095238,5
2023-05-05,Utilities,0.09300833333333333,4
2023-05-08,Comm,0.05247166666666667,5
2023-05-08,Consumer,0.03957904761904761,5
2023-05-08,Energy,0.07002620728291317,5
2023-05-08,Financials,0.024768333333333333,5
2023-05-08,Healthcare,0.08074791666666667,4
2023-05-08,Industrials,0.11247916666666667,4
2023-05-08,Materials,0.2989625,2
2023-05-08,RealEstate,0.06284333333333333,5
2023-05-08,Tech,0.104214,5
2023-05-08,Utilities,0.14733333333333332,4
2023-05-09,Comm,0.04017,5
2023-05-09,Consumer,0.005147666666666666,5
2023-05-09,Energy,0.10445571428571428,5
2023-05-09,Financials,-0.13777500000000004,5
2023-05-09,Healthcare,0.044962499999999996,4
2023-05-09,Industrials,0.17415000000000003,3
2023-05-09,Materials,-0.0039,1
2023-05-09,RealEstate,0.0232,1
2023-05-09,Tech,-0.052990683760683756,4
2023-05-09,Utilities,0.026470238095238092,4
2023-05-10,Comm,0.13032000000000002,5
2023-05-10,Consumer,-0.03697979487179488,5
2023-05-10,Energy,0.08189833333333334,4
2023-05-10,Financials,-0.003994285714285715,5
2023-05-10,Healthcare,0.05750166666666667,5
2023-05-10,Industrials,0.0013722222222222191,3
2023-05-10,Materials,0.0129,1
2023-05-10,RealEstate,0.1551833333333333,4
2023-05-10,Tech,0.11173,4
2023-05-10,Utilities,0.10499333333333334,5
2023-05-11,Comm,0.12679047619047618,5
2023-05-11,Consumer,0.09853666666666666,4
2023-05-11,Energy,0.16355833333333333,5
2023-05-11,Financials,-0.059863333333333324,5
2023-05-11,Healthcare,0.1205,3
2023-05-11,Industrials,0.04928888888888888,3
2023-05-11,Materials,0.07077,5
2023-05-11,RealEstate,0.08526,5
2023-05-11,Tech,-0.007965625,4
2023-05-11,Utilities,0.15395416666666667,4
2023-05-12,Comm,0.11263125000000002,4
2023-05-12,Consumer,0.047502863636363635,5
2023-05-12,Energy,-0.00422249999999999,4
2023-05-12,Financials,-0.006113333333333332,5
2023-05-12,Healthcare,0.06626666666666667,3
2023-05-12,Industrials,0.09362222222222222,3
2023-05-12,Materials,0.0,3
2023-05-12,RealEstate,0.40395000000000003,1
2023-05-12,Tech,0.09525416666666667,4
2023-05-12,Utilities,0.03404375,4
2023-05-15,Comm,0.06603,5
2023-05-15,Consumer,0.01785141025641026,5
2023-05-15,Energy,0.08928497979797981,5
2023-05-15,Financials,-0.03556276190476191,5
2023-05-15,Healthcare,0.06962285714285714,5
2023-05-15,Industrials,0.05872708333333333,4
2023-05-15,Materials,0.16637142857142856,4
2023-05-15,RealEstate,0.13511250000000002,4
2023-05-15,Tech,0.1329216233766234,5
2023-05-15,Utilities,0.05331666666666666,4
2023-05-16,Comm,-0.02275,4
2023-05-16,Consumer,0.059545757575757564,5
2023-05-16,Energy,0.026120833333333333,4
2023-05-16,Financials,-0.08696580952380951,5
2023-05-16,Healthcare,0.06629583333333335,5
2023-05-16,Industrials,-0.016422222222222223,3
2023-05-16,Materials,0.1252777777777778,3
2023-05-16,RealEstate,0.019375,1
2023-05-16,Tech,0.013090666666666667,5
2023-05-16,Utilities,0.0850625,4
2023-05-17,Comm,0.08092916666666666,4
2023-05-17,Consumer,0.11634659090909091,4
2023-05-17,Energy,-0.025944000000000012,5
2023-05-17,Financials,0.08240249999999999,5
2023-05-17,Healthcare,-0.1032861111111111,5
2023-05-17,Industrials,0.049279166666666666,4
2023-05-17,Materials,0.0070999999999999995,1
2023-05-17,RealEstate,0.25483333333333336,3
2023-05-17,Tech,0.030305787878787883,5
2023-05-17,Utilities,0.060024999999999995,2
2023-05-18,Comm,0.016046666666666667,5
2023-05-18,Consumer,0.09165340277777777,5
2023-05-18,Energy,0.09053375000000001,4
2023-05-18,Financials,0.11013900000000001,5
2023-05-18,Healthcare,0.10463833333333332,5
2023-05-18,Industrials,0.06346666666666666,3
2023-05-18,Materials,0.047723749999999995,4
2023-05-18,RealEstate,-0.0011916666666666694,4
2023-05-18,Tech,0.20143333333333333,4
2023-05-18,Utilities,0.0146,3
2023-05-19,Comm,0.038775,5
2023-05-19,Consumer,0.012942493715434888,5
2023-05-19,Energy,0.09141583333333334,5
2023-05-19,Financials,0.035833974358974355,5
2023-05-19,Healthcare,0.03961833333333333,5
2023-05-19,Industrials,0.08171250000000001,4
2023-05-19,Materials,0.12513333333333335,1
2023-05-19,RealEstate,0.006733333333333332,3
2023-05-19,Tech,0.01943343137254902,5
2023-05-19,Utilities,0.004175,2
2023-05-22,Comm,0.007943571428571439,4
2023-05-22,Consumer,0.054868207070707074,5
2023-05-22,Energy,0.08405888888888889,4
2023-05-22,Financials,0.06604314285714286,5
2023-05-22,Healthcare,0.09970333333333334,5
2023-05-22,Industrials,0.08326369047619048,4
2023-05-22,Materials,0.09580999999999999,3
2023-05-22,RealEstate,0.013106250000000003,4
2023-05-22,Tech,0.024136897435897437,5
2023-05-22,Utilities,0.06405,5
2023-05-23,Comm,0.04157916666666667,4
2023-05-23,Consumer,-0.027137142857142853,5
2023-05-23,Energy,-0.09773392857142857,4
2023-05-23,Financials,0.12855933333333333,5
2023-05-23,Healthcare,0.1616625,4
2023-05-23,Industrials,0.21407500000000002,2
2023-05-23,Materials,0.052386666666666665,3
2023-05-23,RealEstate,0.024325,4
2023-05-23,Tech,0.13241542857142857,5
2023-05-23,Utilities,-0.3464,1
2023-05-24,Comm,0.040454166666666666,4
2023-05-24,Consumer,-0.011415333333333336,5
2023-05-24,Energy,-0.007462500000000004,4
2023-05-24,Financials,-0.05785733333333334,5
2023-05-24,Healthcare,-0.027610000000000003,5
2023-05-24,Industrials,-0.05837698412698413,3
2023-05-24,Materials,0.00675,4
2023-05-24,RealEstate,0.4224,2
2023-05-24,Tech,0.04517855555555556,5
2023-05-24,Utilities,0.15007500000000001,4
2023-05-25,Comm,0.0817,1
2023-05-25,Consumer,-0.055706250000000006,4
2023-05-25,Energy,-0.04575211111111112,5
2023-05-25,Financials,-0.04180166666666667,5
2023-05-25,Healthcare,0.08535833333333333,5
2023-05-25,Industrials,0.024275000000000005,4
2023-05-25,Materials,0.007558666666666663,5
2023-05-25,RealEstate,0.051935,4
2023-05-25,Tech,0.18250985893539087,5
2023-05-25,Utilities,0.23423333333333338,3
2023-05-26,Comm,0.09204333333333334,5
2023-05-26,Consumer,0.0529375,4
2023-05-26,Energy,0.04702777777777778,5
2023-05-26,Financials,0.09057000000000001,5
2023-05-26,Healthcare,0.15394666666666665,5
2023-05-26,Industrials,0.014883333333333332,2
2023-05-26,Materials,0.011555555555555574,3
2023-05-26,RealEstate,0.01095,1
2023-05-26,Tech,0.03601081300813008,5
2023-05-26,Utilities,0.009883333333333334,3
2023-05-30,Comm,-0.016356249999999996,4
2023-05-30,Consumer,0.020601948051948052,5
2023-05-30,Energy,0.08714785714285714,5
2023-05-30,Financials,0.027225238095238097,5
2023-05-30,Healthcare,0.1425975,5
2023-05-30,Industrials,0.04832708333333334,4
2023-05-30,Materials,0.032900000000000006,3
2023-05-30,RealEstate,0.12538,5
2023-05-30,Tech,0.09513927445507708,5
2023-05-30,Utilities,0.04861833333333333,4
2023-05-31,Comm,-0.015931249999999997,4
2023-05-31,Consumer,0.07213238095238096,5
2023-05-31,Energy,0.13363999999999998,4
2023-05-31,Financials,0.08333533333333333,5
2023-05-31,Healthcare,0.05762666666666667,5
2023-05-31,Industrials,0.10162083333333333,4
2023-05-31,Materials,0.13343333333333332,3
2023-05-31,RealEstate,0.1888625,4
2023-05-31,Tech,0.024845372352285393,5
2023-05-31,Utilities,0.13683333333333333,1
2023-06-01,Comm,0.04095625,4
2023-06-01,Consumer,0.0505697619047619,5
2023-06-01,Energy,0.11983249999999998,5
2023-06-01,Financials,-0.004669350649350645,5
2023-06-01,Healthcare,-0.039825238095238094,5
2023-06-01,Industrials,0.11973333333333333,4
2023-06-01,Materials,-0.040119999999999996,5
2023-06-01,RealEstate,0.021933333333333332,4
2023-06-01,Tech,0.09946219219219218,5
2023-06-01,Utilities,0.08254666666666666,5
2023-06-02,Comm,0.0024660256410256416,4
2023-06-02,Consumer,0.008303333333333336,4
2023-06-02,Energy,-0.007180555555555553,4
2023-06-02,Financials,-0.05745535714285714,5
2023-06-02,Healthcare,0.1407607142857143,4
2023-06-02,Industrials,0.15524583333333333,3
2023-06-02,Materials,0.18008214285714289,2
2023-06-02,RealEstate,-0.09335,4
2023-06-02,Tech,0.09559257142857143,5
2023-06-02,Utilities,0.005566666666666667,3
2023-06-05,Comm,0.09699583333333334,4
2023-06-05,Consumer,0.07900292307692308,5
2023-06-05,Energy,0.05840288888888889,5
2023-06-05,Financials,0.0037157777777777788,5
2023-06-05,Healthcare,0.019952666666666667,5
2023-06-05,Industrials,0.15925607142857146,4
2023-06-05,Materials,0.19804444444444444,3
2023-06-05,RealEstate,0.01002222222222222,3
2023-06-05,Tech,0.011451699134199135,5
2023-06-05,Utilities,0.035460000000000005,5
2023-06-06,Comm,0.0534525,2
2023-06-06,Consumer,0.11133166666666668,5
2023-06-06,Energy,-0.009601111111111116,5
2023-06-06,Financials,0.21441533333333332,5
2023-06-06,Healthcare,0.03431904761904762,5
2023-06-06,Industrials,0.40396666666666664,3
2023-06-06,Materials,0.06369999999999999,3
2023-06-06,RealEstate,0.14666666666666664,3
2023-06-06,Tech,0.048520857142857136,5
2023-06-07,Comm,0.2632633333333333,4
2023-06-07,Consumer,0.04067833333333334,5
2023-06-07,Energy,0.093975,4
2023-06-07,Financials,0.01873916666666667,5
2023-06-07,Healthcare,0.185295,5
2023-06-07,Industrials,0.18905,4
2023-06-07,Materials,-0.040400000000000005,2
2023-06-07,RealEstate,0.0271,1
2023-06-07,Tech,0.06672644444444445,5
2023-06-07,Utilities,0.19930000000000003,3
2023-06-08,Comm,-0.006269444444444443,3
2023-06-08,Consumer,0.056457,5
2023-06-08,Energy,0.15572619047619046,5
2023-06-08,Financials,0.11369666666666667,5
2023-06-08,Healthcare,0.162638,5
2023-06-08,Industrials,0.15605833333333333,4
2023-06-08,Materials,0.03268611111111111,3
2023-06-08,RealEstate,0.0456,5
2023-06-08,Tech,0.08707159307359308,5
2023-06-08,Utilities,0.05948,4
2023-06-09,Comm,0.16075,4
2023-06-09,Consumer,0.05814647619047619,5
2023-06-09,Energy,0.04163857142857143,4
2023-06-09,Financials,0.01739034090909091,4
2023-06-09,Healthcare,0.02938833333333334,5
2023-06-09,Industrials,0.017386111111111116,3
2023-06-09,Materials,0.17195000000000002,2
2023-06-09,RealEstate,0.01765,3
2023-06-09,Tech,0.06681391228070176,5
2023-06-09,Utilities,0.00848125,4
2023-06-12,Comm,0.03009444444444444,3
2023-06-12,Consumer,0.07430922222222222,5
2023-06-12,Energy,0.0557575,5
2023-06-12,Financials,0.042710000000000005,5
2023-06-12,Healthcare,0.15570199999999998,5
2023-06-12,Industrials,0.08665416666666667,4
2023-06-12,Materials,-0.0034499999999999947,2
2023-06-12,RealEstate,0.16062500000000002,4
2023-06-12,Tech,0.10288622222222221,5
2023-06-12,Utilities,0.09326666666666666,4
2023-06-13,Comm,-0.007624999999999996,4
2023-06-13,Consumer,0.06631666666666668,5
2023-06-13,Energy,0.11348333333333334,5
2023-06-13,Financials,0.20371060606060606,5
2023-06-13,Healthcare,0.10639166666666669,4
2023-06-13,Industrials,0.039733333333333336,4
2023-06-13,Materials,0.35022916666666665,4
2023-06-13,RealEstate,0.018266666666666667,3
2023-06-13,Tech,0.14001047619047619,5
2023-06-13,Utilities,0.05848166666666666,4
2023-06-14,Comm,0.08841666666666666,3
2023-06-14,Consumer,0.09385361111111112,5
2023-06-14,Energy,-0.018801666666666668,5
2023-06-14,Financials,0.016625555555555553,5
2023-06-14,Healthcare,0.1079,3
2023-06-14,Industrials,0.17302833333333334,3
2023-06-14,Materials,0.22196666666666665,3
2023-06-14,RealEstate,0.217775,1
2023-06-14,Tech,0.08612469703670941,5
2023-06-14,Utilities,0.25819583333333335,2
2023-06-15,Comm,0.02218166666666667,3
2023-06-15,Consumer,0.04454190476190476,5
2023-06-15,Energy,0.025203333333333335,5
2023-06-15,Financials,0.13594166666666668,5
2023-06-15,Healthcare,0.059411111111111116,3
2023-06-15,Industrials,0.14218124999999998,4
2023-06-15,Materials,0.06224,5
2023-06-15,RealEstate,0.013037499999999999,4
2023-06-15,Tech,0.05458494868035191,5
2023-06-15,Utilities,-0.05541666666666666,3
2023-06-16,Comm,0.08273,5
2023-06-16,Consumer,0.06707666666666667,5
2023-06-16,Energy,0.035436666666666665,5
2023-06-16,Financials,0.07315809523809524,5
2023-06-16,Healthcare,0.06124333333333334,3
2023-06-16,Industrials,-0.010451785714285705,4
2023-06-16,Materials,0.1259,3
2023-06-16,RealEstate,0.1537666666666667,2
2023-06-16,Tech,0.1682658152173913,5
2023-06-16,Utilities,0.14948333333333333,3
2023-06-20,Comm,0.116693,5
2023-06-20,Consumer,0.0033417142857142925,5
2023-06-20,Energy,0.039035999999999994,5
2023-06-20,Financials,0.04675686363636363,5
2023-06-20,Healthcare,-0.0012128571428571433,5
2023-06-20,Industrials,0.09432128246753246,4
2023-06-20,Materials,0.05976666666666666,3
2023-06-20,RealEstate,0.005,3
2023-06-20,Tech,0.07287144503546099,5
2023-06-20,Utilities,0.0415375,2
2023-06-21,Comm,0.012033333333333333,3
2023-06-21,Consumer,0.10964219047619048,5
2023-06-21,Energy,0.100245,5
2023-06-21,Financials,0.035791666666666666,4
2023-06-21,Healthcare,0.040007333333333325,5
2023-06-21,Industrials,-0.08956154761904761,4
2023-06-21,Materials,0.0505625,4
2023-06-21,RealEstate,0.0,1
2023-06-21,Tech,-0.04734863333333334,5
2023-06-21,Utilities,0.050897222222222226,3
2023-06-22,Comm,0.077565,5
2023-06-22,Consumer,0.07400571428571427,5
2023-06-22,Energy,0.006599090909090913,5
2023-06-22,Financials,0.1250002976190476,4
2023-06-22,Healthcare,0.04693333333333334,5
2023-06-22,Industrials,0.07568333333333334,4
2023-06-22,Materials,0.01846666666666667,3
2023-06-22,RealEstate,0.046755000000000005,5
2023-06-22,Tech,0.10338238095238098,5
2023-06-22,Utilities,0.057025,4
2023-06-23,Comm,0.0561875,2
2023-06-23,Consumer,0.04709009523809523,5
2023-06-23,Energy,0.06575333333333333,5
2023-06-23,Financials,0.008766666666666664,5
2023-06-23,Healthcare,0.11910833333333333,5
2023-06-23,Industrials,0.051171666666666664,4
2023-06-23,Materials,0.00215,3
2023-06-23,RealEstate,0.09225666666666667,5
2023-06-23,Tech,0.09963277777777778,5
2023-06-23,Utilities,0.04367499999999999,2
2023-06-26,Comm,0.011501111111111111,5
2023-06-26,Consumer,0.007180476190476193,5
2023-06-26,Energy,0.04502266666666667,5
2023-06-26,Financials,0.04578157575757576,5
2023-06-26,Healthcare,0.081715,5
2023-06-26,Industrials,0.19525714285714288,3
2023-06-26,Materials,0.012275,2
2023-06-26,RealEstate,0.11005416666666668,4
2023-06-26,Tech,0.10300283982683985,5
2023-06-26,Utilities,0.17227333333333336,3
2023-06-27,Comm,0.105348,5
2023-06-27,Consumer,0.09345333333333335,5
2023-06-27,Energy,0.031006666666666672,5
2023-06-27,Financials,0.16776166666666667,4
2023-06-27,Healthcare,0.07843958333333333,4
2023-06-27,Industrials,0.0050277777777777794,3
2023-06-27,Materials,0.06954,5
2023-06-27,RealEstate,0.1009375,4
2023-06-27,Tech,0.08446722222222222,5
2023-06-27,Utilities,0.15001499999999998,5
2023-06-28,Comm,0.012418750000000006,4
2023-06-28,Consumer,0.08963866666666667,5
2023-06-28,Energy,0.12011166666666667,4
2023-06-28,Financials,0.04823918181818182,5
2023-06-28,Healthcare,0.00741,5
2023-06-28,Industrials,0.18078333333333332,3
2023-06-28,Materials,0.1468125,4
2023-06-28,RealEstate,0.10174166666666666,3
2023-06-28,Tech,-0.0477511591636484,5
2023-06-28,Utilities,0.030100000000000002,1
2023-06-29,Comm,0.04255119047619048,4
2023-06-29,Consumer,0.09391066666666667,5
2023-06-29,Energy,0.0714337121212121,4
2023-06-29,Financials,0.20359869463869465,5
2023-06-29,Healthcare,0.0637880357142857,4
2023-06-29,Industrials,0.07044583333333333,4
2023-06-29,Materials,0.04005666666666668,5
2023-06-29,RealEstate,0.0027937499999999994,4
2023-06-29,Tech,0.04060955357142858,5
2023-06-29,Utilities,0.1446,4
2023-06-30,Comm,0.012744444444444445,3
2023-06-30,Consumer,0.05381419413919414,5
2023-06-30,Energy,0.022427333333333334,5
2023-06-30,Financials,0.057620000000000005,5
2023-06-30,Healthcare,0.06480666666666667,5
2023-06-30,Industrials,0.09990416666666667,4
2023-06-30,Materials,-0.17609999999999998,2
2023-06-30,RealEstate,0.02065,2
2023-06-30,Tech,0.09682245161290323,5
2023-06-30,Utilities,0.08526333333333334,5
2023-07-03,Comm,0.09005111111111112,3
2023-07-03,Consumer,0.01317590476190476,5
2023-07-03,Energy,0.09278866666666667,5
2023-07-03,Financials,0.08868417893217893,5
2023-07-03,Healthcare,0.16004066666666666,5
2023-07-03,Industrials,0.16068708333333334,4
2023-07-03,Materials,0.12550000000000003,3
2023-07-03,RealEstate,0.065915,5
2023-07-03,Tech,0.2060433333333333,5
2023-07-03,Utilities,-0.0009833333333333343,3
2023-07-05,Comm,0.1787,4
2023-07-05,Consumer,0.09113109523809525,5
2023-07-05,Energy,0.022994230769230767,4
2023-07-05,Financials,0.06537472222222222,5
2023-07-05,Healthcare,0.13912333333333332,5
2023-07-05,Industrials,0.15855153846153847,4
2023-07-05,Materials,0.11097777777777777,3
2023-07-05,RealEstate,0.1432777777777778,3
2023-07-05,Tech,0.09100590476190476,5
2023-07-05,Utilities,0.23331666666666667,2
2023-07-06,Comm,0.10670666666666666,5
2023-07-06,Consumer,0.07493595238095238,5
2023-07-06,Energy,0.023068571428571428,5
2023-07-06,Financials,-0.07237738095238096,5
2023-07-06,Healthcare,0.09624027777777777,3
2023-07-06,Industrials,0.0539,4
2023-07-06,Materials,0.0296875,4
2023-07-06,RealEstate,0.01254,5
2023-07-06,Tech,0.02914693728493728,5
2023-07-06,Utilities,0.172756,5
2023-07-07,Comm,-0.01021416666666667,4
2023-07-07,Consumer,0.047736250000000015,4
2023-07-07,Energy,0.07317,5
2023-07-07,Financials,0.08062866666666667,5
2023-07-07,Healthcare,0.11511166666666668,5
2023-07-07,Industrials,-0.04549375,4
2023-07-07,Materials,0.030406666666666665,3
2023-07-07,RealEstate,-0.2039875,4
2023-07-07,Tech,0.04441833333333333,5
2023-07-07,Utilities,0.011888888888888888,3
2023-07-10,Comm,0.055460416666666665,4
2023-07-10,Consumer,0.06539916666666667,5
2023-07-10,Energy,-0.05380971428571428,5
2023-07-10,Financials,0.06466666666666668,5
2023-07-10,Healthcare,0.05219095238095238,5
2023-07-10,Industrials,0.05194583333333334,4
2023-07-10,Materials,0.19146666666666665,3
2023-07-10,RealEstate,0.019783333333333333,3
2023-07-10,Tech,0.1401764013822435,5
2023-07-10,Utilities,0.03928666666666667,3
2023-07-11,Comm,0.024679999999999997,5
2023-07-11,Consumer,0.027776999999999996,5
2023-07-11,Energy,-0.13464119047619047,5
2023-07-11,Financials,0.13413733333333333,5
2023-07-11,Healthcare,0.06982000000000002,5
2023-07-11,Industrials,0.11444750000000001,4
2023-07-11,Materials,-0.025169999999999998,5
2023-07-11,RealEstate,0.021700000000000025,1
2023-07-11,Tech,0.12100126373626371,5
2023-07-11,Utilities,0.015036666666666667,4
2023-07-12,Comm,0.2014403333333333,5
2023-07-12,Consumer,0.0884025,4
2023-07-12,Energy,0.029531333333333343,5
2023-07-12,Financials,0.03970533333333334,5
2023-07-12,Healthcare,0.009479999999999997,5
2023-07-12,Industrials,-0.05076666666666666,2
2023-07-12,Materials,0.13365,5
2023-07-12,RealEstate,-0.0026583333333333355,4
2023-07-12,Tech,0.10049698412698413,5
2023-07-12,Utilities,0.006433333333333333,3
2023-07-13,Comm,-0.010954166666666668,3
2023-07-13,Consumer,0.10468103296703295,5
2023-07-13,Energy,0.0379497619047619,5
2023-07-13,Financials,0.027143333333333342,5
2023-07-13,Healthcare,0.14376166666666668,5
2023-07-13,Industrials,0.10776666666666668,4
2023-07-13,Materials,0.010137499999999999,4
2023-07-13,RealEstate,0.09339583333333334,4
2023-07-13,Tech,0.1189375,5
2023-07-13,Utilities,0.06865833333333334,4
2023-07-14,Comm,0.21171225490196077,4
2023-07-14,Consumer,0.091564,5
2023-07-14,Energy,0.04794353846153847,5
2023-07-14,Financials,0.010346777777777778,5
2023-07-14,Healthcare,0.11260833333333335,5
2023-07-14,Industrials,0.014933333333333333,3
2023-07-14,Materials,0.0,1
2023-07-14,RealEstate,0.0716625,4
2023-07-14,Tech,0.07218291025641026,5
2023-07-14,Utilities,-0.06394444444444446,3
2023-07-17,Comm,0.021047179487179483,5
2023-07-17,Consumer,0.023889772727272728,5
2023-07-17,Energy,0.08470433333333334,5
2023-07-17,Financials,0.034529168755221384,5
2023-07-17,Healthcare,0.068744,5
2023-07-17,Industrials,0.026155,4
2023-07-17,Materials,0.03971250000000001,4
2023-07-17,RealEstate,0.13694,5
2023-07-17,Tech,0.02686756043956044,5
2023-07-17,Utilities,0.0675125,2
2023-07-18,Comm,0.16569484848484847,5
2023-07-18,Consumer,0.05000380952380953,5
2023-07-18,Energy,0.030085666666666667,5
2023-07-18,Financials,0.13495070346320345,5
2023-07-18,Healthcare,0.03835,5
2023-07-18,Industrials,0.12882500000000002,4
2023-07-18,Materials,0.016360000000000006,5
2023-07-18,RealEstate,0.17258583333333333,4
2023-07-18,Tech,0.12214776811594204,5
2023-07-18,Utilities,0.1548,3
2023-07-19,Comm,0.1862031862745098,4
2023-07-19,Consumer,0.10767266666666667,5
2023-07-19,Energy,0.022036,5
2023-07-19,Financials,0.1275339603174603,5
2023-07-19,Healthcare,0.009018333333333333,5
2023-07-19,Industrials,0.15580892857142856,4
2023-07-19,Materials,-0.03616249999999999,4
2023-07-19,RealEstate,0.1596575,4
2023-07-19,Tech,0.14796583333333335,5
2023-07-19,Utilities,-0.0443,2
2023-07-20,Comm,0.030770357142857148,5
2023-07-20,Consumer,0.08281028571428573,5
2023-07-20,Energy,0.10067833333333334,5
2023-07-20,Financials,0.19423168181818182,5
2023-07-20,Healthcare,0.12742666666666666,5
2023-07-20,Industrials,-0.05249999999999999,3
2023-07-20,Materials,-0.02780555555555556,3
2023-07-20,RealEstate,0.052250857142857134,5
2023-07-20,Tech,-0.018738884615384616,5
2023-07-20,Utilities,0.2046888888888889,3
2023-07-21,Comm,0.1405904761904762,4
2023-07-21,Consumer,0.06261733333333333,5
2023-07-21,Energy,0.007987550724637688,5
2023-07-21,Financials,0.026163833333333338,5
2023-07-21,Healthcare,-0.017741212121212123,5
2023-07-21,Industrials,0.015485416666666668,4
2023-07-21,Materials,0.0056099999999999995,5
2023-07-21,RealEstate,0.0198,3
2023-07-21,Tech,0.03714232323232323,5
2023-07-21,Utilities,0.01451875,4
2023-07-24,Comm,0.14758,5
2023-07-24,Consumer,0.07876385714285714,5
2023-07-24,Energy,0.196407,5
2023-07-24,Financials,0.07144963636363637,5
2023-07-24,Healthcare,0.07270866666666667,5
2023-07-24,Industrials,0.12456458333333333,4
2023-07-24,Materials,0.038610714285714276,5
2023-07-24,RealEstate,0.17045000000000002,5
2023-07-24,Tech,0.09206863636363635,5
2023-07-24,Utilities,0.18699500000000002,4
2023-07-25,Comm,-0.011757333333333331,5
2023-07-25,Consumer,0.09395971428571429,5
2023-07-25,Energy,0.10734066666666667,5
2023-07-25,Financials,0.20946755555555555,5
2023-07-25,Healthcare,0.035439500000000006,5
2023-07-25,Industrials,0.03479706291591047,4
2023-07-25,Materials,0.11682218614718615,4
2023-07-25,RealEstate,0.11992,5
2023-07-25,Tech,0.10908404761904762,5
2023-07-25,Utilities,0.06596066666666667,5
2023-07-26,Comm,0.15202766666666667,5
2023-07-26,Consumer,0.09889270175438597,5
2023-07-26,Energy,0.024546000000000002,5
2023-07-26,Financials,0.08531966666666665,5
2023-07-26,Healthcare,-0.007482000000000004,5
2023-07-26,Industrials,-0.004699375000000009,4
2023-07-26,Materials,0.021655000000000008,4
2023-07-26,RealEstate,0.10643666666666668,2
2023-07-26,Tech,0.10789564685314686,5
2023-07-26,Utilities,0.30611666666666665,3
2023-07-27,Comm,0.12282714285714287,5
2023-07-27,Consumer,0.12197708333333333,4
2023-07-27,Energy,0.1358625,4
2023-07-27,Financials,0.1480347619047619,5
2023-07-27,Healthcare,0.20723089285714286,4
2023-07-27,Industrials,0.11238916666666666,4
2023-07-27,Materials,0.007200000000000001,4
2023-07-27,RealEstate,0.08299333333333334,5
2023-07-27,Tech,0.12034778615457561,5
2023-07-27,Utilities,0.05548000000000001,5
2023-07-28,Comm,0.20801666666666668,4
2023-07-28,Consumer,0.08300625,4
2023-07-28,Energy,0.19098833333333334,4
2023-07-28,Financials,0.05200833333333333,4
2023-07-28,Healthcare,0.15630133333333335,5
2023-07-28,Industrials,0.07095357142857142,4
2023-07-28,Materials,0.2732,1
2023-07-28,RealEstate,0.19028,5
2023-07-28,Tech,0.14220235871271586,5
2023-07-28,Utilities,-0.02664166666666667,4
2023-07-31,Comm,0.05604244318181818,4
2023-07-31,Consumer,0.0916288888888889,5
2023-07-31,Energy,0.15842266666666666,5
2023-07-31,Financials,0.14983822510822511,5
2023-07-31,Healthcare,0.08635622222222222,5
2023-07-31,Industrials,0.08333260869565218,4
2023-07-31,RealEstate,-0.029893749999999997,4
2023-07-31,Tech,0.18831824537037037,5
2023-07-31,Utilities,0.13103333333333333,4
2023-08-01,Comm,0.14025142857142858,5
2023-08-01,Consumer,0.09380633333333334,5
2023-08-01,Energy,0.029059999999999996,5
2023-08-01,Financials,0.11459333333333335,5
2023-08-01,Healthcare,0.1068736111111111,4
2023-08-01,Industrials,0.04935134615384616,4
2023-08-01,Materials,0.2617125,4
2023-08-01,RealEstate,0.16422,5
2023-08-01,Tech,0.09730043137254903,5
2023-08-01,Utilities,0.05052,2
2023-08-02,Comm,0.03247333333333333,5
2023-08-02,Consumer,0.012445059523809525,5
2023-08-02,Energy,0.017801666666666677,5
2023-08-02,Financials,-0.042295714285714284,5
2023-08-02,Healthcare,0.24554910714285716,4
2023-08-02,Industrials,0.14236725490196078,3
2023-08-02,Materials,0.005619166666666669,4
2023-08-02,RealEstate,0.015313333333333332,4
2023-08-02,Tech,-0.01863781269029351,5
2023-08-02,Utilities,0.0008699999999999986,5
2023-08-03,Comm,-0.01886428571428572,5
2023-08-03,Consumer,0.044083666666666674,5
2023-08-03,Energy,0.061067142857142855,5
2023-08-03,Financials,0.08283666666666667,5
2023-08-03,Healthcare,0.13369138888888887,5
2023-08-03,Industrials,0.28783333333333333,3
2023-08-03,Materials,-0.14401874999999997,4
2023-08-03,RealEstate,0.09358666666666668,5
2023-08-03,Tech,0.05535807118807119,5
2023-08-03,Utilities,0.05559000000000001,5
2023-08-04,Comm,0.058288333333333345,5
2023-08-04,Consumer,0.030721666666666668,5
2023-08-04,Energy,-0.1179125,4
2023-08-04,Financials,0.07679,5
2023-08-04,Healthcare,0.04900733333333335,5
2023-08-04,Industrials,0.14663125000000002,4
2023-08-04,RealEstate,-0.07666999999999999,5
2023-08-04,Tech,0.10504050000000001,5
2023-08-04,Utilities,-0.15621866666666667,5
2023-08-07,Comm,0.08409599999999999,5
2023-08-07,Consumer,0.132842,5
2023-08-07,Energy,0.15042383333333334,5
2023-08-07,Financials,-0.037231833333333325,5
2023-08-07,Healthcare,0.13107933333333333,5
2023-08-07,Industrials,-0.005880833333333335,4
2023-08-07,Materials,0.3559,1
2023-08-07,RealEstate,0.011270833333333334,4
2023-08-07,Tech,-0.004842261904761903,5
2023-08-07,Utilities,0.117985,5
2023-08-08,Comm,0.2540694444444444,3
2023-08-08,Consumer,0.041759761904761904,5
2023-08-08,Energy,0.21098541666666665,4
2023-08-08,Financials,-0.10458333333333332,5
2023-08-08,Healthcare,0.08512166666666666,4
2023-08-08,Industrials,-0.0154,2
2023-08-08,Materials,0.0258,2
2023-08-08,RealEstate,0.0029999999999999996,1
2023-08-08,Tech,0.10225738095238095,5
2023-08-08,Utilities,0.05519722222222224,2
2023-08-09,Comm,0.09467583333333335,4
2023-08-09,Consumer,0.09967463157894738,5
2023-08-09,Energy,0.008933333333333326,5
2023-08-09,Financials,0.018256571428571428,5
2023-08-09,Healthcare,0.2519996666666667,5
2023-08-09,Industrials,0.15740333333333334,3
2023-08-09,Materials,0.19761666666666666,3
2023-08-09,RealEstate,0.10592333333333333,5
2023-08-09,Tech,0.04666633333333333,5
2023-08-09,Utilities,0.0213,2
2023-08-10,Comm,-0.013137500000000002,4
2023-08-10,Consumer,0.05107690476190476,5
2023-08-10,Energy,0.011545000000000007,4
2023-08-10,Financials,-0.03267166666666667,5
2023-08-10,Healthcare,0.094895,4
2023-08-10,Industrials,0.17254444444444447,3
2023-08-10,Materials,0.044500000000000005,5
2023-08-10,RealEstate,-0.02627500000000001,5
2023-08-10,Tech,0.03166035294117647,5
2023-08-10,Utilities,0.023399999999999997,5
2023-08-11,Comm,0.06267916666666667,4
2023-08-11,Consumer,0.021614837606837606,5
2023-08-11,Energy,0.05692646153846155,5
2023-08-11,Financials,0.114525,4
2023-08-11,Healthcare,0.050678,5
2023-08-11,Industrials,0.09130375,4
2023-08-11,Materials,0.01896666666666667,1
2023-08-11,RealEstate,0.022775,2
2023-08-11,Tech,0.09421259259259258,5
2023-08-11,Utilities,0.012883333333333332,3
2023-08-14,Comm,0.06552083333333333,4
2023-08-14,Consumer,0.06468238095238095,5
2023-08-14,Energy,0.08097055555555557,5
2023-08-14,Financials,0.10899289743589743,5
2023-08-14,Healthcare,0.14510625000000002,4
2023-08-14,Industrials,0.013900000000000001,3
2023-08-14,Materials,0.1779277777777778,3
2023-08-14,RealEstate,0.06379166666666666,2
2023-08-14,Tech,0.13084512987012986,5
2023-08-14,Utilities,0.3186,2
2023-08-15,Comm,0.05376666666666667,4
2023-08-15,Consumer,0.01329901515151515,5
2023-08-15,Energy,0.0038821428571428644,5
2023-08-15,Financials,-0.04172179487179486,5
2023-08-15,Healthcare,0.06571166666666667,5
2023-08-15,Industrials,0.091475,4
2023-08-15,Materials,-0.004810000000000007,5
2023-08-15,RealEstate,0.181,4
2023-08-15,Tech,0.04839899999999999,5
2023-08-15,Utilities,0.06610555555555556,3
2023-08-16,Comm,0.05179,5
2023-08-16,Consumer,0.07182293557422968,5
2023-08-16,Energy,0.018033333333333332,4
2023-08-16,Financials,0.07266476190476191,5
2023-08-16,Healthcare,0.0019874999999999997,4
2023-08-16,Industrials,0.22009375,4
2023-08-16,RealEstate,0.2511,4
2023-08-16,Tech,0.09832888888888888,5
2023-08-16,Utilities,0.11865,2
2023-08-17,Comm,0.020235,5
2023-08-17,Consumer,0.032457575757575755,5
2023-08-17,Energy,0.03306145054945055,5
2023-08-17,Financials,-0.008816666666666669,5
2023-08-17,Healthcare,0.014509999999999995,5
2023-08-17,Industrials,0.033621428571428566,3
2023-08-17,Materials,0.036250000000000004,5
2023-08-17,RealEstate,0.14185333333333333,5
2023-08-17,Tech,0.08067061050061052,5
2023-08-17,Utilities,0.17783749999999998,4
2023-08-18,Comm,0.12159375,4
2023-08-18,Consumer,0.056022833333333334,5
2023-08-18,Energy,0.034787428571428566,5
2023-08-18,Financials,0.06872500000000001,5
2023-08-18,Healthcare,0.14754166666666668,2
2023-08-18,Industrials,-0.05277916666666667,4
2023-08-18,Materials,-0.08135,2
2023-08-18,RealEstate,0.06348333333333332,3
2023-08-18,Tech,0.07099333333333334,4
2023-08-18,Utilities,0.006775,4
2023-08-21,Comm,0.0065552380952380975,5
2023-08-21,Consumer,0.033015166666666665,5
2023-08-21,Energy,0.1585346875,4
2023-08-21,Financials,0.09267095238095238,5
2023-08-21,Healthcare,0.0701759523809524,5
2023-08-21,Industrials,0.09168444444444446,3
2023-08-21,Materials,-0.006905952380952379,4
2023-08-21,RealEstate,0.17048750000000001,4
2023-08-21,Tech,0.03303207614942529,4
2023-08-21,Utilities,-0.06792666666666666,5
2023-08-22,Comm,0.0994,4
2023-08-22,Consumer,0.07337107142857144,5
2023-08-22,Energy,-0.042477817460317466,4
2023-08-22,Financials,0.029900000000000003,5
2023-08-22,Healthcare,0.05911666666666668,4
2023-08-22,Industrials,0.08435416666666665,4
2023-08-22,Materials,-0.015229166666666667,4
2023-08-22,RealEstate,0.02666666666666666,3
2023-08-22,Tech,0.1031825,5
2023-08-22,Utilities,0.00515,4
2023-08-23,Comm,0.060753703703703706,3
2023-08-23,Consumer,0.08259208333333334,5
2023-08-23,Energy,-0.1020248015873016,4
2023-08-23,Financials,0.18855202380952382,5
2023-08-23,Healthcare,0.16236961904761907,5
2023-08-23,Industrials,0.02707666666666667,4
2023-08-23,Materials,-0.18385,2
2023-08-23,RealEstate,0.00775,1
2023-08-23,Tech,0.1204932251082251,5
2023-08-23,Utilities,0.012311666666666669,5
2023-08-24,Comm,0.03961388888888889,3
2023-08-24,Consumer,0.04249130303030303,5
2023-08-24,Energy,-0.004646,5
2023-08-24,Financials,0.06637833333333334,5
2023-08-24,Healthcare,0.14569333333333334,5
2023-08-24,Industrials,0.1117125,4
2023-08-24,Materials,0.05790000000000001,4
2023-08-24,RealEstate,0.08444,5
2023-08-24,Tech,0.09617846376811594,5
2023-08-24,Utilities,0.007722916666666666,4
2023-08-25,Comm,0.034133333333333335,4
2023-08-25,Consumer,-0.05774383333333333,5
2023-08-25,Energy,-0.049315625,4
2023-08-25,Financials,-0.006359000000000001,5
2023-08-25,Healthcare,0.093079,5
2023-08-25,Industrials,-0.03339125,4
2023-08-25,Materials,0.24022222222222223,3
2023-08-25,RealEstate,0.051100000000000007,4
2023-08-25,Tech,0.09434921040189125,5
2023-08-25,Utilities,0.02077777777777778,3
2023-08-28,Comm,0.10284333333333333,3
2023-08-28,Consumer,0.06269619047619047,5
2023-08-28,Energy,0.08815939393939394,5
2023-08-28,Financials,-0.011022030303030306,5
2023-08-28,Healthcare,0.03485897435897436,4
2023-08-28,Industrials,-0.07622565789473684,4
2023-08-28,Materials,0.3065833333333333,3
2023-08-28,RealEstate,0.1883625,4
2023-08-28,Tech,0.10035313880445795,5
2023-08-28,Utilities,-0.0009291666666666628,4
2023-08-29,Comm,0.175225,3
2023-08-29,Consumer,0.20668598484848485,4
2023-08-29,Energy,-0.05648363636363636,5
2023-08-29,Financials,-0.09566666666666666,5
2023-08-29,Healthcare,0.1409638888888889,5
2023-08-29,Industrials,-0.006439285714285703,4
2023-08-29,Materials,0.0,1
2023-08-29,RealEstate,0.20335833333333334,3
2023-08-29,Tech,0.10419123809523809,5
2023-08-29,Utilities,0.01104375,4
2023-08-30,Comm,0.08795555555555555,3
2023-08-30,Consumer,-0.0017961904761904734,5
2023-08-30,Energy,0.003291005291005289,3
2023-08-30,Financials,0.11315433333333333,5
2023-08-30,Healthcare,0.01138125000000001,4
2023-08-30,Industrials,0.08308,3
2023-08-30,Materials,0.37221666666666664,3
2023-08-30,RealEstate,-0.04885000000000001,4
2023-08-30,Tech,0.05316674136321196,5
2023-08-30,Utilities,0.09698333333333332,3
2023-08-31,Comm,0.01394333333333333,5
2023-08-31,Consumer,0.04584971428571429,5
2023-08-31,Energy,0.09617624999999999,4
2023-08-31,Financials,0.030189047619047622,5
2023-08-31,Healthcare,0.09579166666666666,4
2023-08-31,Industrials,0.09332,4
2023-08-31,Materials,0.0854,4
2023-08-31,RealEstate,0.1844075,4
2023-08-31,Tech,0.07606407936507936,5
2023-08-31,Utilities,0.01497,5
2023-09-01,Comm,0.05746875,4
2023-09-01,Consumer,0.03953500000000001,5
2023-09-01,Energy,0.2688333333333333,3
2023-09-01,Financials,-0.003177083333333334,4
2023-09-01,Healthcare,0.09043533333333334,5
2023-09-01,Industrials,0.10552916666666666,4
2023-09-01,Materials,0.05755,4
2023-09-01,RealEstate,0.145772,5
2023-09-01,Tech,0.12436357142857142,5
2023-09-01,Utilities,0.08936250000000001,4
2023-09-05,Comm,0.294088,5
2023-09-05,Consumer,0.03385682983682984,5
2023-09-05,Energy,-0.1098269642857143,5
2023-09-05,Financials,0.0441363782051282,4
2023-09-05,Healthcare,0.017206285714285712,5
2023-09-05,Industrials,0.07505666666666666,4
2023-09-05,Materials,0.044104166666666667,4
2023-09-05,RealEstate,0.1921641666666667,4
2023-09-05,Tech,0.1306458619047619,5
2023-09-05,Utilities,0.08683055555555556,3
2023-09-06,Comm,0.1793816666666667,5
2023-09-06,Consumer,0.045318333333333335,5
2023-09-06,Energy,0.08896095238095239,5
2023-09-06,Financials,0.1879547619047619,4
2023-09-06,Healthcare,0.08311666666666666,5
2023-09-06,Industrials,0.06597083333333334,4
2023-09-06,Materials,0.1335,5
2023-09-06,RealEstate,0.06273333333333334,3
2023-09-06,Tech,0.05957559999999999,5
2023-09-06,Utilities,-0.0012709090909090912,5
2023-09-07,Comm,0.09962208333333333,4
2023-09-07,Consumer,0.03970208333333333,4
2023-09-07,Energy,0.1409825,4
2023-09-07,Financials,0.11265533333333333,5
2023-09-07,Healthcare,-0.1542466666666667,5
2023-09-07,Industrials,0.11293333333333333,4
2023-09-07,Materials,0.0433125,4
2023-09-07,RealEstate,0.02919666666666667,5
2023-09-07,Tech,0.07561820833333334,5
2023-09-07,Utilities,0.03606,5
2023-09-08,Comm,0.15349266666666667,5
2023-09-08,Consumer,0.11357194444444445,5
2023-09-08,Energy,0.06455285714285715,5
2023-09-08,Financials,0.07891142857142858,5
2023-09-08,Healthcare,0.117394,5
2023-09-08,Industrials,0.07136666666666665,3
2023-09-08,Materials,0.02650833333333333,4
2023-09-08,RealEstate,0.17288750000000003,4
2023-09-08,Tech,-0.010390644910644915,5
2023-09-08,Utilities,0.083005,5
2023-09-11,Comm,0.04430104166666666,4
2023-09-11,Consumer,0.07392472222222221,5
2023-09-11,Energy,0.056299999999999996,5
2023-09-11,Financials,0.0664006105006105,5
2023-09-11,Healthcare,0.143673,5
2023-09-11,Industrials,0.10454875,4
2023-09-11,Materials,0.01109,5
2023-09-11,RealEstate,0.009089999999999997,5
2023-09-11,Tech,0.15640827380952382,5
2023-09-11,Utilities,-0.1493,5
2023-09-12,Comm,0.07142083333333332,4
2023-09-12,Consumer,0.016298511904761906,4
2023-09-12,Energy,-0.09108999999999999,5
2023-09-12,Financials,0.1514217142857143,5
2023-09-12,Healthcare,0.095995,5
2023-09-12,Industrials,0.16233958333333334,4
2023-09-12,Materials,0.005975,4
2023-09-12,RealEstate,0.18266666666666667,3
2023-09-12,Tech,0.0335062,5
2023-09-12,Utilities,-0.05661666666666667,3
2023-09-13,Comm,0.02736458333333333,4
2023-09-13,Consumer,0.11022083333333332,4
2023-09-13,Energy,0.03819694444444445,5
2023-09-13,Financials,0.09227766666666666,5
2023-09-13,Healthcare,0.13924166666666668,3
2023-09-13,Industrials,0.03132535714285715,4
2023-09-13,Materials,0.06615,2
2023-09-13,RealEstate,0.030658333333333336,4
2023-09-13,Tech,0.16712333333333335,5
2023-09-13,Utilities,0.10815333333333332,5
2023-09-14,Comm,0.1358,3
2023-09-14,Consumer,0.037820476190476196,5
2023-09-14,Energy,0.06154533333333333,5
2023-09-14,Financials,0.14913954545454547,4
2023-09-14,Healthcare,0.02966833333333334,5
2023-09-14,Industrials,0.10634583333333333,4
2023-09-14,Materials,-0.239325,4
2023-09-14,RealEstate,0.0078875,4
2023-09-14,Tech,0.17299486111111112,5
2023-09-14,Utilities,0.044939999999999994,5
2023-09-15,Comm,0.004149999999999987,2
2023-09-15,Consumer,0.23738066666666668,5
2023-09-15,Energy,-0.013670833333333327,4
2023-09-15,Financials,0.08927547619047618,5
2023-09-15,Healthcare,0.05208291666666666,4
2023-09-15,Industrials,0.09773749999999999,4
2023-09-15,Materials,-0.024256250000000004,2
2023-09-15,RealEstate,0.27253333333333335,5
2023-09-15,Tech,-0.013512688172043014,5
2023-09-15,Utilities,0.06418333333333334,3
2023-09-18,Comm,0.025416666666666664,4
2023-09-18,Consumer,0.12204324675324676,5
2023-09-18,Energy,-0.01555733333333334,5
2023-09-18,Financials,0.23374266666666665,5
2023-09-18,Healthcare,0.175746,5
2023-09-18,Industrials,0.09133472222222222,4
2023-09-18,Materials,0.005452499999999997,4
2023-09-18,RealEstate,0.12533333333333332,3
2023-09-18,Tech,0.08673018002686969,5
2023-09-18,Utilities,0.10405555555555557,3
2023-09-19,Comm,0.116925,2
2023-09-19,Consumer,0.06710849999999999,5
2023-09-19,Energy,0.02358669230769232,5
2023-09-19,Financials,0.0016011904761904783,4
2023-09-19,Healthcare,0.013919999999999993,5
2023-09-19,Industrials,0.06303095238095238,4
2023-09-19,Materials,0.004716666666666667,3
2023-09-19,RealEstate,0.1987375,4
2023-09-19,Tech,0.10169895833333334,5
2023-09-19,Utilities,0.016566666666666667,3
2023-09-20,Comm,0.12868333333333334,3
2023-09-20,Consumer,-0.07180633333333333,5
2023-09-20,Energy,0.019864285714285716,4
2023-09-20,Financials,0.08599933333333334,5
2023-09-20,Healthcare,0.019999999999999997,5
2023-09-20,Industrials,0.04872222222222222,4
2023-09-20,Materials,0.11825000000000001,3
2023-09-20,RealEstate,0.18346249999999997,4
2023-09-20,Tech,-0.022870309523809522,5
2023-09-20,Utilities,0.09435833333333334,2
2023-09-21,Comm,0.021643333333333337,5
2023-09-21,Consumer,0.04800428571428571,5
2023-09-21,Energy,0.08559479166666667,4
2023-09-21,Financials,0.045124000000000004,5
2023-09-21,Healthcare,0.03377,5
2023-09-21,Industrials,0.14185303571428573,4
2023-09-21,Materials,0.0164625,4
2023-09-21,RealEstate,0.0610875,4
2023-09-21,Tech,0.012778166666666665,5
2023-09-21,Utilities,0.052590000000000005,5
2023-09-22,Comm,-0.0005525000000000009,4
2023-09-22,Consumer,0.1833211111111111,5
2023-09-22,Energy,0.12150799999999999,5
2023-09-22,Financials,0.012110999999999995,5
2023-09-22,Healthcare,0.050378124999999996,4
2023-09-22,Industrials,0.2662458333333333,4
2023-09-22,Materials,0.09325000000000001,2
2023-09-22,RealEstate,-0.027658333333333326,2
2023-09-22,Tech,0.04559944444444444,5
2023-09-22,Utilities,0.0045000000000000005,2
2023-09-25,Comm,-0.030546875000000005,4
2023-09-25,Consumer,0.02615015476190476,5
2023-09-25,Energy,0.10209017857142857,4
2023-09-25,Financials,0.06767266666666667,5
2023-09-25,Healthcare,0.08826458333333333,4
2023-09-25,Industrials,0.16648333333333334,4
2023-09-25,Materials,0.052254166666666664,3
2023-09-25,RealEstate,0.09914666666666666,5
2023-09-25,Tech,0.021859346764346765,5
2023-09-25,Utilities,0.01598888888888889,3
2023-09-26,Comm,0.11770733333333334,5
2023-09-26,Consumer,0.098414,5
2023-09-26,Energy,0.08453095238095237,5
2023-09-26,Financials,0.12284876190476193,5
2023-09-26,Healthcare,0.06068571428571428,4
2023-09-26,Industrials,0.12346874999999999,4
2023-09-26,Materials,0.00385,1
2023-09-26,RealEstate,0.2383333333333333,3
2023-09-26,Tech,0.11804380952380952,5
2023-09-26,Utilities,0.046225,4
2023-09-27,Comm,0.10714999999999998,3
2023-09-27,Consumer,0.060904666666666676,5
2023-09-27,Energy,0.20508800000000002,5
2023-09-27,Financials,0.04528833333333333,5
2023-09-27,Healthcare,0.15469444444444447,3
2023-09-27,Industrials,0.16828583333333336,4
2023-09-27,Materials,0.09271333333333334,5
2023-09-27,RealEstate,0.24833166666666667,4
2023-09-27,Tech,0.12009186666666667,5
2023-09-27,Utilities,-0.035466,5
2023-09-28,Comm,0.16788857142857144,4
2023-09-28,Consumer,0.06701022893772894,4
2023-09-28,Energy,0.04997111111111112,5
2023-09-28,Financials,0.11554690476190477,5
2023-09-28,Healthcare,0.05912166666666665,5
2023-09-28,Industrials,0.07893214285714285,4
2023-09-28,Materials,0.149575,4
2023-09-28,RealEstate,0.2791166666666667,3
2023-09-28,Tech,0.080018,5
2023-09-28,Utilities,0.12103472222222221,4
2023-09-29,Comm,0.14423750000000002,4
2023-09-29,Consumer,0.11789572431077695,5
2023-09-29,Energy,0.14579933333333334,5
2023-09-29,Financials,-0.06492833333333334,5
2023-09-29,Healthcare,0.08195333333333334,5
2023-09-29,Industrials,0.180825,3
2023-09-29,Materials,0.0,1
2023-09-29,RealEstate,0.013499999999999993,3
2023-09-29,Tech,0.07936298701298701,5
2023-09-29,Utilities,0.12062999999999999,5
2023-10-02,Comm,0.187876,5
2023-10-02,Consumer,0.07465690909090908,5
2023-10-02,Energy,0.19814678571428573,5
2023-10-02,Financials,0.160266,5
2023-10-02,Healthcare,0.052360000000000004,5
2023-10-02,Industrials,0.1070114880952381,4
2023-10-02,Materials,0.14262,5
2023-10-02,RealEstate,0.21778124999999998,4
2023-10-02,Tech,0.15703894538794538,5
2023-10-02,Utilities,0.05754380952380952,5
2023-10-03,Comm,0.016133333333333333,3
2023-10-03,Consumer,0.08151733333333333,5
2023-10-03,Energy,0.25128300000000003,5
2023-10-03,Financials,0.06642152777777777,4
2023-10-03,Healthcare,0.20690625,4
2023-10-03,Industrials,0.07338933333333333,5
2023-10-03,Materials,0.09897142857142857,4
2023-10-03,RealEstate,0.07638333333333333,5
2023-10-03,Tech,0.13600521367521368,5
2023-10-03,Utilities,-0.259445,5
2023-10-04,Comm,0.17115952380952382,3
2023-10-04,Consumer,0.027882499999999994,5
2023-10-04,Energy,0.09352654545454545,5
2023-10-04,Financials,0.08128333333333333,3
2023-10-04,Healthcare,0.12347083333333334,4
2023-10-04,Industrials,0.07374583333333332,4
2023-10-04,Materials,0.04591666666666667,3
2023-10-04,RealEstate,0.0985625,2
2023-10-04,Tech,0.08435676923076924,5
2023-10-04,Utilities,0.032323333333333336,5
2023-10-05,Comm,0.0954625,2
2023-10-05,Consumer,0.10360749999999999,5
2023-10-05,Energy,0.03735564102564102,5
2023-10-05,Financials,0.039347714285714284,5
2023-10-05,Healthcare,-0.02669,5
2023-10-05,Industrials,0.13144300000000003,5
2023-10-05,Materials,0.073975,4
2023-10-05,RealEstate,-0.03019999999999999,4
2023-10-05,Tech,0.09994917948717949,5
2023-10-05,Utilities,0.031968333333333335,5
2023-10-06,Comm,0.06407916666666667,3
2023-10-06,Consumer,0.03704840909090909,5
2023-10-06,Energy,0.05567019230769231,4
2023-10-06,Financials,0.15416833333333332,5
2023-10-06,Healthcare,0.19181166666666666,4
2023-10-06,Industrials,0.05977083333333333,4
2023-10-06,Materials,0.45705,2
2023-10-06,RealEstate,0.2192125,4
2023-10-06,Tech,0.018300879120879122,5
2023-10-06,Utilities,0.11446833333333332,4
2023-10-09,Comm,0.17556388888888888,5
2023-10-09,Consumer,0.0861715,5
2023-10-09,Energy,-0.0646561212121212,5
2023-10-09,Financials,0.14211895604395605,5
2023-10-09,Healthcare,0.09567333333333333,5
2023-10-09,Industrials,0.10535466666666668,5
2023-10-09,Materials,-0.031050000000000005,2
2023-10-09,RealEstate,0.2298388888888889,3
2023-10-09,Tech,0.04058980861244019,5
2023-10-09,Utilities,0.06789166666666667,3
2023-10-10,Comm,0.0736325,4
2023-10-10,Consumer,0.08130257142857142,5
2023-10-10,Energy,0.09770288888888888,5
2023-10-10,Financials,0.17689285714285713,4
2023-10-10,Healthcare,0.10024133333333334,5
2023-10-10,Industrials,0.2037257142857143,5
2023-10-10,Materials,0.090025,2
2023-10-10,RealEstate,0.0970375,4
2023-10-10,Tech,0.12457114285714285,5
2023-10-10,Utilities,-0.01532666666666667,3
2023-10-11,Comm,0.0008749999999999964,2
2023-10-11,Consumer,0.003258166666666665,5
2023-10-11,Energy,0.03399323671497585,3
2023-10-11,Financials,-0.008809428571428569,5
2023-10-11,Healthcare,0.023267142857142854,5
2023-10-11,Industrials,0.2153513333333333,5
2023-10-11,Materials,0.11408333333333333,3
2023-10-11,RealEstate,0.0,2
2023-10-11,Tech,0.11944580759980761,5
2023-10-11,Utilities,0.05631111111111111,3
2023-10-12,Comm,-0.061616666666666674,5
2023-10-12,Consumer,0.06044895238095238,5
2023-10-12,Energy,0.20864000000000002,5
2023-10-12,Financials,0.08360851515151516,5
2023-10-12,Healthcare,0.08665416666666667,4
2023-10-12,Industrials,0.17821458333333334,4
2023-10-12,Materials,0.1202125,4
2023-10-12,RealEstate,0.20754666666666663,5
2023-10-12,Tech,0.06702125,4
2023-10-12,Utilities,0.09198125,4
2023-10-13,Comm,0.008560416666666666,4
2023-10-13,Consumer,0.08808452380952381,5
2023-10-13,Energy,0.05736611111111112,4
2023-10-13,Financials,0.05280723529411765,5
2023-10-13,Healthcare,0.12257291666666667,4
2023-10-13,Industrials,0.006707692307692305,4
2023-10-13,Materials,0.2537333333333333,3
2023-10-13,RealEstate,0.01675,2
2023-10-13,Tech,0.1068757380952381,5
2023-10-13,Utilities,-0.010970000000000006,5
2023-10-16,Comm,0.12623333333333334,4
2023-10-16,Consumer,0.11116144444444445,5
2023-10-16,Energy,0.09771666666666667,3
2023-10-16,Financials,0.15508300000000003,5
2023-10-16,Healthcare,0.22320066666666666,5
2023-10-16,Industrials,0.059826666666666674,5
2023-10-16,Materials,0.19014166666666665,3
2023-10-16,RealEstate,0.07835916666666666,4
2023-10-16,Tech,0.0942357619047619,5
2023-10-16,Utilities,0.014168750000000003,4
2023-10-17,Comm,-0.058783333333333326,3
2023-10-17,Consumer,0.14807444444444445,5
2023-10-17,Energy,0.04840238095238095,3
2023-10-17,Financials,0.1349512962962963,5
2023-10-17,Healthcare,0.05517166666666666,5
2023-10-17,Industrials,-0.05877777777777776,3
2023-10-17,Materials,0.31253333333333333,4
2023-10-17,RealEstate,0.21866249999999998,4
2023-10-17,Tech,0.06838397551365044,5
2023-10-17,Utilities,0.05098333333333333,4
2023-10-18,Comm,0.013355555555555553,3
2023-10-18,Consumer,0.07475742424242424,5
2023-10-18,Energy,-0.07883047008547009,5
2023-10-18,Financials,0.01541300586510265,5
2023-10-18,Healthcare,0.09556757575757575,5
2023-10-18,Industrials,0.1133795238095238,5
2023-10-18,Materials,-0.08380833333333335,5
2023-10-18,RealEstate,-0.06221964285714286,4
2023-10-18,Tech,0.03000001788908766,5
2023-10-18,Utilities,0.0093625,2
2023-10-19,Comm,0.04622962962962963,4
2023-10-19,Consumer,-0.020000253968253966,5
2023-10-19,Energy,0.12031340909090908,5
2023-10-19,Financials,0.17366,5
2023-10-19,Healthcare,0.14199485714285714,5
2023-10-19,Industrials,0.041977738095238096,5
2023-10-19,Materials,0.139875,5
2023-10-19,RealEstate,0.05491857142857143,4
2023-10-19,Tech,0.029622628205128204,5
2023-10-19,Utilities,0.12876666666666667,3
2023-10-20,Comm,0.008760606060606059,5
2023-10-20,Consumer,0.04201666666666666,4
2023-10-20,Energy,0.02762692147034252,4
2023-10-20,Financials,0.06861266666666667,5
2023-10-20,Healthcare,0.011376428571428574,5
2023-10-20,Industrials,0.08096300000000001,5
2023-10-20,Materials,-0.12924166666666667,4
2023-10-20,RealEstate,0.10374000000000001,5
2023-10-20,Tech,-0.028749480676328498,5
2023-10-20,Utilities,-0.019974999999999996,2
2023-10-23,Comm,-0.016798749999999994,4
2023-10-23,Consumer,0.0690424487179487,5
2023-10-23,Energy,-0.011037272727272729,5
2023-10-23,Financials,-0.01164404761904762,4
2023-10-23,Healthcare,-0.011371000000000003,5
2023-10-23,Industrials,0.18496820512820517,5
2023-10-23,Materials,-0.017963333333333335,5
2023-10-23,RealEstate,0.24450277777777776,3
2023-10-23,Tech,0.07993949074074073,5
2023-10-23,Utilities,0.04125,4
2023-10-24,Comm,0.08727777777777779,3
2023-10-24,Consumer,0.08890166666666666,5
2023-10-24,Energy,0.13921257142857144,5
2023-10-24,Financials,0.06633333333333334,3
2023-10-24,Healthcare,0.145695,5
2023-10-24,Industrials,0.30656860869565217,5
2023-10-24,Materials,0.19793511904761907,3
2023-10-24,RealEstate,0.27256,5
2023-10-24,Tech,0.10018291208791211,5
2023-10-24,Utilities,0.09430833333333333,3
2023-10-25,Comm,0.1574702380952381,5
2023-10-25,Consumer,7.202380952381349e-05,5
2023-10-25,Energy,0.20479318181818185,3
2023-10-25,Financials,0.09639090909090908,4
2023-10-25,Healthcare,0.04269285714285714,5
2023-10-25,Industrials,0.13888466666666666,5
2023-10-25,Materials,0.058325,4
2023-10-25,RealEstate,0.13458333333333333,3
2023-10-25,Tech,0.03969991228070176,5
2023-10-25,Utilities,0.06465,3
2023-10-26,Comm,0.08723504273504273,4
2023-10-26,Consumer,0.12503933333333334,5
2023-10-26,Energy,-0.017550443223443228,5
2023-10-26,Financials,0.142319,5
2023-10-26,Healthcare,0.11588733333333334,5
2023-10-26,Industrials,0.06708930158730159,5
2023-10-26,Materials,-0.0002074999999999966,5
2023-10-26,RealEstate,0.1599625,4
2023-10-26,Tech,0.0613063025210084,5
2023-10-26,Utilities,0.18228428571428573,5
2023-10-27,Comm,0.013022222222222227,3
2023-10-27,Consumer,0.14101028571428573,5
2023-10-27,Energy,0.07391925287356321,4
2023-10-27,Financials,0.0598875,4
2023-10-27,Healthcare,0.10290645454545455,5
2023-10-27,Industrials,0.021956000000000003,5
2023-10-27,Materials,-0.008416666666666668,2
2023-10-27,RealEstate,0.05755,3
2023-10-27,Tech,0.1016030064188685,5
2023-10-27,Utilities,0.07181746031746032,3
2023-10-30,Comm,0.06168666666666667,5
2023-10-30,Consumer,0.08114200854700857,5
2023-10-30,Energy,0.047130303030303036,4
2023-10-30,Financials,0.10055833333333333,4
2023-10-30,Healthcare,0.03354466666666667,5
2023-10-30,Industrials,-0.007606730769230765,4
2023-10-30,Materials,0.08152000000000001,5
2023-10-30,RealEstate,0.07184327272727273,5
2023-10-30,Tech,0.04633669863469863,5
2023-10-30,Utilities,0.01065,1
2023-10-31,Comm,0.12,5
2023-10-31,Consumer,0.13982833333333333,5
2023-10-31,Energy,0.22664842857142858,5
2023-10-31,Financials,0.11146666666666666,4
2023-10-31,Healthcare,0.1892999298245614,5
2023-10-31,Industrials,0.17229238095238095,5
2023-10-31,Materials,0.0008666666666666666,3
2023-10-31,RealEstate,0.0623888888888889,3
2023-10-31,Tech,0.05741786717267553,5
2023-10-31,Utilities,0.0663425,4
2023-11-01,Comm,-0.00465333333333332,5
2023-11-01,Consumer,0.17071268253968253,5
2023-11-01,Energy,0.18079166666666668,5
2023-11-01,Financials,0.04696166666666667,3
2023-11-01,Healthcare,0.14315333333333333,3
2023-11-01,Industrials,0.032745,5
2023-11-01,Materials,0.24841800000000003,5
2023-11-01,RealEstate,0.07631111111111111,3
2023-11-01,Tech,0.08789040027605244,5
2023-11-01,Utilities,0.08748,5
2023-11-02,Comm,0.020011666666666667,5
2023-11-02,Consumer,0.12009833333333333,5
2023-11-02,Energy,-0.03221811764705882,5
2023-11-02,Financials,0.11050800000000001,5
2023-11-02,Healthcare,0.14122339743589743,4
2023-11-02,Industrials,0.11103766666666667,5
2023-11-02,Materials,0.08185,4
2023-11-02,RealEstate,0.23445833333333335,4
2023-11-02,Tech,0.1486684888888889,5
2023-11-02,Utilities,0.10727390476190476,5
2023-11-03,Comm,0.037483333333333334,3
2023-11-03,Consumer,0.08848266666666667,5
2023-11-03,Energy,0.07622708333333333,4
2023-11-03,Financials,0.1103,5
2023-11-03,Healthcare,0.1619095238095238,3
2023-11-03,Industrials,-0.02755555555555556,3
2023-11-03,Materials,0.1693,3
2023-11-03,RealEstate,0.28969,5
2023-11-03,Tech,0.13980533333333334,5
2023-11-03,Utilities,0.03899642857142857,4
2023-11-06,Comm,0.020178,5
2023-11-06,Consumer,0.03633060317460317,5
2023-11-06,Energy,0.05316038095238096,5
2023-11-06,Financials,0.03345888888888889,5
2023-11-06,Healthcare,0.05062966666666667,5
2023-11-06,Industrials,0.07164200000000001,5
2023-11-06,Materials,0.23211666666666667,3
2023-11-06,RealEstate,0.2905625,4
2023-11-06,Tech,0.13918438961038962,5
2023-11-06,Utilities,0.048046875,4
2023-11-07,Comm,0.10626250000000001,4
2023-11-07,Consumer,0.06716177777777779,5
2023-11-07,Energy,-0.020252500000000003,5
2023-11-07,Financials,0.12548055555555557,3
2023-11-07,Healthcare,0.12602166666666667,5
2023-11-07,Industrials,0.015796666666666664,4
2023-11-07,Materials,-0.038066666666666665,4
2023-11-07,RealEstate,0.3313,3
2023-11-07,Tech,0.27295555555555556,5
2023-11-07,Utilities,0.0518375,4
2023-11-08,Comm,0.059312,5
2023-11-08,Consumer,0.03714615384615384,5
2023-11-08,Energy,0.04508270833333333,4
2023-11-08,Financials,0.027801785714285713,2
2023-11-08,Healthcare,0.022454,5
2023-11-08,Industrials,0.039760000000000004,5
2023-11-08,Materials,-0.3243,2
2023-11-08,RealEstate,-0.08883333333333333,3
2023-11-08,Tech,0.048813214285714286,5
2023-11-08,Utilities,0.05164,3
2023-11-09,Comm,0.10945023809523809,5
2023-11-09,Consumer,0.050054482456140345,5
2023-11-09,Energy,0.04098757575757576,5
2023-11-09,Financials,0.06274984126984126,5
2023-11-09,Healthcare,0.10265030303030302,5
2023-11-09,Industrials,0.187425,4
2023-11-09,Materials,-0.0002187500000000002,4
2023-11-09,RealEstate,0.00935,4
2023-11-09,Tech,0.1289992380952381,5
2023-11-09,Utilities,0.06454166666666666,3
2023-11-10,Comm,0.03966,3
2023-11-10,Consumer,0.06870009090909092,5
2023-11-10,Energy,0.01951857142857143,5
2023-11-10,Financials,-0.011250000000000001,5
2023-11-10,Healthcare,0.11291958333333332,4
2023-11-10,Industrials,-0.04749062499999998,4
2023-11-10,Materials,-0.12846666666666667,3
2023-11-10,RealEstate,-0.06778333333333332,3
2023-11-10,Tech,0.15345939130434783,5
2023-11-10,Utilities,0.09929999999999999,2
2023-11-13,Comm,0.044629166666666664,4
2023-11-13,Consumer,0.09967867391304348,5
2023-11-13,Energy,0.06972284848484848,5
2023-11-13,Financials,-0.10171714285714287,5
2023-11-13,Healthcare,0.010623333333333332,5
2023-11-13,Industrials,0.0334325,5
2023-11-13,Materials,0.08644166666666667,4
2023-11-13,RealEstate,-0.031655,5
2023-11-13,Tech,0.11319712169312171,5
2023-11-13,Utilities,0.05454166666666667,4
2023-11-14,Comm,0.01335,3
2023-11-14,Consumer,0.07384,5
2023-11-14,Energy,0.03183583333333333,4
2023-11-14,Financials,0.12740157142857142,5
2023-11-14,Healthcare,0.10000999999999999,4
2023-11-14,Industrials,0.13289250000000002,4
2023-11-14,Materials,0.21446666666666667,3
2023-11-14,RealEstate,0.31489999999999996,2
2023-11-14,Tech,0.14824002455590385,5
2023-11-14,Utilities,0.103025,2
2023-11-15,Comm,0.0523625,4
2023-11-15,Consumer,0.1325538034188034,5
2023-11-15,Energy,0.07797708333333334,4
2023-11-15,Financials,0.16272777777777778,3
2023-11-15,Healthcare,0.12982333333333335,5
2023-11-15,Industrials,0.03743095238095238,4
2023-11-15,Materials,0.010333333333333333,3
2023-11-15,RealEstate,0.021949999999999997,2
2023-11-15,Tech,0.03150152958152958,5
2023-11-15,Utilities,0.0129,2
2023-11-16,Comm,-0.01948333333333333,3
2023-11-16,Consumer,0.039286095238095245,5
2023-11-16,Energy,0.042953125,4
2023-11-16,Financials,0.036025,5
2023-11-16,Healthcare,0.08088666666666668,5
2023-11-16,Industrials,0.113277,5
2023-11-16,Materials,0.004987500000000001,4
2023-11-16,RealEstate,0.09039,2
2023-11-16,Tech,0.11257880952380953,5
2023-11-16,Utilities,0.2077666666666667,5
2023-11-17,Comm,0.00935,2
2023-11-17,Consumer,0.04127277777777777,5
2023-11-17,Energy,0.0657047619047619,4
2023-11-17,Financials,0.15401533333333334,5
2023-11-17,Healthcare,0.14962083333333334,4
2023-11-17,Industrials,0.108524,5
2023-11-17,Materials,0.20297500000000002,4
2023-11-17,RealEstate,0.0543375,2
2023-11-17,Tech,0.1140904,5
2023-11-17,Utilities,0.19087916666666666,4
2023-11-20,Comm,0.20491,5
2023-11-20,Consumer,0.0030615064935064925,5
2023-11-20,Energy,-0.01188125,4
2023-11-20,Financials,-0.006259666666666672,5
2023-11-20,Healthcare,0.04989,5
2023-11-20,Industrials,0.0477625,4
2023-11-20,Materials,0.06916666666666667,3
2023-11-20,RealEstate,0.052025,4
2023-11-20,Tech,0.10040560283687942,5
2023-11-20,Utilities,0.01035,1
2023-11-21,Comm,0.11017777777777778,3
2023-11-21,Consumer,0.053310520833333326,4
2023-11-21,Energy,0.12037857142857142,5
2023-11-21,Financials,0.039809166666666666,4
2023-11-21,Healthcare,0.07716166666666666,4
2023-11-21,Industrials,0.07222533333333334,5
2023-11-21,Materials,0.010987499999999999,4
2023-11-21,RealEstate,0.19215000000000002,3
2023-11-21,Tech,0.15483750000000002,5
2023-11-21,Utilities,0.068235,5
2023-11-22,Comm,0.09814,4
2023-11-22,Consumer,0.03295045454545455,5
2023-11-22,Energy,0.03333928571428572,4
2023-11-22,Financials,0.05012933333333334,5
2023-11-22,Healthcare,0.07274,5
2023-11-22,Industrials,0.194995,5
2023-11-22,Materials,0.26815833333333333,2
2023-11-22,RealEstate,0.0005666666666666665,3
2023-11-22,Tech,0.1385645882352941,5
2023-11-22,Utilities,0.06052,3
2023-11-24,Comm,0.13531433333333334,5
2023-11-24,Consumer,0.05828866666666667,5
2023-11-24,Energy,0.03199107142857143,4
2023-11-24,Financials,0.07315597222222223,4
2023-11-24,Healthcare,0.05147500000000001,5
2023-11-24,Industrials,0.12624431818181817,4
2023-11-24,Materials,0.11906875,4
2023-11-24,RealEstate,0.13444166666666665,3
2023-11-24,Tech,0.09015072390572391,5
2023-11-24,Utilities,0.09457916666666667,4
2023-11-27,Comm,0.05578333333333333,4
2023-11-27,Consumer,0.05954221428571428,5
2023-11-27,Energy,-0.0035333333333333293,4
2023-11-27,Financials,0.07595666666666667,5
2023-11-27,Healthcare,0.07354000000000001,5
2023-11-27,Industrials,0.072705,5
2023-11-27,Materials,0.0772125,4
2023-11-27,RealEstate,-0.0998423076923077,4
2023-11-27,Tech,0.14636009803921568,5
2023-11-27,Utilities,0.1931375,2
2023-11-28,Comm,0.13768333333333335,3
2023-11-28,Consumer,0.044560833333333334,5
2023-11-28,Energy,-0.072213,5
2023-11-28,Financials,0.07234666666666667,3
2023-11-28,Healthcare,-0.017466666666666658,4
2023-11-28,Industrials,-0.1234703125,4
2023-11-28,Materials,0.1119,3
2023-11-28,RealEstate,0.07009166666666666,2
2023-11-28,Tech,0.15057916666666665,5
2023-11-28,Utilities,0.0054625,4
2023-11-29,Comm,-0.006365333333333332,5
2023-11-29,Consumer,0.038341071428571426,5
2023-11-29,Energy,0.004766944444444444,5
2023-11-29,Financials,0.15819666666666665,4
2023-11-29,Healthcare,-0.009116666666666667,5
2023-11-29,Industrials,0.04042277777777778,5
2023-11-29,Materials,0.12606666666666666,3
2023-11-29,RealEstate,0.10439916666666668,4
2023-11-29,Tech,0.14861488095238093,5
2023-11-29,Utilities,0.07101666666666666,3
2023-11-30,Comm,0.17339083333333333,4
2023-11-30,Consumer,0.06425555555555555,5
2023-11-30,Energy,0.018100000000000005,4
2023-11-30,Financials,0.059818666666666666,5
2023-11-30,Healthcare,0.19412000000000001,5
2023-11-30,Industrials,0.31625749999999997,5
2023-11-30,Materials,0.012575000000000001,4
2023-11-30,RealEstate,0.1542,4
2023-11-30,Tech,0.10329857142857142,5
2023-11-30,Utilities,0.21347777777777777,3
2023-12-01,Comm,0.09615,3
2023-12-01,Consumer,0.22839866071428572,4
2023-12-01,Energy,-0.011758333333333334,3
2023-12-01,Financials,0.034176666666666675,4
2023-12-01,Healthcare,0.03474000000000001,5
2023-12-01,Industrials,0.12111000000000001,5
2023-12-01,Materials,0.0936875,4
2023-12-01,RealEstate,0.05322,4
2023-12-01,Tech,0.08884117647058824,5
2023-12-01,Utilities,-0.08038333333333332,3
2023-12-04,Comm,0.021052083333333325,4
2023-12-04,Consumer,0.093698,5
2023-12-04,Energy,0.17157533333333333,5
2023-12-04,Financials,0.1730759027777778,4
2023-12-04,Healthcare,-0.012026,5
2023-12-04,Industrials,0.11804095238095239,5
2023-12-04,Materials,0.0077,1
2023-12-04,RealEstate,0.2339125,4
2023-12-04,Tech,0.12770839775910364,5
2023-12-04,Utilities,0.2482,3
2023-12-05,Comm,-0.005497243589743589,4
2023-12-05,Consumer,0.1434733333333333,5
2023-12-05,Energy,0.008183333333333334,3
2023-12-05,Financials,0.187265625,4
2023-12-05,Healthcare,0.10451111111111111,3
2023-12-05,Industrials,-0.08049500000000001,5
2023-12-05,Materials,0.0,1
2023-12-05,RealEstate,0.0464875,4
2023-12-05,Tech,0.08339058823529412,5
2023-12-05,Utilities,0.098025,4
2023-12-06,Comm,0.03194416666666666,5
2023-12-06,Consumer,-0.00016622222222222177,5
2023-12-06,Energy,0.11266637362637362,5
2023-12-06,Financials,0.015243749999999999,4
2023-12-06,Healthcare,0.07279687500000001,4
2023-12-06,Industrials,0.1383291666666667,4
2023-12-06,Materials,0.0042,4
2023-12-06,RealEstate,0.06398958333333334,4
2023-12-06,Tech,0.12088311111111112,5
2023-12-06,Utilities,0.1600222222222222,3
2023-12-07,Comm,0.10443333333333334,5
2023-12-07,Consumer,0.185815,5
2023-12-07,Energy,-0.03232266666666667,5
2023-12-07,Financials,0.14847777777777776,3
2023-12-07,Healthcare,0.06399806818181819,4
2023-12-07,Industrials,-0.01891083333333334,5
2023-12-07,Materials,0.05012500000000001,5
2023-12-07,RealEstate,0.10743333333333334,3
2023-12-07,Tech,0.1336157619047619,5
2023-12-07,Utilities,0.10725500000000002,5
2023-12-08,Comm,0.04810666666666667,5
2023-12-08,Consumer,0.02012300000000001,5
2023-12-08,Energy,-0.010830714285714282,5
2023-12-08,Financials,0.13133999999999998,5
2023-12-08,Healthcare,0.028602000000000006,5
2023-12-08,Industrials,0.050672916666666665,4
2023-12-08,Materials,0.18864999999999998,3
2023-12-08,RealEstate,0.08943333333333334,4
2023-12-08,Tech,0.15417994888981984,5
2023-12-08,Utilities,0.18707500000000002,4
2023-12-11,Comm,0.032145238095238095,5
2023-12-11,Consumer,0.0690215873015873,5
2023-12-11,Energy,0.07155104283559578,5
2023-12-11,Financials,0.04707605952380952,5
2023-12-11,Healthcare,0.0630720202020202,5
2023-12-11,Industrials,0.07212076190476191,5
2023-12-11,Materials,0.08128666666666667,5
2023-12-11,RealEstate,0.09020666666666668,5
2023-12-11,Tech,0.09965677551020409,5
2023-12-11,Utilities,0.05685333333333333,5
2023-12-12,Comm,0.12754179894179893,3
2023-12-12,Consumer,0.04999133333333333,5
2023-12-12,Energy,0.07476730769230769,4
2023-12-12,Financials,0.1187719393939394,5
2023-12-12,Healthcare,0.06508166666666668,5
2023-12-12,Industrials,0.23776000000000003,5
2023-12-12,Materials,-0.0772,3
2023-12-12,RealEstate,0.18668666666666667,5
2023-12-12,Tech,0.09588780158730159,5
2023-12-12,Utilities,0.07968666666666666,5
2023-12-13,Comm,0.17477,4
2023-12-13,Consumer,0.0217835,5
2023-12-13,Energy,0.13683333333333333,5
2023-12-13,Financials,0.14341555555555557,5
2023-12-13,Healthcare,0.1020975,5
2023-12-13,Industrials,0.10016861904761905,5
2023-12-13,Materials,0.14117291666666668,4
2023-12-13,RealEstate,0.23254933333333333,5
2023-12-13,Tech,0.13233858823529412,5
2023-12-13,Utilities,0.11057500000000002,3
2023-12-14,Comm,0.17095555555555556,3
2023-12-14,Consumer,-0.008315,5
2023-12-14,Energy,0.11639583333333334,4
2023-12-14,Financials,0.024851111111111115,3
2023-12-14,Healthcare,0.26175,3
2023-12-14,Industrials,0.11245833333333334,3
2023-12-14,Materials,-0.08675000000000001,4
2023-12-14,RealEstate,-0.01686999999999999,4
2023-12-14,Tech,0.0830125,5
2023-12-14,Utilities,-0.04170666666666668,3
2023-12-15,Comm,0.01145833333333333,4
2023-12-15,Consumer,0.07546944444444444,4
2023-12-15,Energy,0.02317,5
2023-12-15,Financials,0.19887809523809521,3
2023-12-15,Healthcare,0.009,1
2023-12-15,Industrials,0.144325,2
2023-12-15,Materials,-0.3664,1
2023-12-15,RealEstate,0.13215833333333332,2
2023-12-15,Tech,0.03973985858585859,5
2023-12-15,Utilities,0.06316666666666666,3
2023-12-18,Comm,0.14927600000000002,5
2023-12-18,Consumer,-0.000711666666666666,5
2023-12-18,Energy,0.12879285714285713,4
2023-12-18,Financials,0.10431369047619046,4
2023-12-18,Healthcare,0.11657746153846153,5
2023-12-18,Industrials,0.13284357142857145,5
2023-12-18,Materials,-0.15847499999999998,4
2023-12-18,RealEstate,0.07993055555555556,3
2023-12-18,Tech,0.07455110544217688,5
2023-12-18,Utilities,0.0993375,4
2023-12-19,Tech,0.12660000000000002,1
2023-12-20,Tech,0.27040000000000003,1
2023-12-21,Tech,0.18545,1
2023-12-22,Tech,0.14794000000000002,1
2023-12-26,Tech,0.1369,1
2023-12-27,Tech,0.2155,1
2023-12-28,Tech,0.14733000000000002,1
2023-12-29,Tech,0.04955,1
